stack_id,split,final_test_pass,final_test_fail,defect_type,defect_stage,label_available_time_utc,reliability_pass,reliability_sampled
S000001,train,1,0,none,none,2025-01-07T15:40:00Z,,0
S000002,train,1,0,none,none,2025-01-07T15:50:00Z,1,1
S000003,train,1,0,none,none,2025-01-07T16:00:00Z,,0
S000004,train,1,0,none,none,2025-01-07T16:10:00Z,,0
S000005,train,1,0,none,none,2025-01-07T16:20:00Z,,0
S000006,train,1,0,none,none,2025-01-07T16:30:00Z,,0
S000007,train,1,0,none,none,2025-01-07T16:40:00Z,,0
S000008,train,1,0,none,none,2025-01-07T16:50:00Z,,0
S000009,train,1,0,none,none,2025-01-07T17:00:00Z,,0
S000010,train,1,0,none,none,2025-01-07T17:10:00Z,,0
S000011,train,0,1,warpage,assembly,2025-01-07T17:20:00Z,,0
S000012,train,1,0,none,none,2025-01-07T17:30:00Z,,0
S000013,train,1,0,none,none,2025-01-07T17:40:00Z,,0
S000014,train,1,0,none,none,2025-01-07T17:50:00Z,,0
S000015,train,1,0,none,none,2025-01-07T18:00:00Z,,0
S000016,train,1,0,none,none,2025-01-07T18:10:00Z,,0
S000017,train,1,0,none,none,2025-01-07T18:20:00Z,,0
S000018,train,1,0,none,none,2025-01-07T18:30:00Z,1,1
S000019,train,1,0,none,none,2025-01-07T18:40:00Z,,0
S000020,train,1,0,none,none,2025-01-07T18:50:00Z,,0
S000021,train,1,0,none,none,2025-01-07T19:00:00Z,,0
S000022,train,1,0,none,none,2025-01-07T19:10:00Z,,0
S000023,train,1,0,none,none,2025-01-07T19:20:00Z,1,1
S000024,train,1,0,none,none,2025-01-07T19:30:00Z,,0
S000025,train,1,0,none,none,2025-01-07T19:40:00Z,,0
S000026,train,1,0,none,none,2025-01-07T19:50:00Z,,0
S000027,train,1,0,none,none,2025-01-07T20:00:00Z,,0
S000028,train,1,0,none,none,2025-01-07T20:10:00Z,,0
S000029,train,1,0,none,none,2025-01-07T20:20:00Z,1,1
S000030,train,1,0,none,none,2025-01-07T20:30:00Z,,0
S000031,train,1,0,none,none,2025-01-07T20:40:00Z,,0
S000032,train,1,0,none,none,2025-01-07T20:50:00Z,,0
S000033,train,0,1,underfill_void,molding,2025-01-07T21:00:00Z,,0
S000034,train,1,0,none,none,2025-01-07T21:10:00Z,1,1
S000035,train,1,0,none,none,2025-01-07T21:20:00Z,,0
S000036,train,1,0,none,none,2025-01-07T21:30:00Z,1,1
S000037,train,1,0,none,none,2025-01-07T21:40:00Z,,0
S000038,train,1,0,none,none,2025-01-07T21:50:00Z,,0
S000039,train,1,0,none,none,2025-01-07T22:00:00Z,,0
S000040,train,0,1,underfill_void,molding,2025-01-07T22:10:00Z,,0
S000041,train,1,0,none,none,2025-01-07T22:20:00Z,,0
S000042,train,1,0,none,none,2025-01-07T22:30:00Z,,0
S000043,train,1,0,none,none,2025-01-07T22:40:00Z,,0
S000044,train,1,0,none,none,2025-01-07T22:50:00Z,,0
S000045,train,1,0,none,none,2025-01-07T23:00:00Z,,0
S000046,train,1,0,none,none,2025-01-07T23:10:00Z,1,1
S000047,train,1,0,none,none,2025-01-07T23:20:00Z,,0
S000048,train,1,0,none,none,2025-01-07T23:30:00Z,,0
S000049,train,1,0,none,none,2025-01-07T23:40:00Z,,0
S000050,train,1,0,none,none,2025-01-07T23:50:00Z,,0
S000051,train,1,0,none,none,2025-01-08T00:00:00Z,,0
S000052,train,1,0,none,none,2025-01-08T00:10:00Z,,0
S000053,train,1,0,none,none,2025-01-08T00:20:00Z,,0
S000054,train,1,0,none,none,2025-01-08T00:30:00Z,,0
S000055,train,0,1,underfill_void,molding,2025-01-08T00:40:00Z,,0
S000056,train,0,1,tsv_open_short,tsv_or_interconnect,2025-01-08T00:50:00Z,,0
S000057,train,1,0,none,none,2025-01-08T01:00:00Z,,0
S000058,train,0,1,tsv_open_short,tsv_or_interconnect,2025-01-08T01:10:00Z,,0
S000059,train,0,1,underfill_void,molding,2025-01-08T01:20:00Z,,0
S000060,train,1,0,none,none,2025-01-08T01:30:00Z,,0
S000061,train,1,0,none,none,2025-01-08T01:40:00Z,,0
S000062,train,1,0,none,none,2025-01-08T01:50:00Z,,0
S000063,train,1,0,none,none,2025-01-08T02:00:00Z,,0
S000064,train,1,0,none,none,2025-01-08T03:40:00Z,,0
S000065,train,1,0,none,none,2025-01-08T03:50:00Z,,0
S000066,train,1,0,none,none,2025-01-08T04:00:00Z,,0
S000067,train,1,0,none,none,2025-01-08T04:10:00Z,,0
S000068,train,1,0,none,none,2025-01-08T04:20:00Z,,0
S000069,train,1,0,none,none,2025-01-08T04:30:00Z,,0
S000070,train,1,0,none,none,2025-01-08T04:40:00Z,,0
S000071,train,1,0,none,none,2025-01-08T04:50:00Z,,0
S000072,train,1,0,none,none,2025-01-08T05:00:00Z,,0
S000073,train,1,0,none,none,2025-01-08T05:10:00Z,,0
S000074,train,1,0,none,none,2025-01-08T05:20:00Z,,0
S000075,train,1,0,none,none,2025-01-08T05:30:00Z,,0
S000076,train,1,0,none,none,2025-01-08T05:40:00Z,,0
S000077,train,1,0,none,none,2025-01-08T05:50:00Z,,0
S000078,train,1,0,none,none,2025-01-08T06:00:00Z,,0
S000079,train,1,0,none,none,2025-01-08T06:10:00Z,,0
S000080,train,1,0,none,none,2025-01-08T06:20:00Z,,0
S000081,train,1,0,none,none,2025-01-08T06:30:00Z,,0
S000082,train,1,0,none,none,2025-01-08T06:40:00Z,,0
S000083,train,1,0,none,none,2025-01-08T06:50:00Z,1,1
S000084,train,0,1,warpage,assembly,2025-01-08T07:00:00Z,,0
S000085,train,1,0,none,none,2025-01-08T07:10:00Z,,0
S000086,train,1,0,none,none,2025-01-08T07:20:00Z,1,1
S000087,train,1,0,none,none,2025-01-08T07:30:00Z,,0
S000088,train,0,1,microbump_open_bridge,reflow,2025-01-08T07:40:00Z,,0
S000089,train,1,0,none,none,2025-01-08T07:50:00Z,,0
S000090,train,1,0,none,none,2025-01-08T08:00:00Z,,0
S000091,train,1,0,none,none,2025-01-08T08:10:00Z,,0
S000092,train,1,0,none,none,2025-01-08T08:20:00Z,,0
S000093,train,1,0,none,none,2025-01-08T08:30:00Z,,0
S000094,train,1,0,none,none,2025-01-08T08:40:00Z,,0
S000095,train,1,0,none,none,2025-01-08T08:50:00Z,,0
S000096,train,1,0,none,none,2025-01-08T09:00:00Z,1,1
S000097,train,1,0,none,none,2025-01-08T09:10:00Z,,0
S000098,train,1,0,none,none,2025-01-08T09:20:00Z,,0
S000099,train,1,0,none,none,2025-01-08T09:30:00Z,,0
S000100,train,1,0,none,none,2025-01-08T09:40:00Z,,0
S000101,train,1,0,none,none,2025-01-08T09:50:00Z,,0
S000102,train,1,0,none,none,2025-01-08T10:00:00Z,1,1
S000103,train,1,0,none,none,2025-01-08T10:10:00Z,,0
S000104,train,1,0,none,none,2025-01-08T10:20:00Z,1,1
S000105,train,1,0,none,none,2025-01-08T10:30:00Z,,0
S000106,train,1,0,none,none,2025-01-08T10:40:00Z,1,1
S000107,train,1,0,none,none,2025-01-08T10:50:00Z,,0
S000108,train,1,0,none,none,2025-01-08T11:00:00Z,,0
S000109,train,1,0,none,none,2025-01-08T11:10:00Z,1,1
S000110,train,1,0,none,none,2025-01-08T11:20:00Z,,0
S000111,train,0,1,underfill_void,molding,2025-01-08T11:30:00Z,,0
S000112,train,1,0,none,none,2025-01-08T11:40:00Z,,0
S000113,train,1,0,none,none,2025-01-08T11:50:00Z,,0
S000114,train,1,0,none,none,2025-01-08T12:00:00Z,,0
S000115,train,1,0,none,none,2025-01-08T12:10:00Z,,0
S000116,train,1,0,none,none,2025-01-08T12:20:00Z,,0
S000117,train,1,0,none,none,2025-01-08T12:30:00Z,1,1
S000118,train,1,0,none,none,2025-01-08T12:40:00Z,,0
S000119,train,1,0,none,none,2025-01-08T12:50:00Z,,0
S000120,train,1,0,none,none,2025-01-08T13:00:00Z,,0
S000121,train,1,0,none,none,2025-01-08T13:10:00Z,1,1
S000122,train,1,0,none,none,2025-01-08T13:20:00Z,,0
S000123,train,1,0,none,none,2025-01-08T13:30:00Z,,0
S000124,train,1,0,none,none,2025-01-08T13:40:00Z,1,1
S000125,train,0,1,die_crack,handling,2025-01-08T13:50:00Z,,0
S000126,train,1,0,none,none,2025-01-08T14:00:00Z,1,1
S000127,train,1,0,none,none,2025-01-08T14:10:00Z,1,1
S000128,train,1,0,none,none,2025-01-08T15:40:00Z,,0
S000129,train,1,0,none,none,2025-01-08T15:50:00Z,1,1
S000130,train,1,0,none,none,2025-01-08T16:00:00Z,,0
S000131,train,1,0,none,none,2025-01-08T16:10:00Z,,0
S000132,train,1,0,none,none,2025-01-08T16:20:00Z,1,1
S000133,train,1,0,none,none,2025-01-08T16:30:00Z,,0
S000134,train,1,0,none,none,2025-01-08T16:40:00Z,,0
S000135,train,1,0,none,none,2025-01-08T16:50:00Z,1,1
S000136,train,1,0,none,none,2025-01-08T17:00:00Z,,0
S000137,train,0,1,underfill_void,molding,2025-01-08T17:10:00Z,,0
S000138,train,1,0,none,none,2025-01-08T17:20:00Z,,0
S000139,train,1,0,none,none,2025-01-08T17:30:00Z,,0
S000140,train,1,0,none,none,2025-01-08T17:40:00Z,1,1
S000141,train,1,0,none,none,2025-01-08T17:50:00Z,1,1
S000142,train,1,0,none,none,2025-01-08T18:00:00Z,,0
S000143,train,1,0,none,none,2025-01-08T18:10:00Z,,0
S000144,train,0,1,delamination,molding,2025-01-08T18:20:00Z,,0
S000145,train,1,0,none,none,2025-01-08T18:30:00Z,,0
S000146,train,0,1,microbump_open_bridge,reflow,2025-01-08T18:40:00Z,,0
S000147,train,1,0,none,none,2025-01-08T18:50:00Z,,0
S000148,train,1,0,none,none,2025-01-08T19:00:00Z,1,1
S000149,train,1,0,none,none,2025-01-08T19:10:00Z,,0
S000150,train,0,1,underfill_void,molding,2025-01-08T19:20:00Z,,0
S000151,train,1,0,none,none,2025-01-08T19:30:00Z,,0
S000152,train,1,0,none,none,2025-01-08T19:40:00Z,,0
S000153,train,1,0,none,none,2025-01-08T19:50:00Z,,0
S000154,train,1,0,none,none,2025-01-08T20:00:00Z,,0
S000155,train,1,0,none,none,2025-01-08T20:10:00Z,,0
S000156,train,1,0,none,none,2025-01-08T20:20:00Z,,0
S000157,train,1,0,none,none,2025-01-08T20:30:00Z,,0
S000158,train,1,0,none,none,2025-01-08T20:40:00Z,,0
S000159,train,1,0,none,none,2025-01-08T20:50:00Z,,0
S000160,train,1,0,none,none,2025-01-08T21:00:00Z,,0
S000161,train,1,0,none,none,2025-01-08T21:10:00Z,,0
S000162,train,1,0,none,none,2025-01-08T21:20:00Z,,0
S000163,train,0,1,multiple,multiple,2025-01-08T21:30:00Z,,0
S000164,train,1,0,none,none,2025-01-08T21:40:00Z,1,1
S000165,train,1,0,none,none,2025-01-08T21:50:00Z,,0
S000166,train,1,0,none,none,2025-01-08T22:00:00Z,1,1
S000167,train,1,0,none,none,2025-01-08T22:10:00Z,1,1
S000168,train,1,0,none,none,2025-01-08T22:20:00Z,0,1
S000169,train,1,0,none,none,2025-01-08T22:30:00Z,,0
S000170,train,1,0,none,none,2025-01-08T22:40:00Z,1,1
S000171,train,1,0,none,none,2025-01-08T22:50:00Z,1,1
S000172,train,1,0,none,none,2025-01-08T23:00:00Z,,0
S000173,train,1,0,none,none,2025-01-08T23:10:00Z,,0
S000174,train,1,0,none,none,2025-01-08T23:20:00Z,,0
S000175,train,1,0,none,none,2025-01-08T23:30:00Z,,0
S000176,train,1,0,none,none,2025-01-08T23:40:00Z,,0
S000177,train,1,0,none,none,2025-01-08T23:50:00Z,,0
S000178,train,1,0,none,none,2025-01-09T00:00:00Z,,0
S000179,train,1,0,none,none,2025-01-09T00:10:00Z,,0
S000180,train,1,0,none,none,2025-01-09T00:20:00Z,,0
S000181,train,1,0,none,none,2025-01-09T00:30:00Z,1,1
S000182,train,1,0,none,none,2025-01-09T00:40:00Z,1,1
S000183,train,1,0,none,none,2025-01-09T00:50:00Z,,0
S000184,train,1,0,none,none,2025-01-09T01:00:00Z,,0
S000185,train,1,0,none,none,2025-01-09T01:10:00Z,,0
S000186,train,1,0,none,none,2025-01-09T01:20:00Z,,0
S000187,train,1,0,none,none,2025-01-09T01:30:00Z,,0
S000188,train,1,0,none,none,2025-01-09T01:40:00Z,,0
S000189,train,1,0,none,none,2025-01-09T01:50:00Z,,0
S000190,train,1,0,none,none,2025-01-09T02:00:00Z,1,1
S000191,train,1,0,none,none,2025-01-09T02:10:00Z,,0
S000192,train,1,0,none,none,2025-01-09T03:40:00Z,,0
S000193,train,1,0,none,none,2025-01-09T03:50:00Z,,0
S000194,train,1,0,none,none,2025-01-09T04:00:00Z,,0
S000195,train,1,0,none,none,2025-01-09T04:10:00Z,1,1
S000196,train,1,0,none,none,2025-01-09T04:20:00Z,,0
S000197,train,1,0,none,none,2025-01-09T04:30:00Z,,0
S000198,train,1,0,none,none,2025-01-09T04:40:00Z,,0
S000199,train,1,0,none,none,2025-01-09T04:50:00Z,,0
S000200,train,1,0,none,none,2025-01-09T05:00:00Z,,0
S000201,train,1,0,none,none,2025-01-09T05:10:00Z,,0
S000202,train,0,1,microbump_open_bridge,reflow,2025-01-09T05:20:00Z,,0
S000203,train,0,1,microbump_open_bridge,reflow,2025-01-09T05:30:00Z,,0
S000204,train,1,0,none,none,2025-01-09T05:40:00Z,,0
S000205,train,1,0,none,none,2025-01-09T05:50:00Z,,0
S000206,train,1,0,none,none,2025-01-09T06:00:00Z,,0
S000207,train,1,0,none,none,2025-01-09T06:10:00Z,1,1
S000208,train,1,0,none,none,2025-01-09T06:20:00Z,,0
S000209,train,1,0,none,none,2025-01-09T06:30:00Z,,0
S000210,train,1,0,none,none,2025-01-09T06:40:00Z,,0
S000211,train,1,0,none,none,2025-01-09T06:50:00Z,,0
S000212,train,1,0,none,none,2025-01-09T07:00:00Z,1,1
S000213,train,1,0,none,none,2025-01-09T07:10:00Z,,0
S000214,train,1,0,none,none,2025-01-09T07:20:00Z,1,1
S000215,train,1,0,none,none,2025-01-09T07:30:00Z,,0
S000216,train,1,0,none,none,2025-01-09T07:40:00Z,,0
S000217,train,1,0,none,none,2025-01-09T07:50:00Z,,0
S000218,train,1,0,none,none,2025-01-09T08:00:00Z,,0
S000219,train,1,0,none,none,2025-01-09T08:10:00Z,,0
S000220,train,1,0,none,none,2025-01-09T08:20:00Z,,0
S000221,train,1,0,none,none,2025-01-09T08:30:00Z,,0
S000222,train,1,0,none,none,2025-01-09T08:40:00Z,,0
S000223,train,1,0,none,none,2025-01-09T08:50:00Z,,0
S000224,train,1,0,none,none,2025-01-09T09:00:00Z,,0
S000225,train,1,0,none,none,2025-01-09T09:10:00Z,,0
S000226,train,1,0,none,none,2025-01-09T09:20:00Z,,0
S000227,train,1,0,none,none,2025-01-09T09:30:00Z,,0
S000228,train,1,0,none,none,2025-01-09T09:40:00Z,,0
S000229,train,1,0,none,none,2025-01-09T09:50:00Z,,0
S000230,train,1,0,none,none,2025-01-09T10:00:00Z,,0
S000231,train,0,1,warpage,assembly,2025-01-09T10:10:00Z,,0
S000232,train,1,0,none,none,2025-01-09T10:20:00Z,,0
S000233,train,1,0,none,none,2025-01-09T10:30:00Z,,0
S000234,train,1,0,none,none,2025-01-09T10:40:00Z,1,1
S000235,train,1,0,none,none,2025-01-09T10:50:00Z,,0
S000236,train,0,1,tsv_open_short,tsv_or_interconnect,2025-01-09T11:00:00Z,,0
S000237,train,1,0,none,none,2025-01-09T11:10:00Z,,0
S000238,train,1,0,none,none,2025-01-09T11:20:00Z,,0
S000239,train,1,0,none,none,2025-01-09T11:30:00Z,1,1
S000240,train,1,0,none,none,2025-01-09T11:40:00Z,,0
S000241,train,1,0,none,none,2025-01-09T11:50:00Z,1,1
S000242,train,1,0,none,none,2025-01-09T12:00:00Z,,0
S000243,train,1,0,none,none,2025-01-09T12:10:00Z,,0
S000244,train,1,0,none,none,2025-01-09T12:20:00Z,,0
S000245,train,1,0,none,none,2025-01-09T12:30:00Z,,0
S000246,train,1,0,none,none,2025-01-09T12:40:00Z,1,1
S000247,train,1,0,none,none,2025-01-09T12:50:00Z,,0
S000248,train,1,0,none,none,2025-01-09T13:00:00Z,,0
S000249,train,1,0,none,none,2025-01-09T13:10:00Z,,0
S000250,train,1,0,none,none,2025-01-09T13:20:00Z,,0
S000251,train,1,0,none,none,2025-01-09T13:30:00Z,1,1
S000252,train,1,0,none,none,2025-01-09T13:40:00Z,,0
S000253,train,1,0,none,none,2025-01-09T13:50:00Z,,0
S000254,train,1,0,none,none,2025-01-09T14:00:00Z,,0
S000255,train,1,0,none,none,2025-01-09T14:10:00Z,,0
S000256,train,1,0,none,none,2025-01-09T14:20:00Z,1,1
S000257,train,1,0,none,none,2025-01-09T14:30:00Z,1,1
S000258,train,1,0,none,none,2025-01-09T14:40:00Z,,0
S000259,train,1,0,none,none,2025-01-09T14:50:00Z,,0
S000260,train,1,0,none,none,2025-01-09T15:00:00Z,,0
S000261,train,1,0,none,none,2025-01-09T15:10:00Z,,0
S000262,train,1,0,none,none,2025-01-09T15:20:00Z,,0
S000263,train,1,0,none,none,2025-01-09T15:30:00Z,,0
S000264,train,1,0,none,none,2025-01-09T15:40:00Z,,0
S000265,train,1,0,none,none,2025-01-09T15:50:00Z,,0
S000266,train,1,0,none,none,2025-01-09T16:00:00Z,,0
S000267,train,1,0,none,none,2025-01-09T16:10:00Z,,0
S000268,train,1,0,none,none,2025-01-09T16:20:00Z,,0
S000269,train,0,1,microbump_open_bridge,reflow,2025-01-09T16:30:00Z,,0
S000270,train,0,1,warpage,assembly,2025-01-09T16:40:00Z,,0
S000271,train,1,0,none,none,2025-01-09T16:50:00Z,1,1
S000272,train,1,0,none,none,2025-01-09T17:00:00Z,,0
S000273,train,1,0,none,none,2025-01-09T17:10:00Z,,0
S000274,train,0,1,underfill_void,molding,2025-01-09T17:20:00Z,,0
S000275,train,1,0,none,none,2025-01-09T17:30:00Z,1,1
S000276,train,1,0,none,none,2025-01-09T17:40:00Z,1,1
S000277,train,1,0,none,none,2025-01-09T17:50:00Z,,0
S000278,train,1,0,none,none,2025-01-09T18:00:00Z,,0
S000279,train,1,0,none,none,2025-01-09T18:10:00Z,,0
S000280,train,1,0,none,none,2025-01-09T18:20:00Z,,0
S000281,train,1,0,none,none,2025-01-09T18:30:00Z,,0
S000282,train,1,0,none,none,2025-01-09T18:40:00Z,,0
S000283,train,1,0,none,none,2025-01-09T18:50:00Z,,0
S000284,train,1,0,none,none,2025-01-09T19:00:00Z,,0
S000285,train,1,0,none,none,2025-01-09T15:40:00Z,1,1
S000286,train,1,0,none,none,2025-01-09T15:50:00Z,,0
S000287,train,1,0,none,none,2025-01-09T16:00:00Z,,0
S000288,train,1,0,none,none,2025-01-09T16:10:00Z,,0
S000289,train,1,0,none,none,2025-01-09T16:20:00Z,,0
S000290,train,1,0,none,none,2025-01-09T16:30:00Z,,0
S000291,train,1,0,none,none,2025-01-09T16:40:00Z,1,1
S000292,train,1,0,none,none,2025-01-09T16:50:00Z,1,1
S000293,train,1,0,none,none,2025-01-09T17:00:00Z,,0
S000294,train,1,0,none,none,2025-01-09T17:10:00Z,,0
S000295,train,0,1,warpage,assembly,2025-01-09T17:20:00Z,,0
S000296,train,1,0,none,none,2025-01-09T17:30:00Z,,0
S000297,train,1,0,none,none,2025-01-09T17:40:00Z,,0
S000298,train,1,0,none,none,2025-01-09T17:50:00Z,,0
S000299,train,1,0,none,none,2025-01-09T18:00:00Z,,0
S000300,train,1,0,none,none,2025-01-09T18:10:00Z,1,1
S000301,train,1,0,none,none,2025-01-09T18:20:00Z,,0
S000302,train,1,0,none,none,2025-01-09T18:30:00Z,,0
S000303,train,1,0,none,none,2025-01-09T18:40:00Z,,0
S000304,train,1,0,none,none,2025-01-09T18:50:00Z,,0
S000305,train,1,0,none,none,2025-01-09T19:00:00Z,,0
S000306,train,1,0,none,none,2025-01-09T19:10:00Z,,0
S000307,train,1,0,none,none,2025-01-09T19:20:00Z,,0
S000308,train,0,1,warpage,assembly,2025-01-09T19:30:00Z,,0
S000309,train,1,0,none,none,2025-01-09T19:40:00Z,,0
S000310,train,1,0,none,none,2025-01-09T19:50:00Z,,0
S000311,train,1,0,none,none,2025-01-09T20:00:00Z,1,1
S000312,train,0,1,dram_electrical,dram_or_base,2025-01-09T20:10:00Z,,0
S000313,train,1,0,none,none,2025-01-09T20:20:00Z,,0
S000314,train,1,0,none,none,2025-01-09T20:30:00Z,,0
S000315,train,1,0,none,none,2025-01-09T20:40:00Z,,0
S000316,train,1,0,none,none,2025-01-09T20:50:00Z,,0
S000317,train,1,0,none,none,2025-01-09T21:00:00Z,1,1
S000318,train,1,0,none,none,2025-01-09T21:10:00Z,,0
S000319,train,1,0,none,none,2025-01-09T21:20:00Z,,0
S000320,train,1,0,none,none,2025-01-09T21:30:00Z,,0
S000321,train,1,0,none,none,2025-01-09T21:40:00Z,,0
S000322,train,1,0,none,none,2025-01-09T21:50:00Z,1,1
S000323,train,1,0,none,none,2025-01-09T22:00:00Z,,0
S000324,train,1,0,none,none,2025-01-09T22:10:00Z,1,1
S000325,train,1,0,none,none,2025-01-09T22:20:00Z,,0
S000326,train,1,0,none,none,2025-01-09T22:30:00Z,,0
S000327,train,1,0,none,none,2025-01-09T22:40:00Z,,0
S000328,train,1,0,none,none,2025-01-09T22:50:00Z,,0
S000329,train,1,0,none,none,2025-01-09T23:00:00Z,,0
S000330,train,1,0,none,none,2025-01-09T23:10:00Z,,0
S000331,train,1,0,none,none,2025-01-09T23:20:00Z,,0
S000332,train,1,0,none,none,2025-01-09T23:30:00Z,,0
S000333,train,1,0,none,none,2025-01-09T23:40:00Z,,0
S000334,train,1,0,none,none,2025-01-09T23:50:00Z,,0
S000335,train,1,0,none,none,2025-01-10T00:00:00Z,,0
S000336,train,1,0,none,none,2025-01-10T00:10:00Z,,0
S000337,train,0,1,die_crack,handling,2025-01-10T00:20:00Z,,0
S000338,train,1,0,none,none,2025-01-10T00:30:00Z,,0
S000339,train,1,0,none,none,2025-01-10T00:40:00Z,,0
S000340,train,1,0,none,none,2025-01-10T00:50:00Z,,0
S000341,train,1,0,none,none,2025-01-10T01:00:00Z,,0
S000342,train,1,0,none,none,2025-01-10T01:10:00Z,,0
S000343,train,1,0,none,none,2025-01-10T01:20:00Z,,0
S000344,train,1,0,none,none,2025-01-10T01:30:00Z,,0
S000345,train,1,0,none,none,2025-01-10T01:40:00Z,1,1
S000346,train,1,0,none,none,2025-01-10T01:50:00Z,,0
S000347,train,1,0,none,none,2025-01-10T02:00:00Z,,0
S000348,train,1,0,none,none,2025-01-10T02:10:00Z,,0
S000349,train,1,0,none,none,2025-01-10T02:20:00Z,,0
S000350,train,0,1,microbump_open_bridge,reflow,2025-01-10T03:40:00Z,,0
S000351,train,1,0,none,none,2025-01-10T03:50:00Z,,0
S000352,train,1,0,none,none,2025-01-10T04:00:00Z,,0
S000353,train,1,0,none,none,2025-01-10T04:10:00Z,,0
S000354,train,1,0,none,none,2025-01-10T04:20:00Z,,0
S000355,train,1,0,none,none,2025-01-10T04:30:00Z,,0
S000356,train,1,0,none,none,2025-01-10T04:40:00Z,,0
S000357,train,1,0,none,none,2025-01-10T04:50:00Z,,0
S000358,train,1,0,none,none,2025-01-10T05:00:00Z,,0
S000359,train,1,0,none,none,2025-01-10T05:10:00Z,,0
S000360,train,1,0,none,none,2025-01-10T05:20:00Z,,0
S000361,train,1,0,none,none,2025-01-10T05:30:00Z,,0
S000362,train,1,0,none,none,2025-01-10T05:40:00Z,,0
S000363,train,1,0,none,none,2025-01-10T05:50:00Z,,0
S000364,train,1,0,none,none,2025-01-10T06:00:00Z,1,1
S000365,train,1,0,none,none,2025-01-10T06:10:00Z,,0
S000366,train,1,0,none,none,2025-01-10T06:20:00Z,,0
S000367,train,1,0,none,none,2025-01-10T06:30:00Z,,0
S000368,train,1,0,none,none,2025-01-10T06:40:00Z,,0
S000369,train,1,0,none,none,2025-01-10T06:50:00Z,,0
S000370,train,1,0,none,none,2025-01-10T07:00:00Z,,0
S000371,train,1,0,none,none,2025-01-10T07:10:00Z,,0
S000372,train,1,0,none,none,2025-01-10T07:20:00Z,,0
S000373,train,1,0,none,none,2025-01-10T07:30:00Z,,0
S000374,train,1,0,none,none,2025-01-10T07:40:00Z,,0
S000375,train,1,0,none,none,2025-01-10T07:50:00Z,1,1
S000376,train,1,0,none,none,2025-01-10T08:00:00Z,,0
S000377,train,1,0,none,none,2025-01-10T08:10:00Z,,0
S000378,train,1,0,none,none,2025-01-10T08:20:00Z,,0
S000379,train,1,0,none,none,2025-01-10T08:30:00Z,,0
S000380,train,1,0,none,none,2025-01-10T08:40:00Z,,0
S000381,train,1,0,none,none,2025-01-10T08:50:00Z,1,1
S000382,train,1,0,none,none,2025-01-10T09:00:00Z,,0
S000383,train,1,0,none,none,2025-01-10T09:10:00Z,,0
S000384,train,1,0,none,none,2025-01-10T09:20:00Z,,0
S000385,train,1,0,none,none,2025-01-10T09:30:00Z,,0
S000386,train,1,0,none,none,2025-01-10T09:40:00Z,,0
S000387,train,1,0,none,none,2025-01-10T09:50:00Z,,0
S000388,train,1,0,none,none,2025-01-10T10:00:00Z,1,1
S000389,train,1,0,none,none,2025-01-10T10:10:00Z,,0
S000390,train,1,0,none,none,2025-01-10T10:20:00Z,,0
S000391,train,1,0,none,none,2025-01-10T10:30:00Z,,0
S000392,train,1,0,none,none,2025-01-10T10:40:00Z,1,1
S000393,train,0,1,tsv_open_short,tsv_or_interconnect,2025-01-10T10:50:00Z,,0
S000394,train,1,0,none,none,2025-01-10T11:00:00Z,1,1
S000395,train,1,0,none,none,2025-01-10T11:10:00Z,,0
S000396,train,1,0,none,none,2025-01-10T11:20:00Z,,0
S000397,train,1,0,none,none,2025-01-10T11:30:00Z,1,1
S000398,train,1,0,none,none,2025-01-10T11:40:00Z,,0
S000399,train,1,0,none,none,2025-01-10T11:50:00Z,1,1
S000400,train,1,0,none,none,2025-01-10T12:00:00Z,,0
S000401,train,1,0,none,none,2025-01-10T12:10:00Z,,0
S000402,train,1,0,none,none,2025-01-10T12:20:00Z,,0
S000403,train,1,0,none,none,2025-01-10T12:30:00Z,,0
S000404,train,1,0,none,none,2025-01-10T12:40:00Z,,0
S000405,train,1,0,none,none,2025-01-10T12:50:00Z,,0
S000406,train,1,0,none,none,2025-01-10T13:00:00Z,,0
S000407,train,1,0,none,none,2025-01-10T13:10:00Z,,0
S000408,train,1,0,none,none,2025-01-10T13:20:00Z,1,1
S000409,train,1,0,none,none,2025-01-10T13:30:00Z,,0
S000410,train,1,0,none,none,2025-01-10T13:40:00Z,,0
S000411,train,1,0,none,none,2025-01-10T13:50:00Z,,0
S000412,train,1,0,none,none,2025-01-10T14:00:00Z,,0
S000413,train,1,0,none,none,2025-01-10T14:10:00Z,,0
S000414,train,1,0,none,none,2025-01-10T14:20:00Z,,0
S000415,train,1,0,none,none,2025-01-10T14:30:00Z,1,1
S000416,train,1,0,none,none,2025-01-10T14:40:00Z,1,1
S000417,train,1,0,none,none,2025-01-10T14:50:00Z,,0
S000418,train,1,0,none,none,2025-01-10T15:00:00Z,,0
S000419,train,1,0,none,none,2025-01-10T15:10:00Z,,0
S000420,train,1,0,none,none,2025-01-10T15:20:00Z,,0
S000421,train,1,0,none,none,2025-01-10T15:30:00Z,,0
S000422,train,1,0,none,none,2025-01-10T15:40:00Z,,0
S000423,train,1,0,none,none,2025-01-10T15:50:00Z,,0
S000424,train,1,0,none,none,2025-01-10T16:00:00Z,,0
S000425,train,1,0,none,none,2025-01-10T16:10:00Z,1,1
S000426,train,1,0,none,none,2025-01-10T16:20:00Z,,0
S000427,train,1,0,none,none,2025-01-10T16:30:00Z,,0
S000428,train,1,0,none,none,2025-01-10T16:40:00Z,,0
S000429,train,1,0,none,none,2025-01-10T16:50:00Z,,0
S000430,train,1,0,none,none,2025-01-10T17:00:00Z,,0
S000431,train,1,0,none,none,2025-01-10T17:10:00Z,,0
S000432,train,1,0,none,none,2025-01-10T17:20:00Z,1,1
S000433,train,1,0,none,none,2025-01-10T17:30:00Z,1,1
S000434,train,1,0,none,none,2025-01-10T17:40:00Z,,0
S000435,train,1,0,none,none,2025-01-10T17:50:00Z,,0
S000436,train,1,0,none,none,2025-01-10T18:00:00Z,,0
S000437,train,1,0,none,none,2025-01-10T18:10:00Z,,0
S000438,train,1,0,none,none,2025-01-10T18:20:00Z,,0
S000439,train,1,0,none,none,2025-01-10T18:30:00Z,,0
S000440,train,1,0,none,none,2025-01-10T18:40:00Z,,0
S000441,train,1,0,none,none,2025-01-10T18:50:00Z,,0
S000442,train,1,0,none,none,2025-01-10T19:00:00Z,,0
S000443,train,1,0,none,none,2025-01-10T19:10:00Z,,0
S000444,train,1,0,none,none,2025-01-10T19:20:00Z,1,1
S000445,train,1,0,none,none,2025-01-10T15:40:00Z,,0
S000446,train,1,0,none,none,2025-01-10T15:50:00Z,,0
S000447,train,1,0,none,none,2025-01-10T16:00:00Z,,0
S000448,train,1,0,none,none,2025-01-10T16:10:00Z,1,1
S000449,train,1,0,none,none,2025-01-10T16:20:00Z,,0
S000450,train,0,1,delamination,molding,2025-01-10T16:30:00Z,,0
S000451,train,1,0,none,none,2025-01-10T16:40:00Z,1,1
S000452,train,1,0,none,none,2025-01-10T16:50:00Z,,0
S000453,train,1,0,none,none,2025-01-10T17:00:00Z,,0
S000454,train,1,0,none,none,2025-01-10T17:10:00Z,,0
S000455,train,1,0,none,none,2025-01-10T17:20:00Z,,0
S000456,train,1,0,none,none,2025-01-10T17:30:00Z,,0
S000457,train,1,0,none,none,2025-01-10T17:40:00Z,,0
S000458,train,1,0,none,none,2025-01-10T17:50:00Z,,0
S000459,train,1,0,none,none,2025-01-10T18:00:00Z,,0
S000460,train,0,1,warpage,assembly,2025-01-10T18:10:00Z,,0
S000461,train,1,0,none,none,2025-01-10T18:20:00Z,,0
S000462,train,1,0,none,none,2025-01-10T18:30:00Z,,0
S000463,train,1,0,none,none,2025-01-10T18:40:00Z,,0
S000464,train,1,0,none,none,2025-01-10T18:50:00Z,,0
S000465,train,1,0,none,none,2025-01-10T19:00:00Z,,0
S000466,train,1,0,none,none,2025-01-10T19:10:00Z,,0
S000467,train,1,0,none,none,2025-01-10T19:20:00Z,,0
S000468,train,1,0,none,none,2025-01-10T19:30:00Z,,0
S000469,train,1,0,none,none,2025-01-10T19:40:00Z,,0
S000470,train,1,0,none,none,2025-01-10T19:50:00Z,,0
S000471,train,1,0,none,none,2025-01-10T20:00:00Z,1,1
S000472,train,1,0,none,none,2025-01-10T20:10:00Z,,0
S000473,train,1,0,none,none,2025-01-10T20:20:00Z,1,1
S000474,train,1,0,none,none,2025-01-10T20:30:00Z,,0
S000475,train,1,0,none,none,2025-01-10T20:40:00Z,,0
S000476,train,1,0,none,none,2025-01-10T20:50:00Z,,0
S000477,train,0,1,warpage,assembly,2025-01-10T21:00:00Z,,0
S000478,train,1,0,none,none,2025-01-10T21:10:00Z,,0
S000479,train,1,0,none,none,2025-01-10T21:20:00Z,,0
S000480,train,1,0,none,none,2025-01-10T21:30:00Z,,0
S000481,train,1,0,none,none,2025-01-10T21:40:00Z,,0
S000482,train,1,0,none,none,2025-01-10T21:50:00Z,,0
S000483,train,1,0,none,none,2025-01-10T22:00:00Z,,0
S000484,train,1,0,none,none,2025-01-10T22:10:00Z,,0
S000485,train,1,0,none,none,2025-01-10T22:20:00Z,,0
S000486,train,1,0,none,none,2025-01-10T22:30:00Z,,0
S000487,train,1,0,none,none,2025-01-10T22:40:00Z,,0
S000488,train,1,0,none,none,2025-01-10T22:50:00Z,,0
S000489,train,1,0,none,none,2025-01-10T23:00:00Z,,0
S000490,train,1,0,none,none,2025-01-10T23:10:00Z,,0
S000491,train,1,0,none,none,2025-01-10T23:20:00Z,,0
S000492,train,1,0,none,none,2025-01-10T23:30:00Z,,0
S000493,train,1,0,none,none,2025-01-10T23:40:00Z,,0
S000494,train,1,0,none,none,2025-01-10T23:50:00Z,1,1
S000495,train,1,0,none,none,2025-01-11T00:00:00Z,1,1
S000496,train,1,0,none,none,2025-01-11T00:10:00Z,,0
S000497,train,1,0,none,none,2025-01-11T00:20:00Z,,0
S000498,train,1,0,none,none,2025-01-11T00:30:00Z,,0
S000499,train,1,0,none,none,2025-01-11T00:40:00Z,,0
S000500,train,1,0,none,none,2025-01-11T00:50:00Z,,0
S000501,train,1,0,none,none,2025-01-11T01:00:00Z,,0
S000502,train,1,0,none,none,2025-01-11T01:10:00Z,,0
S000503,train,1,0,none,none,2025-01-11T01:20:00Z,,0
S000504,train,1,0,none,none,2025-01-11T01:30:00Z,,0
S000505,train,1,0,none,none,2025-01-11T01:40:00Z,,0
S000506,train,1,0,none,none,2025-01-11T01:50:00Z,1,1
S000507,train,1,0,none,none,2025-01-11T02:00:00Z,,0
S000508,train,1,0,none,none,2025-01-11T02:10:00Z,,0
S000509,train,1,0,none,none,2025-01-11T02:20:00Z,,0
S000510,train,1,0,none,none,2025-01-11T02:30:00Z,,0
S000511,train,1,0,none,none,2025-01-11T02:40:00Z,1,1
S000512,train,1,0,none,none,2025-01-11T02:50:00Z,,0
S000513,train,1,0,none,none,2025-01-11T03:00:00Z,,0
S000514,train,1,0,none,none,2025-01-11T03:10:00Z,1,1
S000515,train,1,0,none,none,2025-01-11T03:20:00Z,,0
S000516,train,1,0,none,none,2025-01-11T03:30:00Z,1,1
S000517,train,1,0,none,none,2025-01-11T03:40:00Z,,0
S000518,train,1,0,none,none,2025-01-11T03:50:00Z,,0
S000519,train,1,0,none,none,2025-01-11T04:00:00Z,,0
S000520,train,1,0,none,none,2025-01-11T04:10:00Z,,0
S000521,train,1,0,none,none,2025-01-11T04:20:00Z,,0
S000522,train,1,0,none,none,2025-01-11T04:30:00Z,,0
S000523,train,1,0,none,none,2025-01-11T04:40:00Z,,0
S000524,train,1,0,none,none,2025-01-11T04:50:00Z,1,1
S000525,train,1,0,none,none,2025-01-11T05:00:00Z,,0
S000526,train,1,0,none,none,2025-01-11T05:10:00Z,,0
S000527,train,1,0,none,none,2025-01-11T05:20:00Z,,0
S000528,train,1,0,none,none,2025-01-11T05:30:00Z,,0
S000529,train,1,0,none,none,2025-01-11T05:40:00Z,1,1
S000530,train,1,0,none,none,2025-01-11T05:50:00Z,,0
S000531,train,1,0,none,none,2025-01-11T06:00:00Z,,0
S000532,train,1,0,none,none,2025-01-11T06:10:00Z,,0
S000533,train,1,0,none,none,2025-01-11T06:20:00Z,,0
S000534,train,1,0,none,none,2025-01-11T06:30:00Z,,0
S000535,train,1,0,none,none,2025-01-11T06:40:00Z,,0
S000536,train,1,0,none,none,2025-01-11T06:50:00Z,,0
S000537,train,1,0,none,none,2025-01-11T07:00:00Z,1,1
S000538,train,1,0,none,none,2025-01-11T07:10:00Z,1,1
S000539,train,1,0,none,none,2025-01-11T03:40:00Z,,0
S000540,train,1,0,none,none,2025-01-11T03:50:00Z,,0
S000541,train,1,0,none,none,2025-01-11T04:00:00Z,,0
S000542,train,1,0,none,none,2025-01-11T04:10:00Z,,0
S000543,train,0,1,underfill_void,molding,2025-01-11T04:20:00Z,,0
S000544,train,1,0,none,none,2025-01-11T04:30:00Z,1,1
S000545,train,1,0,none,none,2025-01-11T04:40:00Z,,0
S000546,train,1,0,none,none,2025-01-11T04:50:00Z,,0
S000547,train,1,0,none,none,2025-01-11T05:00:00Z,,0
S000548,train,1,0,none,none,2025-01-11T05:10:00Z,,0
S000549,train,1,0,none,none,2025-01-11T05:20:00Z,1,1
S000550,train,0,1,microbump_open_bridge,reflow,2025-01-11T05:30:00Z,,0
S000551,train,1,0,none,none,2025-01-11T05:40:00Z,,0
S000552,train,0,1,delamination,molding,2025-01-11T05:50:00Z,,0
S000553,train,1,0,none,none,2025-01-11T06:00:00Z,1,1
S000554,train,1,0,none,none,2025-01-11T06:10:00Z,,0
S000555,train,0,1,die_crack,handling,2025-01-11T06:20:00Z,,0
S000556,train,1,0,none,none,2025-01-11T06:30:00Z,,0
S000557,train,1,0,none,none,2025-01-11T06:40:00Z,,0
S000558,train,1,0,none,none,2025-01-11T06:50:00Z,1,1
S000559,train,1,0,none,none,2025-01-11T07:00:00Z,,0
S000560,train,1,0,none,none,2025-01-11T07:10:00Z,,0
S000561,train,1,0,none,none,2025-01-11T07:20:00Z,,0
S000562,train,1,0,none,none,2025-01-11T07:30:00Z,,0
S000563,train,1,0,none,none,2025-01-11T07:40:00Z,1,1
S000564,train,1,0,none,none,2025-01-11T07:50:00Z,,0
S000565,train,1,0,none,none,2025-01-11T08:00:00Z,,0
S000566,train,1,0,none,none,2025-01-11T08:10:00Z,,0
S000567,train,1,0,none,none,2025-01-11T08:20:00Z,,0
S000568,train,1,0,none,none,2025-01-11T08:30:00Z,0,1
S000569,train,1,0,none,none,2025-01-11T08:40:00Z,,0
S000570,train,1,0,none,none,2025-01-11T08:50:00Z,,0
S000571,train,1,0,none,none,2025-01-11T09:00:00Z,,0
S000572,train,1,0,none,none,2025-01-11T09:10:00Z,,0
S000573,train,1,0,none,none,2025-01-11T09:20:00Z,1,1
S000574,train,1,0,none,none,2025-01-11T09:30:00Z,,0
S000575,train,1,0,none,none,2025-01-11T09:40:00Z,,0
S000576,train,1,0,none,none,2025-01-11T09:50:00Z,,0
S000577,train,1,0,none,none,2025-01-11T10:00:00Z,1,1
S000578,train,1,0,none,none,2025-01-11T10:10:00Z,,0
S000579,train,1,0,none,none,2025-01-11T10:20:00Z,1,1
S000580,train,1,0,none,none,2025-01-11T10:30:00Z,,0
S000581,train,1,0,none,none,2025-01-11T10:40:00Z,1,1
S000582,train,1,0,none,none,2025-01-11T10:50:00Z,1,1
S000583,train,1,0,none,none,2025-01-11T11:00:00Z,,0
S000584,train,1,0,none,none,2025-01-11T11:10:00Z,,0
S000585,train,1,0,none,none,2025-01-11T11:20:00Z,,0
S000586,train,1,0,none,none,2025-01-11T11:30:00Z,,0
S000587,train,1,0,none,none,2025-01-11T11:40:00Z,,0
S000588,train,1,0,none,none,2025-01-11T11:50:00Z,1,1
S000589,train,1,0,none,none,2025-01-11T12:00:00Z,,0
S000590,train,1,0,none,none,2025-01-11T12:10:00Z,1,1
S000591,train,1,0,none,none,2025-01-11T12:20:00Z,,0
S000592,train,1,0,none,none,2025-01-11T12:30:00Z,,0
S000593,train,1,0,none,none,2025-01-11T12:40:00Z,,0
S000594,train,1,0,none,none,2025-01-11T12:50:00Z,,0
S000595,train,1,0,none,none,2025-01-11T13:00:00Z,,0
S000596,train,1,0,none,none,2025-01-11T13:10:00Z,,0
S000597,train,1,0,none,none,2025-01-11T13:20:00Z,,0
S000598,train,0,1,dram_electrical,dram_or_base,2025-01-11T13:30:00Z,,0
S000599,train,1,0,none,none,2025-01-11T13:40:00Z,,0
S000600,train,1,0,none,none,2025-01-11T13:50:00Z,,0
S000601,train,1,0,none,none,2025-01-11T14:00:00Z,,0
S000602,train,1,0,none,none,2025-01-11T14:10:00Z,,0
S000603,train,1,0,none,none,2025-01-11T14:20:00Z,,0
S000604,train,1,0,none,none,2025-01-11T14:30:00Z,,0
S000605,train,1,0,none,none,2025-01-11T14:40:00Z,,0
S000606,train,1,0,none,none,2025-01-11T14:50:00Z,1,1
S000607,train,1,0,none,none,2025-01-11T15:00:00Z,,0
S000608,train,1,0,none,none,2025-01-11T15:10:00Z,,0
S000609,train,1,0,none,none,2025-01-11T15:20:00Z,1,1
S000610,train,1,0,none,none,2025-01-11T15:30:00Z,,0
S000611,train,1,0,none,none,2025-01-11T15:40:00Z,,0
S000612,train,1,0,none,none,2025-01-11T15:50:00Z,,0
S000613,train,1,0,none,none,2025-01-11T16:00:00Z,,0
S000614,train,1,0,none,none,2025-01-11T16:10:00Z,,0
S000615,train,1,0,none,none,2025-01-11T16:20:00Z,,0
S000616,train,1,0,none,none,2025-01-11T16:30:00Z,1,1
S000617,train,1,0,none,none,2025-01-11T16:40:00Z,,0
S000618,train,1,0,none,none,2025-01-11T16:50:00Z,,0
S000619,train,1,0,none,none,2025-01-11T17:00:00Z,,0
S000620,train,1,0,none,none,2025-01-11T17:10:00Z,,0
S000621,train,1,0,none,none,2025-01-11T17:20:00Z,,0
S000622,train,1,0,none,none,2025-01-11T17:30:00Z,,0
S000623,train,1,0,none,none,2025-01-11T17:40:00Z,,0
S000624,train,1,0,none,none,2025-01-11T17:50:00Z,1,1
S000625,train,1,0,none,none,2025-01-11T18:00:00Z,,0
S000626,train,1,0,none,none,2025-01-11T18:10:00Z,,0
S000627,train,1,0,none,none,2025-01-11T18:20:00Z,,0
S000628,train,1,0,none,none,2025-01-11T18:30:00Z,,0
S000629,train,1,0,none,none,2025-01-11T18:40:00Z,,0
S000630,train,1,0,none,none,2025-01-11T18:50:00Z,1,1
S000631,train,1,0,none,none,2025-01-11T19:00:00Z,,0
S000632,train,1,0,none,none,2025-01-11T19:10:00Z,1,1
S000633,train,1,0,none,none,2025-01-11T19:20:00Z,,0
S000634,train,1,0,none,none,2025-01-11T19:30:00Z,1,1
S000635,train,1,0,none,none,2025-01-11T15:40:00Z,,0
S000636,train,1,0,none,none,2025-01-11T15:50:00Z,,0
S000637,train,1,0,none,none,2025-01-11T16:00:00Z,,0
S000638,train,1,0,none,none,2025-01-11T16:10:00Z,,0
S000639,train,1,0,none,none,2025-01-11T16:20:00Z,,0
S000640,train,1,0,none,none,2025-01-11T16:30:00Z,,0
S000641,train,0,1,warpage,assembly,2025-01-11T16:40:00Z,,0
S000642,train,1,0,none,none,2025-01-11T16:50:00Z,,0
S000643,train,1,0,none,none,2025-01-11T17:00:00Z,,0
S000644,train,1,0,none,none,2025-01-11T17:10:00Z,,0
S000645,train,1,0,none,none,2025-01-11T17:20:00Z,,0
S000646,train,1,0,none,none,2025-01-11T17:30:00Z,,0
S000647,train,1,0,none,none,2025-01-11T17:40:00Z,,0
S000648,train,1,0,none,none,2025-01-11T17:50:00Z,,0
S000649,train,1,0,none,none,2025-01-11T18:00:00Z,,0
S000650,train,1,0,none,none,2025-01-11T18:10:00Z,1,1
S000651,train,1,0,none,none,2025-01-11T18:20:00Z,,0
S000652,train,1,0,none,none,2025-01-11T18:30:00Z,,0
S000653,train,1,0,none,none,2025-01-11T18:40:00Z,,0
S000654,train,1,0,none,none,2025-01-11T18:50:00Z,,0
S000655,train,1,0,none,none,2025-01-11T19:00:00Z,1,1
S000656,train,1,0,none,none,2025-01-11T19:10:00Z,,0
S000657,train,1,0,none,none,2025-01-11T19:20:00Z,1,1
S000658,train,1,0,none,none,2025-01-11T19:30:00Z,,0
S000659,train,1,0,none,none,2025-01-11T19:40:00Z,,0
S000660,train,1,0,none,none,2025-01-11T19:50:00Z,,0
S000661,train,1,0,none,none,2025-01-11T20:00:00Z,,0
S000662,train,1,0,none,none,2025-01-11T20:10:00Z,,0
S000663,train,1,0,none,none,2025-01-11T20:20:00Z,,0
S000664,train,1,0,none,none,2025-01-11T20:30:00Z,,0
S000665,train,1,0,none,none,2025-01-11T20:40:00Z,1,1
S000666,train,1,0,none,none,2025-01-11T20:50:00Z,1,1
S000667,train,1,0,none,none,2025-01-11T21:00:00Z,,0
S000668,train,1,0,none,none,2025-01-11T21:10:00Z,1,1
S000669,train,1,0,none,none,2025-01-11T21:20:00Z,,0
S000670,train,1,0,none,none,2025-01-11T21:30:00Z,,0
S000671,train,1,0,none,none,2025-01-11T21:40:00Z,,0
S000672,train,1,0,none,none,2025-01-11T21:50:00Z,,0
S000673,train,1,0,none,none,2025-01-11T22:00:00Z,1,1
S000674,train,1,0,none,none,2025-01-11T22:10:00Z,1,1
S000675,train,1,0,none,none,2025-01-11T22:20:00Z,1,1
S000676,train,1,0,none,none,2025-01-11T22:30:00Z,,0
S000677,train,1,0,none,none,2025-01-11T22:40:00Z,,0
S000678,train,1,0,none,none,2025-01-11T22:50:00Z,1,1
S000679,train,1,0,none,none,2025-01-11T23:00:00Z,1,1
S000680,train,1,0,none,none,2025-01-11T23:10:00Z,,0
S000681,train,1,0,none,none,2025-01-11T23:20:00Z,,0
S000682,train,1,0,none,none,2025-01-11T23:30:00Z,,0
S000683,train,1,0,none,none,2025-01-11T23:40:00Z,,0
S000684,train,1,0,none,none,2025-01-11T23:50:00Z,,0
S000685,train,1,0,none,none,2025-01-12T00:00:00Z,,0
S000686,train,1,0,none,none,2025-01-12T00:10:00Z,1,1
S000687,train,1,0,none,none,2025-01-12T00:20:00Z,1,1
S000688,train,1,0,none,none,2025-01-12T00:30:00Z,,0
S000689,train,1,0,none,none,2025-01-12T00:40:00Z,,0
S000690,train,1,0,none,none,2025-01-12T00:50:00Z,,0
S000691,train,1,0,none,none,2025-01-12T01:00:00Z,,0
S000692,train,1,0,none,none,2025-01-12T01:10:00Z,,0
S000693,train,1,0,none,none,2025-01-12T01:20:00Z,,0
S000694,train,1,0,none,none,2025-01-12T01:30:00Z,1,1
S000695,train,0,1,warpage,assembly,2025-01-12T01:40:00Z,,0
S000696,train,1,0,none,none,2025-01-12T01:50:00Z,,0
S000697,train,1,0,none,none,2025-01-12T02:00:00Z,1,1
S000698,train,1,0,none,none,2025-01-12T02:10:00Z,,0
S000699,train,1,0,none,none,2025-01-12T02:20:00Z,,0
S000700,train,1,0,none,none,2025-01-12T03:40:00Z,,0
S000701,train,1,0,none,none,2025-01-12T03:50:00Z,,0
S000702,train,1,0,none,none,2025-01-12T04:00:00Z,,0
S000703,train,1,0,none,none,2025-01-12T04:10:00Z,,0
S000704,train,1,0,none,none,2025-01-12T04:20:00Z,,0
S000705,train,1,0,none,none,2025-01-12T04:30:00Z,,0
S000706,train,1,0,none,none,2025-01-12T04:40:00Z,,0
S000707,train,1,0,none,none,2025-01-12T04:50:00Z,,0
S000708,train,1,0,none,none,2025-01-12T05:00:00Z,,0
S000709,train,1,0,none,none,2025-01-12T05:10:00Z,,0
S000710,train,1,0,none,none,2025-01-12T05:20:00Z,,0
S000711,train,1,0,none,none,2025-01-12T05:30:00Z,,0
S000712,train,1,0,none,none,2025-01-12T05:40:00Z,,0
S000713,train,1,0,none,none,2025-01-12T05:50:00Z,,0
S000714,train,1,0,none,none,2025-01-12T06:00:00Z,,0
S000715,train,1,0,none,none,2025-01-12T06:10:00Z,,0
S000716,train,1,0,none,none,2025-01-12T06:20:00Z,,0
S000717,train,1,0,none,none,2025-01-12T06:30:00Z,,0
S000718,train,1,0,none,none,2025-01-12T06:40:00Z,,0
S000719,train,1,0,none,none,2025-01-12T06:50:00Z,1,1
S000720,train,1,0,none,none,2025-01-12T07:00:00Z,,0
S000721,train,1,0,none,none,2025-01-12T07:10:00Z,,0
S000722,train,1,0,none,none,2025-01-12T07:20:00Z,,0
S000723,train,1,0,none,none,2025-01-12T07:30:00Z,0,1
S000724,train,1,0,none,none,2025-01-12T07:40:00Z,,0
S000725,train,1,0,none,none,2025-01-12T07:50:00Z,,0
S000726,train,1,0,none,none,2025-01-12T08:00:00Z,,0
S000727,train,1,0,none,none,2025-01-12T08:10:00Z,,0
S000728,train,1,0,none,none,2025-01-12T08:20:00Z,,0
S000729,train,1,0,none,none,2025-01-12T08:30:00Z,,0
S000730,train,1,0,none,none,2025-01-12T08:40:00Z,,0
S000731,train,1,0,none,none,2025-01-12T08:50:00Z,,0
S000732,train,1,0,none,none,2025-01-12T09:00:00Z,1,1
S000733,train,1,0,none,none,2025-01-12T09:10:00Z,,0
S000734,train,1,0,none,none,2025-01-12T09:20:00Z,1,1
S000735,train,1,0,none,none,2025-01-12T09:30:00Z,1,1
S000736,train,1,0,none,none,2025-01-12T09:40:00Z,,0
S000737,train,1,0,none,none,2025-01-12T09:50:00Z,,0
S000738,train,1,0,none,none,2025-01-12T10:00:00Z,,0
S000739,train,1,0,none,none,2025-01-12T10:10:00Z,,0
S000740,train,1,0,none,none,2025-01-12T10:20:00Z,,0
S000741,train,1,0,none,none,2025-01-12T10:30:00Z,,0
S000742,train,1,0,none,none,2025-01-12T10:40:00Z,,0
S000743,train,1,0,none,none,2025-01-12T10:50:00Z,1,1
S000744,train,1,0,none,none,2025-01-12T11:00:00Z,,0
S000745,train,1,0,none,none,2025-01-12T11:10:00Z,,0
S000746,train,1,0,none,none,2025-01-12T11:20:00Z,,0
S000747,train,1,0,none,none,2025-01-12T11:30:00Z,,0
S000748,train,1,0,none,none,2025-01-12T11:40:00Z,1,1
S000749,train,1,0,none,none,2025-01-12T11:50:00Z,,0
S000750,train,1,0,none,none,2025-01-12T12:00:00Z,,0
S000751,train,1,0,none,none,2025-01-12T12:10:00Z,1,1
S000752,train,1,0,none,none,2025-01-12T12:20:00Z,,0
S000753,train,1,0,none,none,2025-01-12T12:30:00Z,1,1
S000754,train,1,0,none,none,2025-01-12T12:40:00Z,,0
S000755,train,1,0,none,none,2025-01-12T12:50:00Z,1,1
S000756,train,1,0,none,none,2025-01-12T13:00:00Z,,0
S000757,train,1,0,none,none,2025-01-12T13:10:00Z,,0
S000758,train,1,0,none,none,2025-01-12T13:20:00Z,,0
S000759,train,1,0,none,none,2025-01-12T13:30:00Z,,0
S000760,train,1,0,none,none,2025-01-12T13:40:00Z,1,1
S000761,train,1,0,none,none,2025-01-12T13:50:00Z,,0
S000762,train,1,0,none,none,2025-01-12T14:00:00Z,,0
S000763,train,1,0,none,none,2025-01-12T14:10:00Z,,0
S000764,train,1,0,none,none,2025-01-12T14:20:00Z,,0
S000765,train,1,0,none,none,2025-01-12T14:30:00Z,,0
S000766,train,1,0,none,none,2025-01-12T14:40:00Z,,0
S000767,train,1,0,none,none,2025-01-12T14:50:00Z,,0
S000768,train,1,0,none,none,2025-01-12T15:00:00Z,,0
S000769,train,1,0,none,none,2025-01-12T15:10:00Z,,0
S000770,train,0,1,underfill_void,molding,2025-01-12T15:20:00Z,,0
S000771,train,1,0,none,none,2025-01-12T15:30:00Z,,0
S000772,train,1,0,none,none,2025-01-12T15:40:00Z,,0
S000773,train,1,0,none,none,2025-01-12T15:50:00Z,1,1
S000774,train,1,0,none,none,2025-01-12T16:00:00Z,,0
S000775,train,1,0,none,none,2025-01-12T16:10:00Z,,0
S000776,train,1,0,none,none,2025-01-12T16:20:00Z,,0
S000777,train,1,0,none,none,2025-01-12T16:30:00Z,,0
S000778,train,1,0,none,none,2025-01-12T16:40:00Z,,0
S000779,train,1,0,none,none,2025-01-12T16:50:00Z,,0
S000780,train,1,0,none,none,2025-01-12T17:00:00Z,,0
S000781,train,1,0,none,none,2025-01-12T17:10:00Z,,0
S000782,train,1,0,none,none,2025-01-12T17:20:00Z,,0
S000783,train,1,0,none,none,2025-01-12T17:30:00Z,,0
S000784,train,1,0,none,none,2025-01-12T17:40:00Z,1,1
S000785,train,1,0,none,none,2025-01-12T17:50:00Z,,0
S000786,train,1,0,none,none,2025-01-12T18:00:00Z,,0
S000787,train,1,0,none,none,2025-01-12T18:10:00Z,,0
S000788,train,1,0,none,none,2025-01-12T18:20:00Z,,0
S000789,train,1,0,none,none,2025-01-12T18:30:00Z,,0
S000790,train,1,0,none,none,2025-01-12T18:40:00Z,,0
S000791,train,1,0,none,none,2025-01-12T18:50:00Z,1,1
S000792,train,1,0,none,none,2025-01-12T19:00:00Z,,0
S000793,train,1,0,none,none,2025-01-12T19:10:00Z,,0
S000794,train,1,0,none,none,2025-01-12T19:20:00Z,,0
S000795,train,1,0,none,none,2025-01-12T19:30:00Z,,0
S000796,train,1,0,none,none,2025-01-12T19:40:00Z,,0
S000797,train,1,0,none,none,2025-01-12T15:40:00Z,0,1
S000798,train,1,0,none,none,2025-01-12T15:50:00Z,,0
S000799,train,1,0,none,none,2025-01-12T16:00:00Z,1,1
S000800,train,0,1,microbump_open_bridge,reflow,2025-01-12T16:10:00Z,,0
S000801,train,1,0,none,none,2025-01-12T16:20:00Z,,0
S000802,train,0,1,microbump_open_bridge,reflow,2025-01-12T16:30:00Z,,0
S000803,train,1,0,none,none,2025-01-12T16:40:00Z,1,1
S000804,train,1,0,none,none,2025-01-12T16:50:00Z,,0
S000805,train,1,0,none,none,2025-01-12T17:00:00Z,,0
S000806,train,1,0,none,none,2025-01-12T17:10:00Z,1,1
S000807,train,1,0,none,none,2025-01-12T17:20:00Z,,0
S000808,train,1,0,none,none,2025-01-12T17:30:00Z,,0
S000809,train,1,0,none,none,2025-01-12T17:40:00Z,1,1
S000810,train,1,0,none,none,2025-01-12T17:50:00Z,,0
S000811,train,1,0,none,none,2025-01-12T18:00:00Z,,0
S000812,train,1,0,none,none,2025-01-12T18:10:00Z,1,1
S000813,train,1,0,none,none,2025-01-12T18:20:00Z,,0
S000814,train,1,0,none,none,2025-01-12T18:30:00Z,,0
S000815,train,1,0,none,none,2025-01-12T18:40:00Z,,0
S000816,train,1,0,none,none,2025-01-12T18:50:00Z,1,1
S000817,train,0,1,delamination,molding,2025-01-12T19:00:00Z,,0
S000818,train,1,0,none,none,2025-01-12T19:10:00Z,,0
S000819,train,1,0,none,none,2025-01-12T19:20:00Z,,0
S000820,train,1,0,none,none,2025-01-12T19:30:00Z,,0
S000821,train,1,0,none,none,2025-01-12T19:40:00Z,,0
S000822,train,1,0,none,none,2025-01-12T19:50:00Z,,0
S000823,train,1,0,none,none,2025-01-12T20:00:00Z,,0
S000824,train,1,0,none,none,2025-01-12T20:10:00Z,,0
S000825,train,1,0,none,none,2025-01-12T20:20:00Z,,0
S000826,train,1,0,none,none,2025-01-12T20:30:00Z,1,1
S000827,train,1,0,none,none,2025-01-12T20:40:00Z,,0
S000828,train,1,0,none,none,2025-01-12T20:50:00Z,,0
S000829,train,1,0,none,none,2025-01-12T21:00:00Z,,0
S000830,train,1,0,none,none,2025-01-12T21:10:00Z,,0
S000831,train,1,0,none,none,2025-01-12T21:20:00Z,,0
S000832,train,1,0,none,none,2025-01-12T21:30:00Z,,0
S000833,train,1,0,none,none,2025-01-12T21:40:00Z,,0
S000834,train,1,0,none,none,2025-01-12T21:50:00Z,,0
S000835,train,1,0,none,none,2025-01-12T22:00:00Z,1,1
S000836,train,1,0,none,none,2025-01-12T22:10:00Z,,0
S000837,train,1,0,none,none,2025-01-12T22:20:00Z,,0
S000838,train,1,0,none,none,2025-01-12T22:30:00Z,,0
S000839,train,1,0,none,none,2025-01-12T22:40:00Z,,0
S000840,train,1,0,none,none,2025-01-12T22:50:00Z,1,1
S000841,train,1,0,none,none,2025-01-12T23:00:00Z,,0
S000842,train,1,0,none,none,2025-01-12T23:10:00Z,,0
S000843,train,1,0,none,none,2025-01-12T23:20:00Z,,0
S000844,train,1,0,none,none,2025-01-12T23:30:00Z,,0
S000845,train,1,0,none,none,2025-01-12T23:40:00Z,1,1
S000846,train,1,0,none,none,2025-01-12T23:50:00Z,,0
S000847,train,1,0,none,none,2025-01-13T00:00:00Z,,0
S000848,train,1,0,none,none,2025-01-13T00:10:00Z,,0
S000849,train,1,0,none,none,2025-01-13T00:20:00Z,1,1
S000850,train,0,1,multiple,multiple,2025-01-13T00:30:00Z,,0
S000851,train,1,0,none,none,2025-01-13T00:40:00Z,1,1
S000852,train,1,0,none,none,2025-01-13T00:50:00Z,,0
S000853,train,0,1,tsv_open_short,tsv_or_interconnect,2025-01-13T01:00:00Z,,0
S000854,train,1,0,none,none,2025-01-13T01:10:00Z,,0
S000855,train,1,0,none,none,2025-01-13T01:20:00Z,1,1
S000856,train,1,0,none,none,2025-01-13T01:30:00Z,,0
S000857,train,1,0,none,none,2025-01-13T01:40:00Z,,0
S000858,train,1,0,none,none,2025-01-13T01:50:00Z,,0
S000859,train,1,0,none,none,2025-01-13T02:00:00Z,,0
S000860,train,0,1,die_crack,handling,2025-01-13T03:40:00Z,,0
S000861,train,1,0,none,none,2025-01-13T03:50:00Z,,0
S000862,train,1,0,none,none,2025-01-13T04:00:00Z,1,1
S000863,train,1,0,none,none,2025-01-13T04:10:00Z,1,1
S000864,train,1,0,none,none,2025-01-13T04:20:00Z,,0
S000865,train,1,0,none,none,2025-01-13T04:30:00Z,,0
S000866,train,1,0,none,none,2025-01-13T04:40:00Z,,0
S000867,train,1,0,none,none,2025-01-13T04:50:00Z,,0
S000868,train,1,0,none,none,2025-01-13T05:00:00Z,,0
S000869,train,1,0,none,none,2025-01-13T05:10:00Z,,0
S000870,train,1,0,none,none,2025-01-13T05:20:00Z,,0
S000871,train,1,0,none,none,2025-01-13T05:30:00Z,1,1
S000872,train,1,0,none,none,2025-01-13T05:40:00Z,1,1
S000873,train,1,0,none,none,2025-01-13T05:50:00Z,,0
S000874,train,1,0,none,none,2025-01-13T06:00:00Z,,0
S000875,train,1,0,none,none,2025-01-13T06:10:00Z,,0
S000876,train,1,0,none,none,2025-01-13T06:20:00Z,,0
S000877,train,1,0,none,none,2025-01-13T06:30:00Z,1,1
S000878,train,1,0,none,none,2025-01-13T06:40:00Z,1,1
S000879,train,1,0,none,none,2025-01-13T06:50:00Z,1,1
S000880,train,0,1,underfill_void,molding,2025-01-13T07:00:00Z,,0
S000881,train,1,0,none,none,2025-01-13T07:10:00Z,,0
S000882,train,1,0,none,none,2025-01-13T07:20:00Z,,0
S000883,train,1,0,none,none,2025-01-13T07:30:00Z,1,1
S000884,train,1,0,none,none,2025-01-13T07:40:00Z,1,1
S000885,train,1,0,none,none,2025-01-13T07:50:00Z,,0
S000886,train,1,0,none,none,2025-01-13T08:00:00Z,,0
S000887,train,1,0,none,none,2025-01-13T08:10:00Z,,0
S000888,train,1,0,none,none,2025-01-13T08:20:00Z,,0
S000889,train,1,0,none,none,2025-01-13T08:30:00Z,,0
S000890,train,1,0,none,none,2025-01-13T08:40:00Z,1,1
S000891,train,1,0,none,none,2025-01-13T08:50:00Z,,0
S000892,train,1,0,none,none,2025-01-13T09:00:00Z,,0
S000893,train,1,0,none,none,2025-01-13T09:10:00Z,,0
S000894,train,1,0,none,none,2025-01-13T09:20:00Z,,0
S000895,train,1,0,none,none,2025-01-13T09:30:00Z,,0
S000896,train,1,0,none,none,2025-01-13T09:40:00Z,,0
S000897,train,1,0,none,none,2025-01-13T09:50:00Z,1,1
S000898,train,1,0,none,none,2025-01-13T10:00:00Z,1,1
S000899,train,1,0,none,none,2025-01-13T10:10:00Z,1,1
S000900,train,1,0,none,none,2025-01-13T10:20:00Z,1,1
S000901,train,1,0,none,none,2025-01-13T10:30:00Z,,0
S000902,train,1,0,none,none,2025-01-13T10:40:00Z,1,1
S000903,train,1,0,none,none,2025-01-13T10:50:00Z,1,1
S000904,train,1,0,none,none,2025-01-13T11:00:00Z,,0
S000905,train,1,0,none,none,2025-01-13T11:10:00Z,,0
S000906,train,1,0,none,none,2025-01-13T11:20:00Z,,0
S000907,train,1,0,none,none,2025-01-13T11:30:00Z,,0
S000908,train,1,0,none,none,2025-01-13T11:40:00Z,,0
S000909,train,1,0,none,none,2025-01-13T11:50:00Z,,0
S000910,train,1,0,none,none,2025-01-13T12:00:00Z,,0
S000911,train,1,0,none,none,2025-01-13T12:10:00Z,1,1
S000912,train,1,0,none,none,2025-01-13T12:20:00Z,,0
S000913,train,1,0,none,none,2025-01-13T12:30:00Z,,0
S000914,train,1,0,none,none,2025-01-13T12:40:00Z,,0
S000915,train,1,0,none,none,2025-01-13T12:50:00Z,,0
S000916,train,1,0,none,none,2025-01-13T13:00:00Z,1,1
S000917,train,1,0,none,none,2025-01-13T13:10:00Z,,0
S000918,train,1,0,none,none,2025-01-13T13:20:00Z,,0
S000919,train,1,0,none,none,2025-01-13T13:30:00Z,,0
S000920,train,0,1,underfill_void,molding,2025-01-13T13:40:00Z,,0
S000921,train,1,0,none,none,2025-01-13T13:50:00Z,,0
S000922,train,1,0,none,none,2025-01-13T14:00:00Z,,0
S000923,train,1,0,none,none,2025-01-13T14:10:00Z,,0
S000924,train,1,0,none,none,2025-01-13T15:40:00Z,,0
S000925,train,1,0,none,none,2025-01-13T15:50:00Z,,0
S000926,train,1,0,none,none,2025-01-13T16:00:00Z,,0
S000927,train,1,0,none,none,2025-01-13T16:10:00Z,,0
S000928,train,1,0,none,none,2025-01-13T16:20:00Z,,0
S000929,train,1,0,none,none,2025-01-13T16:30:00Z,,0
S000930,train,1,0,none,none,2025-01-13T16:40:00Z,,0
S000931,train,1,0,none,none,2025-01-13T16:50:00Z,,0
S000932,train,1,0,none,none,2025-01-13T17:00:00Z,,0
S000933,train,1,0,none,none,2025-01-13T17:10:00Z,,0
S000934,train,1,0,none,none,2025-01-13T17:20:00Z,,0
S000935,train,1,0,none,none,2025-01-13T17:30:00Z,,0
S000936,train,1,0,none,none,2025-01-13T17:40:00Z,,0
S000937,train,1,0,none,none,2025-01-13T17:50:00Z,,0
S000938,train,1,0,none,none,2025-01-13T18:00:00Z,,0
S000939,train,1,0,none,none,2025-01-13T18:10:00Z,1,1
S000940,train,1,0,none,none,2025-01-13T18:20:00Z,,0
S000941,train,1,0,none,none,2025-01-13T18:30:00Z,,0
S000942,train,1,0,none,none,2025-01-13T18:40:00Z,,0
S000943,train,1,0,none,none,2025-01-13T18:50:00Z,,0
S000944,train,1,0,none,none,2025-01-13T19:00:00Z,,0
S000945,train,1,0,none,none,2025-01-13T19:10:00Z,1,1
S000946,train,1,0,none,none,2025-01-13T19:20:00Z,,0
S000947,train,1,0,none,none,2025-01-13T19:30:00Z,,0
S000948,train,1,0,none,none,2025-01-13T19:40:00Z,,0
S000949,train,1,0,none,none,2025-01-13T19:50:00Z,,0
S000950,train,1,0,none,none,2025-01-13T20:00:00Z,1,1
S000951,train,1,0,none,none,2025-01-13T20:10:00Z,,0
S000952,train,1,0,none,none,2025-01-13T20:20:00Z,,0
S000953,train,1,0,none,none,2025-01-13T20:30:00Z,,0
S000954,train,1,0,none,none,2025-01-13T20:40:00Z,,0
S000955,train,1,0,none,none,2025-01-13T20:50:00Z,,0
S000956,train,1,0,none,none,2025-01-13T21:00:00Z,,0
S000957,train,0,1,warpage,assembly,2025-01-13T21:10:00Z,,0
S000958,train,1,0,none,none,2025-01-13T21:20:00Z,,0
S000959,train,0,1,microbump_open_bridge,reflow,2025-01-13T21:30:00Z,,0
S000960,train,1,0,none,none,2025-01-13T21:40:00Z,,0
S000961,train,1,0,none,none,2025-01-13T21:50:00Z,,0
S000962,train,1,0,none,none,2025-01-13T22:00:00Z,,0
S000963,train,1,0,none,none,2025-01-13T22:10:00Z,1,1
S000964,train,1,0,none,none,2025-01-13T22:20:00Z,,0
S000965,train,1,0,none,none,2025-01-13T22:30:00Z,,0
S000966,train,1,0,none,none,2025-01-13T22:40:00Z,,0
S000967,train,1,0,none,none,2025-01-13T22:50:00Z,,0
S000968,train,1,0,none,none,2025-01-13T23:00:00Z,,0
S000969,train,1,0,none,none,2025-01-13T23:10:00Z,,0
S000970,train,1,0,none,none,2025-01-13T23:20:00Z,,0
S000971,train,1,0,none,none,2025-01-13T23:30:00Z,1,1
S000972,train,1,0,none,none,2025-01-13T23:40:00Z,,0
S000973,train,1,0,none,none,2025-01-13T23:50:00Z,,0
S000974,train,0,1,die_crack,handling,2025-01-14T00:00:00Z,,0
S000975,train,1,0,none,none,2025-01-14T00:10:00Z,,0
S000976,train,1,0,none,none,2025-01-14T00:20:00Z,,0
S000977,train,1,0,none,none,2025-01-14T00:30:00Z,,0
S000978,train,1,0,none,none,2025-01-14T00:40:00Z,,0
S000979,train,1,0,none,none,2025-01-14T00:50:00Z,,0
S000980,train,1,0,none,none,2025-01-14T01:00:00Z,,0
S000981,train,1,0,none,none,2025-01-14T01:10:00Z,,0
S000982,train,1,0,none,none,2025-01-14T01:20:00Z,1,1
S000983,train,1,0,none,none,2025-01-14T01:30:00Z,,0
S000984,train,1,0,none,none,2025-01-14T01:40:00Z,,0
S000985,train,1,0,none,none,2025-01-14T01:50:00Z,1,1
S000986,train,1,0,none,none,2025-01-14T02:00:00Z,,0
S000987,train,1,0,none,none,2025-01-14T02:10:00Z,,0
S000988,train,1,0,none,none,2025-01-14T02:20:00Z,,0
S000989,train,1,0,none,none,2025-01-14T02:30:00Z,,0
S000990,train,1,0,none,none,2025-01-14T02:40:00Z,,0
S000991,train,1,0,none,none,2025-01-14T02:50:00Z,,0
S000992,train,1,0,none,none,2025-01-14T03:00:00Z,1,1
S000993,train,1,0,none,none,2025-01-14T03:10:00Z,,0
S000994,train,1,0,none,none,2025-01-14T03:20:00Z,,0
S000995,train,1,0,none,none,2025-01-14T03:30:00Z,,0
S000996,train,0,1,warpage,assembly,2025-01-14T03:40:00Z,,0
S000997,train,1,0,none,none,2025-01-14T03:50:00Z,,0
S000998,train,1,0,none,none,2025-01-14T04:00:00Z,,0
S000999,train,1,0,none,none,2025-01-14T04:10:00Z,1,1
S001000,train,1,0,none,none,2025-01-14T04:20:00Z,,0
S001001,train,1,0,none,none,2025-01-14T04:30:00Z,,0
S001002,train,1,0,none,none,2025-01-14T04:40:00Z,,0
S001003,train,1,0,none,none,2025-01-14T04:50:00Z,,0
S001004,train,1,0,none,none,2025-01-14T05:00:00Z,,0
S001005,train,1,0,none,none,2025-01-14T05:10:00Z,,0
S001006,train,1,0,none,none,2025-01-14T05:20:00Z,1,1
S001007,train,1,0,none,none,2025-01-14T05:30:00Z,1,1
S001008,train,1,0,none,none,2025-01-14T05:40:00Z,,0
S001009,train,1,0,none,none,2025-01-14T05:50:00Z,1,1
S001010,train,1,0,none,none,2025-01-14T06:00:00Z,,0
S001011,train,1,0,none,none,2025-01-14T06:10:00Z,1,1
S001012,train,1,0,none,none,2025-01-14T06:20:00Z,,0
S001013,train,1,0,none,none,2025-01-14T06:30:00Z,1,1
S001014,train,1,0,none,none,2025-01-14T06:40:00Z,,0
S001015,train,1,0,none,none,2025-01-14T06:50:00Z,1,1
S001016,train,1,0,none,none,2025-01-14T07:00:00Z,,0
S001017,train,1,0,none,none,2025-01-14T07:10:00Z,,0
S001018,train,1,0,none,none,2025-01-14T07:20:00Z,,0
S001019,train,1,0,none,none,2025-01-14T07:30:00Z,,0
S001020,train,1,0,none,none,2025-01-14T03:40:00Z,1,1
S001021,train,1,0,none,none,2025-01-14T03:50:00Z,,0
S001022,train,1,0,none,none,2025-01-14T04:00:00Z,,0
S001023,train,1,0,none,none,2025-01-14T04:10:00Z,,0
S001024,train,0,1,die_crack,handling,2025-01-14T04:20:00Z,,0
S001025,train,1,0,none,none,2025-01-14T04:30:00Z,1,1
S001026,train,1,0,none,none,2025-01-14T04:40:00Z,,0
S001027,train,1,0,none,none,2025-01-14T04:50:00Z,,0
S001028,train,1,0,none,none,2025-01-14T05:00:00Z,,0
S001029,train,1,0,none,none,2025-01-14T05:10:00Z,,0
S001030,train,1,0,none,none,2025-01-14T05:20:00Z,,0
S001031,train,0,1,tsv_open_short,tsv_or_interconnect,2025-01-14T05:30:00Z,,0
S001032,train,1,0,none,none,2025-01-14T05:40:00Z,,0
S001033,train,1,0,none,none,2025-01-14T05:50:00Z,,0
S001034,train,1,0,none,none,2025-01-14T06:00:00Z,1,1
S001035,train,1,0,none,none,2025-01-14T06:10:00Z,,0
S001036,train,1,0,none,none,2025-01-14T06:20:00Z,,0
S001037,train,1,0,none,none,2025-01-14T06:30:00Z,,0
S001038,train,1,0,none,none,2025-01-14T06:40:00Z,,0
S001039,train,1,0,none,none,2025-01-14T06:50:00Z,,0
S001040,train,1,0,none,none,2025-01-14T07:00:00Z,,0
S001041,train,1,0,none,none,2025-01-14T07:10:00Z,,0
S001042,train,1,0,none,none,2025-01-14T07:20:00Z,,0
S001043,train,1,0,none,none,2025-01-14T07:30:00Z,,0
S001044,train,1,0,none,none,2025-01-14T07:40:00Z,1,1
S001045,train,1,0,none,none,2025-01-14T07:50:00Z,1,1
S001046,train,1,0,none,none,2025-01-14T08:00:00Z,,0
S001047,train,1,0,none,none,2025-01-14T08:10:00Z,1,1
S001048,train,1,0,none,none,2025-01-14T08:20:00Z,,0
S001049,train,1,0,none,none,2025-01-14T08:30:00Z,0,1
S001050,train,1,0,none,none,2025-01-14T08:40:00Z,,0
S001051,train,1,0,none,none,2025-01-14T08:50:00Z,,0
S001052,train,1,0,none,none,2025-01-14T09:00:00Z,1,1
S001053,train,1,0,none,none,2025-01-14T09:10:00Z,,0
S001054,train,0,1,warpage,assembly,2025-01-14T09:20:00Z,,0
S001055,train,1,0,none,none,2025-01-14T09:30:00Z,,0
S001056,train,1,0,none,none,2025-01-14T09:40:00Z,,0
S001057,train,1,0,none,none,2025-01-14T09:50:00Z,1,1
S001058,train,1,0,none,none,2025-01-14T10:00:00Z,,0
S001059,train,1,0,none,none,2025-01-14T10:10:00Z,,0
S001060,train,1,0,none,none,2025-01-14T10:20:00Z,,0
S001061,train,1,0,none,none,2025-01-14T10:30:00Z,,0
S001062,train,1,0,none,none,2025-01-14T10:40:00Z,1,1
S001063,train,0,1,microbump_open_bridge,reflow,2025-01-14T10:50:00Z,,0
S001064,train,1,0,none,none,2025-01-14T11:00:00Z,0,1
S001065,train,1,0,none,none,2025-01-14T11:10:00Z,,0
S001066,train,1,0,none,none,2025-01-14T11:20:00Z,,0
S001067,train,1,0,none,none,2025-01-14T11:30:00Z,,0
S001068,train,1,0,none,none,2025-01-14T11:40:00Z,,0
S001069,train,1,0,none,none,2025-01-14T11:50:00Z,,0
S001070,train,1,0,none,none,2025-01-14T12:00:00Z,,0
S001071,train,1,0,none,none,2025-01-14T12:10:00Z,,0
S001072,train,1,0,none,none,2025-01-14T12:20:00Z,,0
S001073,train,1,0,none,none,2025-01-14T12:30:00Z,1,1
S001074,train,1,0,none,none,2025-01-14T12:40:00Z,1,1
S001075,train,0,1,underfill_void,molding,2025-01-14T12:50:00Z,,0
S001076,train,1,0,none,none,2025-01-14T13:00:00Z,,0
S001077,train,1,0,none,none,2025-01-14T13:10:00Z,,0
S001078,train,1,0,none,none,2025-01-14T13:20:00Z,,0
S001079,train,1,0,none,none,2025-01-14T13:30:00Z,,0
S001080,train,1,0,none,none,2025-01-14T13:40:00Z,,0
S001081,train,1,0,none,none,2025-01-14T13:50:00Z,,0
S001082,train,1,0,none,none,2025-01-14T14:00:00Z,,0
S001083,train,1,0,none,none,2025-01-14T15:40:00Z,,0
S001084,train,1,0,none,none,2025-01-14T15:50:00Z,,0
S001085,train,1,0,none,none,2025-01-14T16:00:00Z,1,1
S001086,train,1,0,none,none,2025-01-14T16:10:00Z,,0
S001087,train,1,0,none,none,2025-01-14T16:20:00Z,,0
S001088,train,1,0,none,none,2025-01-14T16:30:00Z,,0
S001089,train,1,0,none,none,2025-01-14T16:40:00Z,,0
S001090,train,1,0,none,none,2025-01-14T16:50:00Z,1,1
S001091,train,1,0,none,none,2025-01-14T17:00:00Z,,0
S001092,train,1,0,none,none,2025-01-14T17:10:00Z,,0
S001093,train,1,0,none,none,2025-01-14T17:20:00Z,,0
S001094,train,1,0,none,none,2025-01-14T17:30:00Z,1,1
S001095,train,1,0,none,none,2025-01-14T17:40:00Z,1,1
S001096,train,1,0,none,none,2025-01-14T17:50:00Z,,0
S001097,train,1,0,none,none,2025-01-14T18:00:00Z,1,1
S001098,train,1,0,none,none,2025-01-14T18:10:00Z,,0
S001099,train,1,0,none,none,2025-01-14T18:20:00Z,,0
S001100,train,1,0,none,none,2025-01-14T18:30:00Z,1,1
S001101,train,1,0,none,none,2025-01-14T18:40:00Z,,0
S001102,train,1,0,none,none,2025-01-14T18:50:00Z,,0
S001103,train,1,0,none,none,2025-01-14T19:00:00Z,,0
S001104,train,1,0,none,none,2025-01-14T19:10:00Z,,0
S001105,train,1,0,none,none,2025-01-14T19:20:00Z,,0
S001106,train,1,0,none,none,2025-01-14T19:30:00Z,,0
S001107,train,1,0,none,none,2025-01-14T19:40:00Z,,0
S001108,train,1,0,none,none,2025-01-14T19:50:00Z,,0
S001109,train,1,0,none,none,2025-01-14T20:00:00Z,1,1
S001110,train,1,0,none,none,2025-01-14T20:10:00Z,,0
S001111,train,1,0,none,none,2025-01-14T20:20:00Z,,0
S001112,train,1,0,none,none,2025-01-14T20:30:00Z,,0
S001113,train,1,0,none,none,2025-01-14T20:40:00Z,,0
S001114,train,1,0,none,none,2025-01-14T20:50:00Z,,0
S001115,train,1,0,none,none,2025-01-14T21:00:00Z,,0
S001116,train,1,0,none,none,2025-01-14T21:10:00Z,,0
S001117,train,1,0,none,none,2025-01-14T21:20:00Z,,0
S001118,train,1,0,none,none,2025-01-14T21:30:00Z,,0
S001119,train,1,0,none,none,2025-01-14T21:40:00Z,,0
S001120,train,1,0,none,none,2025-01-14T21:50:00Z,,0
S001121,train,1,0,none,none,2025-01-14T22:00:00Z,,0
S001122,train,1,0,none,none,2025-01-14T22:10:00Z,1,1
S001123,train,1,0,none,none,2025-01-14T22:20:00Z,,0
S001124,train,1,0,none,none,2025-01-14T22:30:00Z,,0
S001125,train,1,0,none,none,2025-01-14T22:40:00Z,,0
S001126,train,1,0,none,none,2025-01-14T22:50:00Z,,0
S001127,train,0,1,delamination,molding,2025-01-14T23:00:00Z,,0
S001128,train,1,0,none,none,2025-01-14T23:10:00Z,,0
S001129,train,1,0,none,none,2025-01-14T23:20:00Z,,0
S001130,train,1,0,none,none,2025-01-14T23:30:00Z,,0
S001131,train,1,0,none,none,2025-01-14T23:40:00Z,,0
S001132,train,1,0,none,none,2025-01-14T23:50:00Z,,0
S001133,train,1,0,none,none,2025-01-15T00:00:00Z,,0
S001134,train,1,0,none,none,2025-01-15T00:10:00Z,1,1
S001135,train,1,0,none,none,2025-01-15T00:20:00Z,1,1
S001136,train,1,0,none,none,2025-01-15T00:30:00Z,,0
S001137,train,1,0,none,none,2025-01-15T00:40:00Z,,0
S001138,train,1,0,none,none,2025-01-15T00:50:00Z,1,1
S001139,train,1,0,none,none,2025-01-15T01:00:00Z,,0
S001140,train,1,0,none,none,2025-01-15T01:10:00Z,,0
S001141,train,1,0,none,none,2025-01-15T01:20:00Z,,0
S001142,train,1,0,none,none,2025-01-15T01:30:00Z,,0
S001143,train,1,0,none,none,2025-01-15T01:40:00Z,,0
S001144,train,1,0,none,none,2025-01-15T01:50:00Z,,0
S001145,train,1,0,none,none,2025-01-15T02:00:00Z,,0
S001146,train,1,0,none,none,2025-01-15T02:10:00Z,,0
S001147,train,1,0,none,none,2025-01-15T02:20:00Z,,0
S001148,train,1,0,none,none,2025-01-15T02:30:00Z,1,1
S001149,train,1,0,none,none,2025-01-15T02:40:00Z,,0
S001150,train,1,0,none,none,2025-01-15T02:50:00Z,,0
S001151,train,1,0,none,none,2025-01-15T03:00:00Z,,0
S001152,train,1,0,none,none,2025-01-15T03:10:00Z,,0
S001153,train,1,0,none,none,2025-01-15T03:20:00Z,,0
S001154,train,1,0,none,none,2025-01-15T03:30:00Z,,0
S001155,train,1,0,none,none,2025-01-15T03:40:00Z,,0
S001156,train,1,0,none,none,2025-01-15T03:50:00Z,,0
S001157,train,1,0,none,none,2025-01-15T04:00:00Z,,0
S001158,train,1,0,none,none,2025-01-15T04:10:00Z,,0
S001159,train,1,0,none,none,2025-01-15T04:20:00Z,,0
S001160,train,1,0,none,none,2025-01-15T04:30:00Z,1,1
S001161,train,1,0,none,none,2025-01-15T04:40:00Z,,0
S001162,train,1,0,none,none,2025-01-15T04:50:00Z,1,1
S001163,train,1,0,none,none,2025-01-15T05:00:00Z,1,1
S001164,train,1,0,none,none,2025-01-15T05:10:00Z,,0
S001165,train,1,0,none,none,2025-01-15T05:20:00Z,1,1
S001166,train,1,0,none,none,2025-01-15T05:30:00Z,1,1
S001167,train,1,0,none,none,2025-01-15T05:40:00Z,,0
S001168,train,1,0,none,none,2025-01-15T05:50:00Z,1,1
S001169,train,1,0,none,none,2025-01-15T06:00:00Z,,0
S001170,train,1,0,none,none,2025-01-15T06:10:00Z,1,1
S001171,train,1,0,none,none,2025-01-15T06:20:00Z,,0
S001172,train,1,0,none,none,2025-01-15T06:30:00Z,,0
S001173,train,1,0,none,none,2025-01-15T06:40:00Z,,0
S001174,train,1,0,none,none,2025-01-15T06:50:00Z,,0
S001175,train,0,1,warpage,assembly,2025-01-15T07:00:00Z,,0
S001176,train,1,0,none,none,2025-01-15T07:10:00Z,,0
S001177,train,1,0,none,none,2025-01-15T07:20:00Z,,0
S001178,train,1,0,none,none,2025-01-15T07:30:00Z,,0
S001179,train,1,0,none,none,2025-01-15T07:40:00Z,,0
S001180,train,1,0,none,none,2025-01-15T03:40:00Z,,0
S001181,train,1,0,none,none,2025-01-15T03:50:00Z,,0
S001182,train,1,0,none,none,2025-01-15T04:00:00Z,,0
S001183,train,1,0,none,none,2025-01-15T04:10:00Z,1,1
S001184,train,1,0,none,none,2025-01-15T04:20:00Z,,0
S001185,train,1,0,none,none,2025-01-15T04:30:00Z,,0
S001186,train,1,0,none,none,2025-01-15T04:40:00Z,,0
S001187,train,1,0,none,none,2025-01-15T04:50:00Z,,0
S001188,train,1,0,none,none,2025-01-15T05:00:00Z,,0
S001189,train,1,0,none,none,2025-01-15T05:10:00Z,,0
S001190,train,1,0,none,none,2025-01-15T05:20:00Z,1,1
S001191,train,1,0,none,none,2025-01-15T05:30:00Z,,0
S001192,train,1,0,none,none,2025-01-15T05:40:00Z,,0
S001193,train,1,0,none,none,2025-01-15T05:50:00Z,,0
S001194,train,1,0,none,none,2025-01-15T06:00:00Z,1,1
S001195,train,1,0,none,none,2025-01-15T06:10:00Z,,0
S001196,train,1,0,none,none,2025-01-15T06:20:00Z,,0
S001197,train,1,0,none,none,2025-01-15T06:30:00Z,,0
S001198,train,1,0,none,none,2025-01-15T06:40:00Z,,0
S001199,train,1,0,none,none,2025-01-15T06:50:00Z,,0
S001200,train,1,0,none,none,2025-01-15T07:00:00Z,,0
S001201,train,1,0,none,none,2025-01-15T07:10:00Z,,0
S001202,train,1,0,none,none,2025-01-15T07:20:00Z,,0
S001203,train,1,0,none,none,2025-01-15T07:30:00Z,,0
S001204,train,1,0,none,none,2025-01-15T07:40:00Z,,0
S001205,train,1,0,none,none,2025-01-15T07:50:00Z,,0
S001206,train,1,0,none,none,2025-01-15T08:00:00Z,,0
S001207,train,1,0,none,none,2025-01-15T08:10:00Z,1,1
S001208,train,1,0,none,none,2025-01-15T08:20:00Z,,0
S001209,train,1,0,none,none,2025-01-15T08:30:00Z,1,1
S001210,train,1,0,none,none,2025-01-15T08:40:00Z,,0
S001211,train,1,0,none,none,2025-01-15T08:50:00Z,,0
S001212,train,1,0,none,none,2025-01-15T09:00:00Z,1,1
S001213,train,1,0,none,none,2025-01-15T09:10:00Z,,0
S001214,train,1,0,none,none,2025-01-15T09:20:00Z,,0
S001215,train,1,0,none,none,2025-01-15T09:30:00Z,,0
S001216,train,1,0,none,none,2025-01-15T09:40:00Z,,0
S001217,train,1,0,none,none,2025-01-15T09:50:00Z,,0
S001218,train,1,0,none,none,2025-01-15T10:00:00Z,,0
S001219,train,1,0,none,none,2025-01-15T10:10:00Z,1,1
S001220,train,1,0,none,none,2025-01-15T10:20:00Z,,0
S001221,train,1,0,none,none,2025-01-15T10:30:00Z,,0
S001222,train,1,0,none,none,2025-01-15T10:40:00Z,,0
S001223,train,1,0,none,none,2025-01-15T10:50:00Z,,0
S001224,train,1,0,none,none,2025-01-15T11:00:00Z,,0
S001225,train,1,0,none,none,2025-01-15T11:10:00Z,,0
S001226,train,1,0,none,none,2025-01-15T11:20:00Z,,0
S001227,train,1,0,none,none,2025-01-15T11:30:00Z,,0
S001228,train,1,0,none,none,2025-01-15T11:40:00Z,,0
S001229,train,1,0,none,none,2025-01-15T11:50:00Z,,0
S001230,train,1,0,none,none,2025-01-15T12:00:00Z,,0
S001231,train,1,0,none,none,2025-01-15T12:10:00Z,1,1
S001232,train,1,0,none,none,2025-01-15T12:20:00Z,1,1
S001233,train,1,0,none,none,2025-01-15T12:30:00Z,1,1
S001234,train,1,0,none,none,2025-01-15T12:40:00Z,,0
S001235,train,1,0,none,none,2025-01-15T12:50:00Z,1,1
S001236,train,1,0,none,none,2025-01-15T13:00:00Z,,0
S001237,train,1,0,none,none,2025-01-15T13:10:00Z,,0
S001238,train,1,0,none,none,2025-01-15T13:20:00Z,,0
S001239,train,1,0,none,none,2025-01-15T13:30:00Z,,0
S001240,train,1,0,none,none,2025-01-15T13:40:00Z,1,1
S001241,train,1,0,none,none,2025-01-15T13:50:00Z,1,1
S001242,train,1,0,none,none,2025-01-15T14:00:00Z,,0
S001243,train,1,0,none,none,2025-01-15T14:10:00Z,,0
S001244,train,1,0,none,none,2025-01-15T15:40:00Z,1,1
S001245,train,1,0,none,none,2025-01-15T15:50:00Z,,0
S001246,train,1,0,none,none,2025-01-15T16:00:00Z,,0
S001247,train,1,0,none,none,2025-01-15T16:10:00Z,,0
S001248,train,1,0,none,none,2025-01-15T16:20:00Z,,0
S001249,train,1,0,none,none,2025-01-15T16:30:00Z,,0
S001250,train,1,0,none,none,2025-01-15T16:40:00Z,,0
S001251,train,1,0,none,none,2025-01-15T16:50:00Z,,0
S001252,train,0,1,warpage,assembly,2025-01-15T17:00:00Z,,0
S001253,train,1,0,none,none,2025-01-15T17:10:00Z,,0
S001254,train,1,0,none,none,2025-01-15T17:20:00Z,1,1
S001255,train,1,0,none,none,2025-01-15T17:30:00Z,,0
S001256,train,1,0,none,none,2025-01-15T17:40:00Z,,0
S001257,train,1,0,none,none,2025-01-15T17:50:00Z,1,1
S001258,train,1,0,none,none,2025-01-15T18:00:00Z,,0
S001259,train,1,0,none,none,2025-01-15T18:10:00Z,1,1
S001260,train,1,0,none,none,2025-01-15T18:20:00Z,,0
S001261,train,1,0,none,none,2025-01-15T18:30:00Z,,0
S001262,train,1,0,none,none,2025-01-15T18:40:00Z,,0
S001263,train,1,0,none,none,2025-01-15T18:50:00Z,,0
S001264,train,1,0,none,none,2025-01-15T19:00:00Z,,0
S001265,train,1,0,none,none,2025-01-15T19:10:00Z,,0
S001266,train,1,0,none,none,2025-01-15T19:20:00Z,,0
S001267,train,1,0,none,none,2025-01-15T19:30:00Z,,0
S001268,train,1,0,none,none,2025-01-15T19:40:00Z,,0
S001269,train,1,0,none,none,2025-01-15T19:50:00Z,,0
S001270,train,1,0,none,none,2025-01-15T20:00:00Z,,0
S001271,train,1,0,none,none,2025-01-15T20:10:00Z,,0
S001272,train,1,0,none,none,2025-01-15T20:20:00Z,,0
S001273,train,1,0,none,none,2025-01-15T20:30:00Z,,0
S001274,train,1,0,none,none,2025-01-15T20:40:00Z,,0
S001275,train,1,0,none,none,2025-01-15T20:50:00Z,,0
S001276,train,1,0,none,none,2025-01-15T21:00:00Z,,0
S001277,train,1,0,none,none,2025-01-15T21:10:00Z,1,1
S001278,train,1,0,none,none,2025-01-15T21:20:00Z,,0
S001279,train,1,0,none,none,2025-01-15T21:30:00Z,,0
S001280,train,1,0,none,none,2025-01-15T21:40:00Z,,0
S001281,train,1,0,none,none,2025-01-15T21:50:00Z,,0
S001282,train,0,1,underfill_void,molding,2025-01-15T22:00:00Z,,0
S001283,train,0,1,microbump_open_bridge,reflow,2025-01-15T22:10:00Z,,0
S001284,train,1,0,none,none,2025-01-15T22:20:00Z,,0
S001285,train,0,1,warpage,assembly,2025-01-15T22:30:00Z,,0
S001286,train,1,0,none,none,2025-01-15T22:40:00Z,,0
S001287,train,1,0,none,none,2025-01-15T22:50:00Z,1,1
S001288,train,1,0,none,none,2025-01-15T23:00:00Z,0,1
S001289,train,1,0,none,none,2025-01-15T23:10:00Z,,0
S001290,train,1,0,none,none,2025-01-15T23:20:00Z,,0
S001291,train,1,0,none,none,2025-01-15T23:30:00Z,1,1
S001292,train,1,0,none,none,2025-01-15T23:40:00Z,,0
S001293,train,1,0,none,none,2025-01-15T23:50:00Z,,0
S001294,train,1,0,none,none,2025-01-16T00:00:00Z,1,1
S001295,train,0,1,underfill_void,molding,2025-01-16T00:10:00Z,,0
S001296,train,1,0,none,none,2025-01-16T00:20:00Z,,0
S001297,train,1,0,none,none,2025-01-16T00:30:00Z,,0
S001298,train,0,1,underfill_void,molding,2025-01-16T00:40:00Z,,0
S001299,train,0,1,warpage,assembly,2025-01-16T00:50:00Z,,0
S001300,train,1,0,none,none,2025-01-16T01:00:00Z,,0
S001301,train,1,0,none,none,2025-01-16T01:10:00Z,,0
S001302,train,1,0,none,none,2025-01-16T01:20:00Z,,0
S001303,train,1,0,none,none,2025-01-16T01:30:00Z,,0
S001304,train,1,0,none,none,2025-01-16T01:40:00Z,,0
S001305,train,1,0,none,none,2025-01-16T01:50:00Z,1,1
S001306,train,1,0,none,none,2025-01-16T02:00:00Z,1,1
S001307,train,1,0,none,none,2025-01-16T03:40:00Z,,0
S001308,train,1,0,none,none,2025-01-16T03:50:00Z,,0
S001309,train,1,0,none,none,2025-01-16T04:00:00Z,,0
S001310,train,1,0,none,none,2025-01-16T04:10:00Z,,0
S001311,train,1,0,none,none,2025-01-16T04:20:00Z,,0
S001312,train,1,0,none,none,2025-01-16T04:30:00Z,,0
S001313,train,1,0,none,none,2025-01-16T04:40:00Z,,0
S001314,train,1,0,none,none,2025-01-16T04:50:00Z,,0
S001315,train,1,0,none,none,2025-01-16T05:00:00Z,1,1
S001316,train,1,0,none,none,2025-01-16T05:10:00Z,1,1
S001317,train,1,0,none,none,2025-01-16T05:20:00Z,,0
S001318,train,1,0,none,none,2025-01-16T05:30:00Z,,0
S001319,train,1,0,none,none,2025-01-16T05:40:00Z,,0
S001320,train,1,0,none,none,2025-01-16T05:50:00Z,,0
S001321,train,1,0,none,none,2025-01-16T06:00:00Z,,0
S001322,train,1,0,none,none,2025-01-16T06:10:00Z,,0
S001323,train,1,0,none,none,2025-01-16T06:20:00Z,,0
S001324,train,1,0,none,none,2025-01-16T06:30:00Z,,0
S001325,train,1,0,none,none,2025-01-16T06:40:00Z,,0
S001326,train,1,0,none,none,2025-01-16T06:50:00Z,1,1
S001327,train,1,0,none,none,2025-01-16T07:00:00Z,,0
S001328,train,1,0,none,none,2025-01-16T07:10:00Z,,0
S001329,train,1,0,none,none,2025-01-16T07:20:00Z,1,1
S001330,train,1,0,none,none,2025-01-16T07:30:00Z,,0
S001331,train,1,0,none,none,2025-01-16T07:40:00Z,1,1
S001332,train,1,0,none,none,2025-01-16T07:50:00Z,,0
S001333,train,1,0,none,none,2025-01-16T08:00:00Z,1,1
S001334,train,1,0,none,none,2025-01-16T08:10:00Z,,0
S001335,train,1,0,none,none,2025-01-16T08:20:00Z,,0
S001336,train,1,0,none,none,2025-01-16T08:30:00Z,,0
S001337,train,1,0,none,none,2025-01-16T08:40:00Z,,0
S001338,train,1,0,none,none,2025-01-16T08:50:00Z,,0
S001339,train,1,0,none,none,2025-01-16T09:00:00Z,,0
S001340,train,1,0,none,none,2025-01-16T09:10:00Z,,0
S001341,train,1,0,none,none,2025-01-16T09:20:00Z,,0
S001342,train,1,0,none,none,2025-01-16T09:30:00Z,,0
S001343,train,1,0,none,none,2025-01-16T09:40:00Z,,0
S001344,train,1,0,none,none,2025-01-16T09:50:00Z,1,1
S001345,train,1,0,none,none,2025-01-16T10:00:00Z,,0
S001346,train,1,0,none,none,2025-01-16T10:10:00Z,,0
S001347,train,1,0,none,none,2025-01-16T10:20:00Z,,0
S001348,train,0,1,underfill_void,molding,2025-01-16T10:30:00Z,,0
S001349,train,1,0,none,none,2025-01-16T10:40:00Z,,0
S001350,train,1,0,none,none,2025-01-16T10:50:00Z,,0
S001351,train,1,0,none,none,2025-01-16T11:00:00Z,,0
S001352,train,1,0,none,none,2025-01-16T11:10:00Z,,0
S001353,train,1,0,none,none,2025-01-16T11:20:00Z,,0
S001354,train,1,0,none,none,2025-01-16T11:30:00Z,,0
S001355,train,1,0,none,none,2025-01-16T11:40:00Z,,0
S001356,train,1,0,none,none,2025-01-16T11:50:00Z,,0
S001357,train,1,0,none,none,2025-01-16T12:00:00Z,,0
S001358,train,1,0,none,none,2025-01-16T12:10:00Z,,0
S001359,train,1,0,none,none,2025-01-16T12:20:00Z,,0
S001360,train,1,0,none,none,2025-01-16T12:30:00Z,,0
S001361,train,1,0,none,none,2025-01-16T12:40:00Z,,0
S001362,train,1,0,none,none,2025-01-16T12:50:00Z,,0
S001363,train,1,0,none,none,2025-01-16T13:00:00Z,,0
S001364,train,1,0,none,none,2025-01-16T13:10:00Z,,0
S001365,train,1,0,none,none,2025-01-16T13:20:00Z,,0
S001366,train,1,0,none,none,2025-01-16T13:30:00Z,,0
S001367,train,1,0,none,none,2025-01-16T13:40:00Z,,0
S001368,train,1,0,none,none,2025-01-16T13:50:00Z,,0
S001369,train,1,0,none,none,2025-01-16T14:00:00Z,1,1
S001370,train,1,0,none,none,2025-01-16T14:10:00Z,,0
S001371,train,1,0,none,none,2025-01-16T14:20:00Z,,0
S001372,train,1,0,none,none,2025-01-16T14:30:00Z,,0
S001373,train,1,0,none,none,2025-01-16T14:40:00Z,,0
S001374,train,1,0,none,none,2025-01-16T14:50:00Z,,0
S001375,train,1,0,none,none,2025-01-16T15:00:00Z,,0
S001376,train,1,0,none,none,2025-01-16T15:10:00Z,,0
S001377,train,1,0,none,none,2025-01-16T15:20:00Z,,0
S001378,train,1,0,none,none,2025-01-16T15:30:00Z,1,1
S001379,train,1,0,none,none,2025-01-16T15:40:00Z,,0
S001380,train,1,0,none,none,2025-01-16T15:50:00Z,,0
S001381,train,1,0,none,none,2025-01-16T16:00:00Z,,0
S001382,train,0,1,underfill_void,molding,2025-01-16T16:10:00Z,,0
S001383,train,1,0,none,none,2025-01-16T16:20:00Z,1,1
S001384,train,1,0,none,none,2025-01-16T16:30:00Z,,0
S001385,train,1,0,none,none,2025-01-16T16:40:00Z,,0
S001386,train,1,0,none,none,2025-01-16T16:50:00Z,,0
S001387,train,1,0,none,none,2025-01-16T17:00:00Z,,0
S001388,train,1,0,none,none,2025-01-16T17:10:00Z,,0
S001389,train,1,0,none,none,2025-01-16T17:20:00Z,,0
S001390,train,1,0,none,none,2025-01-16T17:30:00Z,1,1
S001391,train,1,0,none,none,2025-01-16T17:40:00Z,1,1
S001392,train,1,0,none,none,2025-01-16T17:50:00Z,,0
S001393,train,0,1,underfill_void,molding,2025-01-16T18:00:00Z,,0
S001394,train,1,0,none,none,2025-01-16T18:10:00Z,,0
S001395,train,1,0,none,none,2025-01-16T18:20:00Z,,0
S001396,train,1,0,none,none,2025-01-16T18:30:00Z,1,1
S001397,train,1,0,none,none,2025-01-16T18:40:00Z,,0
S001398,train,0,1,warpage,assembly,2025-01-16T18:50:00Z,,0
S001399,train,1,0,none,none,2025-01-16T19:00:00Z,1,1
S001400,train,1,0,none,none,2025-01-16T19:10:00Z,,0
S001401,train,1,0,none,none,2025-01-16T19:20:00Z,,0
S001402,train,1,0,none,none,2025-01-16T19:30:00Z,1,1
S001403,train,1,0,none,none,2025-01-16T19:40:00Z,1,1
S001404,train,1,0,none,none,2025-01-16T15:40:00Z,,0
S001405,train,1,0,none,none,2025-01-16T15:50:00Z,,0
S001406,train,1,0,none,none,2025-01-16T16:00:00Z,,0
S001407,train,1,0,none,none,2025-01-16T16:10:00Z,,0
S001408,train,1,0,none,none,2025-01-16T16:20:00Z,,0
S001409,train,1,0,none,none,2025-01-16T16:30:00Z,,0
S001410,train,1,0,none,none,2025-01-16T16:40:00Z,,0
S001411,train,1,0,none,none,2025-01-16T16:50:00Z,,0
S001412,train,1,0,none,none,2025-01-16T17:00:00Z,,0
S001413,train,1,0,none,none,2025-01-16T17:10:00Z,,0
S001414,train,1,0,none,none,2025-01-16T17:20:00Z,,0
S001415,train,1,0,none,none,2025-01-16T17:30:00Z,1,1
S001416,train,1,0,none,none,2025-01-16T17:40:00Z,,0
S001417,train,1,0,none,none,2025-01-16T17:50:00Z,,0
S001418,train,1,0,none,none,2025-01-16T18:00:00Z,,0
S001419,train,1,0,none,none,2025-01-16T18:10:00Z,,0
S001420,train,1,0,none,none,2025-01-16T18:20:00Z,,0
S001421,train,1,0,none,none,2025-01-16T18:30:00Z,1,1
S001422,train,0,1,warpage,assembly,2025-01-16T18:40:00Z,,0
S001423,train,1,0,none,none,2025-01-16T18:50:00Z,,0
S001424,train,1,0,none,none,2025-01-16T19:00:00Z,,0
S001425,train,1,0,none,none,2025-01-16T19:10:00Z,1,1
S001426,train,1,0,none,none,2025-01-16T19:20:00Z,0,1
S001427,train,1,0,none,none,2025-01-16T19:30:00Z,,0
S001428,train,1,0,none,none,2025-01-16T19:40:00Z,,0
S001429,train,1,0,none,none,2025-01-16T19:50:00Z,,0
S001430,train,1,0,none,none,2025-01-16T20:00:00Z,,0
S001431,train,1,0,none,none,2025-01-16T20:10:00Z,0,1
S001432,train,1,0,none,none,2025-01-16T20:20:00Z,,0
S001433,train,1,0,none,none,2025-01-16T20:30:00Z,,0
S001434,train,1,0,none,none,2025-01-16T20:40:00Z,1,1
S001435,train,1,0,none,none,2025-01-16T20:50:00Z,,0
S001436,train,1,0,none,none,2025-01-16T21:00:00Z,,0
S001437,train,1,0,none,none,2025-01-16T21:10:00Z,,0
S001438,train,1,0,none,none,2025-01-16T21:20:00Z,,0
S001439,train,1,0,none,none,2025-01-16T21:30:00Z,,0
S001440,train,0,1,delamination,molding,2025-01-16T21:40:00Z,,0
S001441,train,1,0,none,none,2025-01-16T21:50:00Z,0,1
S001442,train,0,1,warpage,assembly,2025-01-16T22:00:00Z,,0
S001443,train,1,0,none,none,2025-01-16T22:10:00Z,1,1
S001444,train,1,0,none,none,2025-01-16T22:20:00Z,,0
S001445,train,1,0,none,none,2025-01-16T22:30:00Z,,0
S001446,train,1,0,none,none,2025-01-16T22:40:00Z,,0
S001447,train,1,0,none,none,2025-01-16T22:50:00Z,,0
S001448,train,1,0,none,none,2025-01-16T23:00:00Z,1,1
S001449,train,1,0,none,none,2025-01-16T23:10:00Z,,0
S001450,train,1,0,none,none,2025-01-16T23:20:00Z,,0
S001451,train,1,0,none,none,2025-01-16T23:30:00Z,1,1
S001452,train,0,1,underfill_void,molding,2025-01-16T23:40:00Z,,0
S001453,train,1,0,none,none,2025-01-16T23:50:00Z,,0
S001454,train,1,0,none,none,2025-01-17T00:00:00Z,1,1
S001455,train,1,0,none,none,2025-01-17T00:10:00Z,1,1
S001456,train,1,0,none,none,2025-01-17T00:20:00Z,,0
S001457,train,1,0,none,none,2025-01-17T00:30:00Z,,0
S001458,train,1,0,none,none,2025-01-17T00:40:00Z,,0
S001459,train,1,0,none,none,2025-01-17T00:50:00Z,,0
S001460,train,1,0,none,none,2025-01-17T01:00:00Z,,0
S001461,train,1,0,none,none,2025-01-17T01:10:00Z,,0
S001462,train,1,0,none,none,2025-01-17T01:20:00Z,,0
S001463,train,0,1,warpage,assembly,2025-01-17T01:30:00Z,,0
S001464,train,0,1,underfill_void,molding,2025-01-17T01:40:00Z,,0
S001465,train,1,0,none,none,2025-01-17T01:50:00Z,,0
S001466,train,1,0,none,none,2025-01-17T02:00:00Z,,0
S001467,train,1,0,none,none,2025-01-17T03:40:00Z,,0
S001468,train,0,1,warpage,assembly,2025-01-17T03:50:00Z,,0
S001469,train,1,0,none,none,2025-01-17T04:00:00Z,,0
S001470,train,1,0,none,none,2025-01-17T04:10:00Z,,0
S001471,train,1,0,none,none,2025-01-17T04:20:00Z,,0
S001472,train,1,0,none,none,2025-01-17T04:30:00Z,,0
S001473,train,1,0,none,none,2025-01-17T04:40:00Z,1,1
S001474,train,1,0,none,none,2025-01-17T04:50:00Z,,0
S001475,train,0,1,dram_electrical,dram_or_base,2025-01-17T05:00:00Z,,0
S001476,train,1,0,none,none,2025-01-17T05:10:00Z,1,1
S001477,train,1,0,none,none,2025-01-17T05:20:00Z,,0
S001478,train,1,0,none,none,2025-01-17T05:30:00Z,,0
S001479,train,1,0,none,none,2025-01-17T05:40:00Z,,0
S001480,train,1,0,none,none,2025-01-17T05:50:00Z,1,1
S001481,train,1,0,none,none,2025-01-17T06:00:00Z,,0
S001482,train,1,0,none,none,2025-01-17T06:10:00Z,,0
S001483,train,1,0,none,none,2025-01-17T06:20:00Z,,0
S001484,train,1,0,none,none,2025-01-17T06:30:00Z,1,1
S001485,train,1,0,none,none,2025-01-17T06:40:00Z,1,1
S001486,train,1,0,none,none,2025-01-17T06:50:00Z,,0
S001487,train,1,0,none,none,2025-01-17T07:00:00Z,,0
S001488,train,1,0,none,none,2025-01-17T07:10:00Z,1,1
S001489,train,1,0,none,none,2025-01-17T07:20:00Z,,0
S001490,train,0,1,microbump_open_bridge,reflow,2025-01-17T07:30:00Z,,0
S001491,train,1,0,none,none,2025-01-17T07:40:00Z,,0
S001492,train,1,0,none,none,2025-01-17T07:50:00Z,,0
S001493,train,1,0,none,none,2025-01-17T08:00:00Z,,0
S001494,train,1,0,none,none,2025-01-17T08:10:00Z,,0
S001495,train,1,0,none,none,2025-01-17T08:20:00Z,,0
S001496,train,1,0,none,none,2025-01-17T08:30:00Z,,0
S001497,train,1,0,none,none,2025-01-17T08:40:00Z,,0
S001498,train,1,0,none,none,2025-01-17T08:50:00Z,,0
S001499,train,1,0,none,none,2025-01-17T09:00:00Z,,0
S001500,train,1,0,none,none,2025-01-17T09:10:00Z,,0
S001501,train,1,0,none,none,2025-01-17T09:20:00Z,,0
S001502,train,1,0,none,none,2025-01-17T09:30:00Z,,0
S001503,train,1,0,none,none,2025-01-17T09:40:00Z,,0
S001504,train,1,0,none,none,2025-01-17T09:50:00Z,1,1
S001505,train,1,0,none,none,2025-01-17T10:00:00Z,1,1
S001506,train,1,0,none,none,2025-01-17T10:10:00Z,,0
S001507,train,1,0,none,none,2025-01-17T10:20:00Z,,0
S001508,train,1,0,none,none,2025-01-17T10:30:00Z,,0
S001509,train,1,0,none,none,2025-01-17T10:40:00Z,,0
S001510,train,1,0,none,none,2025-01-17T10:50:00Z,,0
S001511,train,1,0,none,none,2025-01-17T11:00:00Z,,0
S001512,train,1,0,none,none,2025-01-17T11:10:00Z,,0
S001513,train,0,1,microbump_open_bridge,reflow,2025-01-17T11:20:00Z,,0
S001514,train,1,0,none,none,2025-01-17T11:30:00Z,,0
S001515,train,1,0,none,none,2025-01-17T11:40:00Z,,0
S001516,train,1,0,none,none,2025-01-17T11:50:00Z,,0
S001517,train,1,0,none,none,2025-01-17T12:00:00Z,,0
S001518,train,1,0,none,none,2025-01-17T12:10:00Z,,0
S001519,train,1,0,none,none,2025-01-17T12:20:00Z,,0
S001520,train,1,0,none,none,2025-01-17T12:30:00Z,,0
S001521,train,1,0,none,none,2025-01-17T12:40:00Z,,0
S001522,train,0,1,underfill_void,molding,2025-01-17T12:50:00Z,,0
S001523,train,1,0,none,none,2025-01-17T13:00:00Z,,0
S001524,train,1,0,none,none,2025-01-17T13:10:00Z,1,1
S001525,train,1,0,none,none,2025-01-17T13:20:00Z,,0
S001526,train,1,0,none,none,2025-01-17T13:30:00Z,1,1
S001527,train,1,0,none,none,2025-01-17T13:40:00Z,,0
S001528,train,1,0,none,none,2025-01-17T13:50:00Z,,0
S001529,train,1,0,none,none,2025-01-17T15:40:00Z,,0
S001530,train,1,0,none,none,2025-01-17T15:50:00Z,,0
S001531,train,1,0,none,none,2025-01-17T16:00:00Z,,0
S001532,train,1,0,none,none,2025-01-17T16:10:00Z,,0
S001533,train,1,0,none,none,2025-01-17T16:20:00Z,,0
S001534,train,1,0,none,none,2025-01-17T16:30:00Z,1,1
S001535,train,1,0,none,none,2025-01-17T16:40:00Z,,0
S001536,train,1,0,none,none,2025-01-17T16:50:00Z,,0
S001537,train,1,0,none,none,2025-01-17T17:00:00Z,,0
S001538,train,1,0,none,none,2025-01-17T17:10:00Z,,0
S001539,train,1,0,none,none,2025-01-17T17:20:00Z,,0
S001540,train,1,0,none,none,2025-01-17T17:30:00Z,,0
S001541,train,0,1,warpage,assembly,2025-01-17T17:40:00Z,,0
S001542,train,1,0,none,none,2025-01-17T17:50:00Z,,0
S001543,train,1,0,none,none,2025-01-17T18:00:00Z,,0
S001544,train,1,0,none,none,2025-01-17T18:10:00Z,,0
S001545,train,1,0,none,none,2025-01-17T18:20:00Z,,0
S001546,train,1,0,none,none,2025-01-17T18:30:00Z,,0
S001547,train,1,0,none,none,2025-01-17T18:40:00Z,1,1
S001548,train,1,0,none,none,2025-01-17T18:50:00Z,1,1
S001549,train,1,0,none,none,2025-01-17T19:00:00Z,,0
S001550,train,1,0,none,none,2025-01-17T19:10:00Z,1,1
S001551,train,1,0,none,none,2025-01-17T19:20:00Z,,0
S001552,train,1,0,none,none,2025-01-17T19:30:00Z,,0
S001553,train,1,0,none,none,2025-01-17T19:40:00Z,,0
S001554,train,1,0,none,none,2025-01-17T19:50:00Z,,0
S001555,train,1,0,none,none,2025-01-17T20:00:00Z,,0
S001556,train,1,0,none,none,2025-01-17T20:10:00Z,,0
S001557,train,1,0,none,none,2025-01-17T20:20:00Z,1,1
S001558,train,1,0,none,none,2025-01-17T20:30:00Z,,0
S001559,train,1,0,none,none,2025-01-17T20:40:00Z,1,1
S001560,train,1,0,none,none,2025-01-17T20:50:00Z,,0
S001561,train,1,0,none,none,2025-01-17T21:00:00Z,,0
S001562,train,1,0,none,none,2025-01-17T21:10:00Z,,0
S001563,train,1,0,none,none,2025-01-17T21:20:00Z,,0
S001564,train,1,0,none,none,2025-01-17T21:30:00Z,,0
S001565,train,0,1,underfill_void,molding,2025-01-17T21:40:00Z,,0
S001566,train,1,0,none,none,2025-01-17T21:50:00Z,,0
S001567,train,1,0,none,none,2025-01-17T22:00:00Z,1,1
S001568,train,1,0,none,none,2025-01-17T22:10:00Z,,0
S001569,train,1,0,none,none,2025-01-17T22:20:00Z,,0
S001570,train,1,0,none,none,2025-01-17T22:30:00Z,,0
S001571,train,1,0,none,none,2025-01-17T22:40:00Z,,0
S001572,train,1,0,none,none,2025-01-17T22:50:00Z,,0
S001573,train,1,0,none,none,2025-01-17T23:00:00Z,,0
S001574,train,1,0,none,none,2025-01-17T23:10:00Z,,0
S001575,train,1,0,none,none,2025-01-17T23:20:00Z,,0
S001576,train,1,0,none,none,2025-01-17T23:30:00Z,,0
S001577,train,1,0,none,none,2025-01-17T23:40:00Z,,0
S001578,train,1,0,none,none,2025-01-17T23:50:00Z,,0
S001579,train,1,0,none,none,2025-01-18T00:00:00Z,,0
S001580,train,1,0,none,none,2025-01-18T00:10:00Z,,0
S001581,train,1,0,none,none,2025-01-18T00:20:00Z,,0
S001582,train,1,0,none,none,2025-01-18T00:30:00Z,,0
S001583,train,1,0,none,none,2025-01-18T00:40:00Z,,0
S001584,train,1,0,none,none,2025-01-18T00:50:00Z,1,1
S001585,train,1,0,none,none,2025-01-18T01:00:00Z,,0
S001586,train,1,0,none,none,2025-01-18T01:10:00Z,1,1
S001587,train,0,1,warpage,assembly,2025-01-18T01:20:00Z,,0
S001588,train,1,0,none,none,2025-01-18T01:30:00Z,1,1
S001589,train,1,0,none,none,2025-01-18T01:40:00Z,,0
S001590,train,1,0,none,none,2025-01-18T01:50:00Z,,0
S001591,train,1,0,none,none,2025-01-18T02:00:00Z,,0
S001592,train,1,0,none,none,2025-01-18T02:10:00Z,,0
S001593,train,1,0,none,none,2025-01-18T02:20:00Z,,0
S001594,train,1,0,none,none,2025-01-18T02:30:00Z,1,1
S001595,train,1,0,none,none,2025-01-18T02:40:00Z,,0
S001596,train,1,0,none,none,2025-01-18T02:50:00Z,,0
S001597,train,1,0,none,none,2025-01-18T03:00:00Z,1,1
S001598,train,1,0,none,none,2025-01-18T03:10:00Z,1,1
S001599,train,1,0,none,none,2025-01-18T03:20:00Z,,0
S001600,train,1,0,none,none,2025-01-18T03:30:00Z,,0
S001601,train,1,0,none,none,2025-01-18T03:40:00Z,,0
S001602,train,1,0,none,none,2025-01-18T03:50:00Z,,0
S001603,train,1,0,none,none,2025-01-18T04:00:00Z,,0
S001604,train,1,0,none,none,2025-01-18T04:10:00Z,,0
S001605,train,1,0,none,none,2025-01-18T04:20:00Z,,0
S001606,train,1,0,none,none,2025-01-18T04:30:00Z,,0
S001607,train,1,0,none,none,2025-01-18T04:40:00Z,,0
S001608,train,1,0,none,none,2025-01-18T04:50:00Z,,0
S001609,train,1,0,none,none,2025-01-18T05:00:00Z,,0
S001610,train,1,0,none,none,2025-01-18T05:10:00Z,1,1
S001611,train,1,0,none,none,2025-01-18T05:20:00Z,,0
S001612,train,1,0,none,none,2025-01-18T05:30:00Z,,0
S001613,train,1,0,none,none,2025-01-18T05:40:00Z,,0
S001614,train,1,0,none,none,2025-01-18T05:50:00Z,,0
S001615,train,1,0,none,none,2025-01-18T06:00:00Z,,0
S001616,train,1,0,none,none,2025-01-18T06:10:00Z,,0
S001617,train,1,0,none,none,2025-01-18T06:20:00Z,,0
S001618,train,1,0,none,none,2025-01-18T06:30:00Z,,0
S001619,train,1,0,none,none,2025-01-18T06:40:00Z,,0
S001620,train,1,0,none,none,2025-01-18T06:50:00Z,1,1
S001621,train,1,0,none,none,2025-01-18T07:00:00Z,1,1
S001622,train,1,0,none,none,2025-01-18T03:40:00Z,,0
S001623,train,1,0,none,none,2025-01-18T03:50:00Z,,0
S001624,train,1,0,none,none,2025-01-18T04:00:00Z,,0
S001625,train,1,0,none,none,2025-01-18T04:10:00Z,,0
S001626,train,1,0,none,none,2025-01-18T04:20:00Z,,0
S001627,train,1,0,none,none,2025-01-18T04:30:00Z,,0
S001628,train,1,0,none,none,2025-01-18T04:40:00Z,,0
S001629,train,1,0,none,none,2025-01-18T04:50:00Z,,0
S001630,train,1,0,none,none,2025-01-18T05:00:00Z,,0
S001631,train,1,0,none,none,2025-01-18T05:10:00Z,,0
S001632,train,1,0,none,none,2025-01-18T05:20:00Z,,0
S001633,train,1,0,none,none,2025-01-18T05:30:00Z,,0
S001634,train,1,0,none,none,2025-01-18T05:40:00Z,,0
S001635,train,1,0,none,none,2025-01-18T05:50:00Z,,0
S001636,train,1,0,none,none,2025-01-18T06:00:00Z,,0
S001637,train,1,0,none,none,2025-01-18T06:10:00Z,,0
S001638,train,1,0,none,none,2025-01-18T06:20:00Z,,0
S001639,train,1,0,none,none,2025-01-18T06:30:00Z,1,1
S001640,train,1,0,none,none,2025-01-18T06:40:00Z,,0
S001641,train,1,0,none,none,2025-01-18T06:50:00Z,,0
S001642,train,1,0,none,none,2025-01-18T07:00:00Z,,0
S001643,train,1,0,none,none,2025-01-18T07:10:00Z,1,1
S001644,train,1,0,none,none,2025-01-18T07:20:00Z,1,1
S001645,train,1,0,none,none,2025-01-18T07:30:00Z,,0
S001646,train,1,0,none,none,2025-01-18T07:40:00Z,,0
S001647,train,1,0,none,none,2025-01-18T07:50:00Z,,0
S001648,train,1,0,none,none,2025-01-18T08:00:00Z,,0
S001649,train,1,0,none,none,2025-01-18T08:10:00Z,1,1
S001650,train,1,0,none,none,2025-01-18T08:20:00Z,,0
S001651,train,1,0,none,none,2025-01-18T08:30:00Z,,0
S001652,train,1,0,none,none,2025-01-18T08:40:00Z,,0
S001653,train,1,0,none,none,2025-01-18T08:50:00Z,0,1
S001654,train,1,0,none,none,2025-01-18T09:00:00Z,,0
S001655,train,1,0,none,none,2025-01-18T09:10:00Z,,0
S001656,train,1,0,none,none,2025-01-18T09:20:00Z,,0
S001657,train,1,0,none,none,2025-01-18T09:30:00Z,1,1
S001658,train,1,0,none,none,2025-01-18T09:40:00Z,,0
S001659,train,1,0,none,none,2025-01-18T09:50:00Z,,0
S001660,train,1,0,none,none,2025-01-18T10:00:00Z,,0
S001661,train,1,0,none,none,2025-01-18T10:10:00Z,,0
S001662,train,1,0,none,none,2025-01-18T10:20:00Z,,0
S001663,train,1,0,none,none,2025-01-18T10:30:00Z,,0
S001664,train,0,1,warpage,assembly,2025-01-18T10:40:00Z,,0
S001665,train,1,0,none,none,2025-01-18T10:50:00Z,,0
S001666,train,0,1,underfill_void,molding,2025-01-18T11:00:00Z,,0
S001667,train,1,0,none,none,2025-01-18T11:10:00Z,,0
S001668,train,1,0,none,none,2025-01-18T11:20:00Z,,0
S001669,train,1,0,none,none,2025-01-18T11:30:00Z,,0
S001670,train,1,0,none,none,2025-01-18T11:40:00Z,,0
S001671,train,1,0,none,none,2025-01-18T11:50:00Z,,0
S001672,train,1,0,none,none,2025-01-18T12:00:00Z,,0
S001673,train,1,0,none,none,2025-01-18T12:10:00Z,,0
S001674,train,1,0,none,none,2025-01-18T12:20:00Z,,0
S001675,train,1,0,none,none,2025-01-18T12:30:00Z,,0
S001676,train,1,0,none,none,2025-01-18T12:40:00Z,,0
S001677,train,1,0,none,none,2025-01-18T12:50:00Z,,0
S001678,train,1,0,none,none,2025-01-18T13:00:00Z,,0
S001679,train,1,0,none,none,2025-01-18T13:10:00Z,,0
S001680,train,1,0,none,none,2025-01-18T13:20:00Z,,0
S001681,train,1,0,none,none,2025-01-18T13:30:00Z,,0
S001682,train,1,0,none,none,2025-01-18T13:40:00Z,,0
S001683,train,1,0,none,none,2025-01-18T13:50:00Z,1,1
S001684,train,1,0,none,none,2025-01-18T14:00:00Z,,0
S001685,train,1,0,none,none,2025-01-18T15:40:00Z,1,1
S001686,train,1,0,none,none,2025-01-18T15:50:00Z,,0
S001687,train,1,0,none,none,2025-01-18T16:00:00Z,,0
S001688,train,1,0,none,none,2025-01-18T16:10:00Z,,0
S001689,train,1,0,none,none,2025-01-18T16:20:00Z,1,1
S001690,train,1,0,none,none,2025-01-18T16:30:00Z,1,1
S001691,train,1,0,none,none,2025-01-18T16:40:00Z,,0
S001692,train,0,1,underfill_void,molding,2025-01-18T16:50:00Z,,0
S001693,train,0,1,multiple,multiple,2025-01-18T17:00:00Z,,0
S001694,train,1,0,none,none,2025-01-18T17:10:00Z,,0
S001695,train,1,0,none,none,2025-01-18T17:20:00Z,,0
S001696,train,1,0,none,none,2025-01-18T17:30:00Z,,0
S001697,train,1,0,none,none,2025-01-18T17:40:00Z,,0
S001698,train,1,0,none,none,2025-01-18T17:50:00Z,,0
S001699,train,1,0,none,none,2025-01-18T18:00:00Z,,0
S001700,train,0,1,underfill_void,molding,2025-01-18T18:10:00Z,,0
S001701,train,1,0,none,none,2025-01-18T18:20:00Z,,0
S001702,train,1,0,none,none,2025-01-18T18:30:00Z,1,1
S001703,train,1,0,none,none,2025-01-18T18:40:00Z,,0
S001704,train,1,0,none,none,2025-01-18T18:50:00Z,,0
S001705,train,1,0,none,none,2025-01-18T19:00:00Z,,0
S001706,train,1,0,none,none,2025-01-18T19:10:00Z,,0
S001707,train,1,0,none,none,2025-01-18T19:20:00Z,,0
S001708,train,1,0,none,none,2025-01-18T19:30:00Z,1,1
S001709,train,1,0,none,none,2025-01-18T19:40:00Z,,0
S001710,train,1,0,none,none,2025-01-18T19:50:00Z,,0
S001711,train,1,0,none,none,2025-01-18T20:00:00Z,,0
S001712,train,1,0,none,none,2025-01-18T20:10:00Z,1,1
S001713,train,1,0,none,none,2025-01-18T20:20:00Z,,0
S001714,train,1,0,none,none,2025-01-18T20:30:00Z,1,1
S001715,train,1,0,none,none,2025-01-18T20:40:00Z,,0
S001716,train,1,0,none,none,2025-01-18T20:50:00Z,,0
S001717,train,1,0,none,none,2025-01-18T21:00:00Z,,0
S001718,train,1,0,none,none,2025-01-18T21:10:00Z,,0
S001719,train,1,0,none,none,2025-01-18T21:20:00Z,,0
S001720,train,1,0,none,none,2025-01-18T21:30:00Z,,0
S001721,train,1,0,none,none,2025-01-18T21:40:00Z,,0
S001722,train,1,0,none,none,2025-01-18T21:50:00Z,1,1
S001723,train,1,0,none,none,2025-01-18T22:00:00Z,,0
S001724,train,1,0,none,none,2025-01-18T22:10:00Z,,0
S001725,train,1,0,none,none,2025-01-18T22:20:00Z,1,1
S001726,train,1,0,none,none,2025-01-18T22:30:00Z,1,1
S001727,train,1,0,none,none,2025-01-18T22:40:00Z,,0
S001728,train,1,0,none,none,2025-01-18T22:50:00Z,,0
S001729,train,1,0,none,none,2025-01-18T23:00:00Z,1,1
S001730,train,1,0,none,none,2025-01-18T23:10:00Z,,0
S001731,train,1,0,none,none,2025-01-18T23:20:00Z,,0
S001732,train,1,0,none,none,2025-01-18T23:30:00Z,,0
S001733,train,1,0,none,none,2025-01-18T23:40:00Z,,0
S001734,train,0,1,delamination,molding,2025-01-18T23:50:00Z,,0
S001735,train,1,0,none,none,2025-01-19T00:00:00Z,1,1
S001736,train,1,0,none,none,2025-01-19T00:10:00Z,,0
S001737,train,1,0,none,none,2025-01-19T00:20:00Z,,0
S001738,train,1,0,none,none,2025-01-19T00:30:00Z,,0
S001739,train,1,0,none,none,2025-01-19T00:40:00Z,,0
S001740,train,1,0,none,none,2025-01-19T00:50:00Z,,0
S001741,train,0,1,underfill_void,molding,2025-01-19T01:00:00Z,,0
S001742,train,1,0,none,none,2025-01-19T01:10:00Z,1,1
S001743,train,0,1,microbump_open_bridge,reflow,2025-01-19T01:20:00Z,,0
S001744,train,1,0,none,none,2025-01-19T01:30:00Z,0,1
S001745,train,1,0,none,none,2025-01-19T01:40:00Z,,0
S001746,train,1,0,none,none,2025-01-19T01:50:00Z,,0
S001747,train,1,0,none,none,2025-01-19T02:00:00Z,1,1
S001748,train,1,0,none,none,2025-01-19T03:40:00Z,,0
S001749,train,1,0,none,none,2025-01-19T03:50:00Z,1,1
S001750,train,1,0,none,none,2025-01-19T04:00:00Z,1,1
S001751,train,1,0,none,none,2025-01-19T04:10:00Z,,0
S001752,train,1,0,none,none,2025-01-19T04:20:00Z,,0
S001753,train,1,0,none,none,2025-01-19T04:30:00Z,1,1
S001754,train,0,1,warpage,assembly,2025-01-19T04:40:00Z,,0
S001755,train,0,1,delamination,molding,2025-01-19T04:50:00Z,,0
S001756,train,1,0,none,none,2025-01-19T05:00:00Z,1,1
S001757,train,0,1,warpage,assembly,2025-01-19T05:10:00Z,,0
S001758,train,1,0,none,none,2025-01-19T05:20:00Z,,0
S001759,train,1,0,none,none,2025-01-19T05:30:00Z,1,1
S001760,train,1,0,none,none,2025-01-19T05:40:00Z,,0
S001761,train,1,0,none,none,2025-01-19T05:50:00Z,1,1
S001762,train,1,0,none,none,2025-01-19T06:00:00Z,1,1
S001763,train,1,0,none,none,2025-01-19T06:10:00Z,1,1
S001764,train,1,0,none,none,2025-01-19T06:20:00Z,,0
S001765,train,1,0,none,none,2025-01-19T06:30:00Z,,0
S001766,train,0,1,warpage,assembly,2025-01-19T06:40:00Z,,0
S001767,train,1,0,none,none,2025-01-19T06:50:00Z,,0
S001768,train,1,0,none,none,2025-01-19T07:00:00Z,1,1
S001769,train,1,0,none,none,2025-01-19T07:10:00Z,,0
S001770,train,1,0,none,none,2025-01-19T07:20:00Z,,0
S001771,train,1,0,none,none,2025-01-19T07:30:00Z,,0
S001772,train,1,0,none,none,2025-01-19T07:40:00Z,1,1
S001773,train,1,0,none,none,2025-01-19T07:50:00Z,,0
S001774,train,1,0,none,none,2025-01-19T08:00:00Z,,0
S001775,train,1,0,none,none,2025-01-19T08:10:00Z,,0
S001776,train,0,1,warpage,assembly,2025-01-19T08:20:00Z,,0
S001777,train,1,0,none,none,2025-01-19T08:30:00Z,,0
S001778,train,1,0,none,none,2025-01-19T08:40:00Z,,0
S001779,train,1,0,none,none,2025-01-19T08:50:00Z,,0
S001780,train,1,0,none,none,2025-01-19T09:00:00Z,,0
S001781,train,1,0,none,none,2025-01-19T09:10:00Z,,0
S001782,train,1,0,none,none,2025-01-19T09:20:00Z,1,1
S001783,train,1,0,none,none,2025-01-19T09:30:00Z,,0
S001784,train,1,0,none,none,2025-01-19T09:40:00Z,,0
S001785,train,1,0,none,none,2025-01-19T09:50:00Z,,0
S001786,train,1,0,none,none,2025-01-19T10:00:00Z,,0
S001787,train,1,0,none,none,2025-01-19T10:10:00Z,,0
S001788,train,1,0,none,none,2025-01-19T10:20:00Z,,0
S001789,train,1,0,none,none,2025-01-19T10:30:00Z,,0
S001790,train,1,0,none,none,2025-01-19T10:40:00Z,,0
S001791,train,1,0,none,none,2025-01-19T10:50:00Z,1,1
S001792,train,1,0,none,none,2025-01-19T11:00:00Z,1,1
S001793,train,1,0,none,none,2025-01-19T11:10:00Z,,0
S001794,train,1,0,none,none,2025-01-19T11:20:00Z,1,1
S001795,train,1,0,none,none,2025-01-19T11:30:00Z,,0
S001796,train,1,0,none,none,2025-01-19T11:40:00Z,0,1
S001797,train,1,0,none,none,2025-01-19T11:50:00Z,,0
S001798,train,1,0,none,none,2025-01-19T12:00:00Z,,0
S001799,train,1,0,none,none,2025-01-19T12:10:00Z,,0
S001800,train,1,0,none,none,2025-01-19T12:20:00Z,,0
S001801,train,1,0,none,none,2025-01-19T12:30:00Z,,0
S001802,train,1,0,none,none,2025-01-19T12:40:00Z,,0
S001803,train,0,1,warpage,assembly,2025-01-19T12:50:00Z,,0
S001804,train,0,1,tsv_open_short,tsv_or_interconnect,2025-01-19T13:00:00Z,,0
S001805,train,1,0,none,none,2025-01-19T13:10:00Z,,0
S001806,train,1,0,none,none,2025-01-19T13:20:00Z,,0
S001807,train,1,0,none,none,2025-01-19T13:30:00Z,,0
S001808,train,1,0,none,none,2025-01-19T13:40:00Z,1,1
S001809,train,1,0,none,none,2025-01-19T13:50:00Z,,0
S001810,train,1,0,none,none,2025-01-19T15:40:00Z,,0
S001811,train,1,0,none,none,2025-01-19T15:50:00Z,,0
S001812,train,1,0,none,none,2025-01-19T16:00:00Z,1,1
S001813,train,1,0,none,none,2025-01-19T16:10:00Z,,0
S001814,train,1,0,none,none,2025-01-19T16:20:00Z,1,1
S001815,train,1,0,none,none,2025-01-19T16:30:00Z,,0
S001816,train,1,0,none,none,2025-01-19T16:40:00Z,,0
S001817,train,1,0,none,none,2025-01-19T16:50:00Z,1,1
S001818,train,1,0,none,none,2025-01-19T17:00:00Z,,0
S001819,train,1,0,none,none,2025-01-19T17:10:00Z,,0
S001820,train,1,0,none,none,2025-01-19T17:20:00Z,,0
S001821,train,1,0,none,none,2025-01-19T17:30:00Z,,0
S001822,train,1,0,none,none,2025-01-19T17:40:00Z,,0
S001823,train,1,0,none,none,2025-01-19T17:50:00Z,,0
S001824,train,1,0,none,none,2025-01-19T18:00:00Z,,0
S001825,train,1,0,none,none,2025-01-19T18:10:00Z,,0
S001826,train,1,0,none,none,2025-01-19T18:20:00Z,,0
S001827,train,1,0,none,none,2025-01-19T18:30:00Z,,0
S001828,train,1,0,none,none,2025-01-19T18:40:00Z,1,1
S001829,train,1,0,none,none,2025-01-19T18:50:00Z,,0
S001830,train,1,0,none,none,2025-01-19T19:00:00Z,,0
S001831,train,1,0,none,none,2025-01-19T19:10:00Z,,0
S001832,train,1,0,none,none,2025-01-19T19:20:00Z,,0
S001833,train,1,0,none,none,2025-01-19T19:30:00Z,,0
S001834,train,1,0,none,none,2025-01-19T19:40:00Z,,0
S001835,train,1,0,none,none,2025-01-19T19:50:00Z,,0
S001836,train,1,0,none,none,2025-01-19T20:00:00Z,,0
S001837,train,1,0,none,none,2025-01-19T20:10:00Z,,0
S001838,train,1,0,none,none,2025-01-19T20:20:00Z,1,1
S001839,train,1,0,none,none,2025-01-19T20:30:00Z,1,1
S001840,train,1,0,none,none,2025-01-19T20:40:00Z,,0
S001841,train,1,0,none,none,2025-01-19T20:50:00Z,,0
S001842,train,1,0,none,none,2025-01-19T21:00:00Z,,0
S001843,train,1,0,none,none,2025-01-19T21:10:00Z,,0
S001844,train,1,0,none,none,2025-01-19T21:20:00Z,,0
S001845,train,1,0,none,none,2025-01-19T21:30:00Z,1,1
S001846,train,1,0,none,none,2025-01-19T21:40:00Z,,0
S001847,train,1,0,none,none,2025-01-19T21:50:00Z,,0
S001848,train,1,0,none,none,2025-01-19T22:00:00Z,,0
S001849,train,1,0,none,none,2025-01-19T22:10:00Z,,0
S001850,train,1,0,none,none,2025-01-19T22:20:00Z,,0
S001851,train,1,0,none,none,2025-01-19T22:30:00Z,,0
S001852,train,1,0,none,none,2025-01-19T22:40:00Z,,0
S001853,train,1,0,none,none,2025-01-19T22:50:00Z,,0
S001854,train,0,1,microbump_open_bridge,reflow,2025-01-19T23:00:00Z,,0
S001855,train,1,0,none,none,2025-01-19T23:10:00Z,,0
S001856,train,1,0,none,none,2025-01-19T23:20:00Z,1,1
S001857,train,1,0,none,none,2025-01-19T23:30:00Z,1,1
S001858,train,1,0,none,none,2025-01-19T23:40:00Z,,0
S001859,train,1,0,none,none,2025-01-19T23:50:00Z,,0
S001860,train,1,0,none,none,2025-01-20T00:00:00Z,,0
S001861,train,1,0,none,none,2025-01-20T00:10:00Z,,0
S001862,train,1,0,none,none,2025-01-20T00:20:00Z,,0
S001863,train,1,0,none,none,2025-01-20T00:30:00Z,,0
S001864,train,1,0,none,none,2025-01-20T00:40:00Z,1,1
S001865,train,1,0,none,none,2025-01-20T00:50:00Z,1,1
S001866,train,1,0,none,none,2025-01-20T01:00:00Z,,0
S001867,train,1,0,none,none,2025-01-20T01:10:00Z,1,1
S001868,train,1,0,none,none,2025-01-20T01:20:00Z,,0
S001869,train,1,0,none,none,2025-01-20T01:30:00Z,,0
S001870,train,1,0,none,none,2025-01-20T01:40:00Z,1,1
S001871,train,0,1,underfill_void,molding,2025-01-20T03:40:00Z,,0
S001872,train,1,0,none,none,2025-01-20T03:50:00Z,,0
S001873,train,1,0,none,none,2025-01-20T04:00:00Z,,0
S001874,train,1,0,none,none,2025-01-20T04:10:00Z,,0
S001875,train,1,0,none,none,2025-01-20T04:20:00Z,,0
S001876,train,1,0,none,none,2025-01-20T04:30:00Z,,0
S001877,train,1,0,none,none,2025-01-20T04:40:00Z,,0
S001878,train,1,0,none,none,2025-01-20T04:50:00Z,,0
S001879,train,1,0,none,none,2025-01-20T05:00:00Z,,0
S001880,train,1,0,none,none,2025-01-20T05:10:00Z,,0
S001881,train,1,0,none,none,2025-01-20T05:20:00Z,,0
S001882,train,1,0,none,none,2025-01-20T05:30:00Z,1,1
S001883,train,1,0,none,none,2025-01-20T05:40:00Z,,0
S001884,train,1,0,none,none,2025-01-20T05:50:00Z,,0
S001885,train,1,0,none,none,2025-01-20T06:00:00Z,,0
S001886,train,1,0,none,none,2025-01-20T06:10:00Z,,0
S001887,train,1,0,none,none,2025-01-20T06:20:00Z,,0
S001888,train,1,0,none,none,2025-01-20T06:30:00Z,1,1
S001889,train,1,0,none,none,2025-01-20T06:40:00Z,1,1
S001890,train,1,0,none,none,2025-01-20T06:50:00Z,,0
S001891,train,0,1,microbump_open_bridge,reflow,2025-01-20T07:00:00Z,,0
S001892,train,1,0,none,none,2025-01-20T07:10:00Z,,0
S001893,train,1,0,none,none,2025-01-20T07:20:00Z,,0
S001894,train,1,0,none,none,2025-01-20T07:30:00Z,,0
S001895,train,1,0,none,none,2025-01-20T07:40:00Z,,0
S001896,train,1,0,none,none,2025-01-20T07:50:00Z,1,1
S001897,train,1,0,none,none,2025-01-20T08:00:00Z,,0
S001898,train,1,0,none,none,2025-01-20T08:10:00Z,,0
S001899,train,1,0,none,none,2025-01-20T08:20:00Z,1,1
S001900,train,1,0,none,none,2025-01-20T08:30:00Z,1,1
S001901,train,1,0,none,none,2025-01-20T08:40:00Z,,0
S001902,train,1,0,none,none,2025-01-20T08:50:00Z,,0
S001903,train,1,0,none,none,2025-01-20T09:00:00Z,1,1
S001904,train,1,0,none,none,2025-01-20T09:10:00Z,1,1
S001905,train,1,0,none,none,2025-01-20T09:20:00Z,,0
S001906,train,1,0,none,none,2025-01-20T09:30:00Z,,0
S001907,train,1,0,none,none,2025-01-20T09:40:00Z,1,1
S001908,train,1,0,none,none,2025-01-20T09:50:00Z,,0
S001909,train,1,0,none,none,2025-01-20T10:00:00Z,1,1
S001910,train,1,0,none,none,2025-01-20T10:10:00Z,,0
S001911,train,1,0,none,none,2025-01-20T10:20:00Z,,0
S001912,train,0,1,underfill_void,molding,2025-01-20T10:30:00Z,,0
S001913,train,1,0,none,none,2025-01-20T10:40:00Z,,0
S001914,train,1,0,none,none,2025-01-20T10:50:00Z,,0
S001915,train,1,0,none,none,2025-01-20T11:00:00Z,,0
S001916,train,1,0,none,none,2025-01-20T11:10:00Z,,0
S001917,train,1,0,none,none,2025-01-20T11:20:00Z,1,1
S001918,train,1,0,none,none,2025-01-20T11:30:00Z,,0
S001919,train,1,0,none,none,2025-01-20T11:40:00Z,1,1
S001920,train,0,1,microbump_open_bridge,reflow,2025-01-20T11:50:00Z,,0
S001921,train,1,0,none,none,2025-01-20T12:00:00Z,,0
S001922,train,1,0,none,none,2025-01-20T12:10:00Z,,0
S001923,train,1,0,none,none,2025-01-20T12:20:00Z,,0
S001924,train,0,1,warpage,assembly,2025-01-20T12:30:00Z,,0
S001925,train,1,0,none,none,2025-01-20T12:40:00Z,1,1
S001926,train,1,0,none,none,2025-01-20T12:50:00Z,,0
S001927,train,1,0,none,none,2025-01-20T13:00:00Z,,0
S001928,train,1,0,none,none,2025-01-20T13:10:00Z,,0
S001929,train,1,0,none,none,2025-01-20T13:20:00Z,,0
S001930,train,1,0,none,none,2025-01-20T13:30:00Z,,0
S001931,train,1,0,none,none,2025-01-20T13:40:00Z,1,1
S001932,train,1,0,none,none,2025-01-20T13:50:00Z,1,1
S001933,train,0,1,die_crack,handling,2025-01-20T14:00:00Z,,0
S001934,train,1,0,none,none,2025-01-20T14:10:00Z,,0
S001935,train,1,0,none,none,2025-01-20T15:40:00Z,,0
S001936,train,1,0,none,none,2025-01-20T15:50:00Z,,0
S001937,train,1,0,none,none,2025-01-20T16:00:00Z,,0
S001938,train,1,0,none,none,2025-01-20T16:10:00Z,,0
S001939,train,1,0,none,none,2025-01-20T16:20:00Z,,0
S001940,train,0,1,tsv_open_short,tsv_or_interconnect,2025-01-20T16:30:00Z,,0
S001941,train,0,1,warpage,assembly,2025-01-20T16:40:00Z,,0
S001942,train,1,0,none,none,2025-01-20T16:50:00Z,,0
S001943,train,1,0,none,none,2025-01-20T17:00:00Z,,0
S001944,train,1,0,none,none,2025-01-20T17:10:00Z,,0
S001945,train,1,0,none,none,2025-01-20T17:20:00Z,,0
S001946,train,1,0,none,none,2025-01-20T17:30:00Z,,0
S001947,train,1,0,none,none,2025-01-20T17:40:00Z,1,1
S001948,train,1,0,none,none,2025-01-20T17:50:00Z,,0
S001949,train,1,0,none,none,2025-01-20T18:00:00Z,,0
S001950,train,1,0,none,none,2025-01-20T18:10:00Z,,0
S001951,train,1,0,none,none,2025-01-20T18:20:00Z,1,1
S001952,train,1,0,none,none,2025-01-20T18:30:00Z,,0
S001953,train,1,0,none,none,2025-01-20T18:40:00Z,1,1
S001954,train,1,0,none,none,2025-01-20T18:50:00Z,1,1
S001955,train,1,0,none,none,2025-01-20T19:00:00Z,,0
S001956,train,1,0,none,none,2025-01-20T19:10:00Z,1,1
S001957,train,1,0,none,none,2025-01-20T19:20:00Z,,0
S001958,train,1,0,none,none,2025-01-20T19:30:00Z,,0
S001959,train,1,0,none,none,2025-01-20T19:40:00Z,,0
S001960,train,1,0,none,none,2025-01-20T19:50:00Z,,0
S001961,train,1,0,none,none,2025-01-20T20:00:00Z,,0
S001962,train,1,0,none,none,2025-01-20T20:10:00Z,1,1
S001963,train,1,0,none,none,2025-01-20T20:20:00Z,,0
S001964,train,1,0,none,none,2025-01-20T20:30:00Z,,0
S001965,train,1,0,none,none,2025-01-20T20:40:00Z,,0
S001966,train,1,0,none,none,2025-01-20T20:50:00Z,,0
S001967,train,1,0,none,none,2025-01-20T21:00:00Z,1,1
S001968,train,1,0,none,none,2025-01-20T21:10:00Z,,0
S001969,train,1,0,none,none,2025-01-20T21:20:00Z,,0
S001970,train,1,0,none,none,2025-01-20T21:30:00Z,,0
S001971,train,1,0,none,none,2025-01-20T21:40:00Z,0,1
S001972,train,1,0,none,none,2025-01-20T21:50:00Z,,0
S001973,train,1,0,none,none,2025-01-20T22:00:00Z,1,1
S001974,train,1,0,none,none,2025-01-20T22:10:00Z,,0
S001975,train,1,0,none,none,2025-01-20T22:20:00Z,1,1
S001976,train,1,0,none,none,2025-01-20T22:30:00Z,,0
S001977,train,1,0,none,none,2025-01-20T22:40:00Z,,0
S001978,train,1,0,none,none,2025-01-20T22:50:00Z,,0
S001979,train,1,0,none,none,2025-01-20T23:00:00Z,,0
S001980,train,1,0,none,none,2025-01-20T23:10:00Z,,0
S001981,train,1,0,none,none,2025-01-20T23:20:00Z,,0
S001982,train,1,0,none,none,2025-01-20T23:30:00Z,,0
S001983,train,1,0,none,none,2025-01-20T23:40:00Z,,0
S001984,train,1,0,none,none,2025-01-20T23:50:00Z,,0
S001985,train,1,0,none,none,2025-01-21T00:00:00Z,,0
S001986,train,1,0,none,none,2025-01-21T00:10:00Z,,0
S001987,train,0,1,die_crack,handling,2025-01-21T00:20:00Z,,0
S001988,train,1,0,none,none,2025-01-21T00:30:00Z,,0
S001989,train,1,0,none,none,2025-01-21T00:40:00Z,,0
S001990,train,1,0,none,none,2025-01-21T00:50:00Z,,0
S001991,train,1,0,none,none,2025-01-21T01:00:00Z,,0
S001992,train,1,0,none,none,2025-01-21T01:10:00Z,,0
S001993,train,1,0,none,none,2025-01-21T01:20:00Z,1,1
S001994,train,1,0,none,none,2025-01-21T01:30:00Z,,0
S001995,train,1,0,none,none,2025-01-21T01:40:00Z,,0
S001996,train,1,0,none,none,2025-01-21T01:50:00Z,,0
S001997,train,1,0,none,none,2025-01-21T03:40:00Z,1,1
S001998,train,1,0,none,none,2025-01-21T03:50:00Z,1,1
S001999,train,1,0,none,none,2025-01-21T04:00:00Z,,0
S002000,train,1,0,none,none,2025-01-21T04:10:00Z,1,1
S002001,train,1,0,none,none,2025-01-21T04:20:00Z,,0
S002002,train,1,0,none,none,2025-01-21T04:30:00Z,,0
S002003,train,1,0,none,none,2025-01-21T04:40:00Z,,0
S002004,train,1,0,none,none,2025-01-21T04:50:00Z,1,1
S002005,train,1,0,none,none,2025-01-21T05:00:00Z,,0
S002006,train,1,0,none,none,2025-01-21T05:10:00Z,,0
S002007,train,1,0,none,none,2025-01-21T05:20:00Z,,0
S002008,train,1,0,none,none,2025-01-21T05:30:00Z,,0
S002009,train,1,0,none,none,2025-01-21T05:40:00Z,,0
S002010,train,1,0,none,none,2025-01-21T05:50:00Z,,0
S002011,train,1,0,none,none,2025-01-21T06:00:00Z,,0
S002012,train,0,1,underfill_void,molding,2025-01-21T06:10:00Z,,0
S002013,train,1,0,none,none,2025-01-21T06:20:00Z,,0
S002014,train,1,0,none,none,2025-01-21T06:30:00Z,,0
S002015,train,1,0,none,none,2025-01-21T06:40:00Z,,0
S002016,train,1,0,none,none,2025-01-21T06:50:00Z,1,1
S002017,train,1,0,none,none,2025-01-21T07:00:00Z,,0
S002018,train,1,0,none,none,2025-01-21T07:10:00Z,,0
S002019,train,1,0,none,none,2025-01-21T07:20:00Z,,0
S002020,train,1,0,none,none,2025-01-21T07:30:00Z,,0
S002021,train,1,0,none,none,2025-01-21T07:40:00Z,1,1
S002022,train,1,0,none,none,2025-01-21T07:50:00Z,,0
S002023,train,0,1,delamination,molding,2025-01-21T08:00:00Z,,0
S002024,train,1,0,none,none,2025-01-21T08:10:00Z,,0
S002025,train,1,0,none,none,2025-01-21T08:20:00Z,1,1
S002026,train,1,0,none,none,2025-01-21T08:30:00Z,,0
S002027,train,1,0,none,none,2025-01-21T08:40:00Z,,0
S002028,train,1,0,none,none,2025-01-21T08:50:00Z,,0
S002029,train,1,0,none,none,2025-01-21T09:00:00Z,,0
S002030,train,1,0,none,none,2025-01-21T09:10:00Z,,0
S002031,train,1,0,none,none,2025-01-21T09:20:00Z,,0
S002032,train,1,0,none,none,2025-01-21T09:30:00Z,,0
S002033,train,1,0,none,none,2025-01-21T09:40:00Z,,0
S002034,train,1,0,none,none,2025-01-21T09:50:00Z,,0
S002035,train,1,0,none,none,2025-01-21T10:00:00Z,,0
S002036,train,1,0,none,none,2025-01-21T10:10:00Z,,0
S002037,train,1,0,none,none,2025-01-21T10:20:00Z,,0
S002038,train,1,0,none,none,2025-01-21T10:30:00Z,1,1
S002039,train,1,0,none,none,2025-01-21T10:40:00Z,,0
S002040,train,1,0,none,none,2025-01-21T10:50:00Z,,0
S002041,train,0,1,tsv_open_short,tsv_or_interconnect,2025-01-21T11:00:00Z,,0
S002042,train,1,0,none,none,2025-01-21T11:10:00Z,,0
S002043,train,1,0,none,none,2025-01-21T11:20:00Z,,0
S002044,train,1,0,none,none,2025-01-21T11:30:00Z,,0
S002045,train,1,0,none,none,2025-01-21T11:40:00Z,,0
S002046,train,1,0,none,none,2025-01-21T11:50:00Z,,0
S002047,train,1,0,none,none,2025-01-21T12:00:00Z,,0
S002048,train,1,0,none,none,2025-01-21T12:10:00Z,,0
S002049,train,1,0,none,none,2025-01-21T12:20:00Z,,0
S002050,train,1,0,none,none,2025-01-21T12:30:00Z,,0
S002051,train,1,0,none,none,2025-01-21T12:40:00Z,,0
S002052,train,1,0,none,none,2025-01-21T12:50:00Z,,0
S002053,train,1,0,none,none,2025-01-21T13:00:00Z,,0
S002054,train,1,0,none,none,2025-01-21T13:10:00Z,1,1
S002055,train,1,0,none,none,2025-01-21T13:20:00Z,,0
S002056,train,1,0,none,none,2025-01-21T13:30:00Z,,0
S002057,train,1,0,none,none,2025-01-21T13:40:00Z,,0
S002058,train,1,0,none,none,2025-01-21T13:50:00Z,,0
S002059,train,1,0,none,none,2025-01-21T14:00:00Z,,0
S002060,train,1,0,none,none,2025-01-21T14:10:00Z,,0
S002061,train,1,0,none,none,2025-01-21T14:20:00Z,,0
S002062,train,1,0,none,none,2025-01-21T14:30:00Z,1,1
S002063,train,1,0,none,none,2025-01-21T14:40:00Z,,0
S002064,train,1,0,none,none,2025-01-21T14:50:00Z,,0
S002065,train,1,0,none,none,2025-01-21T15:00:00Z,,0
S002066,train,1,0,none,none,2025-01-21T15:10:00Z,1,1
S002067,train,1,0,none,none,2025-01-21T15:20:00Z,,0
S002068,train,1,0,none,none,2025-01-21T15:30:00Z,,0
S002069,train,1,0,none,none,2025-01-21T15:40:00Z,,0
S002070,train,1,0,none,none,2025-01-21T15:50:00Z,,0
S002071,train,1,0,none,none,2025-01-21T16:00:00Z,1,1
S002072,train,1,0,none,none,2025-01-21T16:10:00Z,,0
S002073,train,1,0,none,none,2025-01-21T16:20:00Z,,0
S002074,train,1,0,none,none,2025-01-21T16:30:00Z,,0
S002075,train,1,0,none,none,2025-01-21T16:40:00Z,,0
S002076,train,1,0,none,none,2025-01-21T16:50:00Z,,0
S002077,train,1,0,none,none,2025-01-21T17:00:00Z,,0
S002078,train,1,0,none,none,2025-01-21T17:10:00Z,,0
S002079,train,1,0,none,none,2025-01-21T17:20:00Z,1,1
S002080,train,1,0,none,none,2025-01-21T17:30:00Z,,0
S002081,train,1,0,none,none,2025-01-21T17:40:00Z,1,1
S002082,train,1,0,none,none,2025-01-21T17:50:00Z,,0
S002083,train,1,0,none,none,2025-01-21T18:00:00Z,,0
S002084,train,1,0,none,none,2025-01-21T18:10:00Z,,0
S002085,train,1,0,none,none,2025-01-21T18:20:00Z,,0
S002086,train,1,0,none,none,2025-01-21T18:30:00Z,,0
S002087,train,1,0,none,none,2025-01-21T18:40:00Z,,0
S002088,train,1,0,none,none,2025-01-21T18:50:00Z,,0
S002089,train,1,0,none,none,2025-01-21T19:00:00Z,,0
S002090,train,1,0,none,none,2025-01-21T19:10:00Z,1,1
S002091,train,1,0,none,none,2025-01-21T15:40:00Z,,0
S002092,train,1,0,none,none,2025-01-21T15:50:00Z,,0
S002093,train,1,0,none,none,2025-01-21T16:00:00Z,1,1
S002094,train,1,0,none,none,2025-01-21T16:10:00Z,,0
S002095,train,1,0,none,none,2025-01-21T16:20:00Z,,0
S002096,train,1,0,none,none,2025-01-21T16:30:00Z,1,1
S002097,train,1,0,none,none,2025-01-21T16:40:00Z,,0
S002098,train,1,0,none,none,2025-01-21T16:50:00Z,,0
S002099,train,1,0,none,none,2025-01-21T17:00:00Z,,0
S002100,train,1,0,none,none,2025-01-21T17:10:00Z,1,1
S002101,train,1,0,none,none,2025-01-21T17:20:00Z,,0
S002102,train,1,0,none,none,2025-01-21T17:30:00Z,,0
S002103,train,1,0,none,none,2025-01-21T17:40:00Z,,0
S002104,train,1,0,none,none,2025-01-21T17:50:00Z,,0
S002105,train,1,0,none,none,2025-01-21T18:00:00Z,,0
S002106,train,1,0,none,none,2025-01-21T18:10:00Z,,0
S002107,train,1,0,none,none,2025-01-21T18:20:00Z,1,1
S002108,train,1,0,none,none,2025-01-21T18:30:00Z,,0
S002109,train,1,0,none,none,2025-01-21T18:40:00Z,1,1
S002110,train,0,1,microbump_open_bridge,reflow,2025-01-21T18:50:00Z,,0
S002111,train,1,0,none,none,2025-01-21T19:00:00Z,,0
S002112,train,1,0,none,none,2025-01-21T19:10:00Z,1,1
S002113,train,1,0,none,none,2025-01-21T19:20:00Z,,0
S002114,train,1,0,none,none,2025-01-21T19:30:00Z,1,1
S002115,train,1,0,none,none,2025-01-21T19:40:00Z,,0
S002116,train,1,0,none,none,2025-01-21T19:50:00Z,,0
S002117,train,1,0,none,none,2025-01-21T20:00:00Z,1,1
S002118,train,1,0,none,none,2025-01-21T20:10:00Z,,0
S002119,train,1,0,none,none,2025-01-21T20:20:00Z,,0
S002120,train,1,0,none,none,2025-01-21T20:30:00Z,1,1
S002121,train,1,0,none,none,2025-01-21T20:40:00Z,,0
S002122,train,1,0,none,none,2025-01-21T20:50:00Z,,0
S002123,train,1,0,none,none,2025-01-21T21:00:00Z,1,1
S002124,train,1,0,none,none,2025-01-21T21:10:00Z,,0
S002125,train,1,0,none,none,2025-01-21T21:20:00Z,,0
S002126,train,1,0,none,none,2025-01-21T21:30:00Z,,0
S002127,train,1,0,none,none,2025-01-21T21:40:00Z,,0
S002128,train,1,0,none,none,2025-01-21T21:50:00Z,,0
S002129,train,1,0,none,none,2025-01-21T22:00:00Z,,0
S002130,train,1,0,none,none,2025-01-21T22:10:00Z,,0
S002131,train,0,1,microbump_open_bridge,reflow,2025-01-21T22:20:00Z,,0
S002132,train,1,0,none,none,2025-01-21T22:30:00Z,,0
S002133,train,1,0,none,none,2025-01-21T22:40:00Z,,0
S002134,train,1,0,none,none,2025-01-21T22:50:00Z,,0
S002135,train,1,0,none,none,2025-01-21T23:00:00Z,,0
S002136,train,1,0,none,none,2025-01-21T23:10:00Z,,0
S002137,train,1,0,none,none,2025-01-21T23:20:00Z,1,1
S002138,train,1,0,none,none,2025-01-21T23:30:00Z,,0
S002139,train,1,0,none,none,2025-01-21T23:40:00Z,,0
S002140,train,1,0,none,none,2025-01-21T23:50:00Z,,0
S002141,train,1,0,none,none,2025-01-22T00:00:00Z,1,1
S002142,train,1,0,none,none,2025-01-22T00:10:00Z,,0
S002143,train,1,0,none,none,2025-01-22T00:20:00Z,1,1
S002144,train,1,0,none,none,2025-01-22T00:30:00Z,1,1
S002145,train,1,0,none,none,2025-01-22T00:40:00Z,,0
S002146,train,1,0,none,none,2025-01-22T00:50:00Z,,0
S002147,train,1,0,none,none,2025-01-22T01:00:00Z,,0
S002148,train,1,0,none,none,2025-01-22T01:10:00Z,1,1
S002149,train,0,1,delamination,molding,2025-01-22T01:20:00Z,,0
S002150,train,1,0,none,none,2025-01-22T01:30:00Z,0,1
S002151,train,1,0,none,none,2025-01-22T01:40:00Z,,0
S002152,train,1,0,none,none,2025-01-22T01:50:00Z,,0
S002153,train,1,0,none,none,2025-01-22T02:00:00Z,,0
S002154,train,1,0,none,none,2025-01-22T03:40:00Z,,0
S002155,train,1,0,none,none,2025-01-22T03:50:00Z,1,1
S002156,train,1,0,none,none,2025-01-22T04:00:00Z,,0
S002157,train,1,0,none,none,2025-01-22T04:10:00Z,,0
S002158,train,1,0,none,none,2025-01-22T04:20:00Z,1,1
S002159,train,1,0,none,none,2025-01-22T04:30:00Z,,0
S002160,train,1,0,none,none,2025-01-22T04:40:00Z,1,1
S002161,train,1,0,none,none,2025-01-22T04:50:00Z,,0
S002162,train,1,0,none,none,2025-01-22T05:00:00Z,,0
S002163,train,1,0,none,none,2025-01-22T05:10:00Z,1,1
S002164,train,1,0,none,none,2025-01-22T05:20:00Z,,0
S002165,train,1,0,none,none,2025-01-22T05:30:00Z,,0
S002166,train,1,0,none,none,2025-01-22T05:40:00Z,,0
S002167,train,1,0,none,none,2025-01-22T05:50:00Z,1,1
S002168,train,1,0,none,none,2025-01-22T06:00:00Z,1,1
S002169,train,0,1,delamination,molding,2025-01-22T06:10:00Z,,0
S002170,train,1,0,none,none,2025-01-22T06:20:00Z,,0
S002171,train,1,0,none,none,2025-01-22T06:30:00Z,,0
S002172,train,1,0,none,none,2025-01-22T06:40:00Z,,0
S002173,train,1,0,none,none,2025-01-22T06:50:00Z,1,1
S002174,train,1,0,none,none,2025-01-22T07:00:00Z,,0
S002175,train,1,0,none,none,2025-01-22T07:10:00Z,,0
S002176,train,1,0,none,none,2025-01-22T07:20:00Z,1,1
S002177,train,1,0,none,none,2025-01-22T07:30:00Z,,0
S002178,train,1,0,none,none,2025-01-22T07:40:00Z,1,1
S002179,train,0,1,dram_electrical,dram_or_base,2025-01-22T07:50:00Z,,0
S002180,train,1,0,none,none,2025-01-22T08:00:00Z,,0
S002181,train,1,0,none,none,2025-01-22T08:10:00Z,1,1
S002182,train,1,0,none,none,2025-01-22T08:20:00Z,,0
S002183,train,1,0,none,none,2025-01-22T08:30:00Z,,0
S002184,train,1,0,none,none,2025-01-22T08:40:00Z,1,1
S002185,train,1,0,none,none,2025-01-22T08:50:00Z,,0
S002186,train,1,0,none,none,2025-01-22T09:00:00Z,,0
S002187,train,1,0,none,none,2025-01-22T09:10:00Z,,0
S002188,train,1,0,none,none,2025-01-22T09:20:00Z,,0
S002189,train,1,0,none,none,2025-01-22T09:30:00Z,,0
S002190,train,1,0,none,none,2025-01-22T09:40:00Z,,0
S002191,train,1,0,none,none,2025-01-22T09:50:00Z,,0
S002192,train,1,0,none,none,2025-01-22T10:00:00Z,1,1
S002193,train,1,0,none,none,2025-01-22T10:10:00Z,1,1
S002194,train,1,0,none,none,2025-01-22T10:20:00Z,,0
S002195,train,1,0,none,none,2025-01-22T10:30:00Z,,0
S002196,train,1,0,none,none,2025-01-22T10:40:00Z,,0
S002197,train,1,0,none,none,2025-01-22T10:50:00Z,,0
S002198,train,1,0,none,none,2025-01-22T11:00:00Z,,0
S002199,train,1,0,none,none,2025-01-22T11:10:00Z,1,1
S002200,train,1,0,none,none,2025-01-22T11:20:00Z,,0
S002201,train,1,0,none,none,2025-01-22T11:30:00Z,1,1
S002202,train,1,0,none,none,2025-01-22T11:40:00Z,,0
S002203,train,1,0,none,none,2025-01-22T11:50:00Z,1,1
S002204,train,1,0,none,none,2025-01-22T12:00:00Z,,0
S002205,train,1,0,none,none,2025-01-22T12:10:00Z,1,1
S002206,train,1,0,none,none,2025-01-22T12:20:00Z,,0
S002207,train,1,0,none,none,2025-01-22T12:30:00Z,,0
S002208,train,1,0,none,none,2025-01-22T12:40:00Z,1,1
S002209,train,1,0,none,none,2025-01-22T12:50:00Z,,0
S002210,train,1,0,none,none,2025-01-22T13:00:00Z,,0
S002211,train,1,0,none,none,2025-01-22T13:10:00Z,,0
S002212,train,1,0,none,none,2025-01-22T13:20:00Z,,0
S002213,train,1,0,none,none,2025-01-22T13:30:00Z,,0
S002214,train,1,0,none,none,2025-01-22T13:40:00Z,,0
S002215,train,1,0,none,none,2025-01-22T13:50:00Z,,0
S002216,train,1,0,none,none,2025-01-22T14:00:00Z,,0
S002217,train,1,0,none,none,2025-01-22T14:10:00Z,,0
S002218,train,1,0,none,none,2025-01-22T14:20:00Z,,0
S002219,train,1,0,none,none,2025-01-22T14:30:00Z,,0
S002220,train,1,0,none,none,2025-01-22T14:40:00Z,,0
S002221,train,1,0,none,none,2025-01-22T14:50:00Z,,0
S002222,train,1,0,none,none,2025-01-22T15:00:00Z,1,1
S002223,train,1,0,none,none,2025-01-22T15:10:00Z,,0
S002224,train,1,0,none,none,2025-01-22T15:20:00Z,,0
S002225,train,1,0,none,none,2025-01-22T15:30:00Z,,0
S002226,train,1,0,none,none,2025-01-22T15:40:00Z,1,1
S002227,train,1,0,none,none,2025-01-22T15:50:00Z,1,1
S002228,train,1,0,none,none,2025-01-22T16:00:00Z,,0
S002229,train,1,0,none,none,2025-01-22T16:10:00Z,1,1
S002230,train,1,0,none,none,2025-01-22T16:20:00Z,,0
S002231,train,1,0,none,none,2025-01-22T16:30:00Z,,0
S002232,train,1,0,none,none,2025-01-22T16:40:00Z,,0
S002233,train,1,0,none,none,2025-01-22T16:50:00Z,,0
S002234,train,1,0,none,none,2025-01-22T17:00:00Z,1,1
S002235,train,1,0,none,none,2025-01-22T17:10:00Z,,0
S002236,train,1,0,none,none,2025-01-22T17:20:00Z,,0
S002237,train,1,0,none,none,2025-01-22T17:30:00Z,,0
S002238,train,1,0,none,none,2025-01-22T17:40:00Z,,0
S002239,train,1,0,none,none,2025-01-22T17:50:00Z,,0
S002240,train,1,0,none,none,2025-01-22T18:00:00Z,,0
S002241,train,1,0,none,none,2025-01-22T18:10:00Z,1,1
S002242,train,1,0,none,none,2025-01-22T18:20:00Z,,0
S002243,train,1,0,none,none,2025-01-22T18:30:00Z,1,1
S002244,train,1,0,none,none,2025-01-22T18:40:00Z,,0
S002245,train,1,0,none,none,2025-01-22T18:50:00Z,1,1
S002246,train,1,0,none,none,2025-01-22T19:00:00Z,,0
S002247,train,1,0,none,none,2025-01-22T15:40:00Z,1,1
S002248,train,1,0,none,none,2025-01-22T15:50:00Z,1,1
S002249,train,1,0,none,none,2025-01-22T16:00:00Z,,0
S002250,train,1,0,none,none,2025-01-22T16:10:00Z,,0
S002251,train,1,0,none,none,2025-01-22T16:20:00Z,1,1
S002252,train,1,0,none,none,2025-01-22T16:30:00Z,,0
S002253,train,1,0,none,none,2025-01-22T16:40:00Z,,0
S002254,train,1,0,none,none,2025-01-22T16:50:00Z,,0
S002255,train,1,0,none,none,2025-01-22T17:00:00Z,,0
S002256,train,1,0,none,none,2025-01-22T17:10:00Z,,0
S002257,train,1,0,none,none,2025-01-22T17:20:00Z,1,1
S002258,train,1,0,none,none,2025-01-22T17:30:00Z,,0
S002259,train,1,0,none,none,2025-01-22T17:40:00Z,,0
S002260,train,1,0,none,none,2025-01-22T17:50:00Z,1,1
S002261,train,1,0,none,none,2025-01-22T18:00:00Z,1,1
S002262,train,1,0,none,none,2025-01-22T18:10:00Z,,0
S002263,train,1,0,none,none,2025-01-22T18:20:00Z,,0
S002264,train,1,0,none,none,2025-01-22T18:30:00Z,,0
S002265,train,1,0,none,none,2025-01-22T18:40:00Z,,0
S002266,train,1,0,none,none,2025-01-22T18:50:00Z,,0
S002267,train,1,0,none,none,2025-01-22T19:00:00Z,1,1
S002268,train,0,1,delamination,molding,2025-01-22T19:10:00Z,,0
S002269,train,1,0,none,none,2025-01-22T19:20:00Z,,0
S002270,train,1,0,none,none,2025-01-22T19:30:00Z,,0
S002271,train,1,0,none,none,2025-01-22T19:40:00Z,,0
S002272,train,1,0,none,none,2025-01-22T19:50:00Z,1,1
S002273,train,1,0,none,none,2025-01-22T20:00:00Z,,0
S002274,train,1,0,none,none,2025-01-22T20:10:00Z,,0
S002275,train,1,0,none,none,2025-01-22T20:20:00Z,,0
S002276,train,1,0,none,none,2025-01-22T20:30:00Z,1,1
S002277,train,1,0,none,none,2025-01-22T20:40:00Z,,0
S002278,train,1,0,none,none,2025-01-22T20:50:00Z,,0
S002279,train,1,0,none,none,2025-01-22T21:00:00Z,0,1
S002280,train,1,0,none,none,2025-01-22T21:10:00Z,,0
S002281,train,1,0,none,none,2025-01-22T21:20:00Z,,0
S002282,train,1,0,none,none,2025-01-22T21:30:00Z,,0
S002283,train,1,0,none,none,2025-01-22T21:40:00Z,,0
S002284,train,1,0,none,none,2025-01-22T21:50:00Z,,0
S002285,train,1,0,none,none,2025-01-22T22:00:00Z,,0
S002286,train,1,0,none,none,2025-01-22T22:10:00Z,,0
S002287,train,1,0,none,none,2025-01-22T22:20:00Z,,0
S002288,train,1,0,none,none,2025-01-22T22:30:00Z,,0
S002289,train,1,0,none,none,2025-01-22T22:40:00Z,,0
S002290,train,1,0,none,none,2025-01-22T22:50:00Z,1,1
S002291,train,1,0,none,none,2025-01-22T23:00:00Z,,0
S002292,train,1,0,none,none,2025-01-22T23:10:00Z,,0
S002293,train,1,0,none,none,2025-01-22T23:20:00Z,,0
S002294,train,1,0,none,none,2025-01-22T23:30:00Z,,0
S002295,train,1,0,none,none,2025-01-22T23:40:00Z,1,1
S002296,train,1,0,none,none,2025-01-22T23:50:00Z,,0
S002297,train,1,0,none,none,2025-01-23T00:00:00Z,1,1
S002298,train,1,0,none,none,2025-01-23T00:10:00Z,,0
S002299,train,1,0,none,none,2025-01-23T00:20:00Z,,0
S002300,train,1,0,none,none,2025-01-23T00:30:00Z,1,1
S002301,train,1,0,none,none,2025-01-23T00:40:00Z,1,1
S002302,train,1,0,none,none,2025-01-23T00:50:00Z,,0
S002303,train,1,0,none,none,2025-01-23T01:00:00Z,1,1
S002304,train,1,0,none,none,2025-01-23T01:10:00Z,,0
S002305,train,1,0,none,none,2025-01-23T01:20:00Z,,0
S002306,train,1,0,none,none,2025-01-23T01:30:00Z,,0
S002307,train,1,0,none,none,2025-01-23T01:40:00Z,1,1
S002308,train,1,0,none,none,2025-01-23T01:50:00Z,,0
S002309,train,1,0,none,none,2025-01-23T02:00:00Z,,0
S002310,train,1,0,none,none,2025-01-23T02:10:00Z,,0
S002311,train,1,0,none,none,2025-01-23T03:40:00Z,1,1
S002312,train,1,0,none,none,2025-01-23T03:50:00Z,,0
S002313,train,1,0,none,none,2025-01-23T04:00:00Z,,0
S002314,train,0,1,warpage,assembly,2025-01-23T04:10:00Z,,0
S002315,train,1,0,none,none,2025-01-23T04:20:00Z,,0
S002316,train,1,0,none,none,2025-01-23T04:30:00Z,1,1
S002317,train,1,0,none,none,2025-01-23T04:40:00Z,,0
S002318,train,1,0,none,none,2025-01-23T04:50:00Z,,0
S002319,train,1,0,none,none,2025-01-23T05:00:00Z,,0
S002320,train,1,0,none,none,2025-01-23T05:10:00Z,,0
S002321,train,0,1,microbump_open_bridge,reflow,2025-01-23T05:20:00Z,,0
S002322,train,1,0,none,none,2025-01-23T05:30:00Z,,0
S002323,train,1,0,none,none,2025-01-23T05:40:00Z,,0
S002324,train,1,0,none,none,2025-01-23T05:50:00Z,,0
S002325,train,1,0,none,none,2025-01-23T06:00:00Z,,0
S002326,train,1,0,none,none,2025-01-23T06:10:00Z,,0
S002327,train,1,0,none,none,2025-01-23T06:20:00Z,,0
S002328,train,1,0,none,none,2025-01-23T06:30:00Z,,0
S002329,train,1,0,none,none,2025-01-23T06:40:00Z,,0
S002330,train,1,0,none,none,2025-01-23T06:50:00Z,1,1
S002331,train,0,1,multiple,multiple,2025-01-23T07:00:00Z,,0
S002332,train,1,0,none,none,2025-01-23T07:10:00Z,,0
S002333,train,1,0,none,none,2025-01-23T07:20:00Z,,0
S002334,train,1,0,none,none,2025-01-23T07:30:00Z,1,1
S002335,train,1,0,none,none,2025-01-23T07:40:00Z,,0
S002336,train,0,1,warpage,assembly,2025-01-23T07:50:00Z,,0
S002337,train,1,0,none,none,2025-01-23T08:00:00Z,,0
S002338,train,1,0,none,none,2025-01-23T08:10:00Z,1,1
S002339,train,1,0,none,none,2025-01-23T08:20:00Z,,0
S002340,train,1,0,none,none,2025-01-23T08:30:00Z,,0
S002341,train,1,0,none,none,2025-01-23T08:40:00Z,,0
S002342,train,1,0,none,none,2025-01-23T08:50:00Z,,0
S002343,train,1,0,none,none,2025-01-23T09:00:00Z,,0
S002344,train,1,0,none,none,2025-01-23T09:10:00Z,,0
S002345,train,1,0,none,none,2025-01-23T09:20:00Z,,0
S002346,train,1,0,none,none,2025-01-23T09:30:00Z,,0
S002347,train,1,0,none,none,2025-01-23T09:40:00Z,,0
S002348,train,1,0,none,none,2025-01-23T09:50:00Z,,0
S002349,train,1,0,none,none,2025-01-23T10:00:00Z,,0
S002350,train,1,0,none,none,2025-01-23T10:10:00Z,,0
S002351,train,1,0,none,none,2025-01-23T10:20:00Z,,0
S002352,train,1,0,none,none,2025-01-23T10:30:00Z,1,1
S002353,train,1,0,none,none,2025-01-23T10:40:00Z,,0
S002354,train,1,0,none,none,2025-01-23T10:50:00Z,,0
S002355,train,1,0,none,none,2025-01-23T11:00:00Z,,0
S002356,train,1,0,none,none,2025-01-23T11:10:00Z,,0
S002357,train,1,0,none,none,2025-01-23T11:20:00Z,1,1
S002358,train,1,0,none,none,2025-01-23T11:30:00Z,1,1
S002359,train,1,0,none,none,2025-01-23T11:40:00Z,1,1
S002360,train,1,0,none,none,2025-01-23T11:50:00Z,,0
S002361,train,0,1,warpage,assembly,2025-01-23T12:00:00Z,,0
S002362,train,1,0,none,none,2025-01-23T12:10:00Z,,0
S002363,train,1,0,none,none,2025-01-23T12:20:00Z,,0
S002364,train,1,0,none,none,2025-01-23T12:30:00Z,,0
S002365,train,1,0,none,none,2025-01-23T12:40:00Z,,0
S002366,train,1,0,none,none,2025-01-23T12:50:00Z,,0
S002367,train,1,0,none,none,2025-01-23T13:00:00Z,,0
S002368,train,1,0,none,none,2025-01-23T13:10:00Z,,0
S002369,train,1,0,none,none,2025-01-23T13:20:00Z,1,1
S002370,train,1,0,none,none,2025-01-23T13:30:00Z,,0
S002371,train,1,0,none,none,2025-01-23T13:40:00Z,,0
S002372,train,1,0,none,none,2025-01-23T15:40:00Z,1,1
S002373,train,1,0,none,none,2025-01-23T15:50:00Z,,0
S002374,train,1,0,none,none,2025-01-23T16:00:00Z,,0
S002375,train,1,0,none,none,2025-01-23T16:10:00Z,,0
S002376,train,1,0,none,none,2025-01-23T16:20:00Z,,0
S002377,train,1,0,none,none,2025-01-23T16:30:00Z,,0
S002378,train,1,0,none,none,2025-01-23T16:40:00Z,1,1
S002379,train,1,0,none,none,2025-01-23T16:50:00Z,,0
S002380,train,1,0,none,none,2025-01-23T17:00:00Z,,0
S002381,train,1,0,none,none,2025-01-23T17:10:00Z,,0
S002382,train,1,0,none,none,2025-01-23T17:20:00Z,,0
S002383,train,1,0,none,none,2025-01-23T17:30:00Z,1,1
S002384,train,1,0,none,none,2025-01-23T17:40:00Z,,0
S002385,train,1,0,none,none,2025-01-23T17:50:00Z,1,1
S002386,train,1,0,none,none,2025-01-23T18:00:00Z,1,1
S002387,train,1,0,none,none,2025-01-23T18:10:00Z,,0
S002388,train,1,0,none,none,2025-01-23T18:20:00Z,,0
S002389,train,1,0,none,none,2025-01-23T18:30:00Z,,0
S002390,train,1,0,none,none,2025-01-23T18:40:00Z,1,1
S002391,train,1,0,none,none,2025-01-23T18:50:00Z,,0
S002392,train,1,0,none,none,2025-01-23T19:00:00Z,,0
S002393,train,1,0,none,none,2025-01-23T19:10:00Z,,0
S002394,train,1,0,none,none,2025-01-23T19:20:00Z,,0
S002395,train,1,0,none,none,2025-01-23T19:30:00Z,1,1
S002396,train,1,0,none,none,2025-01-23T19:40:00Z,,0
S002397,train,1,0,none,none,2025-01-23T19:50:00Z,,0
S002398,train,1,0,none,none,2025-01-23T20:00:00Z,,0
S002399,train,1,0,none,none,2025-01-23T20:10:00Z,,0
S002400,train,1,0,none,none,2025-01-23T20:20:00Z,,0
S002401,train,1,0,none,none,2025-01-23T20:30:00Z,1,1
S002402,train,1,0,none,none,2025-01-23T20:40:00Z,,0
S002403,train,1,0,none,none,2025-01-23T20:50:00Z,1,1
S002404,train,1,0,none,none,2025-01-23T21:00:00Z,,0
S002405,train,1,0,none,none,2025-01-23T21:10:00Z,,0
S002406,train,1,0,none,none,2025-01-23T21:20:00Z,,0
S002407,train,1,0,none,none,2025-01-23T21:30:00Z,1,1
S002408,train,0,1,underfill_void,molding,2025-01-23T21:40:00Z,,0
S002409,train,1,0,none,none,2025-01-23T21:50:00Z,,0
S002410,train,1,0,none,none,2025-01-23T22:00:00Z,,0
S002411,train,1,0,none,none,2025-01-23T22:10:00Z,,0
S002412,train,1,0,none,none,2025-01-23T22:20:00Z,,0
S002413,train,1,0,none,none,2025-01-23T22:30:00Z,,0
S002414,train,1,0,none,none,2025-01-23T22:40:00Z,,0
S002415,train,1,0,none,none,2025-01-23T22:50:00Z,1,1
S002416,train,1,0,none,none,2025-01-23T23:00:00Z,1,1
S002417,train,1,0,none,none,2025-01-23T23:10:00Z,,0
S002418,train,1,0,none,none,2025-01-23T23:20:00Z,,0
S002419,train,1,0,none,none,2025-01-23T23:30:00Z,,0
S002420,train,1,0,none,none,2025-01-23T23:40:00Z,,0
S002421,train,1,0,none,none,2025-01-23T23:50:00Z,,0
S002422,train,1,0,none,none,2025-01-24T00:00:00Z,,0
S002423,train,1,0,none,none,2025-01-24T00:10:00Z,1,1
S002424,train,1,0,none,none,2025-01-24T00:20:00Z,,0
S002425,train,1,0,none,none,2025-01-24T00:30:00Z,,0
S002426,train,1,0,none,none,2025-01-24T00:40:00Z,,0
S002427,train,1,0,none,none,2025-01-24T00:50:00Z,,0
S002428,train,1,0,none,none,2025-01-24T01:00:00Z,,0
S002429,train,1,0,none,none,2025-01-24T01:10:00Z,,0
S002430,train,1,0,none,none,2025-01-24T01:20:00Z,,0
S002431,train,0,1,underfill_void,molding,2025-01-24T01:30:00Z,,0
S002432,train,1,0,none,none,2025-01-24T01:40:00Z,1,1
S002433,train,1,0,none,none,2025-01-24T01:50:00Z,,0
S002434,train,1,0,none,none,2025-01-24T02:00:00Z,,0
S002435,train,1,0,none,none,2025-01-24T03:40:00Z,1,1
S002436,train,1,0,none,none,2025-01-24T03:50:00Z,,0
S002437,train,1,0,none,none,2025-01-24T04:00:00Z,,0
S002438,train,1,0,none,none,2025-01-24T04:10:00Z,,0
S002439,train,1,0,none,none,2025-01-24T04:20:00Z,1,1
S002440,train,1,0,none,none,2025-01-24T04:30:00Z,,0
S002441,train,1,0,none,none,2025-01-24T04:40:00Z,,0
S002442,train,1,0,none,none,2025-01-24T04:50:00Z,,0
S002443,train,1,0,none,none,2025-01-24T05:00:00Z,,0
S002444,train,1,0,none,none,2025-01-24T05:10:00Z,,0
S002445,train,1,0,none,none,2025-01-24T05:20:00Z,1,1
S002446,train,1,0,none,none,2025-01-24T05:30:00Z,1,1
S002447,train,1,0,none,none,2025-01-24T05:40:00Z,,0
S002448,train,1,0,none,none,2025-01-24T05:50:00Z,1,1
S002449,train,1,0,none,none,2025-01-24T06:00:00Z,,0
S002450,train,1,0,none,none,2025-01-24T06:10:00Z,,0
S002451,train,1,0,none,none,2025-01-24T06:20:00Z,,0
S002452,train,1,0,none,none,2025-01-24T06:30:00Z,,0
S002453,train,1,0,none,none,2025-01-24T06:40:00Z,,0
S002454,train,1,0,none,none,2025-01-24T06:50:00Z,1,1
S002455,train,1,0,none,none,2025-01-24T07:00:00Z,,0
S002456,train,1,0,none,none,2025-01-24T07:10:00Z,,0
S002457,train,1,0,none,none,2025-01-24T07:20:00Z,,0
S002458,train,1,0,none,none,2025-01-24T07:30:00Z,,0
S002459,train,1,0,none,none,2025-01-24T07:40:00Z,0,1
S002460,train,1,0,none,none,2025-01-24T07:50:00Z,,0
S002461,train,1,0,none,none,2025-01-24T08:00:00Z,,0
S002462,train,1,0,none,none,2025-01-24T08:10:00Z,,0
S002463,train,1,0,none,none,2025-01-24T08:20:00Z,,0
S002464,train,1,0,none,none,2025-01-24T08:30:00Z,,0
S002465,train,1,0,none,none,2025-01-24T08:40:00Z,,0
S002466,train,1,0,none,none,2025-01-24T08:50:00Z,1,1
S002467,train,1,0,none,none,2025-01-24T09:00:00Z,,0
S002468,train,1,0,none,none,2025-01-24T09:10:00Z,,0
S002469,train,1,0,none,none,2025-01-24T09:20:00Z,,0
S002470,train,1,0,none,none,2025-01-24T09:30:00Z,1,1
S002471,train,1,0,none,none,2025-01-24T09:40:00Z,1,1
S002472,train,1,0,none,none,2025-01-24T09:50:00Z,,0
S002473,train,1,0,none,none,2025-01-24T10:00:00Z,,0
S002474,train,1,0,none,none,2025-01-24T10:10:00Z,,0
S002475,train,1,0,none,none,2025-01-24T10:20:00Z,1,1
S002476,train,1,0,none,none,2025-01-24T10:30:00Z,,0
S002477,train,1,0,none,none,2025-01-24T10:40:00Z,,0
S002478,train,1,0,none,none,2025-01-24T10:50:00Z,,0
S002479,train,1,0,none,none,2025-01-24T11:00:00Z,,0
S002480,train,1,0,none,none,2025-01-24T11:10:00Z,1,1
S002481,train,1,0,none,none,2025-01-24T11:20:00Z,1,1
S002482,train,1,0,none,none,2025-01-24T11:30:00Z,1,1
S002483,train,1,0,none,none,2025-01-24T11:40:00Z,,0
S002484,train,1,0,none,none,2025-01-24T11:50:00Z,,0
S002485,train,1,0,none,none,2025-01-24T12:00:00Z,1,1
S002486,train,1,0,none,none,2025-01-24T12:10:00Z,,0
S002487,train,1,0,none,none,2025-01-24T12:20:00Z,,0
S002488,train,1,0,none,none,2025-01-24T12:30:00Z,,0
S002489,train,1,0,none,none,2025-01-24T12:40:00Z,,0
S002490,train,1,0,none,none,2025-01-24T12:50:00Z,1,1
S002491,train,1,0,none,none,2025-01-24T13:00:00Z,,0
S002492,train,1,0,none,none,2025-01-24T13:10:00Z,,0
S002493,train,1,0,none,none,2025-01-24T13:20:00Z,,0
S002494,train,1,0,none,none,2025-01-24T13:30:00Z,,0
S002495,train,1,0,none,none,2025-01-24T13:40:00Z,,0
S002496,train,1,0,none,none,2025-01-24T13:50:00Z,,0
S002497,train,1,0,none,none,2025-01-24T14:00:00Z,1,1
S002498,train,1,0,none,none,2025-01-24T14:10:00Z,,0
S002499,train,1,0,none,none,2025-01-24T15:40:00Z,1,1
S002500,train,1,0,none,none,2025-01-24T15:50:00Z,1,1
S002501,train,1,0,none,none,2025-01-24T16:00:00Z,,0
S002502,train,1,0,none,none,2025-01-24T16:10:00Z,1,1
S002503,train,1,0,none,none,2025-01-24T16:20:00Z,1,1
S002504,train,1,0,none,none,2025-01-24T16:30:00Z,,0
S002505,train,1,0,none,none,2025-01-24T16:40:00Z,,0
S002506,train,1,0,none,none,2025-01-24T16:50:00Z,,0
S002507,train,0,1,warpage,assembly,2025-01-24T17:00:00Z,,0
S002508,train,1,0,none,none,2025-01-24T17:10:00Z,,0
S002509,train,1,0,none,none,2025-01-24T17:20:00Z,,0
S002510,train,1,0,none,none,2025-01-24T17:30:00Z,,0
S002511,train,1,0,none,none,2025-01-24T17:40:00Z,,0
S002512,train,1,0,none,none,2025-01-24T17:50:00Z,,0
S002513,train,0,1,underfill_void,molding,2025-01-24T18:00:00Z,,0
S002514,train,1,0,none,none,2025-01-24T18:10:00Z,,0
S002515,train,1,0,none,none,2025-01-24T18:20:00Z,1,1
S002516,train,1,0,none,none,2025-01-24T18:30:00Z,,0
S002517,train,1,0,none,none,2025-01-24T18:40:00Z,,0
S002518,train,1,0,none,none,2025-01-24T18:50:00Z,,0
S002519,train,1,0,none,none,2025-01-24T19:00:00Z,1,1
S002520,train,1,0,none,none,2025-01-24T19:10:00Z,,0
S002521,train,1,0,none,none,2025-01-24T19:20:00Z,,0
S002522,train,1,0,none,none,2025-01-24T19:30:00Z,,0
S002523,train,1,0,none,none,2025-01-24T19:40:00Z,1,1
S002524,train,1,0,none,none,2025-01-24T19:50:00Z,,0
S002525,train,1,0,none,none,2025-01-24T20:00:00Z,,0
S002526,train,1,0,none,none,2025-01-24T20:10:00Z,,0
S002527,train,0,1,underfill_void,molding,2025-01-24T20:20:00Z,,0
S002528,train,1,0,none,none,2025-01-24T20:30:00Z,1,1
S002529,train,1,0,none,none,2025-01-24T20:40:00Z,1,1
S002530,train,1,0,none,none,2025-01-24T20:50:00Z,,0
S002531,train,0,1,delamination,molding,2025-01-24T21:00:00Z,,0
S002532,train,1,0,none,none,2025-01-24T21:10:00Z,,0
S002533,train,1,0,none,none,2025-01-24T21:20:00Z,,0
S002534,train,1,0,none,none,2025-01-24T21:30:00Z,1,1
S002535,train,1,0,none,none,2025-01-24T21:40:00Z,,0
S002536,train,1,0,none,none,2025-01-24T21:50:00Z,,0
S002537,train,1,0,none,none,2025-01-24T22:00:00Z,1,1
S002538,train,1,0,none,none,2025-01-24T22:10:00Z,,0
S002539,train,1,0,none,none,2025-01-24T22:20:00Z,,0
S002540,train,1,0,none,none,2025-01-24T22:30:00Z,,0
S002541,train,1,0,none,none,2025-01-24T22:40:00Z,,0
S002542,train,1,0,none,none,2025-01-24T22:50:00Z,,0
S002543,train,1,0,none,none,2025-01-24T23:00:00Z,,0
S002544,train,1,0,none,none,2025-01-24T23:10:00Z,,0
S002545,train,1,0,none,none,2025-01-24T23:20:00Z,1,1
S002546,train,1,0,none,none,2025-01-24T23:30:00Z,,0
S002547,train,1,0,none,none,2025-01-24T23:40:00Z,,0
S002548,train,1,0,none,none,2025-01-24T23:50:00Z,,0
S002549,train,1,0,none,none,2025-01-25T00:00:00Z,,0
S002550,train,1,0,none,none,2025-01-25T00:10:00Z,,0
S002551,train,1,0,none,none,2025-01-25T00:20:00Z,,0
S002552,train,1,0,none,none,2025-01-25T00:30:00Z,,0
S002553,train,1,0,none,none,2025-01-25T00:40:00Z,,0
S002554,train,1,0,none,none,2025-01-25T00:50:00Z,1,1
S002555,train,1,0,none,none,2025-01-25T01:00:00Z,,0
S002556,train,1,0,none,none,2025-01-25T01:10:00Z,1,1
S002557,train,1,0,none,none,2025-01-25T01:20:00Z,,0
S002558,train,1,0,none,none,2025-01-25T01:30:00Z,,0
S002559,train,1,0,none,none,2025-01-25T03:40:00Z,,0
S002560,train,1,0,none,none,2025-01-25T03:50:00Z,,0
S002561,train,1,0,none,none,2025-01-25T04:00:00Z,1,1
S002562,train,1,0,none,none,2025-01-25T04:10:00Z,,0
S002563,train,1,0,none,none,2025-01-25T04:20:00Z,,0
S002564,train,1,0,none,none,2025-01-25T04:30:00Z,,0
S002565,train,1,0,none,none,2025-01-25T04:40:00Z,,0
S002566,train,1,0,none,none,2025-01-25T04:50:00Z,,0
S002567,train,0,1,warpage,assembly,2025-01-25T05:00:00Z,,0
S002568,train,1,0,none,none,2025-01-25T05:10:00Z,,0
S002569,train,1,0,none,none,2025-01-25T05:20:00Z,,0
S002570,train,1,0,none,none,2025-01-25T05:30:00Z,,0
S002571,train,1,0,none,none,2025-01-25T05:40:00Z,,0
S002572,train,1,0,none,none,2025-01-25T05:50:00Z,,0
S002573,train,1,0,none,none,2025-01-25T06:00:00Z,,0
S002574,train,1,0,none,none,2025-01-25T06:10:00Z,1,1
S002575,train,1,0,none,none,2025-01-25T06:20:00Z,,0
S002576,train,1,0,none,none,2025-01-25T06:30:00Z,,0
S002577,train,1,0,none,none,2025-01-25T06:40:00Z,,0
S002578,train,1,0,none,none,2025-01-25T06:50:00Z,,0
S002579,train,1,0,none,none,2025-01-25T07:00:00Z,,0
S002580,train,1,0,none,none,2025-01-25T07:10:00Z,,0
S002581,train,1,0,none,none,2025-01-25T07:20:00Z,,0
S002582,train,1,0,none,none,2025-01-25T07:30:00Z,,0
S002583,train,1,0,none,none,2025-01-25T07:40:00Z,,0
S002584,train,1,0,none,none,2025-01-25T07:50:00Z,,0
S002585,train,1,0,none,none,2025-01-25T08:00:00Z,1,1
S002586,train,1,0,none,none,2025-01-25T08:10:00Z,1,1
S002587,train,1,0,none,none,2025-01-25T08:20:00Z,1,1
S002588,train,1,0,none,none,2025-01-25T08:30:00Z,,0
S002589,train,1,0,none,none,2025-01-25T08:40:00Z,,0
S002590,train,1,0,none,none,2025-01-25T08:50:00Z,,0
S002591,train,1,0,none,none,2025-01-25T09:00:00Z,,0
S002592,train,1,0,none,none,2025-01-25T09:10:00Z,,0
S002593,train,1,0,none,none,2025-01-25T09:20:00Z,,0
S002594,train,0,1,underfill_void,molding,2025-01-25T09:30:00Z,,0
S002595,train,1,0,none,none,2025-01-25T09:40:00Z,,0
S002596,train,1,0,none,none,2025-01-25T09:50:00Z,,0
S002597,train,1,0,none,none,2025-01-25T10:00:00Z,1,1
S002598,train,0,1,microbump_open_bridge,reflow,2025-01-25T10:10:00Z,,0
S002599,train,1,0,none,none,2025-01-25T10:20:00Z,,0
S002600,train,1,0,none,none,2025-01-25T10:30:00Z,,0
S002601,train,1,0,none,none,2025-01-25T10:40:00Z,1,1
S002602,train,1,0,none,none,2025-01-25T10:50:00Z,,0
S002603,train,1,0,none,none,2025-01-25T11:00:00Z,,0
S002604,train,1,0,none,none,2025-01-25T11:10:00Z,,0
S002605,train,1,0,none,none,2025-01-25T11:20:00Z,,0
S002606,train,1,0,none,none,2025-01-25T11:30:00Z,,0
S002607,train,1,0,none,none,2025-01-25T11:40:00Z,,0
S002608,train,1,0,none,none,2025-01-25T11:50:00Z,,0
S002609,train,1,0,none,none,2025-01-25T12:00:00Z,,0
S002610,train,1,0,none,none,2025-01-25T12:10:00Z,,0
S002611,train,1,0,none,none,2025-01-25T12:20:00Z,,0
S002612,train,1,0,none,none,2025-01-25T12:30:00Z,,0
S002613,train,1,0,none,none,2025-01-25T12:40:00Z,,0
S002614,train,1,0,none,none,2025-01-25T12:50:00Z,1,1
S002615,train,1,0,none,none,2025-01-25T13:00:00Z,,0
S002616,train,1,0,none,none,2025-01-25T13:10:00Z,1,1
S002617,train,1,0,none,none,2025-01-25T13:20:00Z,,0
S002618,train,1,0,none,none,2025-01-25T13:30:00Z,,0
S002619,train,1,0,none,none,2025-01-25T13:40:00Z,1,1
S002620,train,1,0,none,none,2025-01-25T13:50:00Z,,0
S002621,train,1,0,none,none,2025-01-25T14:00:00Z,1,1
S002622,train,1,0,none,none,2025-01-25T14:10:00Z,,0
S002623,train,1,0,none,none,2025-01-25T15:40:00Z,,0
S002624,train,1,0,none,none,2025-01-25T15:50:00Z,,0
S002625,train,1,0,none,none,2025-01-25T16:00:00Z,,0
S002626,train,1,0,none,none,2025-01-25T16:10:00Z,,0
S002627,train,0,1,warpage,assembly,2025-01-25T16:20:00Z,,0
S002628,train,1,0,none,none,2025-01-25T16:30:00Z,1,1
S002629,train,1,0,none,none,2025-01-25T16:40:00Z,,0
S002630,train,1,0,none,none,2025-01-25T16:50:00Z,,0
S002631,train,1,0,none,none,2025-01-25T17:00:00Z,,0
S002632,train,1,0,none,none,2025-01-25T17:10:00Z,,0
S002633,train,1,0,none,none,2025-01-25T17:20:00Z,,0
S002634,train,1,0,none,none,2025-01-25T17:30:00Z,,0
S002635,train,1,0,none,none,2025-01-25T17:40:00Z,,0
S002636,train,1,0,none,none,2025-01-25T17:50:00Z,,0
S002637,train,1,0,none,none,2025-01-25T18:00:00Z,,0
S002638,train,1,0,none,none,2025-01-25T18:10:00Z,,0
S002639,train,1,0,none,none,2025-01-25T18:20:00Z,1,1
S002640,train,1,0,none,none,2025-01-25T18:30:00Z,,0
S002641,train,1,0,none,none,2025-01-25T18:40:00Z,,0
S002642,train,1,0,none,none,2025-01-25T18:50:00Z,,0
S002643,train,1,0,none,none,2025-01-25T19:00:00Z,1,1
S002644,train,1,0,none,none,2025-01-25T19:10:00Z,,0
S002645,train,1,0,none,none,2025-01-25T19:20:00Z,,0
S002646,train,1,0,none,none,2025-01-25T19:30:00Z,,0
S002647,train,1,0,none,none,2025-01-25T19:40:00Z,,0
S002648,train,1,0,none,none,2025-01-25T19:50:00Z,1,1
S002649,train,1,0,none,none,2025-01-25T20:00:00Z,1,1
S002650,train,1,0,none,none,2025-01-25T20:10:00Z,,0
S002651,train,1,0,none,none,2025-01-25T20:20:00Z,,0
S002652,train,1,0,none,none,2025-01-25T20:30:00Z,,0
S002653,train,1,0,none,none,2025-01-25T20:40:00Z,0,1
S002654,train,1,0,none,none,2025-01-25T20:50:00Z,,0
S002655,train,1,0,none,none,2025-01-25T21:00:00Z,,0
S002656,train,1,0,none,none,2025-01-25T21:10:00Z,,0
S002657,train,1,0,none,none,2025-01-25T21:20:00Z,,0
S002658,train,1,0,none,none,2025-01-25T21:30:00Z,,0
S002659,train,1,0,none,none,2025-01-25T21:40:00Z,,0
S002660,train,1,0,none,none,2025-01-25T21:50:00Z,,0
S002661,train,1,0,none,none,2025-01-25T22:00:00Z,1,1
S002662,train,1,0,none,none,2025-01-25T22:10:00Z,,0
S002663,train,1,0,none,none,2025-01-25T22:20:00Z,,0
S002664,train,1,0,none,none,2025-01-25T22:30:00Z,1,1
S002665,train,1,0,none,none,2025-01-25T22:40:00Z,,0
S002666,train,1,0,none,none,2025-01-25T22:50:00Z,,0
S002667,train,1,0,none,none,2025-01-25T23:00:00Z,,0
S002668,train,1,0,none,none,2025-01-25T23:10:00Z,,0
S002669,train,1,0,none,none,2025-01-25T23:20:00Z,1,1
S002670,train,1,0,none,none,2025-01-25T23:30:00Z,,0
S002671,train,1,0,none,none,2025-01-25T23:40:00Z,,0
S002672,train,1,0,none,none,2025-01-25T23:50:00Z,,0
S002673,train,1,0,none,none,2025-01-26T00:00:00Z,1,1
S002674,train,1,0,none,none,2025-01-26T00:10:00Z,,0
S002675,train,1,0,none,none,2025-01-26T00:20:00Z,,0
S002676,train,1,0,none,none,2025-01-26T00:30:00Z,,0
S002677,train,1,0,none,none,2025-01-26T00:40:00Z,,0
S002678,train,1,0,none,none,2025-01-26T00:50:00Z,,0
S002679,train,1,0,none,none,2025-01-26T01:00:00Z,,0
S002680,train,1,0,none,none,2025-01-26T01:10:00Z,,0
S002681,train,1,0,none,none,2025-01-26T01:20:00Z,,0
S002682,train,1,0,none,none,2025-01-26T01:30:00Z,,0
S002683,train,1,0,none,none,2025-01-26T01:40:00Z,,0
S002684,train,1,0,none,none,2025-01-26T01:50:00Z,,0
S002685,train,1,0,none,none,2025-01-26T02:00:00Z,1,1
S002686,train,1,0,none,none,2025-01-26T02:10:00Z,,0
S002687,train,1,0,none,none,2025-01-26T02:20:00Z,,0
S002688,train,1,0,none,none,2025-01-26T02:30:00Z,1,1
S002689,train,1,0,none,none,2025-01-26T02:40:00Z,1,1
S002690,train,1,0,none,none,2025-01-26T02:50:00Z,1,1
S002691,train,1,0,none,none,2025-01-26T03:00:00Z,,0
S002692,train,1,0,none,none,2025-01-26T03:10:00Z,,0
S002693,train,1,0,none,none,2025-01-26T03:20:00Z,,0
S002694,train,1,0,none,none,2025-01-26T03:30:00Z,1,1
S002695,train,1,0,none,none,2025-01-26T03:40:00Z,,0
S002696,train,1,0,none,none,2025-01-26T03:50:00Z,,0
S002697,train,1,0,none,none,2025-01-26T04:00:00Z,1,1
S002698,train,1,0,none,none,2025-01-26T04:10:00Z,,0
S002699,train,1,0,none,none,2025-01-26T04:20:00Z,,0
S002700,train,1,0,none,none,2025-01-26T04:30:00Z,,0
S002701,train,1,0,none,none,2025-01-26T04:40:00Z,,0
S002702,train,1,0,none,none,2025-01-26T04:50:00Z,,0
S002703,train,1,0,none,none,2025-01-26T05:00:00Z,1,1
S002704,train,1,0,none,none,2025-01-26T05:10:00Z,,0
S002705,train,1,0,none,none,2025-01-26T05:20:00Z,,0
S002706,train,1,0,none,none,2025-01-26T05:30:00Z,,0
S002707,train,1,0,none,none,2025-01-26T05:40:00Z,,0
S002708,train,1,0,none,none,2025-01-26T05:50:00Z,,0
S002709,train,0,1,warpage,assembly,2025-01-26T06:00:00Z,,0
S002710,train,1,0,none,none,2025-01-26T06:10:00Z,,0
S002711,train,1,0,none,none,2025-01-26T06:20:00Z,,0
S002712,train,1,0,none,none,2025-01-26T06:30:00Z,,0
S002713,train,1,0,none,none,2025-01-26T06:40:00Z,,0
S002714,train,1,0,none,none,2025-01-26T06:50:00Z,1,1
S002715,train,1,0,none,none,2025-01-26T03:40:00Z,,0
S002716,train,1,0,none,none,2025-01-26T03:50:00Z,,0
S002717,train,1,0,none,none,2025-01-26T04:00:00Z,,0
S002718,train,1,0,none,none,2025-01-26T04:10:00Z,1,1
S002719,train,1,0,none,none,2025-01-26T04:20:00Z,1,1
S002720,train,1,0,none,none,2025-01-26T04:30:00Z,1,1
S002721,train,1,0,none,none,2025-01-26T04:40:00Z,,0
S002722,train,1,0,none,none,2025-01-26T04:50:00Z,,0
S002723,train,1,0,none,none,2025-01-26T05:00:00Z,,0
S002724,train,1,0,none,none,2025-01-26T05:10:00Z,,0
S002725,train,1,0,none,none,2025-01-26T05:20:00Z,1,1
S002726,train,0,1,multiple,multiple,2025-01-26T05:30:00Z,,0
S002727,train,1,0,none,none,2025-01-26T05:40:00Z,1,1
S002728,train,1,0,none,none,2025-01-26T05:50:00Z,,0
S002729,train,1,0,none,none,2025-01-26T06:00:00Z,,0
S002730,train,1,0,none,none,2025-01-26T06:10:00Z,,0
S002731,train,1,0,none,none,2025-01-26T06:20:00Z,1,1
S002732,train,1,0,none,none,2025-01-26T06:30:00Z,,0
S002733,train,1,0,none,none,2025-01-26T06:40:00Z,,0
S002734,train,1,0,none,none,2025-01-26T06:50:00Z,1,1
S002735,train,1,0,none,none,2025-01-26T07:00:00Z,,0
S002736,train,1,0,none,none,2025-01-26T07:10:00Z,,0
S002737,train,1,0,none,none,2025-01-26T07:20:00Z,,0
S002738,train,1,0,none,none,2025-01-26T07:30:00Z,1,1
S002739,train,1,0,none,none,2025-01-26T07:40:00Z,,0
S002740,train,1,0,none,none,2025-01-26T07:50:00Z,,0
S002741,train,1,0,none,none,2025-01-26T08:00:00Z,1,1
S002742,train,1,0,none,none,2025-01-26T08:10:00Z,,0
S002743,train,1,0,none,none,2025-01-26T08:20:00Z,,0
S002744,train,1,0,none,none,2025-01-26T08:30:00Z,,0
S002745,train,1,0,none,none,2025-01-26T08:40:00Z,,0
S002746,train,1,0,none,none,2025-01-26T08:50:00Z,,0
S002747,train,1,0,none,none,2025-01-26T09:00:00Z,,0
S002748,train,1,0,none,none,2025-01-26T09:10:00Z,1,1
S002749,train,1,0,none,none,2025-01-26T09:20:00Z,,0
S002750,train,1,0,none,none,2025-01-26T09:30:00Z,,0
S002751,train,1,0,none,none,2025-01-26T09:40:00Z,1,1
S002752,train,1,0,none,none,2025-01-26T09:50:00Z,,0
S002753,train,1,0,none,none,2025-01-26T10:00:00Z,,0
S002754,train,1,0,none,none,2025-01-26T10:10:00Z,1,1
S002755,train,1,0,none,none,2025-01-26T10:20:00Z,1,1
S002756,train,1,0,none,none,2025-01-26T10:30:00Z,,0
S002757,train,1,0,none,none,2025-01-26T10:40:00Z,,0
S002758,train,1,0,none,none,2025-01-26T10:50:00Z,,0
S002759,train,1,0,none,none,2025-01-26T11:00:00Z,,0
S002760,train,1,0,none,none,2025-01-26T11:10:00Z,,0
S002761,train,1,0,none,none,2025-01-26T11:20:00Z,1,1
S002762,train,1,0,none,none,2025-01-26T11:30:00Z,1,1
S002763,train,1,0,none,none,2025-01-26T11:40:00Z,,0
S002764,train,1,0,none,none,2025-01-26T11:50:00Z,,0
S002765,train,1,0,none,none,2025-01-26T12:00:00Z,,0
S002766,train,1,0,none,none,2025-01-26T12:10:00Z,,0
S002767,train,1,0,none,none,2025-01-26T12:20:00Z,,0
S002768,train,1,0,none,none,2025-01-26T12:30:00Z,,0
S002769,train,1,0,none,none,2025-01-26T12:40:00Z,,0
S002770,train,0,1,delamination,molding,2025-01-26T12:50:00Z,,0
S002771,train,1,0,none,none,2025-01-26T13:00:00Z,1,1
S002772,train,1,0,none,none,2025-01-26T13:10:00Z,,0
S002773,train,1,0,none,none,2025-01-26T15:40:00Z,,0
S002774,train,1,0,none,none,2025-01-26T15:50:00Z,,0
S002775,train,1,0,none,none,2025-01-26T16:00:00Z,,0
S002776,train,0,1,dram_electrical,dram_or_base,2025-01-26T16:10:00Z,,0
S002777,train,1,0,none,none,2025-01-26T16:20:00Z,,0
S002778,train,1,0,none,none,2025-01-26T16:30:00Z,1,1
S002779,train,1,0,none,none,2025-01-26T16:40:00Z,,0
S002780,train,1,0,none,none,2025-01-26T16:50:00Z,,0
S002781,train,1,0,none,none,2025-01-26T17:00:00Z,,0
S002782,train,1,0,none,none,2025-01-26T17:10:00Z,1,1
S002783,train,1,0,none,none,2025-01-26T17:20:00Z,,0
S002784,train,1,0,none,none,2025-01-26T17:30:00Z,,0
S002785,train,1,0,none,none,2025-01-26T17:40:00Z,,0
S002786,train,1,0,none,none,2025-01-26T17:50:00Z,,0
S002787,train,1,0,none,none,2025-01-26T18:00:00Z,,0
S002788,train,1,0,none,none,2025-01-26T18:10:00Z,,0
S002789,train,0,1,warpage,assembly,2025-01-26T18:20:00Z,,0
S002790,train,1,0,none,none,2025-01-26T18:30:00Z,,0
S002791,train,0,1,warpage,assembly,2025-01-26T18:40:00Z,,0
S002792,train,1,0,none,none,2025-01-26T18:50:00Z,,0
S002793,train,1,0,none,none,2025-01-26T19:00:00Z,,0
S002794,train,1,0,none,none,2025-01-26T19:10:00Z,,0
S002795,train,1,0,none,none,2025-01-26T19:20:00Z,,0
S002796,train,1,0,none,none,2025-01-26T19:30:00Z,,0
S002797,train,0,1,tsv_open_short,tsv_or_interconnect,2025-01-26T19:40:00Z,,0
S002798,train,1,0,none,none,2025-01-26T19:50:00Z,1,1
S002799,train,1,0,none,none,2025-01-26T20:00:00Z,,0
S002800,train,1,0,none,none,2025-01-26T20:10:00Z,1,1
S002801,train,1,0,none,none,2025-01-26T20:20:00Z,,0
S002802,train,1,0,none,none,2025-01-26T20:30:00Z,,0
S002803,train,1,0,none,none,2025-01-26T20:40:00Z,,0
S002804,train,1,0,none,none,2025-01-26T20:50:00Z,1,1
S002805,train,1,0,none,none,2025-01-26T21:00:00Z,,0
S002806,train,1,0,none,none,2025-01-26T21:10:00Z,,0
S002807,train,1,0,none,none,2025-01-26T21:20:00Z,,0
S002808,train,1,0,none,none,2025-01-26T21:30:00Z,,0
S002809,train,1,0,none,none,2025-01-26T21:40:00Z,,0
S002810,train,1,0,none,none,2025-01-26T21:50:00Z,,0
S002811,train,1,0,none,none,2025-01-26T22:00:00Z,,0
S002812,train,1,0,none,none,2025-01-26T22:10:00Z,,0
S002813,train,0,1,delamination,molding,2025-01-26T22:20:00Z,,0
S002814,train,1,0,none,none,2025-01-26T22:30:00Z,,0
S002815,train,1,0,none,none,2025-01-26T22:40:00Z,1,1
S002816,train,1,0,none,none,2025-01-26T22:50:00Z,,0
S002817,train,1,0,none,none,2025-01-26T23:00:00Z,,0
S002818,train,1,0,none,none,2025-01-26T23:10:00Z,,0
S002819,train,1,0,none,none,2025-01-26T23:20:00Z,1,1
S002820,train,1,0,none,none,2025-01-26T23:30:00Z,,0
S002821,train,1,0,none,none,2025-01-26T23:40:00Z,,0
S002822,train,1,0,none,none,2025-01-26T23:50:00Z,1,1
S002823,train,1,0,none,none,2025-01-27T00:00:00Z,,0
S002824,train,1,0,none,none,2025-01-27T00:10:00Z,,0
S002825,train,1,0,none,none,2025-01-27T00:20:00Z,,0
S002826,train,1,0,none,none,2025-01-27T00:30:00Z,,0
S002827,train,1,0,none,none,2025-01-27T00:40:00Z,,0
S002828,train,1,0,none,none,2025-01-27T00:50:00Z,,0
S002829,train,1,0,none,none,2025-01-27T01:00:00Z,,0
S002830,train,1,0,none,none,2025-01-27T01:10:00Z,,0
S002831,train,1,0,none,none,2025-01-27T01:20:00Z,1,1
S002832,train,1,0,none,none,2025-01-27T01:30:00Z,,0
S002833,train,1,0,none,none,2025-01-27T01:40:00Z,,0
S002834,train,1,0,none,none,2025-01-27T01:50:00Z,1,1
S002835,train,1,0,none,none,2025-01-27T02:00:00Z,,0
S002836,train,1,0,none,none,2025-01-27T02:10:00Z,1,1
S002837,train,1,0,none,none,2025-01-27T02:20:00Z,1,1
S002838,train,1,0,none,none,2025-01-27T02:30:00Z,,0
S002839,train,1,0,none,none,2025-01-27T02:40:00Z,,0
S002840,train,1,0,none,none,2025-01-27T02:50:00Z,,0
S002841,train,1,0,none,none,2025-01-27T03:00:00Z,,0
S002842,train,1,0,none,none,2025-01-27T03:10:00Z,,0
S002843,train,1,0,none,none,2025-01-27T03:20:00Z,1,1
S002844,train,1,0,none,none,2025-01-27T03:30:00Z,,0
S002845,train,1,0,none,none,2025-01-27T03:40:00Z,,0
S002846,train,1,0,none,none,2025-01-27T03:50:00Z,,0
S002847,train,1,0,none,none,2025-01-27T04:00:00Z,,0
S002848,train,1,0,none,none,2025-01-27T04:10:00Z,1,1
S002849,train,1,0,none,none,2025-01-27T04:20:00Z,,0
S002850,train,1,0,none,none,2025-01-27T04:30:00Z,,0
S002851,train,1,0,none,none,2025-01-27T04:40:00Z,,0
S002852,train,1,0,none,none,2025-01-27T04:50:00Z,,0
S002853,train,1,0,none,none,2025-01-27T05:00:00Z,1,1
S002854,train,0,1,dram_electrical,dram_or_base,2025-01-27T05:10:00Z,,0
S002855,train,1,0,none,none,2025-01-27T05:20:00Z,1,1
S002856,train,1,0,none,none,2025-01-27T05:30:00Z,1,1
S002857,train,1,0,none,none,2025-01-27T05:40:00Z,1,1
S002858,train,1,0,none,none,2025-01-27T05:50:00Z,,0
S002859,train,1,0,none,none,2025-01-27T06:00:00Z,,0
S002860,train,1,0,none,none,2025-01-27T06:10:00Z,,0
S002861,train,1,0,none,none,2025-01-27T06:20:00Z,,0
S002862,train,1,0,none,none,2025-01-27T06:30:00Z,1,1
S002863,train,1,0,none,none,2025-01-27T03:40:00Z,,0
S002864,train,1,0,none,none,2025-01-27T03:50:00Z,,0
S002865,train,1,0,none,none,2025-01-27T04:00:00Z,1,1
S002866,train,1,0,none,none,2025-01-27T04:10:00Z,,0
S002867,train,1,0,none,none,2025-01-27T04:20:00Z,,0
S002868,train,1,0,none,none,2025-01-27T04:30:00Z,,0
S002869,train,1,0,none,none,2025-01-27T04:40:00Z,,0
S002870,train,0,1,underfill_void,molding,2025-01-27T04:50:00Z,,0
S002871,train,1,0,none,none,2025-01-27T05:00:00Z,,0
S002872,train,1,0,none,none,2025-01-27T05:10:00Z,,0
S002873,train,1,0,none,none,2025-01-27T05:20:00Z,,0
S002874,train,1,0,none,none,2025-01-27T05:30:00Z,,0
S002875,train,1,0,none,none,2025-01-27T05:40:00Z,,0
S002876,train,1,0,none,none,2025-01-27T05:50:00Z,,0
S002877,train,1,0,none,none,2025-01-27T06:00:00Z,,0
S002878,train,1,0,none,none,2025-01-27T06:10:00Z,,0
S002879,train,1,0,none,none,2025-01-27T06:20:00Z,,0
S002880,train,1,0,none,none,2025-01-27T06:30:00Z,,0
S002881,train,1,0,none,none,2025-01-27T06:40:00Z,,0
S002882,train,1,0,none,none,2025-01-27T06:50:00Z,1,1
S002883,train,0,1,underfill_void,molding,2025-01-27T07:00:00Z,,0
S002884,train,1,0,none,none,2025-01-27T07:10:00Z,,0
S002885,train,1,0,none,none,2025-01-27T07:20:00Z,,0
S002886,train,1,0,none,none,2025-01-27T07:30:00Z,,0
S002887,train,1,0,none,none,2025-01-27T07:40:00Z,,0
S002888,train,1,0,none,none,2025-01-27T07:50:00Z,,0
S002889,train,0,1,die_crack,handling,2025-01-27T08:00:00Z,,0
S002890,train,1,0,none,none,2025-01-27T08:10:00Z,,0
S002891,train,1,0,none,none,2025-01-27T08:20:00Z,,0
S002892,train,1,0,none,none,2025-01-27T08:30:00Z,,0
S002893,train,1,0,none,none,2025-01-27T08:40:00Z,,0
S002894,train,1,0,none,none,2025-01-27T08:50:00Z,,0
S002895,train,1,0,none,none,2025-01-27T09:00:00Z,,0
S002896,train,1,0,none,none,2025-01-27T09:10:00Z,,0
S002897,train,1,0,none,none,2025-01-27T09:20:00Z,,0
S002898,train,1,0,none,none,2025-01-27T09:30:00Z,,0
S002899,train,1,0,none,none,2025-01-27T09:40:00Z,,0
S002900,train,1,0,none,none,2025-01-27T09:50:00Z,,0
S002901,train,1,0,none,none,2025-01-27T10:00:00Z,,0
S002902,train,1,0,none,none,2025-01-27T10:10:00Z,,0
S002903,train,1,0,none,none,2025-01-27T10:20:00Z,,0
S002904,train,0,1,underfill_void,molding,2025-01-27T10:30:00Z,,0
S002905,train,1,0,none,none,2025-01-27T10:40:00Z,,0
S002906,train,1,0,none,none,2025-01-27T10:50:00Z,,0
S002907,train,0,1,warpage,assembly,2025-01-27T11:00:00Z,,0
S002908,train,1,0,none,none,2025-01-27T11:10:00Z,,0
S002909,train,1,0,none,none,2025-01-27T11:20:00Z,1,1
S002910,train,1,0,none,none,2025-01-27T11:30:00Z,,0
S002911,train,1,0,none,none,2025-01-27T11:40:00Z,1,1
S002912,train,1,0,none,none,2025-01-27T11:50:00Z,,0
S002913,train,1,0,none,none,2025-01-27T12:00:00Z,,0
S002914,train,1,0,none,none,2025-01-27T12:10:00Z,,0
S002915,train,1,0,none,none,2025-01-27T12:20:00Z,,0
S002916,train,1,0,none,none,2025-01-27T12:30:00Z,,0
S002917,train,1,0,none,none,2025-01-27T12:40:00Z,,0
S002918,train,1,0,none,none,2025-01-27T12:50:00Z,,0
S002919,train,1,0,none,none,2025-01-27T13:00:00Z,,0
S002920,train,1,0,none,none,2025-01-27T13:10:00Z,,0
S002921,train,1,0,none,none,2025-01-27T13:20:00Z,,0
S002922,train,1,0,none,none,2025-01-27T15:40:00Z,,0
S002923,train,1,0,none,none,2025-01-27T15:50:00Z,,0
S002924,train,1,0,none,none,2025-01-27T16:00:00Z,,0
S002925,train,1,0,none,none,2025-01-27T16:10:00Z,,0
S002926,train,1,0,none,none,2025-01-27T16:20:00Z,,0
S002927,train,1,0,none,none,2025-01-27T16:30:00Z,,0
S002928,train,1,0,none,none,2025-01-27T16:40:00Z,,0
S002929,train,1,0,none,none,2025-01-27T16:50:00Z,,0
S002930,train,1,0,none,none,2025-01-27T17:00:00Z,,0
S002931,train,1,0,none,none,2025-01-27T17:10:00Z,,0
S002932,train,1,0,none,none,2025-01-27T17:20:00Z,1,1
S002933,train,1,0,none,none,2025-01-27T17:30:00Z,,0
S002934,train,1,0,none,none,2025-01-27T17:40:00Z,,0
S002935,train,1,0,none,none,2025-01-27T17:50:00Z,1,1
S002936,train,1,0,none,none,2025-01-27T18:00:00Z,,0
S002937,train,1,0,none,none,2025-01-27T18:10:00Z,,0
S002938,train,1,0,none,none,2025-01-27T18:20:00Z,1,1
S002939,train,1,0,none,none,2025-01-27T18:30:00Z,,0
S002940,train,1,0,none,none,2025-01-27T18:40:00Z,,0
S002941,train,1,0,none,none,2025-01-27T18:50:00Z,1,1
S002942,train,1,0,none,none,2025-01-27T19:00:00Z,,0
S002943,train,1,0,none,none,2025-01-27T19:10:00Z,,0
S002944,train,1,0,none,none,2025-01-27T19:20:00Z,,0
S002945,train,1,0,none,none,2025-01-27T19:30:00Z,,0
S002946,train,1,0,none,none,2025-01-27T19:40:00Z,,0
S002947,train,1,0,none,none,2025-01-27T19:50:00Z,1,1
S002948,train,1,0,none,none,2025-01-27T20:00:00Z,0,1
S002949,train,1,0,none,none,2025-01-27T20:10:00Z,,0
S002950,train,1,0,none,none,2025-01-27T20:20:00Z,,0
S002951,train,1,0,none,none,2025-01-27T20:30:00Z,,0
S002952,train,1,0,none,none,2025-01-27T20:40:00Z,,0
S002953,train,1,0,none,none,2025-01-27T20:50:00Z,,0
S002954,train,1,0,none,none,2025-01-27T21:00:00Z,1,1
S002955,train,1,0,none,none,2025-01-27T21:10:00Z,,0
S002956,train,1,0,none,none,2025-01-27T21:20:00Z,,0
S002957,train,1,0,none,none,2025-01-27T21:30:00Z,,0
S002958,train,0,1,delamination,molding,2025-01-27T21:40:00Z,,0
S002959,train,0,1,warpage,assembly,2025-01-27T21:50:00Z,,0
S002960,train,1,0,none,none,2025-01-27T22:00:00Z,,0
S002961,train,1,0,none,none,2025-01-27T22:10:00Z,,0
S002962,train,1,0,none,none,2025-01-27T22:20:00Z,,0
S002963,train,1,0,none,none,2025-01-27T22:30:00Z,,0
S002964,train,1,0,none,none,2025-01-27T22:40:00Z,,0
S002965,train,1,0,none,none,2025-01-27T22:50:00Z,,0
S002966,train,1,0,none,none,2025-01-27T23:00:00Z,1,1
S002967,train,1,0,none,none,2025-01-27T23:10:00Z,,0
S002968,train,1,0,none,none,2025-01-27T23:20:00Z,,0
S002969,train,1,0,none,none,2025-01-27T23:30:00Z,,0
S002970,train,1,0,none,none,2025-01-27T23:40:00Z,,0
S002971,train,1,0,none,none,2025-01-27T23:50:00Z,,0
S002972,train,1,0,none,none,2025-01-28T00:00:00Z,,0
S002973,train,1,0,none,none,2025-01-28T00:10:00Z,,0
S002974,train,1,0,none,none,2025-01-28T00:20:00Z,0,1
S002975,train,1,0,none,none,2025-01-28T00:30:00Z,,0
S002976,train,1,0,none,none,2025-01-28T00:40:00Z,,0
S002977,train,1,0,none,none,2025-01-28T00:50:00Z,,0
S002978,train,1,0,none,none,2025-01-28T01:00:00Z,,0
S002979,train,1,0,none,none,2025-01-28T01:10:00Z,,0
S002980,train,0,1,warpage,assembly,2025-01-28T01:20:00Z,,0
S002981,train,1,0,none,none,2025-01-28T01:30:00Z,,0
S002982,train,1,0,none,none,2025-01-28T01:40:00Z,,0
S002983,train,1,0,none,none,2025-01-28T03:40:00Z,,0
S002984,train,1,0,none,none,2025-01-28T03:50:00Z,,0
S002985,train,1,0,none,none,2025-01-28T04:00:00Z,1,1
S002986,train,1,0,none,none,2025-01-28T04:10:00Z,1,1
S002987,train,1,0,none,none,2025-01-28T04:20:00Z,,0
S002988,train,1,0,none,none,2025-01-28T04:30:00Z,,0
S002989,train,1,0,none,none,2025-01-28T04:40:00Z,,0
S002990,train,1,0,none,none,2025-01-28T04:50:00Z,,0
S002991,train,1,0,none,none,2025-01-28T05:00:00Z,1,1
S002992,train,1,0,none,none,2025-01-28T05:10:00Z,,0
S002993,train,1,0,none,none,2025-01-28T05:20:00Z,,0
S002994,train,0,1,warpage,assembly,2025-01-28T05:30:00Z,,0
S002995,train,1,0,none,none,2025-01-28T05:40:00Z,1,1
S002996,train,1,0,none,none,2025-01-28T05:50:00Z,,0
S002997,train,1,0,none,none,2025-01-28T06:00:00Z,,0
S002998,train,1,0,none,none,2025-01-28T06:10:00Z,,0
S002999,train,1,0,none,none,2025-01-28T06:20:00Z,,0
S003000,train,1,0,none,none,2025-01-28T06:30:00Z,1,1
S003001,train,1,0,none,none,2025-01-28T06:40:00Z,,0
S003002,train,1,0,none,none,2025-01-28T06:50:00Z,1,1
S003003,train,1,0,none,none,2025-01-28T07:00:00Z,,0
S003004,train,1,0,none,none,2025-01-28T07:10:00Z,,0
S003005,train,1,0,none,none,2025-01-28T07:20:00Z,,0
S003006,train,1,0,none,none,2025-01-28T07:30:00Z,,0
S003007,train,1,0,none,none,2025-01-28T07:40:00Z,1,1
S003008,train,1,0,none,none,2025-01-28T07:50:00Z,,0
S003009,train,1,0,none,none,2025-01-28T08:00:00Z,1,1
S003010,train,1,0,none,none,2025-01-28T08:10:00Z,,0
S003011,train,1,0,none,none,2025-01-28T08:20:00Z,,0
S003012,train,1,0,none,none,2025-01-28T08:30:00Z,,0
S003013,train,1,0,none,none,2025-01-28T08:40:00Z,,0
S003014,train,1,0,none,none,2025-01-28T08:50:00Z,,0
S003015,train,1,0,none,none,2025-01-28T09:00:00Z,,0
S003016,train,1,0,none,none,2025-01-28T09:10:00Z,,0
S003017,train,1,0,none,none,2025-01-28T09:20:00Z,1,1
S003018,train,1,0,none,none,2025-01-28T09:30:00Z,,0
S003019,train,1,0,none,none,2025-01-28T09:40:00Z,,0
S003020,train,1,0,none,none,2025-01-28T09:50:00Z,,0
S003021,train,1,0,none,none,2025-01-28T10:00:00Z,1,1
S003022,train,1,0,none,none,2025-01-28T10:10:00Z,0,1
S003023,train,1,0,none,none,2025-01-28T10:20:00Z,1,1
S003024,train,1,0,none,none,2025-01-28T10:30:00Z,,0
S003025,train,1,0,none,none,2025-01-28T10:40:00Z,,0
S003026,train,1,0,none,none,2025-01-28T10:50:00Z,,0
S003027,train,1,0,none,none,2025-01-28T11:00:00Z,,0
S003028,train,1,0,none,none,2025-01-28T11:10:00Z,1,1
S003029,train,1,0,none,none,2025-01-28T11:20:00Z,,0
S003030,train,1,0,none,none,2025-01-28T11:30:00Z,1,1
S003031,train,1,0,none,none,2025-01-28T11:40:00Z,,0
S003032,train,1,0,none,none,2025-01-28T11:50:00Z,,0
S003033,train,1,0,none,none,2025-01-28T12:00:00Z,,0
S003034,train,1,0,none,none,2025-01-28T12:10:00Z,,0
S003035,train,1,0,none,none,2025-01-28T12:20:00Z,,0
S003036,train,1,0,none,none,2025-01-28T12:30:00Z,,0
S003037,train,1,0,none,none,2025-01-28T12:40:00Z,1,1
S003038,train,1,0,none,none,2025-01-28T12:50:00Z,,0
S003039,train,1,0,none,none,2025-01-28T13:00:00Z,,0
S003040,train,1,0,none,none,2025-01-28T13:10:00Z,,0
S003041,train,1,0,none,none,2025-01-28T13:20:00Z,,0
S003042,train,1,0,none,none,2025-01-28T13:30:00Z,,0
S003043,train,1,0,none,none,2025-01-28T13:40:00Z,,0
S003044,train,1,0,none,none,2025-01-28T13:50:00Z,1,1
S003045,train,1,0,none,none,2025-01-28T14:00:00Z,,0
S003046,train,1,0,none,none,2025-01-28T14:10:00Z,,0
S003047,train,1,0,none,none,2025-01-28T14:20:00Z,,0
S003048,train,1,0,none,none,2025-01-28T14:30:00Z,1,1
S003049,train,1,0,none,none,2025-01-28T14:40:00Z,,0
S003050,train,1,0,none,none,2025-01-28T14:50:00Z,,0
S003051,train,1,0,none,none,2025-01-28T15:00:00Z,1,1
S003052,train,1,0,none,none,2025-01-28T15:10:00Z,,0
S003053,train,1,0,none,none,2025-01-28T15:20:00Z,,0
S003054,train,0,1,tsv_open_short,tsv_or_interconnect,2025-01-28T15:30:00Z,,0
S003055,train,1,0,none,none,2025-01-28T15:40:00Z,1,1
S003056,train,1,0,none,none,2025-01-28T15:50:00Z,,0
S003057,train,1,0,none,none,2025-01-28T16:00:00Z,,0
S003058,train,1,0,none,none,2025-01-28T16:10:00Z,,0
S003059,train,1,0,none,none,2025-01-28T16:20:00Z,1,1
S003060,train,1,0,none,none,2025-01-28T16:30:00Z,,0
S003061,train,1,0,none,none,2025-01-28T16:40:00Z,,0
S003062,train,1,0,none,none,2025-01-28T16:50:00Z,,0
S003063,train,1,0,none,none,2025-01-28T17:00:00Z,,0
S003064,train,1,0,none,none,2025-01-28T17:10:00Z,,0
S003065,train,1,0,none,none,2025-01-28T17:20:00Z,,0
S003066,train,1,0,none,none,2025-01-28T17:30:00Z,,0
S003067,train,1,0,none,none,2025-01-28T17:40:00Z,,0
S003068,train,1,0,none,none,2025-01-28T17:50:00Z,,0
S003069,train,1,0,none,none,2025-01-28T18:00:00Z,,0
S003070,train,1,0,none,none,2025-01-28T18:10:00Z,,0
S003071,train,1,0,none,none,2025-01-28T18:20:00Z,,0
S003072,train,1,0,none,none,2025-01-28T18:30:00Z,,0
S003073,train,1,0,none,none,2025-01-28T18:40:00Z,,0
S003074,train,1,0,none,none,2025-01-28T18:50:00Z,1,1
S003075,train,1,0,none,none,2025-01-28T19:00:00Z,1,1
S003076,train,1,0,none,none,2025-01-28T15:40:00Z,0,1
S003077,train,1,0,none,none,2025-01-28T15:50:00Z,,0
S003078,train,1,0,none,none,2025-01-28T16:00:00Z,,0
S003079,train,1,0,none,none,2025-01-28T16:10:00Z,,0
S003080,train,1,0,none,none,2025-01-28T16:20:00Z,,0
S003081,train,1,0,none,none,2025-01-28T16:30:00Z,,0
S003082,train,1,0,none,none,2025-01-28T16:40:00Z,,0
S003083,train,1,0,none,none,2025-01-28T16:50:00Z,,0
S003084,train,1,0,none,none,2025-01-28T17:00:00Z,,0
S003085,train,1,0,none,none,2025-01-28T17:10:00Z,1,1
S003086,train,1,0,none,none,2025-01-28T17:20:00Z,1,1
S003087,train,1,0,none,none,2025-01-28T17:30:00Z,1,1
S003088,train,1,0,none,none,2025-01-28T17:40:00Z,,0
S003089,train,1,0,none,none,2025-01-28T17:50:00Z,,0
S003090,train,1,0,none,none,2025-01-28T18:00:00Z,,0
S003091,train,1,0,none,none,2025-01-28T18:10:00Z,1,1
S003092,train,1,0,none,none,2025-01-28T18:20:00Z,1,1
S003093,train,1,0,none,none,2025-01-28T18:30:00Z,,0
S003094,train,1,0,none,none,2025-01-28T18:40:00Z,1,1
S003095,train,0,1,warpage,assembly,2025-01-28T18:50:00Z,,0
S003096,train,1,0,none,none,2025-01-28T19:00:00Z,,0
S003097,train,1,0,none,none,2025-01-28T19:10:00Z,,0
S003098,train,1,0,none,none,2025-01-28T19:20:00Z,,0
S003099,train,1,0,none,none,2025-01-28T19:30:00Z,,0
S003100,train,1,0,none,none,2025-01-28T19:40:00Z,1,1
S003101,train,1,0,none,none,2025-01-28T19:50:00Z,1,1
S003102,train,1,0,none,none,2025-01-28T20:00:00Z,,0
S003103,train,1,0,none,none,2025-01-28T20:10:00Z,,0
S003104,train,1,0,none,none,2025-01-28T20:20:00Z,,0
S003105,train,1,0,none,none,2025-01-28T20:30:00Z,,0
S003106,train,1,0,none,none,2025-01-28T20:40:00Z,,0
S003107,train,1,0,none,none,2025-01-28T20:50:00Z,,0
S003108,train,1,0,none,none,2025-01-28T21:00:00Z,,0
S003109,train,1,0,none,none,2025-01-28T21:10:00Z,,0
S003110,train,1,0,none,none,2025-01-28T21:20:00Z,,0
S003111,train,1,0,none,none,2025-01-28T21:30:00Z,,0
S003112,train,1,0,none,none,2025-01-28T21:40:00Z,,0
S003113,train,1,0,none,none,2025-01-28T21:50:00Z,,0
S003114,train,1,0,none,none,2025-01-28T22:00:00Z,,0
S003115,train,1,0,none,none,2025-01-28T22:10:00Z,,0
S003116,train,1,0,none,none,2025-01-28T22:20:00Z,1,1
S003117,train,1,0,none,none,2025-01-28T22:30:00Z,,0
S003118,train,1,0,none,none,2025-01-28T22:40:00Z,,0
S003119,train,1,0,none,none,2025-01-28T22:50:00Z,,0
S003120,train,1,0,none,none,2025-01-28T23:00:00Z,,0
S003121,train,1,0,none,none,2025-01-28T23:10:00Z,,0
S003122,train,1,0,none,none,2025-01-28T23:20:00Z,,0
S003123,train,1,0,none,none,2025-01-28T23:30:00Z,,0
S003124,train,1,0,none,none,2025-01-28T23:40:00Z,1,1
S003125,train,1,0,none,none,2025-01-28T23:50:00Z,1,1
S003126,train,1,0,none,none,2025-01-29T00:00:00Z,,0
S003127,train,1,0,none,none,2025-01-29T00:10:00Z,,0
S003128,train,1,0,none,none,2025-01-29T00:20:00Z,1,1
S003129,train,1,0,none,none,2025-01-29T00:30:00Z,,0
S003130,train,1,0,none,none,2025-01-29T00:40:00Z,,0
S003131,train,1,0,none,none,2025-01-29T00:50:00Z,,0
S003132,train,1,0,none,none,2025-01-29T01:00:00Z,,0
S003133,train,1,0,none,none,2025-01-29T01:10:00Z,,0
S003134,train,1,0,none,none,2025-01-29T01:20:00Z,,0
S003135,train,1,0,none,none,2025-01-29T01:30:00Z,,0
S003136,train,1,0,none,none,2025-01-29T01:40:00Z,,0
S003137,train,1,0,none,none,2025-01-29T01:50:00Z,1,1
S003138,train,1,0,none,none,2025-01-29T03:40:00Z,,0
S003139,train,1,0,none,none,2025-01-29T03:50:00Z,,0
S003140,train,1,0,none,none,2025-01-29T04:00:00Z,,0
S003141,train,1,0,none,none,2025-01-29T04:10:00Z,,0
S003142,train,1,0,none,none,2025-01-29T04:20:00Z,,0
S003143,train,1,0,none,none,2025-01-29T04:30:00Z,,0
S003144,train,1,0,none,none,2025-01-29T04:40:00Z,,0
S003145,train,1,0,none,none,2025-01-29T04:50:00Z,,0
S003146,train,1,0,none,none,2025-01-29T05:00:00Z,,0
S003147,train,1,0,none,none,2025-01-29T05:10:00Z,,0
S003148,train,1,0,none,none,2025-01-29T05:20:00Z,,0
S003149,train,1,0,none,none,2025-01-29T05:30:00Z,1,1
S003150,train,1,0,none,none,2025-01-29T05:40:00Z,,0
S003151,train,1,0,none,none,2025-01-29T05:50:00Z,,0
S003152,train,1,0,none,none,2025-01-29T06:00:00Z,,0
S003153,train,1,0,none,none,2025-01-29T06:10:00Z,1,1
S003154,train,1,0,none,none,2025-01-29T06:20:00Z,1,1
S003155,train,0,1,microbump_open_bridge,reflow,2025-01-29T06:30:00Z,,0
S003156,train,0,1,microbump_open_bridge,reflow,2025-01-29T06:40:00Z,,0
S003157,train,1,0,none,none,2025-01-29T06:50:00Z,1,1
S003158,train,1,0,none,none,2025-01-29T07:00:00Z,,0
S003159,train,1,0,none,none,2025-01-29T07:10:00Z,,0
S003160,train,1,0,none,none,2025-01-29T07:20:00Z,1,1
S003161,train,1,0,none,none,2025-01-29T07:30:00Z,,0
S003162,train,1,0,none,none,2025-01-29T07:40:00Z,,0
S003163,train,1,0,none,none,2025-01-29T07:50:00Z,,0
S003164,train,1,0,none,none,2025-01-29T08:00:00Z,,0
S003165,train,1,0,none,none,2025-01-29T08:10:00Z,1,1
S003166,train,0,1,microbump_open_bridge,reflow,2025-01-29T08:20:00Z,,0
S003167,train,1,0,none,none,2025-01-29T08:30:00Z,,0
S003168,train,1,0,none,none,2025-01-29T08:40:00Z,1,1
S003169,train,1,0,none,none,2025-01-29T08:50:00Z,,0
S003170,train,1,0,none,none,2025-01-29T09:00:00Z,,0
S003171,train,1,0,none,none,2025-01-29T09:10:00Z,1,1
S003172,train,1,0,none,none,2025-01-29T09:20:00Z,,0
S003173,train,1,0,none,none,2025-01-29T09:30:00Z,,0
S003174,train,1,0,none,none,2025-01-29T09:40:00Z,0,1
S003175,train,1,0,none,none,2025-01-29T09:50:00Z,1,1
S003176,train,1,0,none,none,2025-01-29T10:00:00Z,,0
S003177,train,1,0,none,none,2025-01-29T10:10:00Z,,0
S003178,train,1,0,none,none,2025-01-29T10:20:00Z,1,1
S003179,train,1,0,none,none,2025-01-29T10:30:00Z,,0
S003180,train,1,0,none,none,2025-01-29T10:40:00Z,,0
S003181,train,1,0,none,none,2025-01-29T10:50:00Z,,0
S003182,train,1,0,none,none,2025-01-29T11:00:00Z,,0
S003183,train,1,0,none,none,2025-01-29T11:10:00Z,,0
S003184,train,1,0,none,none,2025-01-29T11:20:00Z,,0
S003185,train,1,0,none,none,2025-01-29T11:30:00Z,,0
S003186,train,1,0,none,none,2025-01-29T11:40:00Z,1,1
S003187,train,1,0,none,none,2025-01-29T11:50:00Z,,0
S003188,train,1,0,none,none,2025-01-29T12:00:00Z,,0
S003189,train,1,0,none,none,2025-01-29T12:10:00Z,1,1
S003190,train,0,1,delamination,molding,2025-01-29T12:20:00Z,,0
S003191,train,1,0,none,none,2025-01-29T12:30:00Z,,0
S003192,train,1,0,none,none,2025-01-29T12:40:00Z,,0
S003193,train,1,0,none,none,2025-01-29T12:50:00Z,,0
S003194,train,1,0,none,none,2025-01-29T13:00:00Z,,0
S003195,train,1,0,none,none,2025-01-29T13:10:00Z,,0
S003196,train,1,0,none,none,2025-01-29T13:20:00Z,,0
S003197,train,1,0,none,none,2025-01-29T13:30:00Z,,0
S003198,train,1,0,none,none,2025-01-29T13:40:00Z,,0
S003199,train,1,0,none,none,2025-01-29T13:50:00Z,,0
S003200,train,1,0,none,none,2025-01-29T14:00:00Z,,0
S003201,train,1,0,none,none,2025-01-29T15:40:00Z,,0
S003202,train,1,0,none,none,2025-01-29T15:50:00Z,,0
S003203,train,1,0,none,none,2025-01-29T16:00:00Z,,0
S003204,train,1,0,none,none,2025-01-29T16:10:00Z,1,1
S003205,train,1,0,none,none,2025-01-29T16:20:00Z,,0
S003206,train,1,0,none,none,2025-01-29T16:30:00Z,,0
S003207,train,1,0,none,none,2025-01-29T16:40:00Z,,0
S003208,train,1,0,none,none,2025-01-29T16:50:00Z,,0
S003209,train,1,0,none,none,2025-01-29T17:00:00Z,,0
S003210,train,1,0,none,none,2025-01-29T17:10:00Z,,0
S003211,train,1,0,none,none,2025-01-29T17:20:00Z,,0
S003212,train,1,0,none,none,2025-01-29T17:30:00Z,,0
S003213,train,1,0,none,none,2025-01-29T17:40:00Z,,0
S003214,train,1,0,none,none,2025-01-29T17:50:00Z,1,1
S003215,train,1,0,none,none,2025-01-29T18:00:00Z,,0
S003216,train,1,0,none,none,2025-01-29T18:10:00Z,1,1
S003217,train,0,1,warpage,assembly,2025-01-29T18:20:00Z,,0
S003218,train,1,0,none,none,2025-01-29T18:30:00Z,1,1
S003219,train,0,1,microbump_open_bridge,reflow,2025-01-29T18:40:00Z,,0
S003220,train,1,0,none,none,2025-01-29T18:50:00Z,,0
S003221,train,1,0,none,none,2025-01-29T19:00:00Z,,0
S003222,train,1,0,none,none,2025-01-29T19:10:00Z,1,1
S003223,train,1,0,none,none,2025-01-29T19:20:00Z,,0
S003224,train,1,0,none,none,2025-01-29T19:30:00Z,,0
S003225,train,1,0,none,none,2025-01-29T19:40:00Z,,0
S003226,train,1,0,none,none,2025-01-29T19:50:00Z,,0
S003227,train,1,0,none,none,2025-01-29T20:00:00Z,,0
S003228,train,1,0,none,none,2025-01-29T20:10:00Z,,0
S003229,train,1,0,none,none,2025-01-29T20:20:00Z,,0
S003230,train,1,0,none,none,2025-01-29T20:30:00Z,,0
S003231,train,1,0,none,none,2025-01-29T20:40:00Z,,0
S003232,train,1,0,none,none,2025-01-29T20:50:00Z,,0
S003233,train,1,0,none,none,2025-01-29T21:00:00Z,,0
S003234,train,1,0,none,none,2025-01-29T21:10:00Z,,0
S003235,train,1,0,none,none,2025-01-29T21:20:00Z,,0
S003236,train,1,0,none,none,2025-01-29T21:30:00Z,,0
S003237,train,1,0,none,none,2025-01-29T21:40:00Z,,0
S003238,train,1,0,none,none,2025-01-29T21:50:00Z,,0
S003239,train,1,0,none,none,2025-01-29T22:00:00Z,,0
S003240,train,1,0,none,none,2025-01-29T22:10:00Z,,0
S003241,train,1,0,none,none,2025-01-29T22:20:00Z,1,1
S003242,train,0,1,microbump_open_bridge,reflow,2025-01-29T22:30:00Z,,0
S003243,train,1,0,none,none,2025-01-29T22:40:00Z,1,1
S003244,train,1,0,none,none,2025-01-29T22:50:00Z,1,1
S003245,train,1,0,none,none,2025-01-29T23:00:00Z,,0
S003246,train,1,0,none,none,2025-01-29T23:10:00Z,,0
S003247,train,1,0,none,none,2025-01-29T23:20:00Z,,0
S003248,train,1,0,none,none,2025-01-29T23:30:00Z,1,1
S003249,train,1,0,none,none,2025-01-29T23:40:00Z,,0
S003250,train,1,0,none,none,2025-01-29T23:50:00Z,,0
S003251,train,1,0,none,none,2025-01-30T00:00:00Z,1,1
S003252,train,1,0,none,none,2025-01-30T00:10:00Z,,0
S003253,train,1,0,none,none,2025-01-30T00:20:00Z,,0
S003254,train,1,0,none,none,2025-01-30T00:30:00Z,,0
S003255,train,1,0,none,none,2025-01-30T00:40:00Z,,0
S003256,train,1,0,none,none,2025-01-30T00:50:00Z,1,1
S003257,train,1,0,none,none,2025-01-30T01:00:00Z,,0
S003258,train,1,0,none,none,2025-01-30T01:10:00Z,,0
S003259,train,1,0,none,none,2025-01-30T01:20:00Z,,0
S003260,train,0,1,warpage,assembly,2025-01-30T01:30:00Z,,0
S003261,train,1,0,none,none,2025-01-30T01:40:00Z,1,1
S003262,train,1,0,none,none,2025-01-30T01:50:00Z,,0
S003263,train,1,0,none,none,2025-01-30T02:00:00Z,,0
S003264,train,1,0,none,none,2025-01-30T02:10:00Z,,0
S003265,train,1,0,none,none,2025-01-30T02:20:00Z,1,1
S003266,train,1,0,none,none,2025-01-30T02:30:00Z,,0
S003267,train,1,0,none,none,2025-01-30T02:40:00Z,,0
S003268,train,1,0,none,none,2025-01-30T02:50:00Z,,0
S003269,train,1,0,none,none,2025-01-30T03:00:00Z,1,1
S003270,train,1,0,none,none,2025-01-30T03:10:00Z,,0
S003271,train,1,0,none,none,2025-01-30T03:20:00Z,,0
S003272,train,1,0,none,none,2025-01-30T03:30:00Z,1,1
S003273,train,1,0,none,none,2025-01-30T03:40:00Z,,0
S003274,train,1,0,none,none,2025-01-30T03:50:00Z,,0
S003275,train,1,0,none,none,2025-01-30T04:00:00Z,,0
S003276,train,1,0,none,none,2025-01-30T04:10:00Z,,0
S003277,train,1,0,none,none,2025-01-30T04:20:00Z,,0
S003278,train,1,0,none,none,2025-01-30T04:30:00Z,,0
S003279,train,1,0,none,none,2025-01-30T04:40:00Z,,0
S003280,train,1,0,none,none,2025-01-30T04:50:00Z,,0
S003281,train,1,0,none,none,2025-01-30T05:00:00Z,,0
S003282,train,1,0,none,none,2025-01-30T05:10:00Z,,0
S003283,train,1,0,none,none,2025-01-30T05:20:00Z,,0
S003284,train,1,0,none,none,2025-01-30T05:30:00Z,,0
S003285,train,1,0,none,none,2025-01-30T05:40:00Z,,0
S003286,train,1,0,none,none,2025-01-30T05:50:00Z,,0
S003287,train,1,0,none,none,2025-01-30T06:00:00Z,,0
S003288,train,1,0,none,none,2025-01-30T06:10:00Z,,0
S003289,train,1,0,none,none,2025-01-30T06:20:00Z,,0
S003290,train,1,0,none,none,2025-01-30T06:30:00Z,1,1
S003291,train,1,0,none,none,2025-01-30T06:40:00Z,,0
S003292,train,1,0,none,none,2025-01-30T06:50:00Z,,0
S003293,train,1,0,none,none,2025-01-30T07:00:00Z,,0
S003294,train,1,0,none,none,2025-01-30T07:10:00Z,,0
S003295,train,1,0,none,none,2025-01-30T03:40:00Z,,0
S003296,train,1,0,none,none,2025-01-30T03:50:00Z,,0
S003297,train,1,0,none,none,2025-01-30T04:00:00Z,,0
S003298,train,1,0,none,none,2025-01-30T04:10:00Z,,0
S003299,train,1,0,none,none,2025-01-30T04:20:00Z,,0
S003300,train,1,0,none,none,2025-01-30T04:30:00Z,,0
S003301,train,1,0,none,none,2025-01-30T04:40:00Z,1,1
S003302,train,1,0,none,none,2025-01-30T04:50:00Z,,0
S003303,train,1,0,none,none,2025-01-30T05:00:00Z,,0
S003304,train,1,0,none,none,2025-01-30T05:10:00Z,,0
S003305,train,1,0,none,none,2025-01-30T05:20:00Z,,0
S003306,train,1,0,none,none,2025-01-30T05:30:00Z,,0
S003307,train,1,0,none,none,2025-01-30T05:40:00Z,,0
S003308,train,1,0,none,none,2025-01-30T05:50:00Z,,0
S003309,train,1,0,none,none,2025-01-30T06:00:00Z,,0
S003310,train,1,0,none,none,2025-01-30T06:10:00Z,1,1
S003311,train,1,0,none,none,2025-01-30T06:20:00Z,,0
S003312,train,1,0,none,none,2025-01-30T06:30:00Z,,0
S003313,train,1,0,none,none,2025-01-30T06:40:00Z,,0
S003314,train,1,0,none,none,2025-01-30T06:50:00Z,,0
S003315,train,1,0,none,none,2025-01-30T07:00:00Z,,0
S003316,train,1,0,none,none,2025-01-30T07:10:00Z,,0
S003317,train,1,0,none,none,2025-01-30T07:20:00Z,1,1
S003318,train,1,0,none,none,2025-01-30T07:30:00Z,,0
S003319,train,1,0,none,none,2025-01-30T07:40:00Z,,0
S003320,train,1,0,none,none,2025-01-30T07:50:00Z,,0
S003321,train,1,0,none,none,2025-01-30T08:00:00Z,,0
S003322,train,1,0,none,none,2025-01-30T08:10:00Z,,0
S003323,train,1,0,none,none,2025-01-30T08:20:00Z,,0
S003324,train,1,0,none,none,2025-01-30T08:30:00Z,,0
S003325,train,1,0,none,none,2025-01-30T08:40:00Z,,0
S003326,train,1,0,none,none,2025-01-30T08:50:00Z,,0
S003327,train,1,0,none,none,2025-01-30T09:00:00Z,,0
S003328,train,1,0,none,none,2025-01-30T09:10:00Z,1,1
S003329,train,0,1,delamination,molding,2025-01-30T09:20:00Z,,0
S003330,train,1,0,none,none,2025-01-30T09:30:00Z,,0
S003331,train,1,0,none,none,2025-01-30T09:40:00Z,1,1
S003332,train,1,0,none,none,2025-01-30T09:50:00Z,1,1
S003333,train,1,0,none,none,2025-01-30T10:00:00Z,,0
S003334,train,1,0,none,none,2025-01-30T10:10:00Z,1,1
S003335,train,1,0,none,none,2025-01-30T10:20:00Z,,0
S003336,train,1,0,none,none,2025-01-30T10:30:00Z,,0
S003337,train,1,0,none,none,2025-01-30T10:40:00Z,,0
S003338,train,1,0,none,none,2025-01-30T10:50:00Z,,0
S003339,train,1,0,none,none,2025-01-30T11:00:00Z,,0
S003340,train,1,0,none,none,2025-01-30T11:10:00Z,,0
S003341,train,1,0,none,none,2025-01-30T11:20:00Z,,0
S003342,train,1,0,none,none,2025-01-30T11:30:00Z,1,1
S003343,train,1,0,none,none,2025-01-30T11:40:00Z,1,1
S003344,train,1,0,none,none,2025-01-30T11:50:00Z,,0
S003345,train,1,0,none,none,2025-01-30T12:00:00Z,1,1
S003346,train,1,0,none,none,2025-01-30T12:10:00Z,,0
S003347,train,1,0,none,none,2025-01-30T12:20:00Z,,0
S003348,train,1,0,none,none,2025-01-30T12:30:00Z,,0
S003349,train,1,0,none,none,2025-01-30T12:40:00Z,,0
S003350,train,1,0,none,none,2025-01-30T12:50:00Z,,0
S003351,train,1,0,none,none,2025-01-30T13:00:00Z,,0
S003352,train,1,0,none,none,2025-01-30T13:10:00Z,1,1
S003353,train,1,0,none,none,2025-01-30T13:20:00Z,,0
S003354,train,1,0,none,none,2025-01-30T13:30:00Z,,0
S003355,train,1,0,none,none,2025-01-30T13:40:00Z,,0
S003356,train,1,0,none,none,2025-01-30T13:50:00Z,,0
S003357,train,1,0,none,none,2025-01-30T14:00:00Z,,0
S003358,train,1,0,none,none,2025-01-30T14:10:00Z,1,1
S003359,train,1,0,none,none,2025-01-30T14:20:00Z,,0
S003360,train,1,0,none,none,2025-01-30T14:30:00Z,,0
S003361,train,1,0,none,none,2025-01-30T14:40:00Z,,0
S003362,train,1,0,none,none,2025-01-30T14:50:00Z,,0
S003363,train,1,0,none,none,2025-01-30T15:00:00Z,1,1
S003364,train,1,0,none,none,2025-01-30T15:10:00Z,,0
S003365,train,1,0,none,none,2025-01-30T15:20:00Z,,0
S003366,train,1,0,none,none,2025-01-30T15:30:00Z,,0
S003367,train,1,0,none,none,2025-01-30T15:40:00Z,1,1
S003368,train,1,0,none,none,2025-01-30T15:50:00Z,,0
S003369,train,1,0,none,none,2025-01-30T16:00:00Z,,0
S003370,train,1,0,none,none,2025-01-30T16:10:00Z,,0
S003371,train,1,0,none,none,2025-01-30T16:20:00Z,,0
S003372,train,1,0,none,none,2025-01-30T16:30:00Z,0,1
S003373,train,1,0,none,none,2025-01-30T16:40:00Z,,0
S003374,train,1,0,none,none,2025-01-30T16:50:00Z,,0
S003375,train,1,0,none,none,2025-01-30T17:00:00Z,1,1
S003376,train,1,0,none,none,2025-01-30T17:10:00Z,1,1
S003377,train,1,0,none,none,2025-01-30T17:20:00Z,,0
S003378,train,1,0,none,none,2025-01-30T17:30:00Z,,0
S003379,train,1,0,none,none,2025-01-30T17:40:00Z,,0
S003380,train,1,0,none,none,2025-01-30T17:50:00Z,,0
S003381,train,1,0,none,none,2025-01-30T18:00:00Z,1,1
S003382,train,1,0,none,none,2025-01-30T18:10:00Z,,0
S003383,train,1,0,none,none,2025-01-30T18:20:00Z,,0
S003384,train,1,0,none,none,2025-01-30T18:30:00Z,,0
S003385,train,1,0,none,none,2025-01-30T18:40:00Z,,0
S003386,train,1,0,none,none,2025-01-30T18:50:00Z,,0
S003387,train,1,0,none,none,2025-01-30T19:00:00Z,,0
S003388,train,1,0,none,none,2025-01-30T19:10:00Z,,0
S003389,train,1,0,none,none,2025-01-30T15:40:00Z,,0
S003390,train,1,0,none,none,2025-01-30T15:50:00Z,1,1
S003391,train,1,0,none,none,2025-01-30T16:00:00Z,,0
S003392,train,1,0,none,none,2025-01-30T16:10:00Z,,0
S003393,train,1,0,none,none,2025-01-30T16:20:00Z,,0
S003394,train,1,0,none,none,2025-01-30T16:30:00Z,,0
S003395,train,1,0,none,none,2025-01-30T16:40:00Z,,0
S003396,train,1,0,none,none,2025-01-30T16:50:00Z,,0
S003397,train,1,0,none,none,2025-01-30T17:00:00Z,,0
S003398,train,1,0,none,none,2025-01-30T17:10:00Z,,0
S003399,train,1,0,none,none,2025-01-30T17:20:00Z,,0
S003400,train,1,0,none,none,2025-01-30T17:30:00Z,,0
S003401,train,1,0,none,none,2025-01-30T17:40:00Z,,0
S003402,train,1,0,none,none,2025-01-30T17:50:00Z,,0
S003403,train,1,0,none,none,2025-01-30T18:00:00Z,,0
S003404,train,1,0,none,none,2025-01-30T18:10:00Z,,0
S003405,train,1,0,none,none,2025-01-30T18:20:00Z,,0
S003406,train,1,0,none,none,2025-01-30T18:30:00Z,,0
S003407,train,1,0,none,none,2025-01-30T18:40:00Z,,0
S003408,train,1,0,none,none,2025-01-30T18:50:00Z,,0
S003409,train,1,0,none,none,2025-01-30T19:00:00Z,,0
S003410,train,1,0,none,none,2025-01-30T19:10:00Z,,0
S003411,train,1,0,none,none,2025-01-30T19:20:00Z,,0
S003412,train,1,0,none,none,2025-01-30T19:30:00Z,,0
S003413,train,1,0,none,none,2025-01-30T19:40:00Z,,0
S003414,train,1,0,none,none,2025-01-30T19:50:00Z,,0
S003415,train,1,0,none,none,2025-01-30T20:00:00Z,,0
S003416,train,1,0,none,none,2025-01-30T20:10:00Z,,0
S003417,train,1,0,none,none,2025-01-30T20:20:00Z,,0
S003418,train,1,0,none,none,2025-01-30T20:30:00Z,,0
S003419,train,1,0,none,none,2025-01-30T20:40:00Z,,0
S003420,train,1,0,none,none,2025-01-30T20:50:00Z,1,1
S003421,train,1,0,none,none,2025-01-30T21:00:00Z,,0
S003422,train,1,0,none,none,2025-01-30T21:10:00Z,,0
S003423,train,1,0,none,none,2025-01-30T21:20:00Z,,0
S003424,train,1,0,none,none,2025-01-30T21:30:00Z,,0
S003425,train,1,0,none,none,2025-01-30T21:40:00Z,,0
S003426,train,1,0,none,none,2025-01-30T21:50:00Z,,0
S003427,train,1,0,none,none,2025-01-30T22:00:00Z,,0
S003428,train,1,0,none,none,2025-01-30T22:10:00Z,,0
S003429,train,1,0,none,none,2025-01-30T22:20:00Z,1,1
S003430,train,1,0,none,none,2025-01-30T22:30:00Z,,0
S003431,train,1,0,none,none,2025-01-30T22:40:00Z,,0
S003432,train,1,0,none,none,2025-01-30T22:50:00Z,,0
S003433,train,1,0,none,none,2025-01-30T23:00:00Z,,0
S003434,train,1,0,none,none,2025-01-30T23:10:00Z,,0
S003435,train,1,0,none,none,2025-01-30T23:20:00Z,1,1
S003436,train,1,0,none,none,2025-01-30T23:30:00Z,,0
S003437,train,1,0,none,none,2025-01-30T23:40:00Z,1,1
S003438,train,1,0,none,none,2025-01-30T23:50:00Z,1,1
S003439,train,1,0,none,none,2025-01-31T00:00:00Z,,0
S003440,train,1,0,none,none,2025-01-31T00:10:00Z,,0
S003441,train,0,1,tsv_open_short,tsv_or_interconnect,2025-01-31T00:20:00Z,,0
S003442,train,1,0,none,none,2025-01-31T00:30:00Z,,0
S003443,train,1,0,none,none,2025-01-31T00:40:00Z,,0
S003444,train,1,0,none,none,2025-01-31T00:50:00Z,,0
S003445,train,1,0,none,none,2025-01-31T01:00:00Z,,0
S003446,train,1,0,none,none,2025-01-31T01:10:00Z,1,1
S003447,train,1,0,none,none,2025-01-31T01:20:00Z,,0
S003448,train,1,0,none,none,2025-01-31T01:30:00Z,,0
S003449,train,1,0,none,none,2025-01-31T01:40:00Z,,0
S003450,train,1,0,none,none,2025-01-31T01:50:00Z,,0
S003451,train,1,0,none,none,2025-01-31T02:00:00Z,,0
S003452,train,1,0,none,none,2025-01-31T02:10:00Z,,0
S003453,train,1,0,none,none,2025-01-31T02:20:00Z,,0
S003454,train,1,0,none,none,2025-01-31T02:30:00Z,,0
S003455,train,1,0,none,none,2025-01-31T02:40:00Z,1,1
S003456,train,1,0,none,none,2025-01-31T02:50:00Z,,0
S003457,train,1,0,none,none,2025-01-31T03:00:00Z,,0
S003458,train,1,0,none,none,2025-01-31T03:10:00Z,,0
S003459,train,0,1,underfill_void,molding,2025-01-31T03:20:00Z,,0
S003460,train,1,0,none,none,2025-01-31T03:30:00Z,,0
S003461,train,1,0,none,none,2025-01-31T03:40:00Z,,0
S003462,train,1,0,none,none,2025-01-31T03:50:00Z,1,1
S003463,train,1,0,none,none,2025-01-31T04:00:00Z,,0
S003464,train,1,0,none,none,2025-01-31T04:10:00Z,1,1
S003465,train,1,0,none,none,2025-01-31T04:20:00Z,,0
S003466,train,1,0,none,none,2025-01-31T04:30:00Z,,0
S003467,train,1,0,none,none,2025-01-31T04:40:00Z,1,1
S003468,train,1,0,none,none,2025-01-31T04:50:00Z,,0
S003469,train,1,0,none,none,2025-01-31T05:00:00Z,,0
S003470,train,1,0,none,none,2025-01-31T05:10:00Z,,0
S003471,train,0,1,dram_electrical,dram_or_base,2025-01-31T05:20:00Z,,0
S003472,train,1,0,none,none,2025-01-31T05:30:00Z,,0
S003473,train,1,0,none,none,2025-01-31T05:40:00Z,1,1
S003474,train,1,0,none,none,2025-01-31T05:50:00Z,,0
S003475,train,1,0,none,none,2025-01-31T06:00:00Z,,0
S003476,train,1,0,none,none,2025-01-31T06:10:00Z,,0
S003477,train,1,0,none,none,2025-01-31T06:20:00Z,,0
S003478,train,0,1,tsv_open_short,tsv_or_interconnect,2025-01-31T06:30:00Z,,0
S003479,train,1,0,none,none,2025-01-31T06:40:00Z,1,1
S003480,train,1,0,none,none,2025-01-31T06:50:00Z,,0
S003481,train,1,0,none,none,2025-01-31T07:00:00Z,1,1
S003482,train,1,0,none,none,2025-01-31T07:10:00Z,,0
S003483,train,1,0,none,none,2025-01-31T07:20:00Z,,0
S003484,train,1,0,none,none,2025-01-31T03:40:00Z,1,1
S003485,train,1,0,none,none,2025-01-31T03:50:00Z,,0
S003486,train,1,0,none,none,2025-01-31T04:00:00Z,1,1
S003487,train,1,0,none,none,2025-01-31T04:10:00Z,,0
S003488,train,1,0,none,none,2025-01-31T04:20:00Z,,0
S003489,train,1,0,none,none,2025-01-31T04:30:00Z,,0
S003490,train,1,0,none,none,2025-01-31T04:40:00Z,,0
S003491,train,1,0,none,none,2025-01-31T04:50:00Z,,0
S003492,train,1,0,none,none,2025-01-31T05:00:00Z,1,1
S003493,train,1,0,none,none,2025-01-31T05:10:00Z,,0
S003494,train,1,0,none,none,2025-01-31T05:20:00Z,,0
S003495,train,1,0,none,none,2025-01-31T05:30:00Z,,0
S003496,train,1,0,none,none,2025-01-31T05:40:00Z,,0
S003497,train,1,0,none,none,2025-01-31T05:50:00Z,,0
S003498,train,1,0,none,none,2025-01-31T06:00:00Z,,0
S003499,train,1,0,none,none,2025-01-31T06:10:00Z,,0
S003500,train,1,0,none,none,2025-01-31T06:20:00Z,1,1
S003501,train,1,0,none,none,2025-01-31T06:30:00Z,0,1
S003502,train,1,0,none,none,2025-01-31T06:40:00Z,,0
S003503,train,1,0,none,none,2025-01-31T06:50:00Z,,0
S003504,train,1,0,none,none,2025-01-31T07:00:00Z,1,1
S003505,train,1,0,none,none,2025-01-31T07:10:00Z,,0
S003506,train,1,0,none,none,2025-01-31T07:20:00Z,0,1
S003507,train,1,0,none,none,2025-01-31T07:30:00Z,1,1
S003508,train,1,0,none,none,2025-01-31T07:40:00Z,,0
S003509,train,0,1,delamination,molding,2025-01-31T07:50:00Z,,0
S003510,train,1,0,none,none,2025-01-31T08:00:00Z,1,1
S003511,train,1,0,none,none,2025-01-31T08:10:00Z,1,1
S003512,train,1,0,none,none,2025-01-31T08:20:00Z,,0
S003513,train,1,0,none,none,2025-01-31T08:30:00Z,,0
S003514,train,1,0,none,none,2025-01-31T08:40:00Z,,0
S003515,train,1,0,none,none,2025-01-31T08:50:00Z,,0
S003516,train,1,0,none,none,2025-01-31T09:00:00Z,,0
S003517,train,1,0,none,none,2025-01-31T09:10:00Z,,0
S003518,train,1,0,none,none,2025-01-31T09:20:00Z,,0
S003519,train,1,0,none,none,2025-01-31T09:30:00Z,,0
S003520,train,1,0,none,none,2025-01-31T09:40:00Z,1,1
S003521,train,0,1,microbump_open_bridge,reflow,2025-01-31T09:50:00Z,,0
S003522,train,1,0,none,none,2025-01-31T10:00:00Z,,0
S003523,train,1,0,none,none,2025-01-31T10:10:00Z,,0
S003524,train,1,0,none,none,2025-01-31T10:20:00Z,,0
S003525,train,1,0,none,none,2025-01-31T10:30:00Z,,0
S003526,train,1,0,none,none,2025-01-31T10:40:00Z,,0
S003527,train,1,0,none,none,2025-01-31T10:50:00Z,,0
S003528,train,1,0,none,none,2025-01-31T11:00:00Z,,0
S003529,train,1,0,none,none,2025-01-31T11:10:00Z,,0
S003530,train,1,0,none,none,2025-01-31T11:20:00Z,,0
S003531,train,1,0,none,none,2025-01-31T11:30:00Z,,0
S003532,train,1,0,none,none,2025-01-31T11:40:00Z,1,1
S003533,train,1,0,none,none,2025-01-31T11:50:00Z,,0
S003534,train,1,0,none,none,2025-01-31T12:00:00Z,,0
S003535,train,1,0,none,none,2025-01-31T12:10:00Z,,0
S003536,train,0,1,tsv_open_short,tsv_or_interconnect,2025-01-31T12:20:00Z,,0
S003537,train,1,0,none,none,2025-01-31T12:30:00Z,,0
S003538,train,1,0,none,none,2025-01-31T12:40:00Z,,0
S003539,train,1,0,none,none,2025-01-31T12:50:00Z,,0
S003540,train,1,0,none,none,2025-01-31T13:00:00Z,,0
S003541,train,1,0,none,none,2025-01-31T13:10:00Z,1,1
S003542,train,1,0,none,none,2025-01-31T13:20:00Z,1,1
S003543,train,1,0,none,none,2025-01-31T13:30:00Z,,0
S003544,train,1,0,none,none,2025-01-31T13:40:00Z,,0
S003545,train,1,0,none,none,2025-01-31T13:50:00Z,,0
S003546,train,1,0,none,none,2025-01-31T14:00:00Z,,0
S003547,train,1,0,none,none,2025-01-31T14:10:00Z,,0
S003548,train,1,0,none,none,2025-01-31T14:20:00Z,,0
S003549,train,1,0,none,none,2025-01-31T14:30:00Z,1,1
S003550,train,1,0,none,none,2025-01-31T14:40:00Z,,0
S003551,train,1,0,none,none,2025-01-31T14:50:00Z,,0
S003552,train,1,0,none,none,2025-01-31T15:00:00Z,,0
S003553,train,1,0,none,none,2025-01-31T15:10:00Z,1,1
S003554,train,1,0,none,none,2025-01-31T15:20:00Z,,0
S003555,train,0,1,warpage,assembly,2025-01-31T15:30:00Z,,0
S003556,train,1,0,none,none,2025-01-31T15:40:00Z,,0
S003557,train,1,0,none,none,2025-01-31T15:50:00Z,,0
S003558,train,1,0,none,none,2025-01-31T16:00:00Z,1,1
S003559,train,1,0,none,none,2025-01-31T16:10:00Z,,0
S003560,train,1,0,none,none,2025-01-31T16:20:00Z,,0
S003561,train,1,0,none,none,2025-01-31T16:30:00Z,1,1
S003562,train,1,0,none,none,2025-01-31T16:40:00Z,,0
S003563,train,1,0,none,none,2025-01-31T16:50:00Z,1,1
S003564,train,1,0,none,none,2025-01-31T17:00:00Z,,0
S003565,train,1,0,none,none,2025-01-31T17:10:00Z,1,1
S003566,train,1,0,none,none,2025-01-31T17:20:00Z,,0
S003567,train,1,0,none,none,2025-01-31T17:30:00Z,,0
S003568,train,1,0,none,none,2025-01-31T17:40:00Z,1,1
S003569,train,1,0,none,none,2025-01-31T17:50:00Z,,0
S003570,train,1,0,none,none,2025-01-31T18:00:00Z,,0
S003571,train,1,0,none,none,2025-01-31T18:10:00Z,,0
S003572,train,1,0,none,none,2025-01-31T18:20:00Z,,0
S003573,train,1,0,none,none,2025-01-31T18:30:00Z,,0
S003574,train,1,0,none,none,2025-01-31T18:40:00Z,,0
S003575,train,1,0,none,none,2025-01-31T18:50:00Z,,0
S003576,train,1,0,none,none,2025-01-31T19:00:00Z,,0
S003577,train,1,0,none,none,2025-01-31T19:10:00Z,,0
S003578,train,1,0,none,none,2025-01-31T19:20:00Z,,0
S003579,train,1,0,none,none,2025-01-31T19:30:00Z,,0
S003580,train,1,0,none,none,2025-01-31T15:40:00Z,1,1
S003581,train,1,0,none,none,2025-01-31T15:50:00Z,,0
S003582,train,1,0,none,none,2025-01-31T16:00:00Z,,0
S003583,train,1,0,none,none,2025-01-31T16:10:00Z,,0
S003584,train,0,1,delamination,molding,2025-01-31T16:20:00Z,,0
S003585,train,1,0,none,none,2025-01-31T16:30:00Z,1,1
S003586,train,1,0,none,none,2025-01-31T16:40:00Z,,0
S003587,train,1,0,none,none,2025-01-31T16:50:00Z,1,1
S003588,train,1,0,none,none,2025-01-31T17:00:00Z,0,1
S003589,train,1,0,none,none,2025-01-31T17:10:00Z,,0
S003590,train,1,0,none,none,2025-01-31T17:20:00Z,,0
S003591,train,1,0,none,none,2025-01-31T17:30:00Z,,0
S003592,train,1,0,none,none,2025-01-31T17:40:00Z,,0
S003593,train,1,0,none,none,2025-01-31T17:50:00Z,1,1
S003594,train,1,0,none,none,2025-01-31T18:00:00Z,,0
S003595,train,0,1,microbump_open_bridge,reflow,2025-01-31T18:10:00Z,,0
S003596,train,1,0,none,none,2025-01-31T18:20:00Z,,0
S003597,train,1,0,none,none,2025-01-31T18:30:00Z,,0
S003598,train,1,0,none,none,2025-01-31T18:40:00Z,,0
S003599,train,1,0,none,none,2025-01-31T18:50:00Z,,0
S003600,train,1,0,none,none,2025-01-31T19:00:00Z,,0
S003601,train,1,0,none,none,2025-01-31T19:10:00Z,1,1
S003602,train,1,0,none,none,2025-01-31T19:20:00Z,,0
S003603,train,1,0,none,none,2025-01-31T19:30:00Z,1,1
S003604,train,1,0,none,none,2025-01-31T19:40:00Z,1,1
S003605,train,1,0,none,none,2025-01-31T19:50:00Z,,0
S003606,train,1,0,none,none,2025-01-31T20:00:00Z,,0
S003607,train,0,1,underfill_void,molding,2025-01-31T20:10:00Z,,0
S003608,train,1,0,none,none,2025-01-31T20:20:00Z,,0
S003609,train,1,0,none,none,2025-01-31T20:30:00Z,,0
S003610,train,1,0,none,none,2025-01-31T20:40:00Z,,0
S003611,train,0,1,underfill_void,molding,2025-01-31T20:50:00Z,,0
S003612,train,1,0,none,none,2025-01-31T21:00:00Z,,0
S003613,train,1,0,none,none,2025-01-31T21:10:00Z,1,1
S003614,train,1,0,none,none,2025-01-31T21:20:00Z,,0
S003615,train,1,0,none,none,2025-01-31T21:30:00Z,,0
S003616,train,0,1,microbump_open_bridge,reflow,2025-01-31T21:40:00Z,,0
S003617,train,1,0,none,none,2025-01-31T21:50:00Z,,0
S003618,train,1,0,none,none,2025-01-31T22:00:00Z,,0
S003619,train,1,0,none,none,2025-01-31T22:10:00Z,,0
S003620,train,1,0,none,none,2025-01-31T22:20:00Z,1,1
S003621,train,1,0,none,none,2025-01-31T22:30:00Z,,0
S003622,train,1,0,none,none,2025-01-31T22:40:00Z,,0
S003623,train,1,0,none,none,2025-01-31T22:50:00Z,1,1
S003624,train,1,0,none,none,2025-01-31T23:00:00Z,,0
S003625,train,1,0,none,none,2025-01-31T23:10:00Z,1,1
S003626,train,1,0,none,none,2025-01-31T23:20:00Z,,0
S003627,train,1,0,none,none,2025-01-31T23:30:00Z,,0
S003628,train,1,0,none,none,2025-01-31T23:40:00Z,,0
S003629,train,1,0,none,none,2025-01-31T23:50:00Z,1,1
S003630,train,1,0,none,none,2025-02-01T00:00:00Z,1,1
S003631,train,1,0,none,none,2025-02-01T00:10:00Z,,0
S003632,train,1,0,none,none,2025-02-01T00:20:00Z,,0
S003633,train,1,0,none,none,2025-02-01T00:30:00Z,,0
S003634,train,1,0,none,none,2025-02-01T00:40:00Z,,0
S003635,train,1,0,none,none,2025-02-01T00:50:00Z,,0
S003636,train,1,0,none,none,2025-02-01T01:00:00Z,,0
S003637,train,1,0,none,none,2025-02-01T01:10:00Z,,0
S003638,train,1,0,none,none,2025-02-01T01:20:00Z,,0
S003639,train,1,0,none,none,2025-02-01T01:30:00Z,,0
S003640,train,1,0,none,none,2025-02-01T01:40:00Z,,0
S003641,train,1,0,none,none,2025-02-01T01:50:00Z,1,1
S003642,train,1,0,none,none,2025-02-01T02:00:00Z,1,1
S003643,train,1,0,none,none,2025-02-01T03:40:00Z,,0
S003644,train,1,0,none,none,2025-02-01T03:50:00Z,,0
S003645,train,1,0,none,none,2025-02-01T04:00:00Z,,0
S003646,train,1,0,none,none,2025-02-01T04:10:00Z,,0
S003647,train,1,0,none,none,2025-02-01T04:20:00Z,,0
S003648,train,1,0,none,none,2025-02-01T04:30:00Z,,0
S003649,train,1,0,none,none,2025-02-01T04:40:00Z,,0
S003650,train,1,0,none,none,2025-02-01T04:50:00Z,,0
S003651,train,1,0,none,none,2025-02-01T05:00:00Z,,0
S003652,train,1,0,none,none,2025-02-01T05:10:00Z,,0
S003653,train,1,0,none,none,2025-02-01T05:20:00Z,,0
S003654,train,1,0,none,none,2025-02-01T05:30:00Z,,0
S003655,train,1,0,none,none,2025-02-01T05:40:00Z,,0
S003656,train,1,0,none,none,2025-02-01T05:50:00Z,,0
S003657,train,1,0,none,none,2025-02-01T06:00:00Z,,0
S003658,train,1,0,none,none,2025-02-01T06:10:00Z,,0
S003659,train,1,0,none,none,2025-02-01T06:20:00Z,,0
S003660,train,1,0,none,none,2025-02-01T06:30:00Z,,0
S003661,train,1,0,none,none,2025-02-01T06:40:00Z,,0
S003662,train,1,0,none,none,2025-02-01T06:50:00Z,,0
S003663,train,0,1,die_crack,handling,2025-02-01T07:00:00Z,,0
S003664,train,1,0,none,none,2025-02-01T07:10:00Z,,0
S003665,train,1,0,none,none,2025-02-01T07:20:00Z,,0
S003666,train,1,0,none,none,2025-02-01T07:30:00Z,,0
S003667,train,1,0,none,none,2025-02-01T07:40:00Z,,0
S003668,train,1,0,none,none,2025-02-01T07:50:00Z,,0
S003669,train,1,0,none,none,2025-02-01T08:00:00Z,,0
S003670,train,1,0,none,none,2025-02-01T08:10:00Z,,0
S003671,train,1,0,none,none,2025-02-01T08:20:00Z,,0
S003672,train,1,0,none,none,2025-02-01T08:30:00Z,1,1
S003673,train,1,0,none,none,2025-02-01T08:40:00Z,1,1
S003674,train,1,0,none,none,2025-02-01T08:50:00Z,,0
S003675,train,1,0,none,none,2025-02-01T09:00:00Z,,0
S003676,train,1,0,none,none,2025-02-01T09:10:00Z,,0
S003677,train,1,0,none,none,2025-02-01T09:20:00Z,,0
S003678,train,1,0,none,none,2025-02-01T09:30:00Z,,0
S003679,train,1,0,none,none,2025-02-01T09:40:00Z,,0
S003680,train,1,0,none,none,2025-02-01T09:50:00Z,,0
S003681,train,1,0,none,none,2025-02-01T10:00:00Z,,0
S003682,train,1,0,none,none,2025-02-01T10:10:00Z,,0
S003683,train,1,0,none,none,2025-02-01T10:20:00Z,,0
S003684,train,1,0,none,none,2025-02-01T10:30:00Z,,0
S003685,train,1,0,none,none,2025-02-01T10:40:00Z,1,1
S003686,train,1,0,none,none,2025-02-01T10:50:00Z,,0
S003687,train,1,0,none,none,2025-02-01T11:00:00Z,,0
S003688,train,1,0,none,none,2025-02-01T11:10:00Z,,0
S003689,train,1,0,none,none,2025-02-01T11:20:00Z,,0
S003690,train,1,0,none,none,2025-02-01T11:30:00Z,,0
S003691,train,1,0,none,none,2025-02-01T11:40:00Z,,0
S003692,train,1,0,none,none,2025-02-01T11:50:00Z,,0
S003693,train,1,0,none,none,2025-02-01T12:00:00Z,1,1
S003694,train,1,0,none,none,2025-02-01T12:10:00Z,1,1
S003695,train,1,0,none,none,2025-02-01T12:20:00Z,,0
S003696,train,1,0,none,none,2025-02-01T12:30:00Z,,0
S003697,train,1,0,none,none,2025-02-01T12:40:00Z,1,1
S003698,train,1,0,none,none,2025-02-01T12:50:00Z,1,1
S003699,train,1,0,none,none,2025-02-01T13:00:00Z,,0
S003700,train,1,0,none,none,2025-02-01T13:10:00Z,,0
S003701,train,1,0,none,none,2025-02-01T13:20:00Z,1,1
S003702,train,1,0,none,none,2025-02-01T13:30:00Z,,0
S003703,train,1,0,none,none,2025-02-01T13:40:00Z,,0
S003704,train,1,0,none,none,2025-02-01T13:50:00Z,1,1
S003705,train,1,0,none,none,2025-02-01T14:00:00Z,,0
S003706,train,0,1,dram_electrical,dram_or_base,2025-02-01T14:10:00Z,,0
S003707,train,0,1,die_crack,handling,2025-02-01T14:20:00Z,,0
S003708,train,1,0,none,none,2025-02-01T14:30:00Z,,0
S003709,train,1,0,none,none,2025-02-01T14:40:00Z,,0
S003710,train,1,0,none,none,2025-02-01T14:50:00Z,,0
S003711,train,0,1,underfill_void,molding,2025-02-01T15:00:00Z,,0
S003712,train,1,0,none,none,2025-02-01T15:10:00Z,,0
S003713,train,1,0,none,none,2025-02-01T15:20:00Z,,0
S003714,train,0,1,underfill_void,molding,2025-02-01T15:30:00Z,,0
S003715,train,1,0,none,none,2025-02-01T15:40:00Z,1,1
S003716,train,1,0,none,none,2025-02-01T15:50:00Z,,0
S003717,train,1,0,none,none,2025-02-01T16:00:00Z,,0
S003718,train,1,0,none,none,2025-02-01T16:10:00Z,,0
S003719,train,1,0,none,none,2025-02-01T16:20:00Z,,0
S003720,train,1,0,none,none,2025-02-01T16:30:00Z,,0
S003721,train,1,0,none,none,2025-02-01T16:40:00Z,,0
S003722,train,1,0,none,none,2025-02-01T16:50:00Z,,0
S003723,train,0,1,warpage,assembly,2025-02-01T17:00:00Z,,0
S003724,train,1,0,none,none,2025-02-01T17:10:00Z,,0
S003725,train,1,0,none,none,2025-02-01T17:20:00Z,,0
S003726,train,1,0,none,none,2025-02-01T17:30:00Z,,0
S003727,train,1,0,none,none,2025-02-01T17:40:00Z,,0
S003728,train,1,0,none,none,2025-02-01T17:50:00Z,,0
S003729,train,1,0,none,none,2025-02-01T18:00:00Z,,0
S003730,train,1,0,none,none,2025-02-01T18:10:00Z,,0
S003731,train,1,0,none,none,2025-02-01T18:20:00Z,,0
S003732,train,1,0,none,none,2025-02-01T18:30:00Z,,0
S003733,train,1,0,none,none,2025-02-01T18:40:00Z,1,1
S003734,train,1,0,none,none,2025-02-01T18:50:00Z,1,1
S003735,train,1,0,none,none,2025-02-01T19:00:00Z,,0
S003736,train,1,0,none,none,2025-02-01T19:10:00Z,,0
S003737,train,1,0,none,none,2025-02-01T15:40:00Z,1,1
S003738,train,1,0,none,none,2025-02-01T15:50:00Z,,0
S003739,train,1,0,none,none,2025-02-01T16:00:00Z,,0
S003740,train,1,0,none,none,2025-02-01T16:10:00Z,,0
S003741,train,1,0,none,none,2025-02-01T16:20:00Z,,0
S003742,train,1,0,none,none,2025-02-01T16:30:00Z,,0
S003743,train,1,0,none,none,2025-02-01T16:40:00Z,,0
S003744,train,1,0,none,none,2025-02-01T16:50:00Z,,0
S003745,train,1,0,none,none,2025-02-01T17:00:00Z,,0
S003746,train,1,0,none,none,2025-02-01T17:10:00Z,,0
S003747,train,0,1,multiple,multiple,2025-02-01T17:20:00Z,,0
S003748,train,1,0,none,none,2025-02-01T17:30:00Z,,0
S003749,train,1,0,none,none,2025-02-01T17:40:00Z,,0
S003750,train,1,0,none,none,2025-02-01T17:50:00Z,1,1
S003751,train,1,0,none,none,2025-02-01T18:00:00Z,,0
S003752,train,1,0,none,none,2025-02-01T18:10:00Z,,0
S003753,train,1,0,none,none,2025-02-01T18:20:00Z,,0
S003754,train,1,0,none,none,2025-02-01T18:30:00Z,1,1
S003755,train,1,0,none,none,2025-02-01T18:40:00Z,,0
S003756,train,1,0,none,none,2025-02-01T18:50:00Z,,0
S003757,train,1,0,none,none,2025-02-01T19:00:00Z,,0
S003758,train,1,0,none,none,2025-02-01T19:10:00Z,,0
S003759,train,1,0,none,none,2025-02-01T19:20:00Z,,0
S003760,train,1,0,none,none,2025-02-01T19:30:00Z,,0
S003761,train,1,0,none,none,2025-02-01T19:40:00Z,,0
S003762,train,1,0,none,none,2025-02-01T19:50:00Z,,0
S003763,train,1,0,none,none,2025-02-01T20:00:00Z,,0
S003764,train,1,0,none,none,2025-02-01T20:10:00Z,,0
S003765,train,1,0,none,none,2025-02-01T20:20:00Z,,0
S003766,train,1,0,none,none,2025-02-01T20:30:00Z,,0
S003767,train,1,0,none,none,2025-02-01T20:40:00Z,,0
S003768,train,1,0,none,none,2025-02-01T20:50:00Z,,0
S003769,train,0,1,dram_electrical,dram_or_base,2025-02-01T21:00:00Z,,0
S003770,train,1,0,none,none,2025-02-01T21:10:00Z,,0
S003771,train,1,0,none,none,2025-02-01T21:20:00Z,,0
S003772,train,1,0,none,none,2025-02-01T21:30:00Z,,0
S003773,train,1,0,none,none,2025-02-01T21:40:00Z,,0
S003774,train,1,0,none,none,2025-02-01T21:50:00Z,,0
S003775,train,1,0,none,none,2025-02-01T22:00:00Z,,0
S003776,train,1,0,none,none,2025-02-01T22:10:00Z,,0
S003777,train,1,0,none,none,2025-02-01T22:20:00Z,0,1
S003778,train,1,0,none,none,2025-02-01T22:30:00Z,,0
S003779,train,1,0,none,none,2025-02-01T22:40:00Z,,0
S003780,train,1,0,none,none,2025-02-01T22:50:00Z,0,1
S003781,train,1,0,none,none,2025-02-01T23:00:00Z,,0
S003782,train,1,0,none,none,2025-02-01T23:10:00Z,,0
S003783,train,1,0,none,none,2025-02-01T23:20:00Z,,0
S003784,train,1,0,none,none,2025-02-01T23:30:00Z,,0
S003785,train,1,0,none,none,2025-02-01T23:40:00Z,,0
S003786,train,1,0,none,none,2025-02-01T23:50:00Z,,0
S003787,train,1,0,none,none,2025-02-02T00:00:00Z,1,1
S003788,train,1,0,none,none,2025-02-02T00:10:00Z,,0
S003789,train,1,0,none,none,2025-02-02T00:20:00Z,,0
S003790,train,1,0,none,none,2025-02-02T00:30:00Z,,0
S003791,train,1,0,none,none,2025-02-02T00:40:00Z,,0
S003792,train,1,0,none,none,2025-02-02T00:50:00Z,1,1
S003793,train,1,0,none,none,2025-02-02T01:00:00Z,,0
S003794,train,1,0,none,none,2025-02-02T01:10:00Z,,0
S003795,train,0,1,warpage,assembly,2025-02-02T01:20:00Z,,0
S003796,train,1,0,none,none,2025-02-02T01:30:00Z,,0
S003797,train,1,0,none,none,2025-02-02T01:40:00Z,1,1
S003798,train,1,0,none,none,2025-02-02T01:50:00Z,,0
S003799,train,1,0,none,none,2025-02-02T02:00:00Z,1,1
S003800,train,1,0,none,none,2025-02-02T03:40:00Z,,0
S003801,train,1,0,none,none,2025-02-02T03:50:00Z,1,1
S003802,train,1,0,none,none,2025-02-02T04:00:00Z,1,1
S003803,train,1,0,none,none,2025-02-02T04:10:00Z,,0
S003804,train,1,0,none,none,2025-02-02T04:20:00Z,,0
S003805,train,1,0,none,none,2025-02-02T04:30:00Z,,0
S003806,train,1,0,none,none,2025-02-02T04:40:00Z,,0
S003807,train,1,0,none,none,2025-02-02T04:50:00Z,,0
S003808,train,1,0,none,none,2025-02-02T05:00:00Z,,0
S003809,train,1,0,none,none,2025-02-02T05:10:00Z,,0
S003810,train,1,0,none,none,2025-02-02T05:20:00Z,1,1
S003811,train,1,0,none,none,2025-02-02T05:30:00Z,,0
S003812,train,1,0,none,none,2025-02-02T05:40:00Z,,0
S003813,train,1,0,none,none,2025-02-02T05:50:00Z,,0
S003814,train,1,0,none,none,2025-02-02T06:00:00Z,,0
S003815,train,1,0,none,none,2025-02-02T06:10:00Z,,0
S003816,train,1,0,none,none,2025-02-02T06:20:00Z,,0
S003817,train,1,0,none,none,2025-02-02T06:30:00Z,,0
S003818,train,0,1,tsv_open_short,tsv_or_interconnect,2025-02-02T06:40:00Z,,0
S003819,train,1,0,none,none,2025-02-02T06:50:00Z,,0
S003820,train,1,0,none,none,2025-02-02T07:00:00Z,,0
S003821,train,1,0,none,none,2025-02-02T07:10:00Z,,0
S003822,train,1,0,none,none,2025-02-02T07:20:00Z,,0
S003823,train,1,0,none,none,2025-02-02T07:30:00Z,,0
S003824,train,0,1,microbump_open_bridge,reflow,2025-02-02T07:40:00Z,,0
S003825,train,1,0,none,none,2025-02-02T07:50:00Z,1,1
S003826,train,1,0,none,none,2025-02-02T08:00:00Z,1,1
S003827,train,1,0,none,none,2025-02-02T08:10:00Z,,0
S003828,train,1,0,none,none,2025-02-02T08:20:00Z,,0
S003829,train,0,1,microbump_open_bridge,reflow,2025-02-02T08:30:00Z,,0
S003830,train,1,0,none,none,2025-02-02T08:40:00Z,,0
S003831,train,1,0,none,none,2025-02-02T08:50:00Z,,0
S003832,train,1,0,none,none,2025-02-02T09:00:00Z,,0
S003833,train,1,0,none,none,2025-02-02T09:10:00Z,,0
S003834,train,1,0,none,none,2025-02-02T09:20:00Z,1,1
S003835,train,1,0,none,none,2025-02-02T09:30:00Z,,0
S003836,train,1,0,none,none,2025-02-02T09:40:00Z,,0
S003837,train,0,1,delamination,molding,2025-02-02T09:50:00Z,,0
S003838,train,1,0,none,none,2025-02-02T10:00:00Z,,0
S003839,train,1,0,none,none,2025-02-02T10:10:00Z,,0
S003840,train,1,0,none,none,2025-02-02T10:20:00Z,,0
S003841,train,1,0,none,none,2025-02-02T10:30:00Z,,0
S003842,train,1,0,none,none,2025-02-02T10:40:00Z,,0
S003843,train,1,0,none,none,2025-02-02T10:50:00Z,1,1
S003844,train,1,0,none,none,2025-02-02T11:00:00Z,,0
S003845,train,1,0,none,none,2025-02-02T11:10:00Z,,0
S003846,train,1,0,none,none,2025-02-02T11:20:00Z,1,1
S003847,train,1,0,none,none,2025-02-02T11:30:00Z,,0
S003848,train,1,0,none,none,2025-02-02T11:40:00Z,,0
S003849,train,1,0,none,none,2025-02-02T11:50:00Z,,0
S003850,train,1,0,none,none,2025-02-02T12:00:00Z,,0
S003851,train,1,0,none,none,2025-02-02T12:10:00Z,,0
S003852,train,1,0,none,none,2025-02-02T12:20:00Z,,0
S003853,train,1,0,none,none,2025-02-02T12:30:00Z,1,1
S003854,train,1,0,none,none,2025-02-02T12:40:00Z,,0
S003855,train,1,0,none,none,2025-02-02T12:50:00Z,,0
S003856,train,1,0,none,none,2025-02-02T13:00:00Z,,0
S003857,train,1,0,none,none,2025-02-02T13:10:00Z,,0
S003858,train,0,1,tsv_open_short,tsv_or_interconnect,2025-02-02T13:20:00Z,,0
S003859,train,1,0,none,none,2025-02-02T13:30:00Z,,0
S003860,train,1,0,none,none,2025-02-02T13:40:00Z,,0
S003861,train,1,0,none,none,2025-02-02T13:50:00Z,,0
S003862,train,1,0,none,none,2025-02-02T14:00:00Z,,0
S003863,train,1,0,none,none,2025-02-02T15:40:00Z,,0
S003864,train,1,0,none,none,2025-02-02T15:50:00Z,,0
S003865,train,1,0,none,none,2025-02-02T16:00:00Z,,0
S003866,train,1,0,none,none,2025-02-02T16:10:00Z,,0
S003867,train,1,0,none,none,2025-02-02T16:20:00Z,,0
S003868,train,1,0,none,none,2025-02-02T16:30:00Z,,0
S003869,train,1,0,none,none,2025-02-02T16:40:00Z,,0
S003870,train,1,0,none,none,2025-02-02T16:50:00Z,,0
S003871,train,1,0,none,none,2025-02-02T17:00:00Z,,0
S003872,train,1,0,none,none,2025-02-02T17:10:00Z,,0
S003873,train,1,0,none,none,2025-02-02T17:20:00Z,,0
S003874,train,1,0,none,none,2025-02-02T17:30:00Z,,0
S003875,train,1,0,none,none,2025-02-02T17:40:00Z,,0
S003876,train,0,1,underfill_void,molding,2025-02-02T17:50:00Z,,0
S003877,train,1,0,none,none,2025-02-02T18:00:00Z,,0
S003878,train,1,0,none,none,2025-02-02T18:10:00Z,,0
S003879,train,1,0,none,none,2025-02-02T18:20:00Z,,0
S003880,train,1,0,none,none,2025-02-02T18:30:00Z,1,1
S003881,train,1,0,none,none,2025-02-02T18:40:00Z,,0
S003882,train,1,0,none,none,2025-02-02T18:50:00Z,1,1
S003883,train,1,0,none,none,2025-02-02T19:00:00Z,,0
S003884,train,1,0,none,none,2025-02-02T19:10:00Z,,0
S003885,train,1,0,none,none,2025-02-02T19:20:00Z,,0
S003886,train,1,0,none,none,2025-02-02T19:30:00Z,,0
S003887,train,1,0,none,none,2025-02-02T19:40:00Z,,0
S003888,train,0,1,warpage,assembly,2025-02-02T19:50:00Z,,0
S003889,train,1,0,none,none,2025-02-02T20:00:00Z,,0
S003890,train,1,0,none,none,2025-02-02T20:10:00Z,,0
S003891,train,1,0,none,none,2025-02-02T20:20:00Z,,0
S003892,train,1,0,none,none,2025-02-02T20:30:00Z,,0
S003893,train,1,0,none,none,2025-02-02T20:40:00Z,1,1
S003894,train,1,0,none,none,2025-02-02T20:50:00Z,,0
S003895,train,1,0,none,none,2025-02-02T21:00:00Z,,0
S003896,train,1,0,none,none,2025-02-02T21:10:00Z,1,1
S003897,train,1,0,none,none,2025-02-02T21:20:00Z,,0
S003898,train,1,0,none,none,2025-02-02T21:30:00Z,,0
S003899,train,1,0,none,none,2025-02-02T21:40:00Z,,0
S003900,train,1,0,none,none,2025-02-02T21:50:00Z,,0
S003901,train,1,0,none,none,2025-02-02T22:00:00Z,,0
S003902,train,1,0,none,none,2025-02-02T22:10:00Z,,0
S003903,train,1,0,none,none,2025-02-02T22:20:00Z,,0
S003904,train,1,0,none,none,2025-02-02T22:30:00Z,,0
S003905,train,1,0,none,none,2025-02-02T22:40:00Z,,0
S003906,train,1,0,none,none,2025-02-02T22:50:00Z,,0
S003907,train,1,0,none,none,2025-02-02T23:00:00Z,,0
S003908,train,1,0,none,none,2025-02-02T23:10:00Z,,0
S003909,train,1,0,none,none,2025-02-02T23:20:00Z,,0
S003910,train,1,0,none,none,2025-02-02T23:30:00Z,,0
S003911,train,1,0,none,none,2025-02-02T23:40:00Z,,0
S003912,train,1,0,none,none,2025-02-02T23:50:00Z,,0
S003913,train,1,0,none,none,2025-02-03T00:00:00Z,,0
S003914,train,1,0,none,none,2025-02-03T00:10:00Z,1,1
S003915,train,1,0,none,none,2025-02-03T00:20:00Z,1,1
S003916,train,1,0,none,none,2025-02-03T00:30:00Z,1,1
S003917,train,1,0,none,none,2025-02-03T00:40:00Z,1,1
S003918,train,1,0,none,none,2025-02-03T00:50:00Z,,0
S003919,train,0,1,warpage,assembly,2025-02-03T01:00:00Z,,0
S003920,train,1,0,none,none,2025-02-03T01:10:00Z,,0
S003921,train,1,0,none,none,2025-02-03T01:20:00Z,1,1
S003922,train,1,0,none,none,2025-02-03T01:30:00Z,,0
S003923,train,1,0,none,none,2025-02-03T01:40:00Z,,0
S003924,train,1,0,none,none,2025-02-03T01:50:00Z,,0
S003925,train,1,0,none,none,2025-02-03T02:00:00Z,1,1
S003926,train,1,0,none,none,2025-02-03T02:10:00Z,,0
S003927,train,1,0,none,none,2025-02-03T02:20:00Z,,0
S003928,train,1,0,none,none,2025-02-03T02:30:00Z,1,1
S003929,train,1,0,none,none,2025-02-03T02:40:00Z,,0
S003930,train,1,0,none,none,2025-02-03T02:50:00Z,,0
S003931,train,1,0,none,none,2025-02-03T03:00:00Z,1,1
S003932,train,1,0,none,none,2025-02-03T03:10:00Z,,0
S003933,train,1,0,none,none,2025-02-03T03:20:00Z,,0
S003934,train,1,0,none,none,2025-02-03T03:30:00Z,,0
S003935,train,1,0,none,none,2025-02-03T03:40:00Z,1,1
S003936,train,1,0,none,none,2025-02-03T03:50:00Z,1,1
S003937,train,1,0,none,none,2025-02-03T04:00:00Z,1,1
S003938,train,1,0,none,none,2025-02-03T04:10:00Z,,0
S003939,train,1,0,none,none,2025-02-03T04:20:00Z,,0
S003940,train,1,0,none,none,2025-02-03T04:30:00Z,1,1
S003941,train,1,0,none,none,2025-02-03T04:40:00Z,,0
S003942,train,1,0,none,none,2025-02-03T04:50:00Z,,0
S003943,train,1,0,none,none,2025-02-03T05:00:00Z,,0
S003944,train,1,0,none,none,2025-02-03T05:10:00Z,,0
S003945,train,1,0,none,none,2025-02-03T05:20:00Z,,0
S003946,train,1,0,none,none,2025-02-03T05:30:00Z,1,1
S003947,train,1,0,none,none,2025-02-03T05:40:00Z,,0
S003948,train,1,0,none,none,2025-02-03T05:50:00Z,,0
S003949,train,1,0,none,none,2025-02-03T06:00:00Z,,0
S003950,train,1,0,none,none,2025-02-03T06:10:00Z,1,1
S003951,train,1,0,none,none,2025-02-03T06:20:00Z,,0
S003952,train,1,0,none,none,2025-02-03T06:30:00Z,1,1
S003953,train,1,0,none,none,2025-02-03T06:40:00Z,,0
S003954,train,1,0,none,none,2025-02-03T06:50:00Z,,0
S003955,train,1,0,none,none,2025-02-03T07:00:00Z,,0
S003956,train,1,0,none,none,2025-02-03T07:10:00Z,,0
S003957,train,1,0,none,none,2025-02-03T03:40:00Z,,0
S003958,train,0,1,warpage,assembly,2025-02-03T03:50:00Z,,0
S003959,train,1,0,none,none,2025-02-03T04:00:00Z,,0
S003960,train,1,0,none,none,2025-02-03T04:10:00Z,,0
S003961,train,1,0,none,none,2025-02-03T04:20:00Z,,0
S003962,train,1,0,none,none,2025-02-03T04:30:00Z,,0
S003963,train,1,0,none,none,2025-02-03T04:40:00Z,,0
S003964,train,0,1,warpage,assembly,2025-02-03T04:50:00Z,,0
S003965,train,1,0,none,none,2025-02-03T05:00:00Z,,0
S003966,train,1,0,none,none,2025-02-03T05:10:00Z,,0
S003967,train,1,0,none,none,2025-02-03T05:20:00Z,,0
S003968,train,1,0,none,none,2025-02-03T05:30:00Z,,0
S003969,train,1,0,none,none,2025-02-03T05:40:00Z,1,1
S003970,train,1,0,none,none,2025-02-03T05:50:00Z,,0
S003971,train,1,0,none,none,2025-02-03T06:00:00Z,,0
S003972,train,1,0,none,none,2025-02-03T06:10:00Z,,0
S003973,train,1,0,none,none,2025-02-03T06:20:00Z,,0
S003974,train,1,0,none,none,2025-02-03T06:30:00Z,,0
S003975,train,1,0,none,none,2025-02-03T06:40:00Z,,0
S003976,train,1,0,none,none,2025-02-03T06:50:00Z,,0
S003977,train,1,0,none,none,2025-02-03T07:00:00Z,,0
S003978,train,0,1,underfill_void,molding,2025-02-03T07:10:00Z,,0
S003979,train,1,0,none,none,2025-02-03T07:20:00Z,,0
S003980,train,1,0,none,none,2025-02-03T07:30:00Z,1,1
S003981,train,1,0,none,none,2025-02-03T07:40:00Z,0,1
S003982,train,1,0,none,none,2025-02-03T07:50:00Z,,0
S003983,train,1,0,none,none,2025-02-03T08:00:00Z,,0
S003984,train,1,0,none,none,2025-02-03T08:10:00Z,1,1
S003985,train,1,0,none,none,2025-02-03T08:20:00Z,,0
S003986,train,1,0,none,none,2025-02-03T08:30:00Z,1,1
S003987,train,1,0,none,none,2025-02-03T08:40:00Z,,0
S003988,train,1,0,none,none,2025-02-03T08:50:00Z,,0
S003989,train,1,0,none,none,2025-02-03T09:00:00Z,,0
S003990,train,1,0,none,none,2025-02-03T09:10:00Z,,0
S003991,train,1,0,none,none,2025-02-03T09:20:00Z,,0
S003992,train,1,0,none,none,2025-02-03T09:30:00Z,1,1
S003993,train,1,0,none,none,2025-02-03T09:40:00Z,,0
S003994,train,0,1,die_crack,handling,2025-02-03T09:50:00Z,,0
S003995,train,1,0,none,none,2025-02-03T10:00:00Z,,0
S003996,train,1,0,none,none,2025-02-03T10:10:00Z,,0
S003997,train,1,0,none,none,2025-02-03T10:20:00Z,,0
S003998,train,1,0,none,none,2025-02-03T10:30:00Z,,0
S003999,train,1,0,none,none,2025-02-03T10:40:00Z,1,1
S004000,train,1,0,none,none,2025-02-03T10:50:00Z,,0
S004001,train,1,0,none,none,2025-02-03T11:00:00Z,1,1
S004002,train,1,0,none,none,2025-02-03T11:10:00Z,,0
S004003,train,1,0,none,none,2025-02-03T11:20:00Z,,0
S004004,train,1,0,none,none,2025-02-03T11:30:00Z,,0
S004005,train,1,0,none,none,2025-02-03T11:40:00Z,,0
S004006,train,1,0,none,none,2025-02-03T11:50:00Z,,0
S004007,train,1,0,none,none,2025-02-03T12:00:00Z,,0
S004008,train,1,0,none,none,2025-02-03T12:10:00Z,,0
S004009,train,1,0,none,none,2025-02-03T12:20:00Z,,0
S004010,train,1,0,none,none,2025-02-03T12:30:00Z,,0
S004011,train,1,0,none,none,2025-02-03T12:40:00Z,,0
S004012,train,1,0,none,none,2025-02-03T12:50:00Z,1,1
S004013,train,1,0,none,none,2025-02-03T13:00:00Z,1,1
S004014,train,1,0,none,none,2025-02-03T13:10:00Z,,0
S004015,train,1,0,none,none,2025-02-03T13:20:00Z,,0
S004016,train,1,0,none,none,2025-02-03T13:30:00Z,,0
S004017,train,1,0,none,none,2025-02-03T13:40:00Z,,0
S004018,train,1,0,none,none,2025-02-03T13:50:00Z,1,1
S004019,train,1,0,none,none,2025-02-03T14:00:00Z,,0
S004020,train,1,0,none,none,2025-02-03T15:40:00Z,,0
S004021,train,1,0,none,none,2025-02-03T15:50:00Z,1,1
S004022,train,1,0,none,none,2025-02-03T16:00:00Z,,0
S004023,train,1,0,none,none,2025-02-03T16:10:00Z,,0
S004024,train,1,0,none,none,2025-02-03T16:20:00Z,,0
S004025,train,1,0,none,none,2025-02-03T16:30:00Z,1,1
S004026,train,1,0,none,none,2025-02-03T16:40:00Z,,0
S004027,train,1,0,none,none,2025-02-03T16:50:00Z,,0
S004028,train,1,0,none,none,2025-02-03T17:00:00Z,,0
S004029,train,1,0,none,none,2025-02-03T17:10:00Z,,0
S004030,train,1,0,none,none,2025-02-03T17:20:00Z,,0
S004031,train,1,0,none,none,2025-02-03T17:30:00Z,,0
S004032,train,1,0,none,none,2025-02-03T17:40:00Z,,0
S004033,train,1,0,none,none,2025-02-03T17:50:00Z,,0
S004034,train,1,0,none,none,2025-02-03T18:00:00Z,,0
S004035,train,1,0,none,none,2025-02-03T18:10:00Z,,0
S004036,train,1,0,none,none,2025-02-03T18:20:00Z,,0
S004037,train,1,0,none,none,2025-02-03T18:30:00Z,,0
S004038,train,1,0,none,none,2025-02-03T18:40:00Z,,0
S004039,train,1,0,none,none,2025-02-03T18:50:00Z,1,1
S004040,train,1,0,none,none,2025-02-03T19:00:00Z,,0
S004041,train,1,0,none,none,2025-02-03T19:10:00Z,,0
S004042,train,1,0,none,none,2025-02-03T19:20:00Z,,0
S004043,train,1,0,none,none,2025-02-03T19:30:00Z,,0
S004044,train,1,0,none,none,2025-02-03T19:40:00Z,,0
S004045,train,1,0,none,none,2025-02-03T19:50:00Z,1,1
S004046,train,1,0,none,none,2025-02-03T20:00:00Z,,0
S004047,train,1,0,none,none,2025-02-03T20:10:00Z,,0
S004048,train,1,0,none,none,2025-02-03T20:20:00Z,,0
S004049,train,1,0,none,none,2025-02-03T20:30:00Z,,0
S004050,train,1,0,none,none,2025-02-03T20:40:00Z,,0
S004051,train,1,0,none,none,2025-02-03T20:50:00Z,,0
S004052,train,1,0,none,none,2025-02-03T21:00:00Z,,0
S004053,train,1,0,none,none,2025-02-03T21:10:00Z,,0
S004054,train,1,0,none,none,2025-02-03T21:20:00Z,1,1
S004055,train,1,0,none,none,2025-02-03T21:30:00Z,,0
S004056,train,1,0,none,none,2025-02-03T21:40:00Z,,0
S004057,train,1,0,none,none,2025-02-03T21:50:00Z,,0
S004058,train,1,0,none,none,2025-02-03T22:00:00Z,,0
S004059,train,1,0,none,none,2025-02-03T22:10:00Z,1,1
S004060,train,1,0,none,none,2025-02-03T22:20:00Z,,0
S004061,train,1,0,none,none,2025-02-03T22:30:00Z,,0
S004062,train,0,1,microbump_open_bridge,reflow,2025-02-03T22:40:00Z,,0
S004063,train,1,0,none,none,2025-02-03T22:50:00Z,,0
S004064,train,1,0,none,none,2025-02-03T23:00:00Z,,0
S004065,train,1,0,none,none,2025-02-03T23:10:00Z,,0
S004066,train,1,0,none,none,2025-02-03T23:20:00Z,,0
S004067,train,1,0,none,none,2025-02-03T23:30:00Z,1,1
S004068,train,1,0,none,none,2025-02-03T23:40:00Z,,0
S004069,train,1,0,none,none,2025-02-03T23:50:00Z,1,1
S004070,train,1,0,none,none,2025-02-04T00:00:00Z,1,1
S004071,train,1,0,none,none,2025-02-04T00:10:00Z,,0
S004072,train,1,0,none,none,2025-02-04T00:20:00Z,1,1
S004073,train,1,0,none,none,2025-02-04T00:30:00Z,,0
S004074,train,1,0,none,none,2025-02-04T00:40:00Z,,0
S004075,train,1,0,none,none,2025-02-04T00:50:00Z,,0
S004076,train,1,0,none,none,2025-02-04T01:00:00Z,,0
S004077,train,1,0,none,none,2025-02-04T01:10:00Z,1,1
S004078,train,1,0,none,none,2025-02-04T01:20:00Z,,0
S004079,train,1,0,none,none,2025-02-04T01:30:00Z,,0
S004080,train,1,0,none,none,2025-02-04T01:40:00Z,,0
S004081,train,1,0,none,none,2025-02-04T01:50:00Z,,0
S004082,train,0,1,underfill_void,molding,2025-02-04T02:00:00Z,,0
S004083,train,1,0,none,none,2025-02-04T02:10:00Z,,0
S004084,train,1,0,none,none,2025-02-04T02:20:00Z,,0
S004085,train,1,0,none,none,2025-02-04T02:30:00Z,,0
S004086,train,1,0,none,none,2025-02-04T02:40:00Z,,0
S004087,train,1,0,none,none,2025-02-04T02:50:00Z,,0
S004088,train,1,0,none,none,2025-02-04T03:00:00Z,,0
S004089,train,1,0,none,none,2025-02-04T03:10:00Z,,0
S004090,train,1,0,none,none,2025-02-04T03:20:00Z,,0
S004091,train,0,1,die_crack,handling,2025-02-04T03:30:00Z,,0
S004092,train,1,0,none,none,2025-02-04T03:40:00Z,,0
S004093,train,1,0,none,none,2025-02-04T03:50:00Z,,0
S004094,train,1,0,none,none,2025-02-04T04:00:00Z,1,1
S004095,train,1,0,none,none,2025-02-04T04:10:00Z,,0
S004096,train,1,0,none,none,2025-02-04T04:20:00Z,,0
S004097,train,1,0,none,none,2025-02-04T04:30:00Z,,0
S004098,train,1,0,none,none,2025-02-04T04:40:00Z,,0
S004099,train,1,0,none,none,2025-02-04T04:50:00Z,,0
S004100,train,1,0,none,none,2025-02-04T05:00:00Z,,0
S004101,train,1,0,none,none,2025-02-04T05:10:00Z,,0
S004102,train,1,0,none,none,2025-02-04T05:20:00Z,,0
S004103,train,1,0,none,none,2025-02-04T05:30:00Z,1,1
S004104,train,1,0,none,none,2025-02-04T05:40:00Z,,0
S004105,train,1,0,none,none,2025-02-04T05:50:00Z,1,1
S004106,train,1,0,none,none,2025-02-04T06:00:00Z,,0
S004107,train,1,0,none,none,2025-02-04T06:10:00Z,,0
S004108,train,1,0,none,none,2025-02-04T06:20:00Z,1,1
S004109,train,0,1,tsv_open_short,tsv_or_interconnect,2025-02-04T06:30:00Z,,0
S004110,train,1,0,none,none,2025-02-04T06:40:00Z,,0
S004111,train,0,1,microbump_open_bridge,reflow,2025-02-04T06:50:00Z,,0
S004112,train,1,0,none,none,2025-02-04T07:00:00Z,1,1
S004113,train,1,0,none,none,2025-02-04T07:10:00Z,,0
S004114,train,1,0,none,none,2025-02-04T07:20:00Z,,0
S004115,train,1,0,none,none,2025-02-04T03:40:00Z,,0
S004116,train,1,0,none,none,2025-02-04T03:50:00Z,,0
S004117,train,1,0,none,none,2025-02-04T04:00:00Z,,0
S004118,train,1,0,none,none,2025-02-04T04:10:00Z,,0
S004119,train,1,0,none,none,2025-02-04T04:20:00Z,,0
S004120,train,1,0,none,none,2025-02-04T04:30:00Z,,0
S004121,train,1,0,none,none,2025-02-04T04:40:00Z,1,1
S004122,train,1,0,none,none,2025-02-04T04:50:00Z,,0
S004123,train,1,0,none,none,2025-02-04T05:00:00Z,1,1
S004124,train,1,0,none,none,2025-02-04T05:10:00Z,,0
S004125,train,0,1,warpage,assembly,2025-02-04T05:20:00Z,,0
S004126,train,1,0,none,none,2025-02-04T05:30:00Z,,0
S004127,train,0,1,underfill_void,molding,2025-02-04T05:40:00Z,,0
S004128,train,1,0,none,none,2025-02-04T05:50:00Z,,0
S004129,train,1,0,none,none,2025-02-04T06:00:00Z,,0
S004130,train,1,0,none,none,2025-02-04T06:10:00Z,,0
S004131,train,1,0,none,none,2025-02-04T06:20:00Z,,0
S004132,train,1,0,none,none,2025-02-04T06:30:00Z,,0
S004133,train,1,0,none,none,2025-02-04T06:40:00Z,,0
S004134,train,1,0,none,none,2025-02-04T06:50:00Z,,0
S004135,train,0,1,tsv_open_short,tsv_or_interconnect,2025-02-04T07:00:00Z,,0
S004136,train,1,0,none,none,2025-02-04T07:10:00Z,,0
S004137,train,1,0,none,none,2025-02-04T07:20:00Z,,0
S004138,train,1,0,none,none,2025-02-04T07:30:00Z,1,1
S004139,train,1,0,none,none,2025-02-04T07:40:00Z,,0
S004140,train,0,1,underfill_void,molding,2025-02-04T07:50:00Z,,0
S004141,train,1,0,none,none,2025-02-04T08:00:00Z,,0
S004142,train,1,0,none,none,2025-02-04T08:10:00Z,,0
S004143,train,1,0,none,none,2025-02-04T08:20:00Z,,0
S004144,train,1,0,none,none,2025-02-04T08:30:00Z,,0
S004145,train,1,0,none,none,2025-02-04T08:40:00Z,,0
S004146,train,1,0,none,none,2025-02-04T08:50:00Z,,0
S004147,train,1,0,none,none,2025-02-04T09:00:00Z,,0
S004148,train,1,0,none,none,2025-02-04T09:10:00Z,,0
S004149,train,1,0,none,none,2025-02-04T09:20:00Z,,0
S004150,train,1,0,none,none,2025-02-04T09:30:00Z,,0
S004151,train,1,0,none,none,2025-02-04T09:40:00Z,,0
S004152,train,1,0,none,none,2025-02-04T09:50:00Z,,0
S004153,train,1,0,none,none,2025-02-04T10:00:00Z,,0
S004154,train,0,1,warpage,assembly,2025-02-04T10:10:00Z,,0
S004155,train,1,0,none,none,2025-02-04T10:20:00Z,1,1
S004156,train,1,0,none,none,2025-02-04T10:30:00Z,,0
S004157,train,1,0,none,none,2025-02-04T10:40:00Z,,0
S004158,train,1,0,none,none,2025-02-04T10:50:00Z,,0
S004159,train,1,0,none,none,2025-02-04T11:00:00Z,,0
S004160,train,1,0,none,none,2025-02-04T11:10:00Z,,0
S004161,train,1,0,none,none,2025-02-04T11:20:00Z,,0
S004162,train,1,0,none,none,2025-02-04T11:30:00Z,,0
S004163,train,0,1,delamination,molding,2025-02-04T11:40:00Z,,0
S004164,train,0,1,warpage,assembly,2025-02-04T11:50:00Z,,0
S004165,train,1,0,none,none,2025-02-04T12:00:00Z,,0
S004166,train,1,0,none,none,2025-02-04T12:10:00Z,1,1
S004167,train,1,0,none,none,2025-02-04T12:20:00Z,,0
S004168,train,1,0,none,none,2025-02-04T12:30:00Z,,0
S004169,train,1,0,none,none,2025-02-04T12:40:00Z,0,1
S004170,train,1,0,none,none,2025-02-04T12:50:00Z,1,1
S004171,train,1,0,none,none,2025-02-04T13:00:00Z,1,1
S004172,train,1,0,none,none,2025-02-04T13:10:00Z,,0
S004173,train,1,0,none,none,2025-02-04T13:20:00Z,,0
S004174,train,0,1,underfill_void,molding,2025-02-04T13:30:00Z,,0
S004175,train,1,0,none,none,2025-02-04T13:40:00Z,1,1
S004176,train,1,0,none,none,2025-02-04T13:50:00Z,,0
S004177,train,1,0,none,none,2025-02-04T14:00:00Z,1,1
S004178,train,1,0,none,none,2025-02-04T15:40:00Z,,0
S004179,train,1,0,none,none,2025-02-04T15:50:00Z,1,1
S004180,train,0,1,dram_electrical,dram_or_base,2025-02-04T16:00:00Z,,0
S004181,train,1,0,none,none,2025-02-04T16:10:00Z,,0
S004182,train,1,0,none,none,2025-02-04T16:20:00Z,,0
S004183,train,1,0,none,none,2025-02-04T16:30:00Z,,0
S004184,train,1,0,none,none,2025-02-04T16:40:00Z,,0
S004185,train,1,0,none,none,2025-02-04T16:50:00Z,,0
S004186,train,1,0,none,none,2025-02-04T17:00:00Z,,0
S004187,train,1,0,none,none,2025-02-04T17:10:00Z,,0
S004188,train,1,0,none,none,2025-02-04T17:20:00Z,,0
S004189,train,1,0,none,none,2025-02-04T17:30:00Z,1,1
S004190,train,1,0,none,none,2025-02-04T17:40:00Z,,0
S004191,train,1,0,none,none,2025-02-04T17:50:00Z,,0
S004192,train,0,1,tsv_open_short,tsv_or_interconnect,2025-02-04T18:00:00Z,,0
S004193,train,1,0,none,none,2025-02-04T18:10:00Z,,0
S004194,train,1,0,none,none,2025-02-04T18:20:00Z,,0
S004195,train,1,0,none,none,2025-02-04T18:30:00Z,,0
S004196,train,1,0,none,none,2025-02-04T18:40:00Z,,0
S004197,train,1,0,none,none,2025-02-04T18:50:00Z,,0
S004198,train,1,0,none,none,2025-02-04T19:00:00Z,1,1
S004199,train,1,0,none,none,2025-02-04T19:10:00Z,,0
S004200,train,0,1,underfill_void,molding,2025-02-04T19:20:00Z,,0
S004201,train,1,0,none,none,2025-02-04T19:30:00Z,1,1
S004202,train,1,0,none,none,2025-02-04T19:40:00Z,,0
S004203,train,1,0,none,none,2025-02-04T19:50:00Z,,0
S004204,train,1,0,none,none,2025-02-04T20:00:00Z,,0
S004205,train,0,1,dram_electrical,dram_or_base,2025-02-04T20:10:00Z,,0
S004206,train,1,0,none,none,2025-02-04T20:20:00Z,,0
S004207,train,1,0,none,none,2025-02-04T20:30:00Z,,0
S004208,train,1,0,none,none,2025-02-04T20:40:00Z,,0
S004209,train,1,0,none,none,2025-02-04T20:50:00Z,,0
S004210,train,1,0,none,none,2025-02-04T21:00:00Z,,0
S004211,train,1,0,none,none,2025-02-04T21:10:00Z,,0
S004212,train,1,0,none,none,2025-02-04T21:20:00Z,,0
S004213,train,1,0,none,none,2025-02-04T21:30:00Z,,0
S004214,train,1,0,none,none,2025-02-04T21:40:00Z,,0
S004215,train,1,0,none,none,2025-02-04T21:50:00Z,,0
S004216,train,1,0,none,none,2025-02-04T22:00:00Z,,0
S004217,train,1,0,none,none,2025-02-04T22:10:00Z,1,1
S004218,train,1,0,none,none,2025-02-04T22:20:00Z,,0
S004219,train,1,0,none,none,2025-02-04T22:30:00Z,1,1
S004220,train,1,0,none,none,2025-02-04T22:40:00Z,,0
S004221,train,1,0,none,none,2025-02-04T22:50:00Z,,0
S004222,train,1,0,none,none,2025-02-04T23:00:00Z,,0
S004223,train,1,0,none,none,2025-02-04T23:10:00Z,0,1
S004224,train,1,0,none,none,2025-02-04T23:20:00Z,,0
S004225,train,1,0,none,none,2025-02-04T23:30:00Z,,0
S004226,train,1,0,none,none,2025-02-04T23:40:00Z,1,1
S004227,train,0,1,multiple,multiple,2025-02-04T23:50:00Z,,0
S004228,train,1,0,none,none,2025-02-05T00:00:00Z,,0
S004229,train,1,0,none,none,2025-02-05T00:10:00Z,,0
S004230,train,1,0,none,none,2025-02-05T00:20:00Z,,0
S004231,train,1,0,none,none,2025-02-05T00:30:00Z,,0
S004232,train,1,0,none,none,2025-02-05T00:40:00Z,,0
S004233,train,1,0,none,none,2025-02-05T00:50:00Z,,0
S004234,train,1,0,none,none,2025-02-05T01:00:00Z,0,1
S004235,train,1,0,none,none,2025-02-05T01:10:00Z,,0
S004236,train,1,0,none,none,2025-02-05T01:20:00Z,,0
S004237,train,1,0,none,none,2025-02-05T01:30:00Z,,0
S004238,train,0,1,underfill_void,molding,2025-02-05T01:40:00Z,,0
S004239,train,1,0,none,none,2025-02-05T01:50:00Z,,0
S004240,train,1,0,none,none,2025-02-05T02:00:00Z,,0
S004241,train,1,0,none,none,2025-02-05T02:10:00Z,,0
S004242,train,1,0,none,none,2025-02-05T02:20:00Z,,0
S004243,train,1,0,none,none,2025-02-05T03:40:00Z,,0
S004244,train,1,0,none,none,2025-02-05T03:50:00Z,1,1
S004245,train,1,0,none,none,2025-02-05T04:00:00Z,,0
S004246,train,0,1,underfill_void,molding,2025-02-05T04:10:00Z,,0
S004247,train,1,0,none,none,2025-02-05T04:20:00Z,,0
S004248,train,1,0,none,none,2025-02-05T04:30:00Z,,0
S004249,train,1,0,none,none,2025-02-05T04:40:00Z,,0
S004250,train,1,0,none,none,2025-02-05T04:50:00Z,1,1
S004251,train,1,0,none,none,2025-02-05T05:00:00Z,,0
S004252,train,1,0,none,none,2025-02-05T05:10:00Z,,0
S004253,train,1,0,none,none,2025-02-05T05:20:00Z,,0
S004254,train,0,1,warpage,assembly,2025-02-05T05:30:00Z,,0
S004255,train,1,0,none,none,2025-02-05T05:40:00Z,,0
S004256,train,1,0,none,none,2025-02-05T05:50:00Z,,0
S004257,train,1,0,none,none,2025-02-05T06:00:00Z,,0
S004258,train,1,0,none,none,2025-02-05T06:10:00Z,,0
S004259,train,1,0,none,none,2025-02-05T06:20:00Z,,0
S004260,train,1,0,none,none,2025-02-05T06:30:00Z,,0
S004261,train,1,0,none,none,2025-02-05T06:40:00Z,,0
S004262,train,1,0,none,none,2025-02-05T06:50:00Z,1,1
S004263,train,1,0,none,none,2025-02-05T07:00:00Z,,0
S004264,train,1,0,none,none,2025-02-05T07:10:00Z,1,1
S004265,train,1,0,none,none,2025-02-05T07:20:00Z,,0
S004266,train,1,0,none,none,2025-02-05T07:30:00Z,,0
S004267,train,1,0,none,none,2025-02-05T07:40:00Z,,0
S004268,train,1,0,none,none,2025-02-05T07:50:00Z,1,1
S004269,train,1,0,none,none,2025-02-05T08:00:00Z,,0
S004270,train,1,0,none,none,2025-02-05T08:10:00Z,,0
S004271,train,1,0,none,none,2025-02-05T08:20:00Z,,0
S004272,train,1,0,none,none,2025-02-05T08:30:00Z,,0
S004273,train,1,0,none,none,2025-02-05T08:40:00Z,,0
S004274,train,1,0,none,none,2025-02-05T08:50:00Z,,0
S004275,train,1,0,none,none,2025-02-05T09:00:00Z,,0
S004276,train,1,0,none,none,2025-02-05T09:10:00Z,,0
S004277,train,1,0,none,none,2025-02-05T09:20:00Z,1,1
S004278,train,1,0,none,none,2025-02-05T09:30:00Z,,0
S004279,train,1,0,none,none,2025-02-05T09:40:00Z,,0
S004280,train,0,1,microbump_open_bridge,reflow,2025-02-05T09:50:00Z,,0
S004281,train,1,0,none,none,2025-02-05T10:00:00Z,,0
S004282,train,1,0,none,none,2025-02-05T10:10:00Z,,0
S004283,train,1,0,none,none,2025-02-05T10:20:00Z,,0
S004284,train,1,0,none,none,2025-02-05T10:30:00Z,,0
S004285,train,1,0,none,none,2025-02-05T10:40:00Z,,0
S004286,train,0,1,underfill_void,molding,2025-02-05T10:50:00Z,,0
S004287,train,1,0,none,none,2025-02-05T11:00:00Z,1,1
S004288,train,1,0,none,none,2025-02-05T11:10:00Z,,0
S004289,train,1,0,none,none,2025-02-05T11:20:00Z,,0
S004290,train,1,0,none,none,2025-02-05T11:30:00Z,1,1
S004291,train,1,0,none,none,2025-02-05T11:40:00Z,,0
S004292,train,1,0,none,none,2025-02-05T11:50:00Z,,0
S004293,train,1,0,none,none,2025-02-05T12:00:00Z,,0
S004294,train,1,0,none,none,2025-02-05T12:10:00Z,,0
S004295,train,1,0,none,none,2025-02-05T12:20:00Z,,0
S004296,train,1,0,none,none,2025-02-05T12:30:00Z,1,1
S004297,train,1,0,none,none,2025-02-05T12:40:00Z,1,1
S004298,train,1,0,none,none,2025-02-05T12:50:00Z,,0
S004299,train,1,0,none,none,2025-02-05T13:00:00Z,,0
S004300,train,1,0,none,none,2025-02-05T13:10:00Z,,0
S004301,train,1,0,none,none,2025-02-05T13:20:00Z,1,1
S004302,train,1,0,none,none,2025-02-05T13:30:00Z,0,1
S004303,train,1,0,none,none,2025-02-05T13:40:00Z,,0
S004304,train,1,0,none,none,2025-02-05T13:50:00Z,,0
S004305,train,1,0,none,none,2025-02-05T14:00:00Z,1,1
S004306,train,1,0,none,none,2025-02-05T14:10:00Z,1,1
S004307,train,1,0,none,none,2025-02-05T15:40:00Z,,0
S004308,train,1,0,none,none,2025-02-05T15:50:00Z,,0
S004309,train,1,0,none,none,2025-02-05T16:00:00Z,,0
S004310,train,0,1,underfill_void,molding,2025-02-05T16:10:00Z,,0
S004311,train,1,0,none,none,2025-02-05T16:20:00Z,,0
S004312,train,1,0,none,none,2025-02-05T16:30:00Z,,0
S004313,train,1,0,none,none,2025-02-05T16:40:00Z,,0
S004314,train,1,0,none,none,2025-02-05T16:50:00Z,1,1
S004315,train,1,0,none,none,2025-02-05T17:00:00Z,,0
S004316,train,1,0,none,none,2025-02-05T17:10:00Z,,0
S004317,train,1,0,none,none,2025-02-05T17:20:00Z,,0
S004318,train,1,0,none,none,2025-02-05T17:30:00Z,,0
S004319,train,0,1,microbump_open_bridge,reflow,2025-02-05T17:40:00Z,,0
S004320,train,1,0,none,none,2025-02-05T17:50:00Z,,0
S004321,train,1,0,none,none,2025-02-05T18:00:00Z,,0
S004322,train,1,0,none,none,2025-02-05T18:10:00Z,,0
S004323,train,0,1,warpage,assembly,2025-02-05T18:20:00Z,,0
S004324,train,1,0,none,none,2025-02-05T18:30:00Z,1,1
S004325,train,1,0,none,none,2025-02-05T18:40:00Z,,0
S004326,train,1,0,none,none,2025-02-05T18:50:00Z,,0
S004327,train,1,0,none,none,2025-02-05T19:00:00Z,1,1
S004328,train,1,0,none,none,2025-02-05T19:10:00Z,,0
S004329,train,1,0,none,none,2025-02-05T19:20:00Z,,0
S004330,train,1,0,none,none,2025-02-05T19:30:00Z,1,1
S004331,train,1,0,none,none,2025-02-05T19:40:00Z,,0
S004332,train,1,0,none,none,2025-02-05T19:50:00Z,,0
S004333,train,1,0,none,none,2025-02-05T20:00:00Z,,0
S004334,train,1,0,none,none,2025-02-05T20:10:00Z,,0
S004335,train,1,0,none,none,2025-02-05T20:20:00Z,,0
S004336,train,1,0,none,none,2025-02-05T20:30:00Z,,0
S004337,train,1,0,none,none,2025-02-05T20:40:00Z,,0
S004338,train,1,0,none,none,2025-02-05T20:50:00Z,,0
S004339,train,1,0,none,none,2025-02-05T21:00:00Z,,0
S004340,train,1,0,none,none,2025-02-05T21:10:00Z,,0
S004341,train,1,0,none,none,2025-02-05T21:20:00Z,1,1
S004342,train,1,0,none,none,2025-02-05T21:30:00Z,,0
S004343,train,1,0,none,none,2025-02-05T21:40:00Z,,0
S004344,train,1,0,none,none,2025-02-05T21:50:00Z,,0
S004345,train,1,0,none,none,2025-02-05T22:00:00Z,,0
S004346,train,1,0,none,none,2025-02-05T22:10:00Z,,0
S004347,train,1,0,none,none,2025-02-05T22:20:00Z,,0
S004348,train,1,0,none,none,2025-02-05T22:30:00Z,,0
S004349,train,1,0,none,none,2025-02-05T22:40:00Z,,0
S004350,train,1,0,none,none,2025-02-05T22:50:00Z,,0
S004351,train,1,0,none,none,2025-02-05T23:00:00Z,,0
S004352,train,1,0,none,none,2025-02-05T23:10:00Z,1,1
S004353,train,1,0,none,none,2025-02-05T23:20:00Z,,0
S004354,train,1,0,none,none,2025-02-05T23:30:00Z,1,1
S004355,train,1,0,none,none,2025-02-05T23:40:00Z,,0
S004356,train,1,0,none,none,2025-02-05T23:50:00Z,,0
S004357,train,1,0,none,none,2025-02-06T00:00:00Z,1,1
S004358,train,1,0,none,none,2025-02-06T00:10:00Z,,0
S004359,train,1,0,none,none,2025-02-06T00:20:00Z,,0
S004360,train,1,0,none,none,2025-02-06T00:30:00Z,,0
S004361,train,1,0,none,none,2025-02-06T00:40:00Z,,0
S004362,train,1,0,none,none,2025-02-06T00:50:00Z,,0
S004363,train,1,0,none,none,2025-02-06T01:00:00Z,,0
S004364,train,1,0,none,none,2025-02-06T01:10:00Z,,0
S004365,train,1,0,none,none,2025-02-06T01:20:00Z,,0
S004366,train,1,0,none,none,2025-02-06T01:30:00Z,,0
S004367,train,1,0,none,none,2025-02-06T01:40:00Z,1,1
S004368,train,1,0,none,none,2025-02-06T01:50:00Z,,0
S004369,train,1,0,none,none,2025-02-06T02:00:00Z,,0
S004370,train,1,0,none,none,2025-02-06T02:10:00Z,,0
S004371,train,1,0,none,none,2025-02-06T03:40:00Z,,0
S004372,train,1,0,none,none,2025-02-06T03:50:00Z,1,1
S004373,train,1,0,none,none,2025-02-06T04:00:00Z,1,1
S004374,train,0,1,multiple,multiple,2025-02-06T04:10:00Z,,0
S004375,train,1,0,none,none,2025-02-06T04:20:00Z,,0
S004376,train,1,0,none,none,2025-02-06T04:30:00Z,1,1
S004377,train,1,0,none,none,2025-02-06T04:40:00Z,1,1
S004378,train,1,0,none,none,2025-02-06T04:50:00Z,,0
S004379,train,1,0,none,none,2025-02-06T05:00:00Z,1,1
S004380,train,1,0,none,none,2025-02-06T05:10:00Z,1,1
S004381,train,1,0,none,none,2025-02-06T05:20:00Z,,0
S004382,train,1,0,none,none,2025-02-06T05:30:00Z,,0
S004383,train,1,0,none,none,2025-02-06T05:40:00Z,,0
S004384,train,0,1,tsv_open_short,tsv_or_interconnect,2025-02-06T05:50:00Z,,0
S004385,train,1,0,none,none,2025-02-06T06:00:00Z,,0
S004386,train,1,0,none,none,2025-02-06T06:10:00Z,,0
S004387,train,1,0,none,none,2025-02-06T06:20:00Z,,0
S004388,train,1,0,none,none,2025-02-06T06:30:00Z,1,1
S004389,train,1,0,none,none,2025-02-06T06:40:00Z,1,1
S004390,train,1,0,none,none,2025-02-06T06:50:00Z,,0
S004391,train,1,0,none,none,2025-02-06T07:00:00Z,1,1
S004392,train,1,0,none,none,2025-02-06T07:10:00Z,1,1
S004393,train,1,0,none,none,2025-02-06T07:20:00Z,,0
S004394,train,1,0,none,none,2025-02-06T07:30:00Z,,0
S004395,train,1,0,none,none,2025-02-06T07:40:00Z,,0
S004396,train,1,0,none,none,2025-02-06T07:50:00Z,,0
S004397,train,1,0,none,none,2025-02-06T08:00:00Z,,0
S004398,train,1,0,none,none,2025-02-06T08:10:00Z,,0
S004399,train,1,0,none,none,2025-02-06T08:20:00Z,,0
S004400,train,1,0,none,none,2025-02-06T08:30:00Z,,0
S004401,train,1,0,none,none,2025-02-06T08:40:00Z,,0
S004402,train,1,0,none,none,2025-02-06T08:50:00Z,,0
S004403,train,1,0,none,none,2025-02-06T09:00:00Z,,0
S004404,train,1,0,none,none,2025-02-06T09:10:00Z,,0
S004405,train,1,0,none,none,2025-02-06T09:20:00Z,,0
S004406,train,1,0,none,none,2025-02-06T09:30:00Z,,0
S004407,train,1,0,none,none,2025-02-06T09:40:00Z,,0
S004408,train,1,0,none,none,2025-02-06T09:50:00Z,,0
S004409,train,1,0,none,none,2025-02-06T10:00:00Z,,0
S004410,train,1,0,none,none,2025-02-06T10:10:00Z,,0
S004411,train,1,0,none,none,2025-02-06T10:20:00Z,,0
S004412,train,1,0,none,none,2025-02-06T10:30:00Z,,0
S004413,train,1,0,none,none,2025-02-06T10:40:00Z,,0
S004414,train,1,0,none,none,2025-02-06T10:50:00Z,,0
S004415,train,1,0,none,none,2025-02-06T11:00:00Z,,0
S004416,train,1,0,none,none,2025-02-06T11:10:00Z,1,1
S004417,train,1,0,none,none,2025-02-06T11:20:00Z,,0
S004418,train,1,0,none,none,2025-02-06T11:30:00Z,,0
S004419,train,1,0,none,none,2025-02-06T11:40:00Z,,0
S004420,train,1,0,none,none,2025-02-06T11:50:00Z,,0
S004421,train,1,0,none,none,2025-02-06T12:00:00Z,,0
S004422,train,1,0,none,none,2025-02-06T12:10:00Z,1,1
S004423,train,1,0,none,none,2025-02-06T12:20:00Z,,0
S004424,train,1,0,none,none,2025-02-06T12:30:00Z,,0
S004425,train,1,0,none,none,2025-02-06T12:40:00Z,,0
S004426,train,1,0,none,none,2025-02-06T12:50:00Z,1,1
S004427,train,1,0,none,none,2025-02-06T13:00:00Z,1,1
S004428,train,1,0,none,none,2025-02-06T13:10:00Z,,0
S004429,train,1,0,none,none,2025-02-06T13:20:00Z,0,1
S004430,train,1,0,none,none,2025-02-06T13:30:00Z,1,1
S004431,train,1,0,none,none,2025-02-06T13:40:00Z,,0
S004432,train,1,0,none,none,2025-02-06T13:50:00Z,,0
S004433,train,1,0,none,none,2025-02-06T14:00:00Z,,0
S004434,train,1,0,none,none,2025-02-06T15:40:00Z,,0
S004435,train,1,0,none,none,2025-02-06T15:50:00Z,,0
S004436,train,1,0,none,none,2025-02-06T16:00:00Z,,0
S004437,train,1,0,none,none,2025-02-06T16:10:00Z,1,1
S004438,train,1,0,none,none,2025-02-06T16:20:00Z,,0
S004439,train,1,0,none,none,2025-02-06T16:30:00Z,,0
S004440,train,1,0,none,none,2025-02-06T16:40:00Z,1,1
S004441,train,1,0,none,none,2025-02-06T16:50:00Z,,0
S004442,train,1,0,none,none,2025-02-06T17:00:00Z,1,1
S004443,train,1,0,none,none,2025-02-06T17:10:00Z,1,1
S004444,train,1,0,none,none,2025-02-06T17:20:00Z,,0
S004445,train,1,0,none,none,2025-02-06T17:30:00Z,,0
S004446,train,1,0,none,none,2025-02-06T17:40:00Z,,0
S004447,train,1,0,none,none,2025-02-06T17:50:00Z,,0
S004448,train,1,0,none,none,2025-02-06T18:00:00Z,,0
S004449,train,1,0,none,none,2025-02-06T18:10:00Z,,0
S004450,train,1,0,none,none,2025-02-06T18:20:00Z,,0
S004451,train,1,0,none,none,2025-02-06T18:30:00Z,1,1
S004452,train,1,0,none,none,2025-02-06T18:40:00Z,1,1
S004453,train,1,0,none,none,2025-02-06T18:50:00Z,,0
S004454,train,1,0,none,none,2025-02-06T19:00:00Z,,0
S004455,train,1,0,none,none,2025-02-06T19:10:00Z,,0
S004456,train,1,0,none,none,2025-02-06T19:20:00Z,,0
S004457,train,0,1,tsv_open_short,tsv_or_interconnect,2025-02-06T19:30:00Z,,0
S004458,train,1,0,none,none,2025-02-06T19:40:00Z,1,1
S004459,train,1,0,none,none,2025-02-06T19:50:00Z,,0
S004460,train,1,0,none,none,2025-02-06T20:00:00Z,,0
S004461,train,0,1,delamination,molding,2025-02-06T20:10:00Z,,0
S004462,train,1,0,none,none,2025-02-06T20:20:00Z,,0
S004463,train,1,0,none,none,2025-02-06T20:30:00Z,,0
S004464,train,1,0,none,none,2025-02-06T20:40:00Z,,0
S004465,train,0,1,underfill_void,molding,2025-02-06T20:50:00Z,,0
S004466,train,1,0,none,none,2025-02-06T21:00:00Z,,0
S004467,train,1,0,none,none,2025-02-06T21:10:00Z,1,1
S004468,train,1,0,none,none,2025-02-06T21:20:00Z,,0
S004469,train,1,0,none,none,2025-02-06T21:30:00Z,,0
S004470,train,1,0,none,none,2025-02-06T21:40:00Z,1,1
S004471,train,1,0,none,none,2025-02-06T21:50:00Z,,0
S004472,train,0,1,tsv_open_short,tsv_or_interconnect,2025-02-06T22:00:00Z,,0
S004473,train,1,0,none,none,2025-02-06T22:10:00Z,,0
S004474,train,1,0,none,none,2025-02-06T22:20:00Z,1,1
S004475,train,1,0,none,none,2025-02-06T22:30:00Z,,0
S004476,train,1,0,none,none,2025-02-06T22:40:00Z,,0
S004477,train,1,0,none,none,2025-02-06T22:50:00Z,,0
S004478,train,1,0,none,none,2025-02-06T23:00:00Z,,0
S004479,train,1,0,none,none,2025-02-06T23:10:00Z,,0
S004480,train,1,0,none,none,2025-02-06T23:20:00Z,,0
S004481,train,1,0,none,none,2025-02-06T23:30:00Z,,0
S004482,train,0,1,dram_electrical,dram_or_base,2025-02-06T23:40:00Z,,0
S004483,train,1,0,none,none,2025-02-06T23:50:00Z,,0
S004484,train,1,0,none,none,2025-02-07T00:00:00Z,,0
S004485,train,1,0,none,none,2025-02-07T00:10:00Z,,0
S004486,train,1,0,none,none,2025-02-07T00:20:00Z,,0
S004487,train,1,0,none,none,2025-02-07T00:30:00Z,,0
S004488,train,1,0,none,none,2025-02-07T00:40:00Z,,0
S004489,train,1,0,none,none,2025-02-07T00:50:00Z,,0
S004490,train,1,0,none,none,2025-02-07T01:00:00Z,0,1
S004491,train,1,0,none,none,2025-02-07T01:10:00Z,,0
S004492,train,1,0,none,none,2025-02-07T01:20:00Z,1,1
S004493,train,1,0,none,none,2025-02-07T01:30:00Z,,0
S004494,train,1,0,none,none,2025-02-07T03:40:00Z,,0
S004495,train,1,0,none,none,2025-02-07T03:50:00Z,,0
S004496,train,1,0,none,none,2025-02-07T04:00:00Z,,0
S004497,train,1,0,none,none,2025-02-07T04:10:00Z,1,1
S004498,train,1,0,none,none,2025-02-07T04:20:00Z,,0
S004499,train,1,0,none,none,2025-02-07T04:30:00Z,,0
S004500,train,1,0,none,none,2025-02-07T04:40:00Z,1,1
S004501,train,1,0,none,none,2025-02-07T04:50:00Z,,0
S004502,train,1,0,none,none,2025-02-07T05:00:00Z,,0
S004503,train,1,0,none,none,2025-02-07T05:10:00Z,1,1
S004504,train,1,0,none,none,2025-02-07T05:20:00Z,1,1
S004505,train,1,0,none,none,2025-02-07T05:30:00Z,,0
S004506,train,1,0,none,none,2025-02-07T05:40:00Z,,0
S004507,train,1,0,none,none,2025-02-07T05:50:00Z,,0
S004508,train,1,0,none,none,2025-02-07T06:00:00Z,,0
S004509,train,1,0,none,none,2025-02-07T06:10:00Z,,0
S004510,train,1,0,none,none,2025-02-07T06:20:00Z,,0
S004511,train,1,0,none,none,2025-02-07T06:30:00Z,,0
S004512,train,1,0,none,none,2025-02-07T06:40:00Z,,0
S004513,train,1,0,none,none,2025-02-07T06:50:00Z,1,1
S004514,train,1,0,none,none,2025-02-07T07:00:00Z,,0
S004515,train,1,0,none,none,2025-02-07T07:10:00Z,,0
S004516,train,1,0,none,none,2025-02-07T07:20:00Z,,0
S004517,train,1,0,none,none,2025-02-07T07:30:00Z,,0
S004518,train,1,0,none,none,2025-02-07T07:40:00Z,,0
S004519,train,1,0,none,none,2025-02-07T07:50:00Z,,0
S004520,train,1,0,none,none,2025-02-07T08:00:00Z,1,1
S004521,train,1,0,none,none,2025-02-07T08:10:00Z,,0
S004522,train,0,1,tsv_open_short,tsv_or_interconnect,2025-02-07T08:20:00Z,,0
S004523,train,1,0,none,none,2025-02-07T08:30:00Z,0,1
S004524,train,1,0,none,none,2025-02-07T08:40:00Z,,0
S004525,train,1,0,none,none,2025-02-07T08:50:00Z,,0
S004526,train,1,0,none,none,2025-02-07T09:00:00Z,,0
S004527,train,1,0,none,none,2025-02-07T09:10:00Z,,0
S004528,train,1,0,none,none,2025-02-07T09:20:00Z,,0
S004529,train,1,0,none,none,2025-02-07T09:30:00Z,,0
S004530,train,1,0,none,none,2025-02-07T09:40:00Z,1,1
S004531,train,1,0,none,none,2025-02-07T09:50:00Z,1,1
S004532,train,1,0,none,none,2025-02-07T10:00:00Z,1,1
S004533,train,1,0,none,none,2025-02-07T10:10:00Z,1,1
S004534,train,1,0,none,none,2025-02-07T10:20:00Z,,0
S004535,train,1,0,none,none,2025-02-07T10:30:00Z,1,1
S004536,train,1,0,none,none,2025-02-07T10:40:00Z,,0
S004537,train,1,0,none,none,2025-02-07T10:50:00Z,,0
S004538,train,0,1,tsv_open_short,tsv_or_interconnect,2025-02-07T11:00:00Z,,0
S004539,train,1,0,none,none,2025-02-07T11:10:00Z,1,1
S004540,train,1,0,none,none,2025-02-07T11:20:00Z,1,1
S004541,train,1,0,none,none,2025-02-07T11:30:00Z,,0
S004542,train,1,0,none,none,2025-02-07T11:40:00Z,,0
S004543,train,1,0,none,none,2025-02-07T11:50:00Z,1,1
S004544,train,1,0,none,none,2025-02-07T12:00:00Z,,0
S004545,train,1,0,none,none,2025-02-07T12:10:00Z,,0
S004546,train,1,0,none,none,2025-02-07T12:20:00Z,1,1
S004547,train,1,0,none,none,2025-02-07T12:30:00Z,1,1
S004548,train,1,0,none,none,2025-02-07T12:40:00Z,,0
S004549,train,1,0,none,none,2025-02-07T12:50:00Z,,0
S004550,train,1,0,none,none,2025-02-07T13:00:00Z,,0
S004551,train,1,0,none,none,2025-02-07T13:10:00Z,,0
S004552,train,1,0,none,none,2025-02-07T13:20:00Z,,0
S004553,train,1,0,none,none,2025-02-07T13:30:00Z,,0
S004554,train,1,0,none,none,2025-02-07T13:40:00Z,,0
S004555,train,1,0,none,none,2025-02-07T13:50:00Z,,0
S004556,train,1,0,none,none,2025-02-07T14:00:00Z,,0
S004557,train,1,0,none,none,2025-02-07T14:10:00Z,1,1
S004558,train,1,0,none,none,2025-02-07T14:20:00Z,1,1
S004559,train,1,0,none,none,2025-02-07T14:30:00Z,1,1
S004560,train,1,0,none,none,2025-02-07T14:40:00Z,,0
S004561,train,1,0,none,none,2025-02-07T14:50:00Z,1,1
S004562,train,1,0,none,none,2025-02-07T15:00:00Z,,0
S004563,train,1,0,none,none,2025-02-07T15:10:00Z,1,1
S004564,train,1,0,none,none,2025-02-07T15:20:00Z,,0
S004565,train,1,0,none,none,2025-02-07T15:30:00Z,,0
S004566,train,1,0,none,none,2025-02-07T15:40:00Z,,0
S004567,train,1,0,none,none,2025-02-07T15:50:00Z,,0
S004568,train,1,0,none,none,2025-02-07T16:00:00Z,,0
S004569,train,1,0,none,none,2025-02-07T16:10:00Z,,0
S004570,train,1,0,none,none,2025-02-07T16:20:00Z,0,1
S004571,train,1,0,none,none,2025-02-07T16:30:00Z,1,1
S004572,train,1,0,none,none,2025-02-07T16:40:00Z,,0
S004573,train,1,0,none,none,2025-02-07T16:50:00Z,,0
S004574,train,1,0,none,none,2025-02-07T17:00:00Z,,0
S004575,train,1,0,none,none,2025-02-07T17:10:00Z,0,1
S004576,train,1,0,none,none,2025-02-07T17:20:00Z,,0
S004577,train,1,0,none,none,2025-02-07T17:30:00Z,,0
S004578,train,1,0,none,none,2025-02-07T17:40:00Z,1,1
S004579,train,1,0,none,none,2025-02-07T17:50:00Z,,0
S004580,train,1,0,none,none,2025-02-07T18:00:00Z,,0
S004581,train,1,0,none,none,2025-02-07T18:10:00Z,,0
S004582,train,1,0,none,none,2025-02-07T18:20:00Z,,0
S004583,train,1,0,none,none,2025-02-07T18:30:00Z,,0
S004584,train,1,0,none,none,2025-02-07T18:40:00Z,,0
S004585,train,1,0,none,none,2025-02-07T18:50:00Z,,0
S004586,train,1,0,none,none,2025-02-07T15:40:00Z,,0
S004587,train,1,0,none,none,2025-02-07T15:50:00Z,1,1
S004588,train,1,0,none,none,2025-02-07T16:00:00Z,,0
S004589,train,1,0,none,none,2025-02-07T16:10:00Z,,0
S004590,train,1,0,none,none,2025-02-07T16:20:00Z,,0
S004591,train,1,0,none,none,2025-02-07T16:30:00Z,,0
S004592,train,1,0,none,none,2025-02-07T16:40:00Z,,0
S004593,train,1,0,none,none,2025-02-07T16:50:00Z,1,1
S004594,train,1,0,none,none,2025-02-07T17:00:00Z,,0
S004595,train,1,0,none,none,2025-02-07T17:10:00Z,,0
S004596,train,1,0,none,none,2025-02-07T17:20:00Z,1,1
S004597,train,1,0,none,none,2025-02-07T17:30:00Z,,0
S004598,train,1,0,none,none,2025-02-07T17:40:00Z,,0
S004599,train,1,0,none,none,2025-02-07T17:50:00Z,,0
S004600,train,1,0,none,none,2025-02-07T18:00:00Z,,0
S004601,train,1,0,none,none,2025-02-07T18:10:00Z,,0
S004602,train,1,0,none,none,2025-02-07T18:20:00Z,1,1
S004603,train,0,1,tsv_open_short,tsv_or_interconnect,2025-02-07T18:30:00Z,,0
S004604,train,1,0,none,none,2025-02-07T18:40:00Z,,0
S004605,train,1,0,none,none,2025-02-07T18:50:00Z,,0
S004606,train,1,0,none,none,2025-02-07T19:00:00Z,1,1
S004607,train,1,0,none,none,2025-02-07T19:10:00Z,,0
S004608,train,1,0,none,none,2025-02-07T19:20:00Z,,0
S004609,train,1,0,none,none,2025-02-07T19:30:00Z,1,1
S004610,train,1,0,none,none,2025-02-07T19:40:00Z,,0
S004611,train,1,0,none,none,2025-02-07T19:50:00Z,,0
S004612,train,1,0,none,none,2025-02-07T20:00:00Z,,0
S004613,train,1,0,none,none,2025-02-07T20:10:00Z,1,1
S004614,train,1,0,none,none,2025-02-07T20:20:00Z,,0
S004615,train,1,0,none,none,2025-02-07T20:30:00Z,,0
S004616,train,1,0,none,none,2025-02-07T20:40:00Z,1,1
S004617,train,1,0,none,none,2025-02-07T20:50:00Z,,0
S004618,train,1,0,none,none,2025-02-07T21:00:00Z,,0
S004619,train,1,0,none,none,2025-02-07T21:10:00Z,,0
S004620,train,1,0,none,none,2025-02-07T21:20:00Z,,0
S004621,train,1,0,none,none,2025-02-07T21:30:00Z,,0
S004622,train,1,0,none,none,2025-02-07T21:40:00Z,,0
S004623,train,0,1,microbump_open_bridge,reflow,2025-02-07T21:50:00Z,,0
S004624,train,1,0,none,none,2025-02-07T22:00:00Z,,0
S004625,train,1,0,none,none,2025-02-07T22:10:00Z,,0
S004626,train,1,0,none,none,2025-02-07T22:20:00Z,,0
S004627,train,1,0,none,none,2025-02-07T22:30:00Z,,0
S004628,train,1,0,none,none,2025-02-07T22:40:00Z,,0
S004629,train,1,0,none,none,2025-02-07T22:50:00Z,1,1
S004630,train,1,0,none,none,2025-02-07T23:00:00Z,,0
S004631,train,1,0,none,none,2025-02-07T23:10:00Z,1,1
S004632,train,1,0,none,none,2025-02-07T23:20:00Z,1,1
S004633,train,1,0,none,none,2025-02-07T23:30:00Z,,0
S004634,train,1,0,none,none,2025-02-07T23:40:00Z,1,1
S004635,train,1,0,none,none,2025-02-07T23:50:00Z,,0
S004636,train,1,0,none,none,2025-02-08T00:00:00Z,1,1
S004637,train,1,0,none,none,2025-02-08T00:10:00Z,,0
S004638,train,1,0,none,none,2025-02-08T00:20:00Z,,0
S004639,train,1,0,none,none,2025-02-08T00:30:00Z,,0
S004640,train,1,0,none,none,2025-02-08T00:40:00Z,,0
S004641,train,0,1,warpage,assembly,2025-02-08T00:50:00Z,,0
S004642,train,1,0,none,none,2025-02-08T01:00:00Z,,0
S004643,train,1,0,none,none,2025-02-08T01:10:00Z,,0
S004644,train,1,0,none,none,2025-02-08T01:20:00Z,,0
S004645,train,1,0,none,none,2025-02-08T01:30:00Z,,0
S004646,train,1,0,none,none,2025-02-08T01:40:00Z,,0
S004647,train,1,0,none,none,2025-02-08T01:50:00Z,,0
S004648,train,1,0,none,none,2025-02-08T02:00:00Z,1,1
S004649,train,1,0,none,none,2025-02-08T03:40:00Z,,0
S004650,train,1,0,none,none,2025-02-08T03:50:00Z,,0
S004651,train,1,0,none,none,2025-02-08T04:00:00Z,,0
S004652,train,1,0,none,none,2025-02-08T04:10:00Z,,0
S004653,train,1,0,none,none,2025-02-08T04:20:00Z,,0
S004654,train,1,0,none,none,2025-02-08T04:30:00Z,1,1
S004655,train,1,0,none,none,2025-02-08T04:40:00Z,,0
S004656,train,1,0,none,none,2025-02-08T04:50:00Z,,0
S004657,train,0,1,tsv_open_short,tsv_or_interconnect,2025-02-08T05:00:00Z,,0
S004658,train,0,1,underfill_void,molding,2025-02-08T05:10:00Z,,0
S004659,train,1,0,none,none,2025-02-08T05:20:00Z,,0
S004660,train,1,0,none,none,2025-02-08T05:30:00Z,,0
S004661,train,1,0,none,none,2025-02-08T05:40:00Z,1,1
S004662,train,1,0,none,none,2025-02-08T05:50:00Z,,0
S004663,train,1,0,none,none,2025-02-08T06:00:00Z,,0
S004664,train,1,0,none,none,2025-02-08T06:10:00Z,,0
S004665,train,1,0,none,none,2025-02-08T06:20:00Z,,0
S004666,train,1,0,none,none,2025-02-08T06:30:00Z,,0
S004667,train,1,0,none,none,2025-02-08T06:40:00Z,1,1
S004668,train,1,0,none,none,2025-02-08T06:50:00Z,,0
S004669,train,1,0,none,none,2025-02-08T07:00:00Z,,0
S004670,train,0,1,multiple,multiple,2025-02-08T07:10:00Z,,0
S004671,train,1,0,none,none,2025-02-08T07:20:00Z,1,1
S004672,train,1,0,none,none,2025-02-08T07:30:00Z,,0
S004673,train,1,0,none,none,2025-02-08T07:40:00Z,,0
S004674,train,1,0,none,none,2025-02-08T07:50:00Z,,0
S004675,train,1,0,none,none,2025-02-08T08:00:00Z,,0
S004676,train,1,0,none,none,2025-02-08T08:10:00Z,,0
S004677,train,1,0,none,none,2025-02-08T08:20:00Z,,0
S004678,train,1,0,none,none,2025-02-08T08:30:00Z,1,1
S004679,train,1,0,none,none,2025-02-08T08:40:00Z,,0
S004680,train,1,0,none,none,2025-02-08T08:50:00Z,,0
S004681,train,1,0,none,none,2025-02-08T09:00:00Z,,0
S004682,train,1,0,none,none,2025-02-08T09:10:00Z,,0
S004683,train,1,0,none,none,2025-02-08T09:20:00Z,0,1
S004684,train,1,0,none,none,2025-02-08T09:30:00Z,,0
S004685,train,1,0,none,none,2025-02-08T09:40:00Z,,0
S004686,train,1,0,none,none,2025-02-08T09:50:00Z,1,1
S004687,train,0,1,delamination,molding,2025-02-08T10:00:00Z,,0
S004688,train,1,0,none,none,2025-02-08T10:10:00Z,1,1
S004689,train,0,1,die_crack,handling,2025-02-08T10:20:00Z,,0
S004690,train,1,0,none,none,2025-02-08T10:30:00Z,,0
S004691,train,1,0,none,none,2025-02-08T10:40:00Z,,0
S004692,train,1,0,none,none,2025-02-08T10:50:00Z,,0
S004693,train,1,0,none,none,2025-02-08T11:00:00Z,,0
S004694,train,1,0,none,none,2025-02-08T11:10:00Z,,0
S004695,train,0,1,dram_electrical,dram_or_base,2025-02-08T11:20:00Z,,0
S004696,train,1,0,none,none,2025-02-08T11:30:00Z,,0
S004697,train,1,0,none,none,2025-02-08T11:40:00Z,,0
S004698,train,1,0,none,none,2025-02-08T11:50:00Z,1,1
S004699,train,1,0,none,none,2025-02-08T12:00:00Z,,0
S004700,train,1,0,none,none,2025-02-08T12:10:00Z,0,1
S004701,train,1,0,none,none,2025-02-08T12:20:00Z,,0
S004702,train,1,0,none,none,2025-02-08T12:30:00Z,1,1
S004703,train,1,0,none,none,2025-02-08T12:40:00Z,,0
S004704,train,1,0,none,none,2025-02-08T12:50:00Z,,0
S004705,train,1,0,none,none,2025-02-08T13:00:00Z,1,1
S004706,train,1,0,none,none,2025-02-08T13:10:00Z,,0
S004707,train,1,0,none,none,2025-02-08T13:20:00Z,,0
S004708,train,1,0,none,none,2025-02-08T13:30:00Z,,0
S004709,train,1,0,none,none,2025-02-08T13:40:00Z,,0
S004710,train,1,0,none,none,2025-02-08T13:50:00Z,1,1
S004711,train,1,0,none,none,2025-02-08T15:40:00Z,,0
S004712,train,1,0,none,none,2025-02-08T15:50:00Z,,0
S004713,train,1,0,none,none,2025-02-08T16:00:00Z,1,1
S004714,train,1,0,none,none,2025-02-08T16:10:00Z,,0
S004715,train,0,1,warpage,assembly,2025-02-08T16:20:00Z,,0
S004716,train,0,1,warpage,assembly,2025-02-08T16:30:00Z,,0
S004717,train,1,0,none,none,2025-02-08T16:40:00Z,,0
S004718,train,1,0,none,none,2025-02-08T16:50:00Z,,0
S004719,train,1,0,none,none,2025-02-08T17:00:00Z,,0
S004720,train,1,0,none,none,2025-02-08T17:10:00Z,1,1
S004721,train,0,1,warpage,assembly,2025-02-08T17:20:00Z,,0
S004722,train,1,0,none,none,2025-02-08T17:30:00Z,,0
S004723,train,1,0,none,none,2025-02-08T17:40:00Z,,0
S004724,train,1,0,none,none,2025-02-08T17:50:00Z,,0
S004725,train,1,0,none,none,2025-02-08T18:00:00Z,1,1
S004726,train,1,0,none,none,2025-02-08T18:10:00Z,1,1
S004727,train,1,0,none,none,2025-02-08T18:20:00Z,1,1
S004728,train,1,0,none,none,2025-02-08T18:30:00Z,,0
S004729,train,1,0,none,none,2025-02-08T18:40:00Z,1,1
S004730,train,1,0,none,none,2025-02-08T18:50:00Z,1,1
S004731,train,1,0,none,none,2025-02-08T19:00:00Z,,0
S004732,train,1,0,none,none,2025-02-08T19:10:00Z,,0
S004733,train,0,1,microbump_open_bridge,reflow,2025-02-08T19:20:00Z,,0
S004734,train,1,0,none,none,2025-02-08T19:30:00Z,1,1
S004735,train,1,0,none,none,2025-02-08T19:40:00Z,,0
S004736,train,1,0,none,none,2025-02-08T19:50:00Z,,0
S004737,train,1,0,none,none,2025-02-08T20:00:00Z,,0
S004738,train,1,0,none,none,2025-02-08T20:10:00Z,,0
S004739,train,1,0,none,none,2025-02-08T20:20:00Z,,0
S004740,train,1,0,none,none,2025-02-08T20:30:00Z,,0
S004741,train,1,0,none,none,2025-02-08T20:40:00Z,,0
S004742,train,0,1,microbump_open_bridge,reflow,2025-02-08T20:50:00Z,,0
S004743,train,1,0,none,none,2025-02-08T21:00:00Z,,0
S004744,train,1,0,none,none,2025-02-08T21:10:00Z,,0
S004745,train,1,0,none,none,2025-02-08T21:20:00Z,1,1
S004746,train,1,0,none,none,2025-02-08T21:30:00Z,,0
S004747,train,1,0,none,none,2025-02-08T21:40:00Z,1,1
S004748,train,1,0,none,none,2025-02-08T21:50:00Z,,0
S004749,train,1,0,none,none,2025-02-08T22:00:00Z,,0
S004750,train,1,0,none,none,2025-02-08T22:10:00Z,1,1
S004751,train,1,0,none,none,2025-02-08T22:20:00Z,,0
S004752,train,1,0,none,none,2025-02-08T22:30:00Z,,0
S004753,train,1,0,none,none,2025-02-08T22:40:00Z,,0
S004754,train,1,0,none,none,2025-02-08T22:50:00Z,,0
S004755,train,1,0,none,none,2025-02-08T23:00:00Z,,0
S004756,train,1,0,none,none,2025-02-08T23:10:00Z,,0
S004757,train,1,0,none,none,2025-02-08T23:20:00Z,,0
S004758,train,1,0,none,none,2025-02-08T23:30:00Z,,0
S004759,train,1,0,none,none,2025-02-08T23:40:00Z,,0
S004760,train,1,0,none,none,2025-02-08T23:50:00Z,,0
S004761,train,1,0,none,none,2025-02-09T00:00:00Z,,0
S004762,train,1,0,none,none,2025-02-09T00:10:00Z,,0
S004763,train,1,0,none,none,2025-02-09T00:20:00Z,1,1
S004764,train,1,0,none,none,2025-02-09T00:30:00Z,,0
S004765,train,0,1,tsv_open_short,tsv_or_interconnect,2025-02-09T00:40:00Z,,0
S004766,train,1,0,none,none,2025-02-09T00:50:00Z,,0
S004767,train,1,0,none,none,2025-02-09T01:00:00Z,,0
S004768,train,1,0,none,none,2025-02-09T01:10:00Z,,0
S004769,train,1,0,none,none,2025-02-09T01:20:00Z,,0
S004770,train,1,0,none,none,2025-02-09T01:30:00Z,,0
S004771,train,1,0,none,none,2025-02-09T03:40:00Z,,0
S004772,train,1,0,none,none,2025-02-09T03:50:00Z,,0
S004773,train,1,0,none,none,2025-02-09T04:00:00Z,,0
S004774,train,1,0,none,none,2025-02-09T04:10:00Z,1,1
S004775,train,1,0,none,none,2025-02-09T04:20:00Z,,0
S004776,train,1,0,none,none,2025-02-09T04:30:00Z,,0
S004777,train,1,0,none,none,2025-02-09T04:40:00Z,,0
S004778,train,1,0,none,none,2025-02-09T04:50:00Z,,0
S004779,train,1,0,none,none,2025-02-09T05:00:00Z,1,1
S004780,train,1,0,none,none,2025-02-09T05:10:00Z,,0
S004781,train,1,0,none,none,2025-02-09T05:20:00Z,1,1
S004782,train,1,0,none,none,2025-02-09T05:30:00Z,,0
S004783,train,1,0,none,none,2025-02-09T05:40:00Z,,0
S004784,train,1,0,none,none,2025-02-09T05:50:00Z,1,1
S004785,train,1,0,none,none,2025-02-09T06:00:00Z,,0
S004786,train,1,0,none,none,2025-02-09T06:10:00Z,,0
S004787,train,1,0,none,none,2025-02-09T06:20:00Z,,0
S004788,train,1,0,none,none,2025-02-09T06:30:00Z,1,1
S004789,train,1,0,none,none,2025-02-09T06:40:00Z,,0
S004790,train,1,0,none,none,2025-02-09T06:50:00Z,,0
S004791,train,1,0,none,none,2025-02-09T07:00:00Z,,0
S004792,train,1,0,none,none,2025-02-09T07:10:00Z,,0
S004793,train,1,0,none,none,2025-02-09T07:20:00Z,,0
S004794,train,1,0,none,none,2025-02-09T07:30:00Z,,0
S004795,train,1,0,none,none,2025-02-09T07:40:00Z,,0
S004796,train,1,0,none,none,2025-02-09T07:50:00Z,,0
S004797,train,1,0,none,none,2025-02-09T08:00:00Z,,0
S004798,train,1,0,none,none,2025-02-09T08:10:00Z,,0
S004799,train,1,0,none,none,2025-02-09T08:20:00Z,,0
S004800,train,1,0,none,none,2025-02-09T08:30:00Z,,0
S004801,train,1,0,none,none,2025-02-09T08:40:00Z,,0
S004802,train,1,0,none,none,2025-02-09T08:50:00Z,,0
S004803,train,1,0,none,none,2025-02-09T09:00:00Z,,0
S004804,train,1,0,none,none,2025-02-09T09:10:00Z,,0
S004805,train,1,0,none,none,2025-02-09T09:20:00Z,,0
S004806,train,1,0,none,none,2025-02-09T09:30:00Z,,0
S004807,train,1,0,none,none,2025-02-09T09:40:00Z,1,1
S004808,train,1,0,none,none,2025-02-09T09:50:00Z,1,1
S004809,train,1,0,none,none,2025-02-09T10:00:00Z,,0
S004810,train,1,0,none,none,2025-02-09T10:10:00Z,,0
S004811,train,0,1,warpage,assembly,2025-02-09T10:20:00Z,,0
S004812,train,1,0,none,none,2025-02-09T10:30:00Z,,0
S004813,train,1,0,none,none,2025-02-09T10:40:00Z,1,1
S004814,train,1,0,none,none,2025-02-09T10:50:00Z,,0
S004815,train,1,0,none,none,2025-02-09T11:00:00Z,,0
S004816,train,1,0,none,none,2025-02-09T11:10:00Z,,0
S004817,train,1,0,none,none,2025-02-09T11:20:00Z,,0
S004818,train,1,0,none,none,2025-02-09T11:30:00Z,,0
S004819,train,1,0,none,none,2025-02-09T11:40:00Z,1,1
S004820,train,1,0,none,none,2025-02-09T11:50:00Z,,0
S004821,train,1,0,none,none,2025-02-09T12:00:00Z,1,1
S004822,train,1,0,none,none,2025-02-09T12:10:00Z,,0
S004823,train,1,0,none,none,2025-02-09T12:20:00Z,,0
S004824,train,1,0,none,none,2025-02-09T12:30:00Z,,0
S004825,train,1,0,none,none,2025-02-09T12:40:00Z,,0
S004826,train,0,1,warpage,assembly,2025-02-09T12:50:00Z,,0
S004827,train,1,0,none,none,2025-02-09T13:00:00Z,,0
S004828,train,1,0,none,none,2025-02-09T13:10:00Z,,0
S004829,train,1,0,none,none,2025-02-09T13:20:00Z,1,1
S004830,train,0,1,underfill_void,molding,2025-02-09T13:30:00Z,,0
S004831,train,1,0,none,none,2025-02-09T13:40:00Z,1,1
S004832,train,1,0,none,none,2025-02-09T13:50:00Z,,0
S004833,train,1,0,none,none,2025-02-09T14:00:00Z,1,1
S004834,train,1,0,none,none,2025-02-09T14:10:00Z,,0
S004835,train,1,0,none,none,2025-02-09T14:20:00Z,,0
S004836,train,1,0,none,none,2025-02-09T14:30:00Z,,0
S004837,train,1,0,none,none,2025-02-09T14:40:00Z,,0
S004838,train,1,0,none,none,2025-02-09T14:50:00Z,,0
S004839,train,1,0,none,none,2025-02-09T15:00:00Z,,0
S004840,train,1,0,none,none,2025-02-09T15:10:00Z,,0
S004841,train,1,0,none,none,2025-02-09T15:20:00Z,,0
S004842,train,1,0,none,none,2025-02-09T15:30:00Z,1,1
S004843,train,1,0,none,none,2025-02-09T15:40:00Z,,0
S004844,train,1,0,none,none,2025-02-09T15:50:00Z,,0
S004845,train,1,0,none,none,2025-02-09T16:00:00Z,,0
S004846,train,1,0,none,none,2025-02-09T16:10:00Z,,0
S004847,train,1,0,none,none,2025-02-09T16:20:00Z,,0
S004848,train,1,0,none,none,2025-02-09T16:30:00Z,,0
S004849,train,1,0,none,none,2025-02-09T16:40:00Z,,0
S004850,train,1,0,none,none,2025-02-09T16:50:00Z,,0
S004851,train,1,0,none,none,2025-02-09T17:00:00Z,1,1
S004852,train,1,0,none,none,2025-02-09T17:10:00Z,1,1
S004853,train,1,0,none,none,2025-02-09T17:20:00Z,,0
S004854,train,1,0,none,none,2025-02-09T17:30:00Z,1,1
S004855,train,1,0,none,none,2025-02-09T17:40:00Z,,0
S004856,train,1,0,none,none,2025-02-09T17:50:00Z,,0
S004857,train,1,0,none,none,2025-02-09T18:00:00Z,,0
S004858,train,1,0,none,none,2025-02-09T18:10:00Z,,0
S004859,train,1,0,none,none,2025-02-09T18:20:00Z,,0
S004860,train,1,0,none,none,2025-02-09T18:30:00Z,1,1
S004861,train,1,0,none,none,2025-02-09T18:40:00Z,,0
S004862,train,1,0,none,none,2025-02-09T18:50:00Z,,0
S004863,train,1,0,none,none,2025-02-09T19:00:00Z,,0
S004864,train,0,1,warpage,assembly,2025-02-09T19:10:00Z,,0
S004865,train,1,0,none,none,2025-02-09T15:40:00Z,,0
S004866,train,1,0,none,none,2025-02-09T15:50:00Z,,0
S004867,train,1,0,none,none,2025-02-09T16:00:00Z,1,1
S004868,train,1,0,none,none,2025-02-09T16:10:00Z,,0
S004869,train,1,0,none,none,2025-02-09T16:20:00Z,,0
S004870,train,1,0,none,none,2025-02-09T16:30:00Z,,0
S004871,train,1,0,none,none,2025-02-09T16:40:00Z,1,1
S004872,train,1,0,none,none,2025-02-09T16:50:00Z,1,1
S004873,train,1,0,none,none,2025-02-09T17:00:00Z,,0
S004874,train,1,0,none,none,2025-02-09T17:10:00Z,,0
S004875,train,1,0,none,none,2025-02-09T17:20:00Z,,0
S004876,train,1,0,none,none,2025-02-09T17:30:00Z,,0
S004877,train,1,0,none,none,2025-02-09T17:40:00Z,,0
S004878,train,1,0,none,none,2025-02-09T17:50:00Z,,0
S004879,train,1,0,none,none,2025-02-09T18:00:00Z,,0
S004880,train,1,0,none,none,2025-02-09T18:10:00Z,,0
S004881,train,1,0,none,none,2025-02-09T18:20:00Z,,0
S004882,train,1,0,none,none,2025-02-09T18:30:00Z,1,1
S004883,train,1,0,none,none,2025-02-09T18:40:00Z,,0
S004884,train,1,0,none,none,2025-02-09T18:50:00Z,,0
S004885,train,1,0,none,none,2025-02-09T19:00:00Z,,0
S004886,train,1,0,none,none,2025-02-09T19:10:00Z,,0
S004887,train,1,0,none,none,2025-02-09T19:20:00Z,1,1
S004888,train,1,0,none,none,2025-02-09T19:30:00Z,,0
S004889,train,1,0,none,none,2025-02-09T19:40:00Z,,0
S004890,train,1,0,none,none,2025-02-09T19:50:00Z,,0
S004891,train,1,0,none,none,2025-02-09T20:00:00Z,,0
S004892,train,1,0,none,none,2025-02-09T20:10:00Z,,0
S004893,train,1,0,none,none,2025-02-09T20:20:00Z,,0
S004894,train,1,0,none,none,2025-02-09T20:30:00Z,,0
S004895,train,1,0,none,none,2025-02-09T20:40:00Z,,0
S004896,train,1,0,none,none,2025-02-09T20:50:00Z,,0
S004897,train,1,0,none,none,2025-02-09T21:00:00Z,,0
S004898,train,1,0,none,none,2025-02-09T21:10:00Z,,0
S004899,train,1,0,none,none,2025-02-09T21:20:00Z,,0
S004900,train,1,0,none,none,2025-02-09T21:30:00Z,1,1
S004901,train,1,0,none,none,2025-02-09T21:40:00Z,,0
S004902,train,1,0,none,none,2025-02-09T21:50:00Z,,0
S004903,train,1,0,none,none,2025-02-09T22:00:00Z,1,1
S004904,train,1,0,none,none,2025-02-09T22:10:00Z,,0
S004905,train,0,1,warpage,assembly,2025-02-09T22:20:00Z,,0
S004906,train,1,0,none,none,2025-02-09T22:30:00Z,,0
S004907,train,1,0,none,none,2025-02-09T22:40:00Z,,0
S004908,train,1,0,none,none,2025-02-09T22:50:00Z,,0
S004909,train,1,0,none,none,2025-02-09T23:00:00Z,,0
S004910,train,1,0,none,none,2025-02-09T23:10:00Z,,0
S004911,train,1,0,none,none,2025-02-09T23:20:00Z,,0
S004912,train,1,0,none,none,2025-02-09T23:30:00Z,,0
S004913,train,1,0,none,none,2025-02-09T23:40:00Z,,0
S004914,train,1,0,none,none,2025-02-09T23:50:00Z,1,1
S004915,train,1,0,none,none,2025-02-10T00:00:00Z,1,1
S004916,train,1,0,none,none,2025-02-10T00:10:00Z,,0
S004917,train,1,0,none,none,2025-02-10T00:20:00Z,,0
S004918,train,1,0,none,none,2025-02-10T00:30:00Z,,0
S004919,train,1,0,none,none,2025-02-10T00:40:00Z,1,1
S004920,train,1,0,none,none,2025-02-10T00:50:00Z,,0
S004921,train,1,0,none,none,2025-02-10T01:00:00Z,,0
S004922,train,1,0,none,none,2025-02-10T01:10:00Z,,0
S004923,train,1,0,none,none,2025-02-10T01:20:00Z,,0
S004924,train,1,0,none,none,2025-02-10T01:30:00Z,,0
S004925,train,1,0,none,none,2025-02-10T01:40:00Z,,0
S004926,train,1,0,none,none,2025-02-10T01:50:00Z,,0
S004927,train,1,0,none,none,2025-02-10T02:00:00Z,,0
S004928,train,1,0,none,none,2025-02-10T02:10:00Z,,0
S004929,train,1,0,none,none,2025-02-10T02:20:00Z,,0
S004930,train,1,0,none,none,2025-02-10T02:30:00Z,,0
S004931,train,1,0,none,none,2025-02-10T02:40:00Z,,0
S004932,train,1,0,none,none,2025-02-10T02:50:00Z,,0
S004933,train,1,0,none,none,2025-02-10T03:00:00Z,,0
S004934,train,1,0,none,none,2025-02-10T03:10:00Z,1,1
S004935,train,1,0,none,none,2025-02-10T03:20:00Z,,0
S004936,train,1,0,none,none,2025-02-10T03:30:00Z,,0
S004937,train,1,0,none,none,2025-02-10T03:40:00Z,,0
S004938,train,1,0,none,none,2025-02-10T03:50:00Z,1,1
S004939,train,1,0,none,none,2025-02-10T04:00:00Z,,0
S004940,train,1,0,none,none,2025-02-10T04:10:00Z,,0
S004941,train,1,0,none,none,2025-02-10T04:20:00Z,1,1
S004942,train,1,0,none,none,2025-02-10T04:30:00Z,,0
S004943,train,1,0,none,none,2025-02-10T04:40:00Z,,0
S004944,train,1,0,none,none,2025-02-10T04:50:00Z,,0
S004945,train,1,0,none,none,2025-02-10T05:00:00Z,,0
S004946,train,1,0,none,none,2025-02-10T05:10:00Z,,0
S004947,train,1,0,none,none,2025-02-10T05:20:00Z,,0
S004948,train,1,0,none,none,2025-02-10T05:30:00Z,,0
S004949,train,1,0,none,none,2025-02-10T05:40:00Z,,0
S004950,train,1,0,none,none,2025-02-10T05:50:00Z,,0
S004951,train,1,0,none,none,2025-02-10T06:00:00Z,,0
S004952,train,1,0,none,none,2025-02-10T06:10:00Z,,0
S004953,train,1,0,none,none,2025-02-10T06:20:00Z,,0
S004954,train,1,0,none,none,2025-02-10T06:30:00Z,,0
S004955,train,1,0,none,none,2025-02-10T06:40:00Z,,0
S004956,train,1,0,none,none,2025-02-10T06:50:00Z,,0
S004957,train,1,0,none,none,2025-02-10T07:00:00Z,,0
S004958,train,1,0,none,none,2025-02-10T07:10:00Z,,0
S004959,train,1,0,none,none,2025-02-10T03:40:00Z,,0
S004960,train,1,0,none,none,2025-02-10T03:50:00Z,,0
S004961,train,1,0,none,none,2025-02-10T04:00:00Z,1,1
S004962,train,1,0,none,none,2025-02-10T04:10:00Z,1,1
S004963,train,1,0,none,none,2025-02-10T04:20:00Z,,0
S004964,train,1,0,none,none,2025-02-10T04:30:00Z,,0
S004965,train,1,0,none,none,2025-02-10T04:40:00Z,,0
S004966,train,1,0,none,none,2025-02-10T04:50:00Z,,0
S004967,train,1,0,none,none,2025-02-10T05:00:00Z,,0
S004968,train,1,0,none,none,2025-02-10T05:10:00Z,,0
S004969,train,1,0,none,none,2025-02-10T05:20:00Z,,0
S004970,train,1,0,none,none,2025-02-10T05:30:00Z,,0
S004971,train,1,0,none,none,2025-02-10T05:40:00Z,,0
S004972,train,1,0,none,none,2025-02-10T05:50:00Z,,0
S004973,train,1,0,none,none,2025-02-10T06:00:00Z,,0
S004974,train,1,0,none,none,2025-02-10T06:10:00Z,,0
S004975,train,1,0,none,none,2025-02-10T06:20:00Z,,0
S004976,train,1,0,none,none,2025-02-10T06:30:00Z,1,1
S004977,train,0,1,delamination,molding,2025-02-10T06:40:00Z,,0
S004978,train,1,0,none,none,2025-02-10T06:50:00Z,,0
S004979,train,1,0,none,none,2025-02-10T07:00:00Z,,0
S004980,train,1,0,none,none,2025-02-10T07:10:00Z,1,1
S004981,train,1,0,none,none,2025-02-10T07:20:00Z,,0
S004982,train,1,0,none,none,2025-02-10T07:30:00Z,1,1
S004983,train,0,1,warpage,assembly,2025-02-10T07:40:00Z,,0
S004984,train,1,0,none,none,2025-02-10T07:50:00Z,,0
S004985,train,1,0,none,none,2025-02-10T08:00:00Z,,0
S004986,train,1,0,none,none,2025-02-10T08:10:00Z,,0
S004987,train,1,0,none,none,2025-02-10T08:20:00Z,,0
S004988,train,1,0,none,none,2025-02-10T08:30:00Z,,0
S004989,train,1,0,none,none,2025-02-10T08:40:00Z,,0
S004990,train,1,0,none,none,2025-02-10T08:50:00Z,,0
S004991,train,1,0,none,none,2025-02-10T09:00:00Z,,0
S004992,train,1,0,none,none,2025-02-10T09:10:00Z,1,1
S004993,train,1,0,none,none,2025-02-10T09:20:00Z,,0
S004994,train,1,0,none,none,2025-02-10T09:30:00Z,,0
S004995,train,1,0,none,none,2025-02-10T09:40:00Z,,0
S004996,train,1,0,none,none,2025-02-10T09:50:00Z,,0
S004997,train,1,0,none,none,2025-02-10T10:00:00Z,,0
S004998,train,1,0,none,none,2025-02-10T10:10:00Z,,0
S004999,train,1,0,none,none,2025-02-10T10:20:00Z,,0
S005000,train,1,0,none,none,2025-02-10T10:30:00Z,1,1
S005001,train,1,0,none,none,2025-02-10T10:40:00Z,,0
S005002,train,1,0,none,none,2025-02-10T10:50:00Z,,0
S005003,train,1,0,none,none,2025-02-10T11:00:00Z,,0
S005004,train,1,0,none,none,2025-02-10T11:10:00Z,,0
S005005,train,1,0,none,none,2025-02-10T11:20:00Z,,0
S005006,train,1,0,none,none,2025-02-10T11:30:00Z,,0
S005007,train,1,0,none,none,2025-02-10T11:40:00Z,,0
S005008,train,1,0,none,none,2025-02-10T11:50:00Z,,0
S005009,train,1,0,none,none,2025-02-10T12:00:00Z,,0
S005010,train,1,0,none,none,2025-02-10T12:10:00Z,,0
S005011,train,1,0,none,none,2025-02-10T12:20:00Z,,0
S005012,train,1,0,none,none,2025-02-10T12:30:00Z,,0
S005013,train,1,0,none,none,2025-02-10T12:40:00Z,1,1
S005014,train,1,0,none,none,2025-02-10T12:50:00Z,1,1
S005015,train,1,0,none,none,2025-02-10T13:00:00Z,,0
S005016,train,1,0,none,none,2025-02-10T13:10:00Z,,0
S005017,train,1,0,none,none,2025-02-10T13:20:00Z,,0
S005018,train,1,0,none,none,2025-02-10T13:30:00Z,,0
S005019,train,1,0,none,none,2025-02-10T13:40:00Z,,0
S005020,train,1,0,none,none,2025-02-10T13:50:00Z,,0
S005021,train,1,0,none,none,2025-02-10T14:00:00Z,,0
S005022,train,1,0,none,none,2025-02-10T14:10:00Z,1,1
S005023,train,1,0,none,none,2025-02-10T15:40:00Z,,0
S005024,train,1,0,none,none,2025-02-10T15:50:00Z,1,1
S005025,train,1,0,none,none,2025-02-10T16:00:00Z,,0
S005026,train,1,0,none,none,2025-02-10T16:10:00Z,,0
S005027,train,1,0,none,none,2025-02-10T16:20:00Z,,0
S005028,train,1,0,none,none,2025-02-10T16:30:00Z,,0
S005029,train,1,0,none,none,2025-02-10T16:40:00Z,0,1
S005030,train,1,0,none,none,2025-02-10T16:50:00Z,,0
S005031,train,1,0,none,none,2025-02-10T17:00:00Z,1,1
S005032,train,0,1,underfill_void,molding,2025-02-10T17:10:00Z,,0
S005033,train,1,0,none,none,2025-02-10T17:20:00Z,,0
S005034,train,1,0,none,none,2025-02-10T17:30:00Z,,0
S005035,train,1,0,none,none,2025-02-10T17:40:00Z,,0
S005036,train,1,0,none,none,2025-02-10T17:50:00Z,,0
S005037,train,1,0,none,none,2025-02-10T18:00:00Z,,0
S005038,train,1,0,none,none,2025-02-10T18:10:00Z,,0
S005039,train,1,0,none,none,2025-02-10T18:20:00Z,1,1
S005040,train,1,0,none,none,2025-02-10T18:30:00Z,,0
S005041,train,1,0,none,none,2025-02-10T18:40:00Z,,0
S005042,train,1,0,none,none,2025-02-10T18:50:00Z,,0
S005043,train,1,0,none,none,2025-02-10T19:00:00Z,1,1
S005044,train,1,0,none,none,2025-02-10T19:10:00Z,,0
S005045,train,1,0,none,none,2025-02-10T19:20:00Z,,0
S005046,train,1,0,none,none,2025-02-10T19:30:00Z,,0
S005047,train,1,0,none,none,2025-02-10T19:40:00Z,,0
S005048,train,1,0,none,none,2025-02-10T19:50:00Z,,0
S005049,train,1,0,none,none,2025-02-10T20:00:00Z,,0
S005050,train,1,0,none,none,2025-02-10T20:10:00Z,,0
S005051,train,1,0,none,none,2025-02-10T20:20:00Z,,0
S005052,train,1,0,none,none,2025-02-10T20:30:00Z,,0
S005053,train,0,1,delamination,molding,2025-02-10T20:40:00Z,,0
S005054,train,1,0,none,none,2025-02-10T20:50:00Z,,0
S005055,train,1,0,none,none,2025-02-10T21:00:00Z,,0
S005056,train,1,0,none,none,2025-02-10T21:10:00Z,,0
S005057,train,1,0,none,none,2025-02-10T21:20:00Z,,0
S005058,train,1,0,none,none,2025-02-10T21:30:00Z,,0
S005059,train,1,0,none,none,2025-02-10T21:40:00Z,,0
S005060,train,1,0,none,none,2025-02-10T21:50:00Z,,0
S005061,train,1,0,none,none,2025-02-10T22:00:00Z,,0
S005062,train,1,0,none,none,2025-02-10T22:10:00Z,1,1
S005063,train,1,0,none,none,2025-02-10T22:20:00Z,,0
S005064,train,1,0,none,none,2025-02-10T22:30:00Z,,0
S005065,train,1,0,none,none,2025-02-10T22:40:00Z,,0
S005066,train,1,0,none,none,2025-02-10T22:50:00Z,,0
S005067,train,1,0,none,none,2025-02-10T23:00:00Z,,0
S005068,train,1,0,none,none,2025-02-10T23:10:00Z,,0
S005069,train,1,0,none,none,2025-02-10T23:20:00Z,,0
S005070,train,1,0,none,none,2025-02-10T23:30:00Z,,0
S005071,train,1,0,none,none,2025-02-10T23:40:00Z,,0
S005072,train,1,0,none,none,2025-02-10T23:50:00Z,,0
S005073,train,1,0,none,none,2025-02-11T00:00:00Z,,0
S005074,train,1,0,none,none,2025-02-11T00:10:00Z,,0
S005075,train,1,0,none,none,2025-02-11T00:20:00Z,,0
S005076,train,1,0,none,none,2025-02-11T00:30:00Z,,0
S005077,train,1,0,none,none,2025-02-11T00:40:00Z,,0
S005078,train,1,0,none,none,2025-02-11T00:50:00Z,,0
S005079,train,0,1,microbump_open_bridge,reflow,2025-02-11T01:00:00Z,,0
S005080,train,0,1,die_crack,handling,2025-02-11T01:10:00Z,,0
S005081,train,1,0,none,none,2025-02-11T01:20:00Z,,0
S005082,train,1,0,none,none,2025-02-11T01:30:00Z,1,1
S005083,train,1,0,none,none,2025-02-11T03:40:00Z,,0
S005084,train,1,0,none,none,2025-02-11T03:50:00Z,1,1
S005085,train,1,0,none,none,2025-02-11T04:00:00Z,,0
S005086,train,1,0,none,none,2025-02-11T04:10:00Z,1,1
S005087,train,1,0,none,none,2025-02-11T04:20:00Z,,0
S005088,train,1,0,none,none,2025-02-11T04:30:00Z,,0
S005089,train,1,0,none,none,2025-02-11T04:40:00Z,,0
S005090,train,1,0,none,none,2025-02-11T04:50:00Z,,0
S005091,train,1,0,none,none,2025-02-11T05:00:00Z,,0
S005092,train,1,0,none,none,2025-02-11T05:10:00Z,,0
S005093,train,1,0,none,none,2025-02-11T05:20:00Z,,0
S005094,train,1,0,none,none,2025-02-11T05:30:00Z,,0
S005095,train,1,0,none,none,2025-02-11T05:40:00Z,,0
S005096,train,1,0,none,none,2025-02-11T05:50:00Z,,0
S005097,train,1,0,none,none,2025-02-11T06:00:00Z,,0
S005098,train,1,0,none,none,2025-02-11T06:10:00Z,,0
S005099,train,1,0,none,none,2025-02-11T06:20:00Z,,0
S005100,train,1,0,none,none,2025-02-11T06:30:00Z,,0
S005101,train,1,0,none,none,2025-02-11T06:40:00Z,,0
S005102,train,1,0,none,none,2025-02-11T06:50:00Z,1,1
S005103,train,1,0,none,none,2025-02-11T07:00:00Z,,0
S005104,train,1,0,none,none,2025-02-11T07:10:00Z,1,1
S005105,train,1,0,none,none,2025-02-11T07:20:00Z,,0
S005106,train,1,0,none,none,2025-02-11T07:30:00Z,1,1
S005107,train,1,0,none,none,2025-02-11T07:40:00Z,,0
S005108,train,1,0,none,none,2025-02-11T07:50:00Z,,0
S005109,train,1,0,none,none,2025-02-11T08:00:00Z,,0
S005110,train,1,0,none,none,2025-02-11T08:10:00Z,,0
S005111,train,1,0,none,none,2025-02-11T08:20:00Z,,0
S005112,train,1,0,none,none,2025-02-11T08:30:00Z,,0
S005113,train,1,0,none,none,2025-02-11T08:40:00Z,,0
S005114,train,0,1,multiple,multiple,2025-02-11T08:50:00Z,,0
S005115,train,1,0,none,none,2025-02-11T09:00:00Z,1,1
S005116,train,1,0,none,none,2025-02-11T09:10:00Z,,0
S005117,train,1,0,none,none,2025-02-11T09:20:00Z,,0
S005118,train,1,0,none,none,2025-02-11T09:30:00Z,,0
S005119,train,1,0,none,none,2025-02-11T09:40:00Z,1,1
S005120,train,1,0,none,none,2025-02-11T09:50:00Z,,0
S005121,train,1,0,none,none,2025-02-11T10:00:00Z,1,1
S005122,train,1,0,none,none,2025-02-11T10:10:00Z,,0
S005123,train,1,0,none,none,2025-02-11T10:20:00Z,,0
S005124,train,1,0,none,none,2025-02-11T10:30:00Z,,0
S005125,train,1,0,none,none,2025-02-11T10:40:00Z,,0
S005126,train,1,0,none,none,2025-02-11T10:50:00Z,,0
S005127,train,1,0,none,none,2025-02-11T11:00:00Z,,0
S005128,train,1,0,none,none,2025-02-11T11:10:00Z,,0
S005129,train,1,0,none,none,2025-02-11T11:20:00Z,,0
S005130,train,1,0,none,none,2025-02-11T11:30:00Z,0,1
S005131,train,0,1,microbump_open_bridge,reflow,2025-02-11T11:40:00Z,,0
S005132,train,0,1,delamination,molding,2025-02-11T11:50:00Z,,0
S005133,train,1,0,none,none,2025-02-11T12:00:00Z,,0
S005134,train,1,0,none,none,2025-02-11T12:10:00Z,1,1
S005135,train,1,0,none,none,2025-02-11T12:20:00Z,,0
S005136,train,1,0,none,none,2025-02-11T12:30:00Z,,0
S005137,train,1,0,none,none,2025-02-11T12:40:00Z,,0
S005138,train,1,0,none,none,2025-02-11T12:50:00Z,,0
S005139,train,1,0,none,none,2025-02-11T13:00:00Z,,0
S005140,train,1,0,none,none,2025-02-11T13:10:00Z,1,1
S005141,train,1,0,none,none,2025-02-11T13:20:00Z,0,1
S005142,train,1,0,none,none,2025-02-11T13:30:00Z,,0
S005143,train,1,0,none,none,2025-02-11T13:40:00Z,,0
S005144,train,1,0,none,none,2025-02-11T13:50:00Z,,0
S005145,train,1,0,none,none,2025-02-11T15:40:00Z,,0
S005146,train,1,0,none,none,2025-02-11T15:50:00Z,,0
S005147,train,1,0,none,none,2025-02-11T16:00:00Z,,0
S005148,train,1,0,none,none,2025-02-11T16:10:00Z,,0
S005149,train,1,0,none,none,2025-02-11T16:20:00Z,1,1
S005150,train,1,0,none,none,2025-02-11T16:30:00Z,1,1
S005151,train,1,0,none,none,2025-02-11T16:40:00Z,,0
S005152,train,1,0,none,none,2025-02-11T16:50:00Z,1,1
S005153,train,1,0,none,none,2025-02-11T17:00:00Z,,0
S005154,train,1,0,none,none,2025-02-11T17:10:00Z,,0
S005155,train,1,0,none,none,2025-02-11T17:20:00Z,1,1
S005156,train,0,1,dram_electrical,dram_or_base,2025-02-11T17:30:00Z,,0
S005157,train,1,0,none,none,2025-02-11T17:40:00Z,,0
S005158,train,1,0,none,none,2025-02-11T17:50:00Z,,0
S005159,train,1,0,none,none,2025-02-11T18:00:00Z,,0
S005160,train,1,0,none,none,2025-02-11T18:10:00Z,,0
S005161,train,1,0,none,none,2025-02-11T18:20:00Z,,0
S005162,train,1,0,none,none,2025-02-11T18:30:00Z,1,1
S005163,train,1,0,none,none,2025-02-11T18:40:00Z,,0
S005164,train,1,0,none,none,2025-02-11T18:50:00Z,,0
S005165,train,1,0,none,none,2025-02-11T19:00:00Z,1,1
S005166,train,1,0,none,none,2025-02-11T19:10:00Z,,0
S005167,train,1,0,none,none,2025-02-11T19:20:00Z,,0
S005168,train,0,1,dram_electrical,dram_or_base,2025-02-11T19:30:00Z,,0
S005169,train,0,1,dram_electrical,dram_or_base,2025-02-11T19:40:00Z,,0
S005170,train,1,0,none,none,2025-02-11T19:50:00Z,,0
S005171,train,1,0,none,none,2025-02-11T20:00:00Z,,0
S005172,train,1,0,none,none,2025-02-11T20:10:00Z,,0
S005173,train,1,0,none,none,2025-02-11T20:20:00Z,,0
S005174,train,1,0,none,none,2025-02-11T20:30:00Z,,0
S005175,train,1,0,none,none,2025-02-11T20:40:00Z,1,1
S005176,train,1,0,none,none,2025-02-11T20:50:00Z,,0
S005177,train,1,0,none,none,2025-02-11T21:00:00Z,,0
S005178,train,1,0,none,none,2025-02-11T21:10:00Z,,0
S005179,train,1,0,none,none,2025-02-11T21:20:00Z,,0
S005180,train,1,0,none,none,2025-02-11T21:30:00Z,,0
S005181,train,1,0,none,none,2025-02-11T21:40:00Z,,0
S005182,train,1,0,none,none,2025-02-11T21:50:00Z,,0
S005183,train,1,0,none,none,2025-02-11T22:00:00Z,,0
S005184,train,1,0,none,none,2025-02-11T22:10:00Z,,0
S005185,train,1,0,none,none,2025-02-11T22:20:00Z,,0
S005186,train,1,0,none,none,2025-02-11T22:30:00Z,,0
S005187,train,1,0,none,none,2025-02-11T22:40:00Z,1,1
S005188,train,1,0,none,none,2025-02-11T22:50:00Z,,0
S005189,train,1,0,none,none,2025-02-11T23:00:00Z,,0
S005190,train,1,0,none,none,2025-02-11T23:10:00Z,,0
S005191,train,1,0,none,none,2025-02-11T23:20:00Z,1,1
S005192,train,1,0,none,none,2025-02-11T23:30:00Z,,0
S005193,train,1,0,none,none,2025-02-11T23:40:00Z,,0
S005194,train,1,0,none,none,2025-02-11T23:50:00Z,1,1
S005195,train,1,0,none,none,2025-02-12T00:00:00Z,,0
S005196,train,1,0,none,none,2025-02-12T00:10:00Z,,0
S005197,train,1,0,none,none,2025-02-12T00:20:00Z,,0
S005198,train,1,0,none,none,2025-02-12T00:30:00Z,,0
S005199,train,1,0,none,none,2025-02-12T00:40:00Z,,0
S005200,train,1,0,none,none,2025-02-12T00:50:00Z,,0
S005201,train,1,0,none,none,2025-02-12T01:00:00Z,,0
S005202,train,1,0,none,none,2025-02-12T01:10:00Z,1,1
S005203,train,1,0,none,none,2025-02-12T01:20:00Z,,0
S005204,train,1,0,none,none,2025-02-12T01:30:00Z,1,1
S005205,train,1,0,none,none,2025-02-12T01:40:00Z,,0
S005206,train,1,0,none,none,2025-02-12T01:50:00Z,,0
S005207,train,1,0,none,none,2025-02-12T02:00:00Z,,0
S005208,train,1,0,none,none,2025-02-12T03:40:00Z,1,1
S005209,train,1,0,none,none,2025-02-12T03:50:00Z,,0
S005210,train,1,0,none,none,2025-02-12T04:00:00Z,1,1
S005211,train,1,0,none,none,2025-02-12T04:10:00Z,,0
S005212,train,1,0,none,none,2025-02-12T04:20:00Z,,0
S005213,train,1,0,none,none,2025-02-12T04:30:00Z,,0
S005214,train,0,1,microbump_open_bridge,reflow,2025-02-12T04:40:00Z,,0
S005215,train,1,0,none,none,2025-02-12T04:50:00Z,,0
S005216,train,1,0,none,none,2025-02-12T05:00:00Z,1,1
S005217,train,1,0,none,none,2025-02-12T05:10:00Z,1,1
S005218,train,1,0,none,none,2025-02-12T05:20:00Z,1,1
S005219,train,1,0,none,none,2025-02-12T05:30:00Z,,0
S005220,train,1,0,none,none,2025-02-12T05:40:00Z,,0
S005221,train,1,0,none,none,2025-02-12T05:50:00Z,1,1
S005222,train,1,0,none,none,2025-02-12T06:00:00Z,1,1
S005223,train,1,0,none,none,2025-02-12T06:10:00Z,,0
S005224,train,1,0,none,none,2025-02-12T06:20:00Z,1,1
S005225,train,1,0,none,none,2025-02-12T06:30:00Z,,0
S005226,train,1,0,none,none,2025-02-12T06:40:00Z,1,1
S005227,train,1,0,none,none,2025-02-12T06:50:00Z,1,1
S005228,train,1,0,none,none,2025-02-12T07:00:00Z,,0
S005229,train,0,1,warpage,assembly,2025-02-12T07:10:00Z,,0
S005230,train,1,0,none,none,2025-02-12T07:20:00Z,,0
S005231,train,1,0,none,none,2025-02-12T07:30:00Z,,0
S005232,train,0,1,warpage,assembly,2025-02-12T07:40:00Z,,0
S005233,train,1,0,none,none,2025-02-12T07:50:00Z,1,1
S005234,train,1,0,none,none,2025-02-12T08:00:00Z,,0
S005235,train,1,0,none,none,2025-02-12T08:10:00Z,,0
S005236,train,1,0,none,none,2025-02-12T08:20:00Z,,0
S005237,train,1,0,none,none,2025-02-12T08:30:00Z,,0
S005238,train,1,0,none,none,2025-02-12T08:40:00Z,,0
S005239,train,1,0,none,none,2025-02-12T08:50:00Z,,0
S005240,train,1,0,none,none,2025-02-12T09:00:00Z,,0
S005241,train,1,0,none,none,2025-02-12T09:10:00Z,,0
S005242,train,1,0,none,none,2025-02-12T09:20:00Z,1,1
S005243,train,1,0,none,none,2025-02-12T09:30:00Z,,0
S005244,train,1,0,none,none,2025-02-12T09:40:00Z,,0
S005245,train,1,0,none,none,2025-02-12T09:50:00Z,,0
S005246,train,1,0,none,none,2025-02-12T10:00:00Z,,0
S005247,train,1,0,none,none,2025-02-12T10:10:00Z,,0
S005248,train,1,0,none,none,2025-02-12T10:20:00Z,,0
S005249,train,1,0,none,none,2025-02-12T10:30:00Z,,0
S005250,train,1,0,none,none,2025-02-12T10:40:00Z,,0
S005251,train,1,0,none,none,2025-02-12T10:50:00Z,,0
S005252,train,1,0,none,none,2025-02-12T11:00:00Z,1,1
S005253,train,1,0,none,none,2025-02-12T11:10:00Z,,0
S005254,train,1,0,none,none,2025-02-12T11:20:00Z,,0
S005255,train,1,0,none,none,2025-02-12T11:30:00Z,,0
S005256,train,1,0,none,none,2025-02-12T11:40:00Z,,0
S005257,train,1,0,none,none,2025-02-12T11:50:00Z,,0
S005258,train,1,0,none,none,2025-02-12T12:00:00Z,,0
S005259,train,1,0,none,none,2025-02-12T12:10:00Z,,0
S005260,train,1,0,none,none,2025-02-12T12:20:00Z,,0
S005261,train,0,1,multiple,multiple,2025-02-12T12:30:00Z,,0
S005262,train,1,0,none,none,2025-02-12T12:40:00Z,,0
S005263,train,1,0,none,none,2025-02-12T12:50:00Z,0,1
S005264,train,1,0,none,none,2025-02-12T13:00:00Z,,0
S005265,train,0,1,warpage,assembly,2025-02-12T13:10:00Z,,0
S005266,train,1,0,none,none,2025-02-12T13:20:00Z,,0
S005267,train,1,0,none,none,2025-02-12T13:30:00Z,,0
S005268,train,1,0,none,none,2025-02-12T13:40:00Z,,0
S005269,train,1,0,none,none,2025-02-12T13:50:00Z,,0
S005270,train,1,0,none,none,2025-02-12T15:40:00Z,,0
S005271,train,1,0,none,none,2025-02-12T15:50:00Z,,0
S005272,train,1,0,none,none,2025-02-12T16:00:00Z,,0
S005273,train,1,0,none,none,2025-02-12T16:10:00Z,,0
S005274,train,1,0,none,none,2025-02-12T16:20:00Z,,0
S005275,train,1,0,none,none,2025-02-12T16:30:00Z,,0
S005276,train,1,0,none,none,2025-02-12T16:40:00Z,,0
S005277,train,1,0,none,none,2025-02-12T16:50:00Z,,0
S005278,train,1,0,none,none,2025-02-12T17:00:00Z,1,1
S005279,train,1,0,none,none,2025-02-12T17:10:00Z,,0
S005280,train,1,0,none,none,2025-02-12T17:20:00Z,,0
S005281,train,1,0,none,none,2025-02-12T17:30:00Z,,0
S005282,train,1,0,none,none,2025-02-12T17:40:00Z,,0
S005283,train,1,0,none,none,2025-02-12T17:50:00Z,,0
S005284,train,1,0,none,none,2025-02-12T18:00:00Z,,0
S005285,train,1,0,none,none,2025-02-12T18:10:00Z,1,1
S005286,train,1,0,none,none,2025-02-12T18:20:00Z,,0
S005287,train,1,0,none,none,2025-02-12T18:30:00Z,,0
S005288,train,1,0,none,none,2025-02-12T18:40:00Z,,0
S005289,train,1,0,none,none,2025-02-12T18:50:00Z,,0
S005290,train,1,0,none,none,2025-02-12T19:00:00Z,,0
S005291,train,1,0,none,none,2025-02-12T19:10:00Z,,0
S005292,train,1,0,none,none,2025-02-12T19:20:00Z,,0
S005293,train,1,0,none,none,2025-02-12T19:30:00Z,1,1
S005294,train,1,0,none,none,2025-02-12T19:40:00Z,1,1
S005295,train,1,0,none,none,2025-02-12T19:50:00Z,,0
S005296,train,1,0,none,none,2025-02-12T20:00:00Z,,0
S005297,train,1,0,none,none,2025-02-12T20:10:00Z,,0
S005298,train,1,0,none,none,2025-02-12T20:20:00Z,,0
S005299,train,1,0,none,none,2025-02-12T20:30:00Z,,0
S005300,train,1,0,none,none,2025-02-12T20:40:00Z,,0
S005301,train,1,0,none,none,2025-02-12T20:50:00Z,,0
S005302,train,1,0,none,none,2025-02-12T21:00:00Z,,0
S005303,train,1,0,none,none,2025-02-12T21:10:00Z,,0
S005304,train,1,0,none,none,2025-02-12T21:20:00Z,,0
S005305,train,1,0,none,none,2025-02-12T21:30:00Z,,0
S005306,train,1,0,none,none,2025-02-12T21:40:00Z,,0
S005307,train,0,1,delamination,molding,2025-02-12T21:50:00Z,,0
S005308,train,1,0,none,none,2025-02-12T22:00:00Z,,0
S005309,train,1,0,none,none,2025-02-12T22:10:00Z,1,1
S005310,train,1,0,none,none,2025-02-12T22:20:00Z,1,1
S005311,train,1,0,none,none,2025-02-12T22:30:00Z,,0
S005312,train,1,0,none,none,2025-02-12T22:40:00Z,1,1
S005313,train,1,0,none,none,2025-02-12T22:50:00Z,,0
S005314,train,1,0,none,none,2025-02-12T23:00:00Z,1,1
S005315,train,1,0,none,none,2025-02-12T23:10:00Z,,0
S005316,train,1,0,none,none,2025-02-12T23:20:00Z,,0
S005317,train,1,0,none,none,2025-02-12T23:30:00Z,1,1
S005318,train,1,0,none,none,2025-02-12T23:40:00Z,,0
S005319,train,1,0,none,none,2025-02-12T23:50:00Z,,0
S005320,train,1,0,none,none,2025-02-13T00:00:00Z,,0
S005321,train,1,0,none,none,2025-02-13T00:10:00Z,,0
S005322,train,1,0,none,none,2025-02-13T00:20:00Z,,0
S005323,train,1,0,none,none,2025-02-13T00:30:00Z,,0
S005324,train,1,0,none,none,2025-02-13T00:40:00Z,1,1
S005325,train,1,0,none,none,2025-02-13T00:50:00Z,,0
S005326,train,1,0,none,none,2025-02-13T01:00:00Z,,0
S005327,train,1,0,none,none,2025-02-13T01:10:00Z,,0
S005328,train,1,0,none,none,2025-02-13T01:20:00Z,,0
S005329,train,1,0,none,none,2025-02-13T01:30:00Z,1,1
S005330,train,1,0,none,none,2025-02-13T01:40:00Z,,0
S005331,train,1,0,none,none,2025-02-13T01:50:00Z,1,1
S005332,train,1,0,none,none,2025-02-13T02:00:00Z,,0
S005333,train,1,0,none,none,2025-02-13T02:10:00Z,,0
S005334,train,1,0,none,none,2025-02-13T02:20:00Z,,0
S005335,train,1,0,none,none,2025-02-13T03:40:00Z,,0
S005336,train,1,0,none,none,2025-02-13T03:50:00Z,1,1
S005337,train,1,0,none,none,2025-02-13T04:00:00Z,1,1
S005338,train,1,0,none,none,2025-02-13T04:10:00Z,1,1
S005339,train,1,0,none,none,2025-02-13T04:20:00Z,1,1
S005340,train,1,0,none,none,2025-02-13T04:30:00Z,,0
S005341,train,1,0,none,none,2025-02-13T04:40:00Z,,0
S005342,train,1,0,none,none,2025-02-13T04:50:00Z,1,1
S005343,train,1,0,none,none,2025-02-13T05:00:00Z,,0
S005344,train,1,0,none,none,2025-02-13T05:10:00Z,,0
S005345,train,1,0,none,none,2025-02-13T05:20:00Z,,0
S005346,train,1,0,none,none,2025-02-13T05:30:00Z,1,1
S005347,train,1,0,none,none,2025-02-13T05:40:00Z,,0
S005348,train,1,0,none,none,2025-02-13T05:50:00Z,1,1
S005349,train,1,0,none,none,2025-02-13T06:00:00Z,,0
S005350,train,1,0,none,none,2025-02-13T06:10:00Z,,0
S005351,train,1,0,none,none,2025-02-13T06:20:00Z,,0
S005352,train,1,0,none,none,2025-02-13T06:30:00Z,,0
S005353,train,1,0,none,none,2025-02-13T06:40:00Z,,0
S005354,train,1,0,none,none,2025-02-13T06:50:00Z,,0
S005355,train,1,0,none,none,2025-02-13T07:00:00Z,,0
S005356,train,1,0,none,none,2025-02-13T07:10:00Z,1,1
S005357,train,1,0,none,none,2025-02-13T07:20:00Z,,0
S005358,train,1,0,none,none,2025-02-13T07:30:00Z,,0
S005359,train,1,0,none,none,2025-02-13T07:40:00Z,,0
S005360,train,1,0,none,none,2025-02-13T07:50:00Z,,0
S005361,train,1,0,none,none,2025-02-13T08:00:00Z,1,1
S005362,train,1,0,none,none,2025-02-13T08:10:00Z,,0
S005363,train,1,0,none,none,2025-02-13T08:20:00Z,,0
S005364,train,1,0,none,none,2025-02-13T08:30:00Z,,0
S005365,train,1,0,none,none,2025-02-13T08:40:00Z,,0
S005366,train,1,0,none,none,2025-02-13T08:50:00Z,,0
S005367,train,1,0,none,none,2025-02-13T09:00:00Z,,0
S005368,train,1,0,none,none,2025-02-13T09:10:00Z,,0
S005369,train,1,0,none,none,2025-02-13T09:20:00Z,,0
S005370,train,1,0,none,none,2025-02-13T09:30:00Z,,0
S005371,train,1,0,none,none,2025-02-13T09:40:00Z,,0
S005372,train,1,0,none,none,2025-02-13T09:50:00Z,,0
S005373,train,1,0,none,none,2025-02-13T10:00:00Z,,0
S005374,train,0,1,tsv_open_short,tsv_or_interconnect,2025-02-13T10:10:00Z,,0
S005375,train,1,0,none,none,2025-02-13T10:20:00Z,,0
S005376,train,1,0,none,none,2025-02-13T10:30:00Z,,0
S005377,train,1,0,none,none,2025-02-13T10:40:00Z,1,1
S005378,train,1,0,none,none,2025-02-13T10:50:00Z,,0
S005379,train,1,0,none,none,2025-02-13T11:00:00Z,,0
S005380,train,1,0,none,none,2025-02-13T11:10:00Z,,0
S005381,train,0,1,warpage,assembly,2025-02-13T11:20:00Z,,0
S005382,train,0,1,warpage,assembly,2025-02-13T11:30:00Z,,0
S005383,train,1,0,none,none,2025-02-13T11:40:00Z,,0
S005384,train,1,0,none,none,2025-02-13T11:50:00Z,,0
S005385,train,1,0,none,none,2025-02-13T12:00:00Z,,0
S005386,train,1,0,none,none,2025-02-13T12:10:00Z,1,1
S005387,train,1,0,none,none,2025-02-13T12:20:00Z,,0
S005388,train,1,0,none,none,2025-02-13T12:30:00Z,,0
S005389,train,1,0,none,none,2025-02-13T12:40:00Z,,0
S005390,train,1,0,none,none,2025-02-13T12:50:00Z,,0
S005391,train,1,0,none,none,2025-02-13T13:00:00Z,,0
S005392,train,1,0,none,none,2025-02-13T13:10:00Z,,0
S005393,train,1,0,none,none,2025-02-13T13:20:00Z,,0
S005394,train,1,0,none,none,2025-02-13T13:30:00Z,,0
S005395,train,1,0,none,none,2025-02-13T13:40:00Z,,0
S005396,train,1,0,none,none,2025-02-13T15:40:00Z,,0
S005397,train,1,0,none,none,2025-02-13T15:50:00Z,,0
S005398,train,1,0,none,none,2025-02-13T16:00:00Z,,0
S005399,train,1,0,none,none,2025-02-13T16:10:00Z,,0
S005400,train,1,0,none,none,2025-02-13T16:20:00Z,1,1
S005401,train,1,0,none,none,2025-02-13T16:30:00Z,,0
S005402,train,1,0,none,none,2025-02-13T16:40:00Z,,0
S005403,train,0,1,underfill_void,molding,2025-02-13T16:50:00Z,,0
S005404,train,1,0,none,none,2025-02-13T17:00:00Z,,0
S005405,train,1,0,none,none,2025-02-13T17:10:00Z,,0
S005406,train,1,0,none,none,2025-02-13T17:20:00Z,,0
S005407,train,1,0,none,none,2025-02-13T17:30:00Z,,0
S005408,train,1,0,none,none,2025-02-13T17:40:00Z,,0
S005409,train,1,0,none,none,2025-02-13T17:50:00Z,,0
S005410,train,1,0,none,none,2025-02-13T18:00:00Z,,0
S005411,train,1,0,none,none,2025-02-13T18:10:00Z,1,1
S005412,train,1,0,none,none,2025-02-13T18:20:00Z,,0
S005413,train,1,0,none,none,2025-02-13T18:30:00Z,,0
S005414,train,1,0,none,none,2025-02-13T18:40:00Z,,0
S005415,train,1,0,none,none,2025-02-13T18:50:00Z,,0
S005416,train,1,0,none,none,2025-02-13T19:00:00Z,,0
S005417,train,1,0,none,none,2025-02-13T19:10:00Z,,0
S005418,train,1,0,none,none,2025-02-13T19:20:00Z,,0
S005419,train,1,0,none,none,2025-02-13T19:30:00Z,,0
S005420,train,1,0,none,none,2025-02-13T19:40:00Z,,0
S005421,train,1,0,none,none,2025-02-13T19:50:00Z,1,1
S005422,train,1,0,none,none,2025-02-13T20:00:00Z,,0
S005423,train,1,0,none,none,2025-02-13T20:10:00Z,,0
S005424,train,1,0,none,none,2025-02-13T20:20:00Z,,0
S005425,train,1,0,none,none,2025-02-13T20:30:00Z,1,1
S005426,train,1,0,none,none,2025-02-13T20:40:00Z,,0
S005427,train,1,0,none,none,2025-02-13T20:50:00Z,0,1
S005428,train,1,0,none,none,2025-02-13T21:00:00Z,,0
S005429,train,1,0,none,none,2025-02-13T21:10:00Z,,0
S005430,train,1,0,none,none,2025-02-13T21:20:00Z,0,1
S005431,train,1,0,none,none,2025-02-13T21:30:00Z,1,1
S005432,train,1,0,none,none,2025-02-13T21:40:00Z,,0
S005433,train,1,0,none,none,2025-02-13T21:50:00Z,,0
S005434,train,1,0,none,none,2025-02-13T22:00:00Z,,0
S005435,train,1,0,none,none,2025-02-13T22:10:00Z,,0
S005436,train,1,0,none,none,2025-02-13T22:20:00Z,,0
S005437,train,1,0,none,none,2025-02-13T22:30:00Z,,0
S005438,train,1,0,none,none,2025-02-13T22:40:00Z,,0
S005439,train,1,0,none,none,2025-02-13T22:50:00Z,,0
S005440,train,1,0,none,none,2025-02-13T23:00:00Z,,0
S005441,train,1,0,none,none,2025-02-13T23:10:00Z,,0
S005442,train,1,0,none,none,2025-02-13T23:20:00Z,1,1
S005443,train,1,0,none,none,2025-02-13T23:30:00Z,,0
S005444,train,1,0,none,none,2025-02-13T23:40:00Z,1,1
S005445,train,1,0,none,none,2025-02-13T23:50:00Z,1,1
S005446,train,1,0,none,none,2025-02-14T00:00:00Z,,0
S005447,train,1,0,none,none,2025-02-14T00:10:00Z,,0
S005448,train,1,0,none,none,2025-02-14T00:20:00Z,,0
S005449,train,1,0,none,none,2025-02-14T00:30:00Z,1,1
S005450,train,1,0,none,none,2025-02-14T00:40:00Z,,0
S005451,train,1,0,none,none,2025-02-14T00:50:00Z,,0
S005452,train,0,1,microbump_open_bridge,reflow,2025-02-14T01:00:00Z,,0
S005453,train,1,0,none,none,2025-02-14T01:10:00Z,1,1
S005454,train,1,0,none,none,2025-02-14T01:20:00Z,1,1
S005455,train,1,0,none,none,2025-02-14T01:30:00Z,,0
S005456,train,1,0,none,none,2025-02-14T01:40:00Z,,0
S005457,train,1,0,none,none,2025-02-14T01:50:00Z,,0
S005458,train,1,0,none,none,2025-02-14T02:00:00Z,,0
S005459,train,1,0,none,none,2025-02-14T02:10:00Z,,0
S005460,train,1,0,none,none,2025-02-14T03:40:00Z,,0
S005461,train,1,0,none,none,2025-02-14T03:50:00Z,,0
S005462,train,1,0,none,none,2025-02-14T04:00:00Z,,0
S005463,train,1,0,none,none,2025-02-14T04:10:00Z,,0
S005464,train,1,0,none,none,2025-02-14T04:20:00Z,,0
S005465,train,1,0,none,none,2025-02-14T04:30:00Z,1,1
S005466,train,1,0,none,none,2025-02-14T04:40:00Z,,0
S005467,train,1,0,none,none,2025-02-14T04:50:00Z,,0
S005468,train,1,0,none,none,2025-02-14T05:00:00Z,,0
S005469,train,1,0,none,none,2025-02-14T05:10:00Z,,0
S005470,train,1,0,none,none,2025-02-14T05:20:00Z,,0
S005471,train,1,0,none,none,2025-02-14T05:30:00Z,,0
S005472,train,1,0,none,none,2025-02-14T05:40:00Z,,0
S005473,train,1,0,none,none,2025-02-14T05:50:00Z,,0
S005474,train,1,0,none,none,2025-02-14T06:00:00Z,,0
S005475,train,1,0,none,none,2025-02-14T06:10:00Z,,0
S005476,train,1,0,none,none,2025-02-14T06:20:00Z,1,1
S005477,train,1,0,none,none,2025-02-14T06:30:00Z,,0
S005478,train,1,0,none,none,2025-02-14T06:40:00Z,,0
S005479,train,0,1,underfill_void,molding,2025-02-14T06:50:00Z,,0
S005480,train,1,0,none,none,2025-02-14T07:00:00Z,1,1
S005481,train,1,0,none,none,2025-02-14T07:10:00Z,,0
S005482,train,1,0,none,none,2025-02-14T07:20:00Z,,0
S005483,train,1,0,none,none,2025-02-14T07:30:00Z,,0
S005484,train,1,0,none,none,2025-02-14T07:40:00Z,,0
S005485,train,1,0,none,none,2025-02-14T07:50:00Z,,0
S005486,train,1,0,none,none,2025-02-14T08:00:00Z,,0
S005487,train,1,0,none,none,2025-02-14T08:10:00Z,,0
S005488,train,1,0,none,none,2025-02-14T08:20:00Z,,0
S005489,train,1,0,none,none,2025-02-14T08:30:00Z,,0
S005490,train,1,0,none,none,2025-02-14T08:40:00Z,1,1
S005491,train,1,0,none,none,2025-02-14T08:50:00Z,1,1
S005492,train,1,0,none,none,2025-02-14T09:00:00Z,,0
S005493,train,1,0,none,none,2025-02-14T09:10:00Z,,0
S005494,train,1,0,none,none,2025-02-14T09:20:00Z,1,1
S005495,train,1,0,none,none,2025-02-14T09:30:00Z,,0
S005496,train,1,0,none,none,2025-02-14T09:40:00Z,,0
S005497,train,1,0,none,none,2025-02-14T09:50:00Z,,0
S005498,train,1,0,none,none,2025-02-14T10:00:00Z,1,1
S005499,train,1,0,none,none,2025-02-14T10:10:00Z,,0
S005500,train,1,0,none,none,2025-02-14T10:20:00Z,,0
S005501,train,1,0,none,none,2025-02-14T10:30:00Z,,0
S005502,train,1,0,none,none,2025-02-14T10:40:00Z,,0
S005503,train,1,0,none,none,2025-02-14T10:50:00Z,,0
S005504,train,1,0,none,none,2025-02-14T11:00:00Z,,0
S005505,train,1,0,none,none,2025-02-14T11:10:00Z,,0
S005506,train,1,0,none,none,2025-02-14T11:20:00Z,,0
S005507,train,1,0,none,none,2025-02-14T11:30:00Z,,0
S005508,train,1,0,none,none,2025-02-14T11:40:00Z,,0
S005509,train,1,0,none,none,2025-02-14T11:50:00Z,,0
S005510,train,1,0,none,none,2025-02-14T12:00:00Z,,0
S005511,train,1,0,none,none,2025-02-14T12:10:00Z,,0
S005512,train,0,1,underfill_void,molding,2025-02-14T12:20:00Z,,0
S005513,train,1,0,none,none,2025-02-14T12:30:00Z,,0
S005514,train,1,0,none,none,2025-02-14T12:40:00Z,,0
S005515,train,1,0,none,none,2025-02-14T12:50:00Z,1,1
S005516,train,1,0,none,none,2025-02-14T13:00:00Z,,0
S005517,train,1,0,none,none,2025-02-14T13:10:00Z,,0
S005518,train,1,0,none,none,2025-02-14T13:20:00Z,,0
S005519,train,1,0,none,none,2025-02-14T13:30:00Z,,0
S005520,train,1,0,none,none,2025-02-14T13:40:00Z,,0
S005521,train,1,0,none,none,2025-02-14T13:50:00Z,1,1
S005522,train,1,0,none,none,2025-02-14T14:00:00Z,,0
S005523,train,1,0,none,none,2025-02-14T14:10:00Z,,0
S005524,train,1,0,none,none,2025-02-14T14:20:00Z,,0
S005525,train,0,1,underfill_void,molding,2025-02-14T14:30:00Z,,0
S005526,train,1,0,none,none,2025-02-14T14:40:00Z,,0
S005527,train,1,0,none,none,2025-02-14T14:50:00Z,1,1
S005528,train,1,0,none,none,2025-02-14T15:00:00Z,1,1
S005529,train,1,0,none,none,2025-02-14T15:10:00Z,,0
S005530,train,1,0,none,none,2025-02-14T15:20:00Z,,0
S005531,train,1,0,none,none,2025-02-14T15:30:00Z,,0
S005532,train,1,0,none,none,2025-02-14T15:40:00Z,,0
S005533,train,1,0,none,none,2025-02-14T15:50:00Z,,0
S005534,train,0,1,microbump_open_bridge,reflow,2025-02-14T16:00:00Z,,0
S005535,train,1,0,none,none,2025-02-14T16:10:00Z,,0
S005536,train,1,0,none,none,2025-02-14T16:20:00Z,,0
S005537,train,1,0,none,none,2025-02-14T16:30:00Z,,0
S005538,train,1,0,none,none,2025-02-14T16:40:00Z,,0
S005539,train,1,0,none,none,2025-02-14T16:50:00Z,,0
S005540,train,1,0,none,none,2025-02-14T17:00:00Z,1,1
S005541,train,1,0,none,none,2025-02-14T17:10:00Z,,0
S005542,train,1,0,none,none,2025-02-14T17:20:00Z,,0
S005543,train,1,0,none,none,2025-02-14T17:30:00Z,,0
S005544,train,1,0,none,none,2025-02-14T17:40:00Z,,0
S005545,train,1,0,none,none,2025-02-14T17:50:00Z,1,1
S005546,train,1,0,none,none,2025-02-14T18:00:00Z,,0
S005547,train,1,0,none,none,2025-02-14T18:10:00Z,,0
S005548,train,1,0,none,none,2025-02-14T18:20:00Z,,0
S005549,train,1,0,none,none,2025-02-14T18:30:00Z,,0
S005550,train,1,0,none,none,2025-02-14T18:40:00Z,1,1
S005551,train,1,0,none,none,2025-02-14T18:50:00Z,,0
S005552,train,1,0,none,none,2025-02-14T19:00:00Z,,0
S005553,train,1,0,none,none,2025-02-14T19:10:00Z,1,1
S005554,train,1,0,none,none,2025-02-14T19:20:00Z,,0
S005555,train,1,0,none,none,2025-02-14T19:30:00Z,,0
S005556,train,1,0,none,none,2025-02-14T19:40:00Z,,0
S005557,train,1,0,none,none,2025-02-14T15:40:00Z,,0
S005558,train,1,0,none,none,2025-02-14T15:50:00Z,,0
S005559,train,1,0,none,none,2025-02-14T16:00:00Z,,0
S005560,train,1,0,none,none,2025-02-14T16:10:00Z,,0
S005561,train,0,1,warpage,assembly,2025-02-14T16:20:00Z,,0
S005562,train,1,0,none,none,2025-02-14T16:30:00Z,,0
S005563,train,1,0,none,none,2025-02-14T16:40:00Z,,0
S005564,train,1,0,none,none,2025-02-14T16:50:00Z,,0
S005565,train,1,0,none,none,2025-02-14T17:00:00Z,,0
S005566,train,1,0,none,none,2025-02-14T17:10:00Z,,0
S005567,train,1,0,none,none,2025-02-14T17:20:00Z,,0
S005568,train,0,1,underfill_void,molding,2025-02-14T17:30:00Z,,0
S005569,train,1,0,none,none,2025-02-14T17:40:00Z,,0
S005570,train,1,0,none,none,2025-02-14T17:50:00Z,,0
S005571,train,1,0,none,none,2025-02-14T18:00:00Z,,0
S005572,train,1,0,none,none,2025-02-14T18:10:00Z,,0
S005573,train,1,0,none,none,2025-02-14T18:20:00Z,,0
S005574,train,1,0,none,none,2025-02-14T18:30:00Z,,0
S005575,train,1,0,none,none,2025-02-14T18:40:00Z,,0
S005576,train,1,0,none,none,2025-02-14T18:50:00Z,,0
S005577,train,1,0,none,none,2025-02-14T19:00:00Z,,0
S005578,train,1,0,none,none,2025-02-14T19:10:00Z,1,1
S005579,train,1,0,none,none,2025-02-14T19:20:00Z,,0
S005580,train,1,0,none,none,2025-02-14T19:30:00Z,,0
S005581,train,1,0,none,none,2025-02-14T19:40:00Z,,0
S005582,train,1,0,none,none,2025-02-14T19:50:00Z,,0
S005583,train,1,0,none,none,2025-02-14T20:00:00Z,,0
S005584,train,1,0,none,none,2025-02-14T20:10:00Z,,0
S005585,train,1,0,none,none,2025-02-14T20:20:00Z,,0
S005586,train,1,0,none,none,2025-02-14T20:30:00Z,1,1
S005587,train,1,0,none,none,2025-02-14T20:40:00Z,,0
S005588,train,1,0,none,none,2025-02-14T20:50:00Z,1,1
S005589,train,1,0,none,none,2025-02-14T21:00:00Z,,0
S005590,train,1,0,none,none,2025-02-14T21:10:00Z,,0
S005591,train,1,0,none,none,2025-02-14T21:20:00Z,,0
S005592,train,1,0,none,none,2025-02-14T21:30:00Z,,0
S005593,train,1,0,none,none,2025-02-14T21:40:00Z,,0
S005594,train,1,0,none,none,2025-02-14T21:50:00Z,1,1
S005595,train,1,0,none,none,2025-02-14T22:00:00Z,1,1
S005596,train,1,0,none,none,2025-02-14T22:10:00Z,,0
S005597,train,1,0,none,none,2025-02-14T22:20:00Z,,0
S005598,train,1,0,none,none,2025-02-14T22:30:00Z,0,1
S005599,train,1,0,none,none,2025-02-14T22:40:00Z,1,1
S005600,train,1,0,none,none,2025-02-14T22:50:00Z,,0
S005601,train,1,0,none,none,2025-02-14T23:00:00Z,1,1
S005602,train,1,0,none,none,2025-02-14T23:10:00Z,1,1
S005603,train,1,0,none,none,2025-02-14T23:20:00Z,,0
S005604,train,1,0,none,none,2025-02-14T23:30:00Z,,0
S005605,train,1,0,none,none,2025-02-14T23:40:00Z,1,1
S005606,train,1,0,none,none,2025-02-14T23:50:00Z,,0
S005607,train,1,0,none,none,2025-02-15T00:00:00Z,1,1
S005608,train,1,0,none,none,2025-02-15T00:10:00Z,,0
S005609,train,1,0,none,none,2025-02-15T00:20:00Z,,0
S005610,train,1,0,none,none,2025-02-15T00:30:00Z,,0
S005611,train,1,0,none,none,2025-02-15T00:40:00Z,,0
S005612,train,1,0,none,none,2025-02-15T00:50:00Z,,0
S005613,train,1,0,none,none,2025-02-15T01:00:00Z,,0
S005614,train,1,0,none,none,2025-02-15T01:10:00Z,1,1
S005615,train,1,0,none,none,2025-02-15T01:20:00Z,,0
S005616,train,1,0,none,none,2025-02-15T01:30:00Z,,0
S005617,train,1,0,none,none,2025-02-15T01:40:00Z,,0
S005618,train,1,0,none,none,2025-02-15T01:50:00Z,,0
S005619,train,1,0,none,none,2025-02-15T02:00:00Z,,0
S005620,train,1,0,none,none,2025-02-15T02:10:00Z,,0
S005621,train,1,0,none,none,2025-02-15T03:40:00Z,,0
S005622,train,1,0,none,none,2025-02-15T03:50:00Z,,0
S005623,train,1,0,none,none,2025-02-15T04:00:00Z,,0
S005624,train,1,0,none,none,2025-02-15T04:10:00Z,,0
S005625,train,0,1,microbump_open_bridge,reflow,2025-02-15T04:20:00Z,,0
S005626,train,1,0,none,none,2025-02-15T04:30:00Z,,0
S005627,train,1,0,none,none,2025-02-15T04:40:00Z,1,1
S005628,train,0,1,underfill_void,molding,2025-02-15T04:50:00Z,,0
S005629,train,1,0,none,none,2025-02-15T05:00:00Z,,0
S005630,train,1,0,none,none,2025-02-15T05:10:00Z,,0
S005631,train,1,0,none,none,2025-02-15T05:20:00Z,,0
S005632,train,1,0,none,none,2025-02-15T05:30:00Z,,0
S005633,train,1,0,none,none,2025-02-15T05:40:00Z,,0
S005634,train,1,0,none,none,2025-02-15T05:50:00Z,,0
S005635,train,1,0,none,none,2025-02-15T06:00:00Z,1,1
S005636,train,1,0,none,none,2025-02-15T06:10:00Z,1,1
S005637,train,1,0,none,none,2025-02-15T06:20:00Z,1,1
S005638,train,1,0,none,none,2025-02-15T06:30:00Z,,0
S005639,train,1,0,none,none,2025-02-15T06:40:00Z,,0
S005640,train,1,0,none,none,2025-02-15T06:50:00Z,,0
S005641,train,1,0,none,none,2025-02-15T07:00:00Z,,0
S005642,train,1,0,none,none,2025-02-15T07:10:00Z,,0
S005643,train,1,0,none,none,2025-02-15T07:20:00Z,,0
S005644,train,1,0,none,none,2025-02-15T07:30:00Z,,0
S005645,train,1,0,none,none,2025-02-15T07:40:00Z,,0
S005646,train,1,0,none,none,2025-02-15T07:50:00Z,,0
S005647,train,1,0,none,none,2025-02-15T08:00:00Z,1,1
S005648,train,1,0,none,none,2025-02-15T08:10:00Z,,0
S005649,train,1,0,none,none,2025-02-15T08:20:00Z,1,1
S005650,train,1,0,none,none,2025-02-15T08:30:00Z,,0
S005651,train,1,0,none,none,2025-02-15T08:40:00Z,,0
S005652,train,1,0,none,none,2025-02-15T08:50:00Z,,0
S005653,train,1,0,none,none,2025-02-15T09:00:00Z,,0
S005654,train,1,0,none,none,2025-02-15T09:10:00Z,,0
S005655,train,1,0,none,none,2025-02-15T09:20:00Z,,0
S005656,train,1,0,none,none,2025-02-15T09:30:00Z,,0
S005657,train,1,0,none,none,2025-02-15T09:40:00Z,1,1
S005658,train,1,0,none,none,2025-02-15T09:50:00Z,,0
S005659,train,1,0,none,none,2025-02-15T10:00:00Z,,0
S005660,train,1,0,none,none,2025-02-15T10:10:00Z,,0
S005661,train,1,0,none,none,2025-02-15T10:20:00Z,,0
S005662,train,1,0,none,none,2025-02-15T10:30:00Z,,0
S005663,train,1,0,none,none,2025-02-15T10:40:00Z,,0
S005664,train,1,0,none,none,2025-02-15T10:50:00Z,,0
S005665,train,1,0,none,none,2025-02-15T11:00:00Z,,0
S005666,train,1,0,none,none,2025-02-15T11:10:00Z,,0
S005667,train,1,0,none,none,2025-02-15T11:20:00Z,,0
S005668,train,1,0,none,none,2025-02-15T11:30:00Z,,0
S005669,train,1,0,none,none,2025-02-15T11:40:00Z,,0
S005670,train,1,0,none,none,2025-02-15T11:50:00Z,,0
S005671,train,1,0,none,none,2025-02-15T12:00:00Z,1,1
S005672,train,1,0,none,none,2025-02-15T12:10:00Z,1,1
S005673,train,1,0,none,none,2025-02-15T12:20:00Z,1,1
S005674,train,1,0,none,none,2025-02-15T12:30:00Z,,0
S005675,train,1,0,none,none,2025-02-15T12:40:00Z,,0
S005676,train,1,0,none,none,2025-02-15T12:50:00Z,,0
S005677,train,1,0,none,none,2025-02-15T13:00:00Z,1,1
S005678,train,1,0,none,none,2025-02-15T13:10:00Z,0,1
S005679,train,1,0,none,none,2025-02-15T13:20:00Z,,0
S005680,train,1,0,none,none,2025-02-15T13:30:00Z,,0
S005681,train,1,0,none,none,2025-02-15T13:40:00Z,1,1
S005682,train,1,0,none,none,2025-02-15T13:50:00Z,0,1
S005683,train,1,0,none,none,2025-02-15T14:00:00Z,1,1
S005684,train,1,0,none,none,2025-02-15T14:10:00Z,,0
S005685,train,1,0,none,none,2025-02-15T15:40:00Z,,0
S005686,train,1,0,none,none,2025-02-15T15:50:00Z,,0
S005687,train,1,0,none,none,2025-02-15T16:00:00Z,,0
S005688,train,1,0,none,none,2025-02-15T16:10:00Z,,0
S005689,train,1,0,none,none,2025-02-15T16:20:00Z,,0
S005690,train,1,0,none,none,2025-02-15T16:30:00Z,,0
S005691,train,1,0,none,none,2025-02-15T16:40:00Z,,0
S005692,train,1,0,none,none,2025-02-15T16:50:00Z,,0
S005693,train,1,0,none,none,2025-02-15T17:00:00Z,,0
S005694,train,1,0,none,none,2025-02-15T17:10:00Z,,0
S005695,train,1,0,none,none,2025-02-15T17:20:00Z,,0
S005696,train,1,0,none,none,2025-02-15T17:30:00Z,1,1
S005697,train,1,0,none,none,2025-02-15T17:40:00Z,,0
S005698,train,1,0,none,none,2025-02-15T17:50:00Z,,0
S005699,train,1,0,none,none,2025-02-15T18:00:00Z,,0
S005700,train,1,0,none,none,2025-02-15T18:10:00Z,,0
S005701,train,1,0,none,none,2025-02-15T18:20:00Z,,0
S005702,train,1,0,none,none,2025-02-15T18:30:00Z,,0
S005703,train,1,0,none,none,2025-02-15T18:40:00Z,,0
S005704,train,1,0,none,none,2025-02-15T18:50:00Z,,0
S005705,train,1,0,none,none,2025-02-15T19:00:00Z,,0
S005706,train,1,0,none,none,2025-02-15T19:10:00Z,,0
S005707,train,1,0,none,none,2025-02-15T19:20:00Z,1,1
S005708,train,1,0,none,none,2025-02-15T19:30:00Z,,0
S005709,train,1,0,none,none,2025-02-15T19:40:00Z,,0
S005710,train,1,0,none,none,2025-02-15T19:50:00Z,,0
S005711,train,0,1,underfill_void,molding,2025-02-15T20:00:00Z,,0
S005712,train,1,0,none,none,2025-02-15T20:10:00Z,,0
S005713,train,1,0,none,none,2025-02-15T20:20:00Z,,0
S005714,train,1,0,none,none,2025-02-15T20:30:00Z,,0
S005715,train,1,0,none,none,2025-02-15T20:40:00Z,,0
S005716,train,1,0,none,none,2025-02-15T20:50:00Z,,0
S005717,train,1,0,none,none,2025-02-15T21:00:00Z,1,1
S005718,train,1,0,none,none,2025-02-15T21:10:00Z,,0
S005719,train,1,0,none,none,2025-02-15T21:20:00Z,,0
S005720,train,1,0,none,none,2025-02-15T21:30:00Z,,0
S005721,train,1,0,none,none,2025-02-15T21:40:00Z,,0
S005722,train,1,0,none,none,2025-02-15T21:50:00Z,,0
S005723,train,1,0,none,none,2025-02-15T22:00:00Z,,0
S005724,train,1,0,none,none,2025-02-15T22:10:00Z,,0
S005725,train,1,0,none,none,2025-02-15T22:20:00Z,,0
S005726,train,1,0,none,none,2025-02-15T22:30:00Z,,0
S005727,train,1,0,none,none,2025-02-15T22:40:00Z,,0
S005728,train,1,0,none,none,2025-02-15T22:50:00Z,,0
S005729,train,1,0,none,none,2025-02-15T23:00:00Z,1,1
S005730,train,1,0,none,none,2025-02-15T23:10:00Z,,0
S005731,train,1,0,none,none,2025-02-15T23:20:00Z,,0
S005732,train,1,0,none,none,2025-02-15T23:30:00Z,,0
S005733,train,1,0,none,none,2025-02-15T23:40:00Z,,0
S005734,train,1,0,none,none,2025-02-15T23:50:00Z,,0
S005735,train,1,0,none,none,2025-02-16T00:00:00Z,,0
S005736,train,1,0,none,none,2025-02-16T00:10:00Z,,0
S005737,train,1,0,none,none,2025-02-16T00:20:00Z,1,1
S005738,train,1,0,none,none,2025-02-16T00:30:00Z,,0
S005739,train,1,0,none,none,2025-02-16T00:40:00Z,,0
S005740,train,1,0,none,none,2025-02-16T00:50:00Z,,0
S005741,train,1,0,none,none,2025-02-16T01:00:00Z,,0
S005742,train,1,0,none,none,2025-02-16T01:10:00Z,,0
S005743,train,1,0,none,none,2025-02-16T01:20:00Z,,0
S005744,train,1,0,none,none,2025-02-16T01:30:00Z,1,1
S005745,train,1,0,none,none,2025-02-16T01:40:00Z,,0
S005746,train,1,0,none,none,2025-02-16T01:50:00Z,0,1
S005747,train,1,0,none,none,2025-02-16T02:00:00Z,,0
S005748,train,1,0,none,none,2025-02-16T02:10:00Z,,0
S005749,train,1,0,none,none,2025-02-16T03:40:00Z,,0
S005750,train,1,0,none,none,2025-02-16T03:50:00Z,,0
S005751,train,1,0,none,none,2025-02-16T04:00:00Z,1,1
S005752,train,1,0,none,none,2025-02-16T04:10:00Z,,0
S005753,train,1,0,none,none,2025-02-16T04:20:00Z,,0
S005754,train,1,0,none,none,2025-02-16T04:30:00Z,1,1
S005755,train,1,0,none,none,2025-02-16T04:40:00Z,,0
S005756,train,1,0,none,none,2025-02-16T04:50:00Z,,0
S005757,train,1,0,none,none,2025-02-16T05:00:00Z,,0
S005758,train,1,0,none,none,2025-02-16T05:10:00Z,,0
S005759,train,1,0,none,none,2025-02-16T05:20:00Z,,0
S005760,train,1,0,none,none,2025-02-16T05:30:00Z,,0
S005761,train,1,0,none,none,2025-02-16T05:40:00Z,,0
S005762,train,1,0,none,none,2025-02-16T05:50:00Z,,0
S005763,train,1,0,none,none,2025-02-16T06:00:00Z,1,1
S005764,train,1,0,none,none,2025-02-16T06:10:00Z,,0
S005765,train,1,0,none,none,2025-02-16T06:20:00Z,,0
S005766,train,1,0,none,none,2025-02-16T06:30:00Z,,0
S005767,train,1,0,none,none,2025-02-16T06:40:00Z,1,1
S005768,train,1,0,none,none,2025-02-16T06:50:00Z,1,1
S005769,train,1,0,none,none,2025-02-16T07:00:00Z,,0
S005770,train,1,0,none,none,2025-02-16T07:10:00Z,,0
S005771,train,1,0,none,none,2025-02-16T07:20:00Z,1,1
S005772,train,1,0,none,none,2025-02-16T07:30:00Z,,0
S005773,train,1,0,none,none,2025-02-16T07:40:00Z,,0
S005774,train,1,0,none,none,2025-02-16T07:50:00Z,,0
S005775,train,1,0,none,none,2025-02-16T08:00:00Z,,0
S005776,train,1,0,none,none,2025-02-16T08:10:00Z,,0
S005777,train,1,0,none,none,2025-02-16T08:20:00Z,,0
S005778,train,1,0,none,none,2025-02-16T08:30:00Z,,0
S005779,train,1,0,none,none,2025-02-16T08:40:00Z,,0
S005780,train,1,0,none,none,2025-02-16T08:50:00Z,,0
S005781,train,1,0,none,none,2025-02-16T09:00:00Z,,0
S005782,train,1,0,none,none,2025-02-16T09:10:00Z,,0
S005783,train,1,0,none,none,2025-02-16T09:20:00Z,,0
S005784,train,1,0,none,none,2025-02-16T09:30:00Z,,0
S005785,train,1,0,none,none,2025-02-16T09:40:00Z,,0
S005786,train,1,0,none,none,2025-02-16T09:50:00Z,1,1
S005787,train,1,0,none,none,2025-02-16T10:00:00Z,,0
S005788,train,1,0,none,none,2025-02-16T10:10:00Z,1,1
S005789,train,1,0,none,none,2025-02-16T10:20:00Z,,0
S005790,train,1,0,none,none,2025-02-16T10:30:00Z,1,1
S005791,train,1,0,none,none,2025-02-16T10:40:00Z,,0
S005792,train,1,0,none,none,2025-02-16T10:50:00Z,,0
S005793,train,1,0,none,none,2025-02-16T11:00:00Z,,0
S005794,train,1,0,none,none,2025-02-16T11:10:00Z,,0
S005795,train,1,0,none,none,2025-02-16T11:20:00Z,,0
S005796,train,1,0,none,none,2025-02-16T11:30:00Z,1,1
S005797,train,1,0,none,none,2025-02-16T11:40:00Z,,0
S005798,train,1,0,none,none,2025-02-16T11:50:00Z,,0
S005799,train,1,0,none,none,2025-02-16T12:00:00Z,1,1
S005800,train,1,0,none,none,2025-02-16T12:10:00Z,,0
S005801,train,1,0,none,none,2025-02-16T12:20:00Z,,0
S005802,train,1,0,none,none,2025-02-16T12:30:00Z,,0
S005803,train,1,0,none,none,2025-02-16T12:40:00Z,,0
S005804,train,1,0,none,none,2025-02-16T12:50:00Z,1,1
S005805,train,1,0,none,none,2025-02-16T13:00:00Z,,0
S005806,train,1,0,none,none,2025-02-16T13:10:00Z,,0
S005807,train,1,0,none,none,2025-02-16T13:20:00Z,,0
S005808,train,1,0,none,none,2025-02-16T13:30:00Z,,0
S005809,train,1,0,none,none,2025-02-16T13:40:00Z,,0
S005810,train,1,0,none,none,2025-02-16T13:50:00Z,,0
S005811,train,1,0,none,none,2025-02-16T14:00:00Z,,0
S005812,train,1,0,none,none,2025-02-16T14:10:00Z,,0
S005813,train,1,0,none,none,2025-02-16T14:20:00Z,,0
S005814,train,1,0,none,none,2025-02-16T14:30:00Z,,0
S005815,train,1,0,none,none,2025-02-16T14:40:00Z,,0
S005816,train,1,0,none,none,2025-02-16T14:50:00Z,,0
S005817,train,1,0,none,none,2025-02-16T15:00:00Z,,0
S005818,train,1,0,none,none,2025-02-16T15:10:00Z,,0
S005819,train,1,0,none,none,2025-02-16T15:20:00Z,,0
S005820,train,1,0,none,none,2025-02-16T15:30:00Z,,0
S005821,train,1,0,none,none,2025-02-16T15:40:00Z,1,1
S005822,train,1,0,none,none,2025-02-16T15:50:00Z,,0
S005823,train,1,0,none,none,2025-02-16T16:00:00Z,,0
S005824,train,1,0,none,none,2025-02-16T16:10:00Z,,0
S005825,train,1,0,none,none,2025-02-16T16:20:00Z,,0
S005826,train,1,0,none,none,2025-02-16T16:30:00Z,,0
S005827,train,1,0,none,none,2025-02-16T16:40:00Z,,0
S005828,train,1,0,none,none,2025-02-16T16:50:00Z,,0
S005829,train,1,0,none,none,2025-02-16T17:00:00Z,1,1
S005830,train,1,0,none,none,2025-02-16T17:10:00Z,1,1
S005831,train,1,0,none,none,2025-02-16T17:20:00Z,,0
S005832,train,1,0,none,none,2025-02-16T17:30:00Z,,0
S005833,train,1,0,none,none,2025-02-16T17:40:00Z,,0
S005834,train,1,0,none,none,2025-02-16T17:50:00Z,,0
S005835,train,1,0,none,none,2025-02-16T18:00:00Z,,0
S005836,train,1,0,none,none,2025-02-16T18:10:00Z,,0
S005837,train,1,0,none,none,2025-02-16T18:20:00Z,,0
S005838,train,1,0,none,none,2025-02-16T18:30:00Z,,0
S005839,train,1,0,none,none,2025-02-16T18:40:00Z,,0
S005840,train,1,0,none,none,2025-02-16T18:50:00Z,,0
S005841,train,1,0,none,none,2025-02-16T19:00:00Z,,0
S005842,train,1,0,none,none,2025-02-16T19:10:00Z,1,1
S005843,train,1,0,none,none,2025-02-16T15:40:00Z,,0
S005844,train,1,0,none,none,2025-02-16T15:50:00Z,,0
S005845,train,1,0,none,none,2025-02-16T16:00:00Z,,0
S005846,train,1,0,none,none,2025-02-16T16:10:00Z,1,1
S005847,train,1,0,none,none,2025-02-16T16:20:00Z,,0
S005848,train,1,0,none,none,2025-02-16T16:30:00Z,,0
S005849,train,1,0,none,none,2025-02-16T16:40:00Z,,0
S005850,train,1,0,none,none,2025-02-16T16:50:00Z,,0
S005851,train,1,0,none,none,2025-02-16T17:00:00Z,,0
S005852,train,1,0,none,none,2025-02-16T17:10:00Z,,0
S005853,train,1,0,none,none,2025-02-16T17:20:00Z,,0
S005854,train,1,0,none,none,2025-02-16T17:30:00Z,1,1
S005855,train,1,0,none,none,2025-02-16T17:40:00Z,,0
S005856,train,1,0,none,none,2025-02-16T17:50:00Z,,0
S005857,train,1,0,none,none,2025-02-16T18:00:00Z,,0
S005858,train,1,0,none,none,2025-02-16T18:10:00Z,1,1
S005859,train,1,0,none,none,2025-02-16T18:20:00Z,,0
S005860,train,0,1,underfill_void,molding,2025-02-16T18:30:00Z,,0
S005861,train,0,1,warpage,assembly,2025-02-16T18:40:00Z,,0
S005862,train,1,0,none,none,2025-02-16T18:50:00Z,,0
S005863,train,1,0,none,none,2025-02-16T19:00:00Z,,0
S005864,train,1,0,none,none,2025-02-16T19:10:00Z,1,1
S005865,train,1,0,none,none,2025-02-16T19:20:00Z,,0
S005866,train,1,0,none,none,2025-02-16T19:30:00Z,,0
S005867,train,1,0,none,none,2025-02-16T19:40:00Z,,0
S005868,train,1,0,none,none,2025-02-16T19:50:00Z,,0
S005869,train,1,0,none,none,2025-02-16T20:00:00Z,,0
S005870,train,1,0,none,none,2025-02-16T20:10:00Z,1,1
S005871,train,1,0,none,none,2025-02-16T20:20:00Z,1,1
S005872,train,1,0,none,none,2025-02-16T20:30:00Z,,0
S005873,train,0,1,delamination,molding,2025-02-16T20:40:00Z,,0
S005874,train,1,0,none,none,2025-02-16T20:50:00Z,,0
S005875,train,1,0,none,none,2025-02-16T21:00:00Z,,0
S005876,train,1,0,none,none,2025-02-16T21:10:00Z,,0
S005877,train,1,0,none,none,2025-02-16T21:20:00Z,,0
S005878,train,1,0,none,none,2025-02-16T21:30:00Z,,0
S005879,train,1,0,none,none,2025-02-16T21:40:00Z,,0
S005880,train,1,0,none,none,2025-02-16T21:50:00Z,1,1
S005881,train,1,0,none,none,2025-02-16T22:00:00Z,1,1
S005882,train,1,0,none,none,2025-02-16T22:10:00Z,,0
S005883,train,1,0,none,none,2025-02-16T22:20:00Z,,0
S005884,train,1,0,none,none,2025-02-16T22:30:00Z,,0
S005885,train,0,1,delamination,molding,2025-02-16T22:40:00Z,,0
S005886,train,1,0,none,none,2025-02-16T22:50:00Z,,0
S005887,train,1,0,none,none,2025-02-16T23:00:00Z,,0
S005888,train,1,0,none,none,2025-02-16T23:10:00Z,,0
S005889,train,1,0,none,none,2025-02-16T23:20:00Z,,0
S005890,train,1,0,none,none,2025-02-16T23:30:00Z,,0
S005891,train,1,0,none,none,2025-02-16T23:40:00Z,,0
S005892,train,1,0,none,none,2025-02-16T23:50:00Z,,0
S005893,train,1,0,none,none,2025-02-17T00:00:00Z,,0
S005894,train,1,0,none,none,2025-02-17T00:10:00Z,,0
S005895,train,1,0,none,none,2025-02-17T00:20:00Z,,0
S005896,train,1,0,none,none,2025-02-17T00:30:00Z,,0
S005897,train,1,0,none,none,2025-02-17T00:40:00Z,1,1
S005898,train,1,0,none,none,2025-02-17T00:50:00Z,1,1
S005899,train,1,0,none,none,2025-02-17T01:00:00Z,,0
S005900,train,1,0,none,none,2025-02-17T01:10:00Z,,0
S005901,train,1,0,none,none,2025-02-17T01:20:00Z,,0
S005902,train,1,0,none,none,2025-02-17T03:40:00Z,1,1
S005903,train,1,0,none,none,2025-02-17T03:50:00Z,,0
S005904,train,1,0,none,none,2025-02-17T04:00:00Z,,0
S005905,train,1,0,none,none,2025-02-17T04:10:00Z,,0
S005906,train,1,0,none,none,2025-02-17T04:20:00Z,,0
S005907,train,1,0,none,none,2025-02-17T04:30:00Z,,0
S005908,train,1,0,none,none,2025-02-17T04:40:00Z,,0
S005909,train,1,0,none,none,2025-02-17T04:50:00Z,1,1
S005910,train,1,0,none,none,2025-02-17T05:00:00Z,,0
S005911,train,1,0,none,none,2025-02-17T05:10:00Z,,0
S005912,train,1,0,none,none,2025-02-17T05:20:00Z,,0
S005913,train,1,0,none,none,2025-02-17T05:30:00Z,,0
S005914,train,1,0,none,none,2025-02-17T05:40:00Z,,0
S005915,train,1,0,none,none,2025-02-17T05:50:00Z,,0
S005916,train,1,0,none,none,2025-02-17T06:00:00Z,,0
S005917,train,1,0,none,none,2025-02-17T06:10:00Z,,0
S005918,train,1,0,none,none,2025-02-17T06:20:00Z,,0
S005919,train,1,0,none,none,2025-02-17T06:30:00Z,,0
S005920,train,1,0,none,none,2025-02-17T06:40:00Z,,0
S005921,train,1,0,none,none,2025-02-17T06:50:00Z,1,1
S005922,train,1,0,none,none,2025-02-17T07:00:00Z,,0
S005923,train,1,0,none,none,2025-02-17T07:10:00Z,,0
S005924,train,1,0,none,none,2025-02-17T07:20:00Z,,0
S005925,train,1,0,none,none,2025-02-17T07:30:00Z,,0
S005926,train,1,0,none,none,2025-02-17T07:40:00Z,,0
S005927,train,1,0,none,none,2025-02-17T07:50:00Z,,0
S005928,train,1,0,none,none,2025-02-17T08:00:00Z,,0
S005929,train,1,0,none,none,2025-02-17T08:10:00Z,,0
S005930,train,1,0,none,none,2025-02-17T08:20:00Z,,0
S005931,train,1,0,none,none,2025-02-17T08:30:00Z,,0
S005932,train,1,0,none,none,2025-02-17T08:40:00Z,1,1
S005933,train,1,0,none,none,2025-02-17T08:50:00Z,,0
S005934,train,1,0,none,none,2025-02-17T09:00:00Z,,0
S005935,train,1,0,none,none,2025-02-17T09:10:00Z,,0
S005936,train,1,0,none,none,2025-02-17T09:20:00Z,,0
S005937,train,1,0,none,none,2025-02-17T09:30:00Z,,0
S005938,train,1,0,none,none,2025-02-17T09:40:00Z,,0
S005939,train,0,1,tsv_open_short,tsv_or_interconnect,2025-02-17T09:50:00Z,,0
S005940,train,1,0,none,none,2025-02-17T10:00:00Z,,0
S005941,train,1,0,none,none,2025-02-17T10:10:00Z,,0
S005942,train,1,0,none,none,2025-02-17T10:20:00Z,,0
S005943,train,1,0,none,none,2025-02-17T10:30:00Z,,0
S005944,train,1,0,none,none,2025-02-17T10:40:00Z,1,1
S005945,train,1,0,none,none,2025-02-17T10:50:00Z,1,1
S005946,train,1,0,none,none,2025-02-17T11:00:00Z,,0
S005947,train,1,0,none,none,2025-02-17T11:10:00Z,,0
S005948,train,1,0,none,none,2025-02-17T11:20:00Z,,0
S005949,train,1,0,none,none,2025-02-17T11:30:00Z,0,1
S005950,train,0,1,warpage,assembly,2025-02-17T11:40:00Z,,0
S005951,train,1,0,none,none,2025-02-17T11:50:00Z,,0
S005952,train,1,0,none,none,2025-02-17T12:00:00Z,1,1
S005953,train,1,0,none,none,2025-02-17T12:10:00Z,,0
S005954,train,1,0,none,none,2025-02-17T12:20:00Z,1,1
S005955,train,1,0,none,none,2025-02-17T12:30:00Z,1,1
S005956,train,1,0,none,none,2025-02-17T12:40:00Z,,0
S005957,train,1,0,none,none,2025-02-17T12:50:00Z,,0
S005958,train,1,0,none,none,2025-02-17T13:00:00Z,1,1
S005959,train,0,1,tsv_open_short,tsv_or_interconnect,2025-02-17T13:10:00Z,,0
S005960,train,0,1,delamination,molding,2025-02-17T13:20:00Z,,0
S005961,train,1,0,none,none,2025-02-17T13:30:00Z,,0
S005962,train,1,0,none,none,2025-02-17T13:40:00Z,,0
S005963,train,1,0,none,none,2025-02-17T13:50:00Z,,0
S005964,train,0,1,underfill_void,molding,2025-02-17T14:00:00Z,,0
S005965,train,1,0,none,none,2025-02-17T14:10:00Z,,0
S005966,train,1,0,none,none,2025-02-17T15:40:00Z,,0
S005967,train,1,0,none,none,2025-02-17T15:50:00Z,,0
S005968,train,1,0,none,none,2025-02-17T16:00:00Z,,0
S005969,train,1,0,none,none,2025-02-17T16:10:00Z,,0
S005970,train,1,0,none,none,2025-02-17T16:20:00Z,1,1
S005971,train,1,0,none,none,2025-02-17T16:30:00Z,,0
S005972,train,1,0,none,none,2025-02-17T16:40:00Z,,0
S005973,train,1,0,none,none,2025-02-17T16:50:00Z,,0
S005974,train,1,0,none,none,2025-02-17T17:00:00Z,,0
S005975,train,1,0,none,none,2025-02-17T17:10:00Z,,0
S005976,train,1,0,none,none,2025-02-17T17:20:00Z,,0
S005977,train,1,0,none,none,2025-02-17T17:30:00Z,1,1
S005978,train,1,0,none,none,2025-02-17T17:40:00Z,,0
S005979,train,1,0,none,none,2025-02-17T17:50:00Z,,0
S005980,train,1,0,none,none,2025-02-17T18:00:00Z,,0
S005981,train,1,0,none,none,2025-02-17T18:10:00Z,,0
S005982,train,1,0,none,none,2025-02-17T18:20:00Z,,0
S005983,train,0,1,warpage,assembly,2025-02-17T18:30:00Z,,0
S005984,train,1,0,none,none,2025-02-17T18:40:00Z,1,1
S005985,train,1,0,none,none,2025-02-17T18:50:00Z,1,1
S005986,train,1,0,none,none,2025-02-17T19:00:00Z,,0
S005987,train,1,0,none,none,2025-02-17T19:10:00Z,,0
S005988,train,0,1,delamination,molding,2025-02-17T19:20:00Z,,0
S005989,train,1,0,none,none,2025-02-17T19:30:00Z,,0
S005990,train,1,0,none,none,2025-02-17T19:40:00Z,,0
S005991,train,1,0,none,none,2025-02-17T19:50:00Z,,0
S005992,train,1,0,none,none,2025-02-17T20:00:00Z,,0
S005993,train,1,0,none,none,2025-02-17T20:10:00Z,1,1
S005994,train,1,0,none,none,2025-02-17T20:20:00Z,,0
S005995,train,1,0,none,none,2025-02-17T20:30:00Z,0,1
S005996,train,1,0,none,none,2025-02-17T20:40:00Z,,0
S005997,train,1,0,none,none,2025-02-17T20:50:00Z,,0
S005998,train,1,0,none,none,2025-02-17T21:00:00Z,1,1
S005999,train,1,0,none,none,2025-02-17T21:10:00Z,1,1
S006000,train,1,0,none,none,2025-02-17T21:20:00Z,,0
S006001,train,1,0,none,none,2025-02-17T21:30:00Z,1,1
S006002,train,0,1,underfill_void,molding,2025-02-17T21:40:00Z,,0
S006003,train,0,1,warpage,assembly,2025-02-17T21:50:00Z,,0
S006004,train,1,0,none,none,2025-02-17T22:00:00Z,,0
S006005,train,1,0,none,none,2025-02-17T22:10:00Z,,0
S006006,train,1,0,none,none,2025-02-17T22:20:00Z,,0
S006007,train,1,0,none,none,2025-02-17T22:30:00Z,1,1
S006008,train,1,0,none,none,2025-02-17T22:40:00Z,,0
S006009,train,1,0,none,none,2025-02-17T22:50:00Z,,0
S006010,train,1,0,none,none,2025-02-17T23:00:00Z,,0
S006011,train,1,0,none,none,2025-02-17T23:10:00Z,,0
S006012,train,1,0,none,none,2025-02-17T23:20:00Z,,0
S006013,train,1,0,none,none,2025-02-17T23:30:00Z,,0
S006014,train,1,0,none,none,2025-02-17T23:40:00Z,,0
S006015,train,1,0,none,none,2025-02-17T23:50:00Z,,0
S006016,train,1,0,none,none,2025-02-18T00:00:00Z,,0
S006017,train,1,0,none,none,2025-02-18T00:10:00Z,,0
S006018,train,1,0,none,none,2025-02-18T00:20:00Z,,0
S006019,train,1,0,none,none,2025-02-18T00:30:00Z,1,1
S006020,train,0,1,warpage,assembly,2025-02-18T00:40:00Z,,0
S006021,train,1,0,none,none,2025-02-18T00:50:00Z,1,1
S006022,train,1,0,none,none,2025-02-18T01:00:00Z,,0
S006023,train,1,0,none,none,2025-02-18T01:10:00Z,,0
S006024,train,1,0,none,none,2025-02-18T01:20:00Z,,0
S006025,train,1,0,none,none,2025-02-18T01:30:00Z,,0
S006026,train,1,0,none,none,2025-02-18T01:40:00Z,,0
S006027,train,1,0,none,none,2025-02-18T01:50:00Z,,0
S006028,train,1,0,none,none,2025-02-18T02:00:00Z,,0
S006029,train,1,0,none,none,2025-02-18T02:10:00Z,,0
S006030,train,1,0,none,none,2025-02-18T03:40:00Z,,0
S006031,train,1,0,none,none,2025-02-18T03:50:00Z,1,1
S006032,train,1,0,none,none,2025-02-18T04:00:00Z,,0
S006033,train,1,0,none,none,2025-02-18T04:10:00Z,,0
S006034,train,1,0,none,none,2025-02-18T04:20:00Z,1,1
S006035,train,1,0,none,none,2025-02-18T04:30:00Z,,0
S006036,train,1,0,none,none,2025-02-18T04:40:00Z,0,1
S006037,train,1,0,none,none,2025-02-18T04:50:00Z,1,1
S006038,train,1,0,none,none,2025-02-18T05:00:00Z,,0
S006039,train,1,0,none,none,2025-02-18T05:10:00Z,0,1
S006040,train,1,0,none,none,2025-02-18T05:20:00Z,1,1
S006041,train,1,0,none,none,2025-02-18T05:30:00Z,,0
S006042,train,1,0,none,none,2025-02-18T05:40:00Z,1,1
S006043,train,1,0,none,none,2025-02-18T05:50:00Z,,0
S006044,train,1,0,none,none,2025-02-18T06:00:00Z,,0
S006045,train,0,1,dram_electrical,dram_or_base,2025-02-18T06:10:00Z,,0
S006046,train,1,0,none,none,2025-02-18T06:20:00Z,,0
S006047,train,1,0,none,none,2025-02-18T06:30:00Z,,0
S006048,train,1,0,none,none,2025-02-18T06:40:00Z,,0
S006049,train,1,0,none,none,2025-02-18T06:50:00Z,1,1
S006050,train,1,0,none,none,2025-02-18T07:00:00Z,,0
S006051,train,1,0,none,none,2025-02-18T07:10:00Z,,0
S006052,train,1,0,none,none,2025-02-18T07:20:00Z,,0
S006053,train,1,0,none,none,2025-02-18T07:30:00Z,,0
S006054,train,1,0,none,none,2025-02-18T07:40:00Z,,0
S006055,train,1,0,none,none,2025-02-18T07:50:00Z,,0
S006056,train,1,0,none,none,2025-02-18T08:00:00Z,,0
S006057,train,1,0,none,none,2025-02-18T08:10:00Z,,0
S006058,train,1,0,none,none,2025-02-18T08:20:00Z,1,1
S006059,train,0,1,die_crack,handling,2025-02-18T08:30:00Z,,0
S006060,train,1,0,none,none,2025-02-18T08:40:00Z,,0
S006061,train,1,0,none,none,2025-02-18T08:50:00Z,,0
S006062,train,1,0,none,none,2025-02-18T09:00:00Z,,0
S006063,train,1,0,none,none,2025-02-18T09:10:00Z,,0
S006064,train,1,0,none,none,2025-02-18T09:20:00Z,1,1
S006065,train,1,0,none,none,2025-02-18T09:30:00Z,,0
S006066,train,1,0,none,none,2025-02-18T09:40:00Z,,0
S006067,train,1,0,none,none,2025-02-18T09:50:00Z,,0
S006068,train,1,0,none,none,2025-02-18T10:00:00Z,,0
S006069,train,1,0,none,none,2025-02-18T10:10:00Z,,0
S006070,train,1,0,none,none,2025-02-18T10:20:00Z,,0
S006071,train,1,0,none,none,2025-02-18T10:30:00Z,,0
S006072,train,1,0,none,none,2025-02-18T10:40:00Z,,0
S006073,train,1,0,none,none,2025-02-18T10:50:00Z,,0
S006074,train,1,0,none,none,2025-02-18T11:00:00Z,,0
S006075,train,1,0,none,none,2025-02-18T11:10:00Z,,0
S006076,train,1,0,none,none,2025-02-18T11:20:00Z,1,1
S006077,train,1,0,none,none,2025-02-18T11:30:00Z,1,1
S006078,train,1,0,none,none,2025-02-18T11:40:00Z,,0
S006079,train,1,0,none,none,2025-02-18T11:50:00Z,1,1
S006080,train,1,0,none,none,2025-02-18T12:00:00Z,1,1
S006081,train,1,0,none,none,2025-02-18T12:10:00Z,,0
S006082,train,1,0,none,none,2025-02-18T12:20:00Z,,0
S006083,train,1,0,none,none,2025-02-18T12:30:00Z,,0
S006084,train,1,0,none,none,2025-02-18T12:40:00Z,,0
S006085,train,1,0,none,none,2025-02-18T12:50:00Z,,0
S006086,train,0,1,underfill_void,molding,2025-02-18T13:00:00Z,,0
S006087,train,1,0,none,none,2025-02-18T13:10:00Z,,0
S006088,train,1,0,none,none,2025-02-18T13:20:00Z,1,1
S006089,train,1,0,none,none,2025-02-18T13:30:00Z,1,1
S006090,train,1,0,none,none,2025-02-18T13:40:00Z,,0
S006091,train,1,0,none,none,2025-02-18T13:50:00Z,,0
S006092,train,1,0,none,none,2025-02-18T14:00:00Z,,0
S006093,train,1,0,none,none,2025-02-18T15:40:00Z,,0
S006094,train,1,0,none,none,2025-02-18T15:50:00Z,,0
S006095,train,1,0,none,none,2025-02-18T16:00:00Z,,0
S006096,train,1,0,none,none,2025-02-18T16:10:00Z,,0
S006097,train,1,0,none,none,2025-02-18T16:20:00Z,1,1
S006098,train,1,0,none,none,2025-02-18T16:30:00Z,1,1
S006099,train,1,0,none,none,2025-02-18T16:40:00Z,,0
S006100,train,1,0,none,none,2025-02-18T16:50:00Z,,0
S006101,train,1,0,none,none,2025-02-18T17:00:00Z,,0
S006102,train,1,0,none,none,2025-02-18T17:10:00Z,,0
S006103,train,1,0,none,none,2025-02-18T17:20:00Z,,0
S006104,train,1,0,none,none,2025-02-18T17:30:00Z,,0
S006105,train,1,0,none,none,2025-02-18T17:40:00Z,,0
S006106,train,1,0,none,none,2025-02-18T17:50:00Z,,0
S006107,train,1,0,none,none,2025-02-18T18:00:00Z,,0
S006108,train,1,0,none,none,2025-02-18T18:10:00Z,1,1
S006109,train,1,0,none,none,2025-02-18T18:20:00Z,,0
S006110,train,1,0,none,none,2025-02-18T18:30:00Z,,0
S006111,train,1,0,none,none,2025-02-18T18:40:00Z,1,1
S006112,train,1,0,none,none,2025-02-18T18:50:00Z,,0
S006113,train,1,0,none,none,2025-02-18T19:00:00Z,,0
S006114,train,1,0,none,none,2025-02-18T19:10:00Z,,0
S006115,train,1,0,none,none,2025-02-18T19:20:00Z,,0
S006116,train,1,0,none,none,2025-02-18T19:30:00Z,,0
S006117,train,1,0,none,none,2025-02-18T19:40:00Z,,0
S006118,train,1,0,none,none,2025-02-18T19:50:00Z,,0
S006119,train,1,0,none,none,2025-02-18T20:00:00Z,1,1
S006120,train,1,0,none,none,2025-02-18T20:10:00Z,,0
S006121,train,1,0,none,none,2025-02-18T20:20:00Z,1,1
S006122,train,1,0,none,none,2025-02-18T20:30:00Z,,0
S006123,train,1,0,none,none,2025-02-18T20:40:00Z,,0
S006124,train,1,0,none,none,2025-02-18T20:50:00Z,,0
S006125,train,1,0,none,none,2025-02-18T21:00:00Z,,0
S006126,train,0,1,microbump_open_bridge,reflow,2025-02-18T21:10:00Z,,0
S006127,train,1,0,none,none,2025-02-18T21:20:00Z,1,1
S006128,train,1,0,none,none,2025-02-18T21:30:00Z,1,1
S006129,train,1,0,none,none,2025-02-18T21:40:00Z,,0
S006130,train,1,0,none,none,2025-02-18T21:50:00Z,,0
S006131,train,1,0,none,none,2025-02-18T22:00:00Z,,0
S006132,train,1,0,none,none,2025-02-18T22:10:00Z,,0
S006133,train,1,0,none,none,2025-02-18T22:20:00Z,,0
S006134,train,1,0,none,none,2025-02-18T22:30:00Z,,0
S006135,train,1,0,none,none,2025-02-18T22:40:00Z,,0
S006136,train,1,0,none,none,2025-02-18T22:50:00Z,,0
S006137,train,1,0,none,none,2025-02-18T23:00:00Z,,0
S006138,train,1,0,none,none,2025-02-18T23:10:00Z,,0
S006139,train,1,0,none,none,2025-02-18T23:20:00Z,,0
S006140,train,1,0,none,none,2025-02-18T23:30:00Z,,0
S006141,train,0,1,warpage,assembly,2025-02-18T23:40:00Z,,0
S006142,train,1,0,none,none,2025-02-18T23:50:00Z,,0
S006143,train,1,0,none,none,2025-02-19T00:00:00Z,,0
S006144,train,1,0,none,none,2025-02-19T00:10:00Z,,0
S006145,train,1,0,none,none,2025-02-19T00:20:00Z,1,1
S006146,train,1,0,none,none,2025-02-19T00:30:00Z,1,1
S006147,train,0,1,dram_electrical,dram_or_base,2025-02-19T00:40:00Z,,0
S006148,train,1,0,none,none,2025-02-19T00:50:00Z,,0
S006149,train,1,0,none,none,2025-02-19T01:00:00Z,,0
S006150,train,1,0,none,none,2025-02-19T01:10:00Z,,0
S006151,train,1,0,none,none,2025-02-19T01:20:00Z,,0
S006152,train,1,0,none,none,2025-02-19T01:30:00Z,,0
S006153,train,1,0,none,none,2025-02-19T01:40:00Z,1,1
S006154,train,1,0,none,none,2025-02-19T01:50:00Z,1,1
S006155,train,1,0,none,none,2025-02-19T02:00:00Z,,0
S006156,train,1,0,none,none,2025-02-19T02:10:00Z,,0
S006157,train,1,0,none,none,2025-02-19T03:40:00Z,,0
S006158,train,1,0,none,none,2025-02-19T03:50:00Z,,0
S006159,train,1,0,none,none,2025-02-19T04:00:00Z,1,1
S006160,train,1,0,none,none,2025-02-19T04:10:00Z,,0
S006161,train,1,0,none,none,2025-02-19T04:20:00Z,1,1
S006162,train,1,0,none,none,2025-02-19T04:30:00Z,,0
S006163,train,1,0,none,none,2025-02-19T04:40:00Z,,0
S006164,train,1,0,none,none,2025-02-19T04:50:00Z,,0
S006165,train,1,0,none,none,2025-02-19T05:00:00Z,,0
S006166,train,1,0,none,none,2025-02-19T05:10:00Z,,0
S006167,train,1,0,none,none,2025-02-19T05:20:00Z,,0
S006168,train,1,0,none,none,2025-02-19T05:30:00Z,,0
S006169,train,1,0,none,none,2025-02-19T05:40:00Z,,0
S006170,train,1,0,none,none,2025-02-19T05:50:00Z,,0
S006171,train,1,0,none,none,2025-02-19T06:00:00Z,,0
S006172,train,1,0,none,none,2025-02-19T06:10:00Z,,0
S006173,train,1,0,none,none,2025-02-19T06:20:00Z,,0
S006174,train,1,0,none,none,2025-02-19T06:30:00Z,,0
S006175,train,1,0,none,none,2025-02-19T06:40:00Z,,0
S006176,train,1,0,none,none,2025-02-19T06:50:00Z,,0
S006177,train,1,0,none,none,2025-02-19T07:00:00Z,,0
S006178,train,1,0,none,none,2025-02-19T07:10:00Z,,0
S006179,train,1,0,none,none,2025-02-19T07:20:00Z,,0
S006180,train,1,0,none,none,2025-02-19T07:30:00Z,,0
S006181,train,1,0,none,none,2025-02-19T07:40:00Z,1,1
S006182,train,1,0,none,none,2025-02-19T07:50:00Z,,0
S006183,train,1,0,none,none,2025-02-19T08:00:00Z,,0
S006184,train,1,0,none,none,2025-02-19T08:10:00Z,,0
S006185,train,1,0,none,none,2025-02-19T08:20:00Z,,0
S006186,train,1,0,none,none,2025-02-19T08:30:00Z,1,1
S006187,train,1,0,none,none,2025-02-19T08:40:00Z,,0
S006188,train,1,0,none,none,2025-02-19T08:50:00Z,,0
S006189,train,1,0,none,none,2025-02-19T09:00:00Z,,0
S006190,train,1,0,none,none,2025-02-19T09:10:00Z,,0
S006191,train,1,0,none,none,2025-02-19T09:20:00Z,,0
S006192,train,1,0,none,none,2025-02-19T09:30:00Z,,0
S006193,train,1,0,none,none,2025-02-19T09:40:00Z,,0
S006194,train,1,0,none,none,2025-02-19T09:50:00Z,,0
S006195,train,1,0,none,none,2025-02-19T10:00:00Z,1,1
S006196,train,1,0,none,none,2025-02-19T10:10:00Z,1,1
S006197,train,1,0,none,none,2025-02-19T10:20:00Z,,0
S006198,train,1,0,none,none,2025-02-19T10:30:00Z,,0
S006199,train,1,0,none,none,2025-02-19T10:40:00Z,,0
S006200,train,1,0,none,none,2025-02-19T10:50:00Z,,0
S006201,train,1,0,none,none,2025-02-19T11:00:00Z,,0
S006202,train,1,0,none,none,2025-02-19T11:10:00Z,,0
S006203,train,1,0,none,none,2025-02-19T11:20:00Z,1,1
S006204,train,1,0,none,none,2025-02-19T11:30:00Z,,0
S006205,train,1,0,none,none,2025-02-19T11:40:00Z,1,1
S006206,train,1,0,none,none,2025-02-19T11:50:00Z,,0
S006207,train,1,0,none,none,2025-02-19T12:00:00Z,0,1
S006208,train,1,0,none,none,2025-02-19T12:10:00Z,,0
S006209,train,1,0,none,none,2025-02-19T12:20:00Z,1,1
S006210,train,1,0,none,none,2025-02-19T12:30:00Z,,0
S006211,train,1,0,none,none,2025-02-19T12:40:00Z,1,1
S006212,train,1,0,none,none,2025-02-19T12:50:00Z,,0
S006213,train,1,0,none,none,2025-02-19T13:00:00Z,1,1
S006214,train,1,0,none,none,2025-02-19T13:10:00Z,,0
S006215,train,1,0,none,none,2025-02-19T13:20:00Z,,0
S006216,train,1,0,none,none,2025-02-19T13:30:00Z,,0
S006217,train,1,0,none,none,2025-02-19T13:40:00Z,,0
S006218,train,1,0,none,none,2025-02-19T13:50:00Z,,0
S006219,train,0,1,underfill_void,molding,2025-02-19T14:00:00Z,,0
S006220,train,1,0,none,none,2025-02-19T14:10:00Z,,0
S006221,train,1,0,none,none,2025-02-19T15:40:00Z,,0
S006222,train,1,0,none,none,2025-02-19T15:50:00Z,,0
S006223,train,1,0,none,none,2025-02-19T16:00:00Z,,0
S006224,train,1,0,none,none,2025-02-19T16:10:00Z,,0
S006225,train,1,0,none,none,2025-02-19T16:20:00Z,,0
S006226,train,1,0,none,none,2025-02-19T16:30:00Z,,0
S006227,train,1,0,none,none,2025-02-19T16:40:00Z,,0
S006228,train,1,0,none,none,2025-02-19T16:50:00Z,,0
S006229,train,1,0,none,none,2025-02-19T17:00:00Z,,0
S006230,train,1,0,none,none,2025-02-19T17:10:00Z,,0
S006231,train,1,0,none,none,2025-02-19T17:20:00Z,1,1
S006232,train,1,0,none,none,2025-02-19T17:30:00Z,,0
S006233,train,1,0,none,none,2025-02-19T17:40:00Z,,0
S006234,train,1,0,none,none,2025-02-19T17:50:00Z,,0
S006235,train,1,0,none,none,2025-02-19T18:00:00Z,,0
S006236,train,1,0,none,none,2025-02-19T18:10:00Z,,0
S006237,train,0,1,warpage,assembly,2025-02-19T18:20:00Z,,0
S006238,train,1,0,none,none,2025-02-19T18:30:00Z,1,1
S006239,train,1,0,none,none,2025-02-19T18:40:00Z,1,1
S006240,train,1,0,none,none,2025-02-19T18:50:00Z,1,1
S006241,train,1,0,none,none,2025-02-19T19:00:00Z,,0
S006242,train,1,0,none,none,2025-02-19T19:10:00Z,,0
S006243,train,1,0,none,none,2025-02-19T19:20:00Z,,0
S006244,train,1,0,none,none,2025-02-19T19:30:00Z,,0
S006245,train,1,0,none,none,2025-02-19T19:40:00Z,,0
S006246,train,1,0,none,none,2025-02-19T19:50:00Z,1,1
S006247,train,1,0,none,none,2025-02-19T20:00:00Z,1,1
S006248,train,0,1,die_crack,handling,2025-02-19T20:10:00Z,,0
S006249,train,1,0,none,none,2025-02-19T20:20:00Z,,0
S006250,train,1,0,none,none,2025-02-19T20:30:00Z,,0
S006251,train,1,0,none,none,2025-02-19T20:40:00Z,,0
S006252,train,1,0,none,none,2025-02-19T20:50:00Z,,0
S006253,train,1,0,none,none,2025-02-19T21:00:00Z,,0
S006254,train,1,0,none,none,2025-02-19T21:10:00Z,1,1
S006255,train,1,0,none,none,2025-02-19T21:20:00Z,1,1
S006256,train,1,0,none,none,2025-02-19T21:30:00Z,1,1
S006257,train,1,0,none,none,2025-02-19T21:40:00Z,,0
S006258,train,1,0,none,none,2025-02-19T21:50:00Z,,0
S006259,train,1,0,none,none,2025-02-19T22:00:00Z,,0
S006260,train,1,0,none,none,2025-02-19T22:10:00Z,1,1
S006261,train,1,0,none,none,2025-02-19T22:20:00Z,,0
S006262,train,1,0,none,none,2025-02-19T22:30:00Z,,0
S006263,train,1,0,none,none,2025-02-19T22:40:00Z,1,1
S006264,train,1,0,none,none,2025-02-19T22:50:00Z,,0
S006265,train,1,0,none,none,2025-02-19T23:00:00Z,,0
S006266,train,1,0,none,none,2025-02-19T23:10:00Z,1,1
S006267,train,1,0,none,none,2025-02-19T23:20:00Z,1,1
S006268,train,1,0,none,none,2025-02-19T23:30:00Z,,0
S006269,train,1,0,none,none,2025-02-19T23:40:00Z,,0
S006270,train,1,0,none,none,2025-02-19T23:50:00Z,,0
S006271,train,1,0,none,none,2025-02-20T00:00:00Z,,0
S006272,train,1,0,none,none,2025-02-20T00:10:00Z,,0
S006273,train,1,0,none,none,2025-02-20T00:20:00Z,,0
S006274,train,1,0,none,none,2025-02-20T00:30:00Z,,0
S006275,train,1,0,none,none,2025-02-20T00:40:00Z,,0
S006276,train,1,0,none,none,2025-02-20T00:50:00Z,1,1
S006277,train,1,0,none,none,2025-02-20T01:00:00Z,1,1
S006278,train,1,0,none,none,2025-02-20T01:10:00Z,,0
S006279,train,1,0,none,none,2025-02-20T01:20:00Z,,0
S006280,train,1,0,none,none,2025-02-20T01:30:00Z,,0
S006281,train,0,1,microbump_open_bridge,reflow,2025-02-20T01:40:00Z,,0
S006282,train,1,0,none,none,2025-02-20T01:50:00Z,,0
S006283,train,1,0,none,none,2025-02-20T02:00:00Z,,0
S006284,train,1,0,none,none,2025-02-20T03:40:00Z,,0
S006285,train,1,0,none,none,2025-02-20T03:50:00Z,,0
S006286,train,1,0,none,none,2025-02-20T04:00:00Z,1,1
S006287,train,1,0,none,none,2025-02-20T04:10:00Z,,0
S006288,train,1,0,none,none,2025-02-20T04:20:00Z,,0
S006289,train,1,0,none,none,2025-02-20T04:30:00Z,1,1
S006290,train,1,0,none,none,2025-02-20T04:40:00Z,,0
S006291,train,1,0,none,none,2025-02-20T04:50:00Z,1,1
S006292,train,1,0,none,none,2025-02-20T05:00:00Z,,0
S006293,train,1,0,none,none,2025-02-20T05:10:00Z,,0
S006294,train,1,0,none,none,2025-02-20T05:20:00Z,,0
S006295,train,1,0,none,none,2025-02-20T05:30:00Z,1,1
S006296,train,1,0,none,none,2025-02-20T05:40:00Z,,0
S006297,train,1,0,none,none,2025-02-20T05:50:00Z,1,1
S006298,train,1,0,none,none,2025-02-20T06:00:00Z,1,1
S006299,train,0,1,delamination,molding,2025-02-20T06:10:00Z,,0
S006300,train,1,0,none,none,2025-02-20T06:20:00Z,1,1
S006301,train,1,0,none,none,2025-02-20T06:30:00Z,,0
S006302,train,1,0,none,none,2025-02-20T06:40:00Z,1,1
S006303,train,1,0,none,none,2025-02-20T06:50:00Z,,0
S006304,train,1,0,none,none,2025-02-20T07:00:00Z,,0
S006305,train,1,0,none,none,2025-02-20T07:10:00Z,,0
S006306,train,1,0,none,none,2025-02-20T07:20:00Z,,0
S006307,train,1,0,none,none,2025-02-20T07:30:00Z,,0
S006308,train,1,0,none,none,2025-02-20T07:40:00Z,1,1
S006309,train,1,0,none,none,2025-02-20T07:50:00Z,,0
S006310,train,1,0,none,none,2025-02-20T08:00:00Z,,0
S006311,train,1,0,none,none,2025-02-20T08:10:00Z,1,1
S006312,train,1,0,none,none,2025-02-20T08:20:00Z,,0
S006313,train,1,0,none,none,2025-02-20T08:30:00Z,,0
S006314,train,1,0,none,none,2025-02-20T08:40:00Z,1,1
S006315,train,1,0,none,none,2025-02-20T08:50:00Z,,0
S006316,train,1,0,none,none,2025-02-20T09:00:00Z,,0
S006317,train,1,0,none,none,2025-02-20T09:10:00Z,1,1
S006318,train,1,0,none,none,2025-02-20T09:20:00Z,,0
S006319,train,1,0,none,none,2025-02-20T09:30:00Z,,0
S006320,train,1,0,none,none,2025-02-20T09:40:00Z,,0
S006321,train,1,0,none,none,2025-02-20T09:50:00Z,,0
S006322,train,1,0,none,none,2025-02-20T10:00:00Z,,0
S006323,train,1,0,none,none,2025-02-20T10:10:00Z,,0
S006324,train,1,0,none,none,2025-02-20T10:20:00Z,,0
S006325,train,1,0,none,none,2025-02-20T10:30:00Z,1,1
S006326,train,1,0,none,none,2025-02-20T10:40:00Z,,0
S006327,train,1,0,none,none,2025-02-20T10:50:00Z,1,1
S006328,train,1,0,none,none,2025-02-20T11:00:00Z,1,1
S006329,train,1,0,none,none,2025-02-20T11:10:00Z,,0
S006330,train,1,0,none,none,2025-02-20T11:20:00Z,,0
S006331,train,1,0,none,none,2025-02-20T11:30:00Z,,0
S006332,train,1,0,none,none,2025-02-20T11:40:00Z,,0
S006333,train,1,0,none,none,2025-02-20T11:50:00Z,,0
S006334,train,1,0,none,none,2025-02-20T12:00:00Z,1,1
S006335,train,1,0,none,none,2025-02-20T12:10:00Z,,0
S006336,train,1,0,none,none,2025-02-20T12:20:00Z,,0
S006337,train,1,0,none,none,2025-02-20T12:30:00Z,,0
S006338,train,1,0,none,none,2025-02-20T12:40:00Z,,0
S006339,train,1,0,none,none,2025-02-20T12:50:00Z,1,1
S006340,train,1,0,none,none,2025-02-20T13:00:00Z,,0
S006341,train,1,0,none,none,2025-02-20T13:10:00Z,1,1
S006342,train,1,0,none,none,2025-02-20T13:20:00Z,,0
S006343,train,1,0,none,none,2025-02-20T13:30:00Z,,0
S006344,train,1,0,none,none,2025-02-20T13:40:00Z,,0
S006345,train,0,1,delamination,molding,2025-02-20T13:50:00Z,,0
S006346,train,1,0,none,none,2025-02-20T14:00:00Z,,0
S006347,train,1,0,none,none,2025-02-20T14:10:00Z,1,1
S006348,train,1,0,none,none,2025-02-20T14:20:00Z,,0
S006349,train,0,1,underfill_void,molding,2025-02-20T14:30:00Z,,0
S006350,train,1,0,none,none,2025-02-20T14:40:00Z,,0
S006351,train,1,0,none,none,2025-02-20T14:50:00Z,1,1
S006352,train,1,0,none,none,2025-02-20T15:00:00Z,,0
S006353,train,0,1,underfill_void,molding,2025-02-20T15:10:00Z,,0
S006354,train,1,0,none,none,2025-02-20T15:20:00Z,0,1
S006355,train,0,1,dram_electrical,dram_or_base,2025-02-20T15:30:00Z,,0
S006356,train,1,0,none,none,2025-02-20T15:40:00Z,1,1
S006357,train,1,0,none,none,2025-02-20T15:50:00Z,1,1
S006358,train,1,0,none,none,2025-02-20T16:00:00Z,,0
S006359,train,1,0,none,none,2025-02-20T16:10:00Z,,0
S006360,train,1,0,none,none,2025-02-20T16:20:00Z,,0
S006361,train,1,0,none,none,2025-02-20T16:30:00Z,,0
S006362,train,1,0,none,none,2025-02-20T16:40:00Z,,0
S006363,train,1,0,none,none,2025-02-20T16:50:00Z,,0
S006364,train,1,0,none,none,2025-02-20T17:00:00Z,,0
S006365,train,1,0,none,none,2025-02-20T17:10:00Z,,0
S006366,train,1,0,none,none,2025-02-20T17:20:00Z,,0
S006367,train,1,0,none,none,2025-02-20T17:30:00Z,1,1
S006368,train,1,0,none,none,2025-02-20T17:40:00Z,,0
S006369,train,1,0,none,none,2025-02-20T17:50:00Z,,0
S006370,train,1,0,none,none,2025-02-20T18:00:00Z,,0
S006371,train,1,0,none,none,2025-02-20T18:10:00Z,,0
S006372,train,1,0,none,none,2025-02-20T18:20:00Z,,0
S006373,train,1,0,none,none,2025-02-20T18:30:00Z,1,1
S006374,train,1,0,none,none,2025-02-20T18:40:00Z,,0
S006375,train,1,0,none,none,2025-02-20T18:50:00Z,,0
S006376,train,1,0,none,none,2025-02-20T19:00:00Z,,0
S006377,train,1,0,none,none,2025-02-20T19:10:00Z,,0
S006378,train,1,0,none,none,2025-02-20T19:20:00Z,,0
S006379,train,1,0,none,none,2025-02-20T19:30:00Z,,0
S006380,train,1,0,none,none,2025-02-20T19:40:00Z,,0
S006381,train,1,0,none,none,2025-02-20T15:40:00Z,,0
S006382,train,0,1,underfill_void,molding,2025-02-20T15:50:00Z,,0
S006383,train,1,0,none,none,2025-02-20T16:00:00Z,,0
S006384,train,1,0,none,none,2025-02-20T16:10:00Z,1,1
S006385,train,1,0,none,none,2025-02-20T16:20:00Z,,0
S006386,train,1,0,none,none,2025-02-20T16:30:00Z,1,1
S006387,train,1,0,none,none,2025-02-20T16:40:00Z,,0
S006388,train,1,0,none,none,2025-02-20T16:50:00Z,,0
S006389,train,1,0,none,none,2025-02-20T17:00:00Z,,0
S006390,train,1,0,none,none,2025-02-20T17:10:00Z,,0
S006391,train,1,0,none,none,2025-02-20T17:20:00Z,1,1
S006392,train,1,0,none,none,2025-02-20T17:30:00Z,1,1
S006393,train,1,0,none,none,2025-02-20T17:40:00Z,1,1
S006394,train,0,1,underfill_void,molding,2025-02-20T17:50:00Z,,0
S006395,train,1,0,none,none,2025-02-20T18:00:00Z,,0
S006396,train,1,0,none,none,2025-02-20T18:10:00Z,,0
S006397,train,1,0,none,none,2025-02-20T18:20:00Z,1,1
S006398,train,1,0,none,none,2025-02-20T18:30:00Z,,0
S006399,train,1,0,none,none,2025-02-20T18:40:00Z,,0
S006400,train,1,0,none,none,2025-02-20T18:50:00Z,,0
S006401,train,1,0,none,none,2025-02-20T19:00:00Z,,0
S006402,train,1,0,none,none,2025-02-20T19:10:00Z,1,1
S006403,train,1,0,none,none,2025-02-20T19:20:00Z,,0
S006404,train,1,0,none,none,2025-02-20T19:30:00Z,,0
S006405,train,1,0,none,none,2025-02-20T19:40:00Z,,0
S006406,train,1,0,none,none,2025-02-20T19:50:00Z,,0
S006407,train,1,0,none,none,2025-02-20T20:00:00Z,1,1
S006408,train,1,0,none,none,2025-02-20T20:10:00Z,,0
S006409,train,1,0,none,none,2025-02-20T20:20:00Z,1,1
S006410,train,1,0,none,none,2025-02-20T20:30:00Z,,0
S006411,train,1,0,none,none,2025-02-20T20:40:00Z,,0
S006412,train,1,0,none,none,2025-02-20T20:50:00Z,,0
S006413,train,1,0,none,none,2025-02-20T21:00:00Z,,0
S006414,train,1,0,none,none,2025-02-20T21:10:00Z,,0
S006415,train,1,0,none,none,2025-02-20T21:20:00Z,,0
S006416,train,1,0,none,none,2025-02-20T21:30:00Z,,0
S006417,train,1,0,none,none,2025-02-20T21:40:00Z,,0
S006418,train,1,0,none,none,2025-02-20T21:50:00Z,,0
S006419,train,1,0,none,none,2025-02-20T22:00:00Z,,0
S006420,train,1,0,none,none,2025-02-20T22:10:00Z,,0
S006421,train,1,0,none,none,2025-02-20T22:20:00Z,,0
S006422,train,1,0,none,none,2025-02-20T22:30:00Z,,0
S006423,train,1,0,none,none,2025-02-20T22:40:00Z,,0
S006424,train,1,0,none,none,2025-02-20T22:50:00Z,,0
S006425,train,1,0,none,none,2025-02-20T23:00:00Z,,0
S006426,train,1,0,none,none,2025-02-20T23:10:00Z,,0
S006427,train,1,0,none,none,2025-02-20T23:20:00Z,,0
S006428,train,0,1,dram_electrical,dram_or_base,2025-02-20T23:30:00Z,,0
S006429,train,1,0,none,none,2025-02-20T23:40:00Z,,0
S006430,train,1,0,none,none,2025-02-20T23:50:00Z,1,1
S006431,train,1,0,none,none,2025-02-21T00:00:00Z,,0
S006432,train,1,0,none,none,2025-02-21T00:10:00Z,,0
S006433,train,1,0,none,none,2025-02-21T00:20:00Z,,0
S006434,train,1,0,none,none,2025-02-21T00:30:00Z,,0
S006435,train,1,0,none,none,2025-02-21T00:40:00Z,,0
S006436,train,1,0,none,none,2025-02-21T00:50:00Z,,0
S006437,train,1,0,none,none,2025-02-21T01:00:00Z,,0
S006438,train,1,0,none,none,2025-02-21T01:10:00Z,,0
S006439,train,1,0,none,none,2025-02-21T01:20:00Z,,0
S006440,train,0,1,underfill_void,molding,2025-02-21T01:30:00Z,,0
S006441,train,1,0,none,none,2025-02-21T01:40:00Z,1,1
S006442,train,1,0,none,none,2025-02-21T01:50:00Z,,0
S006443,train,1,0,none,none,2025-02-21T02:00:00Z,,0
S006444,train,1,0,none,none,2025-02-21T02:10:00Z,,0
S006445,train,1,0,none,none,2025-02-21T02:20:00Z,1,1
S006446,train,1,0,none,none,2025-02-21T03:40:00Z,,0
S006447,train,1,0,none,none,2025-02-21T03:50:00Z,,0
S006448,train,1,0,none,none,2025-02-21T04:00:00Z,,0
S006449,train,0,1,underfill_void,molding,2025-02-21T04:10:00Z,,0
S006450,train,1,0,none,none,2025-02-21T04:20:00Z,,0
S006451,train,1,0,none,none,2025-02-21T04:30:00Z,,0
S006452,train,1,0,none,none,2025-02-21T04:40:00Z,,0
S006453,train,1,0,none,none,2025-02-21T04:50:00Z,1,1
S006454,train,0,1,microbump_open_bridge,reflow,2025-02-21T05:00:00Z,,0
S006455,train,1,0,none,none,2025-02-21T05:10:00Z,,0
S006456,train,1,0,none,none,2025-02-21T05:20:00Z,,0
S006457,train,1,0,none,none,2025-02-21T05:30:00Z,1,1
S006458,train,1,0,none,none,2025-02-21T05:40:00Z,,0
S006459,train,1,0,none,none,2025-02-21T05:50:00Z,,0
S006460,train,1,0,none,none,2025-02-21T06:00:00Z,,0
S006461,train,1,0,none,none,2025-02-21T06:10:00Z,,0
S006462,train,1,0,none,none,2025-02-21T06:20:00Z,,0
S006463,train,1,0,none,none,2025-02-21T06:30:00Z,,0
S006464,train,1,0,none,none,2025-02-21T06:40:00Z,1,1
S006465,train,1,0,none,none,2025-02-21T06:50:00Z,,0
S006466,train,1,0,none,none,2025-02-21T07:00:00Z,,0
S006467,train,1,0,none,none,2025-02-21T07:10:00Z,,0
S006468,train,1,0,none,none,2025-02-21T07:20:00Z,1,1
S006469,train,1,0,none,none,2025-02-21T07:30:00Z,,0
S006470,train,1,0,none,none,2025-02-21T07:40:00Z,,0
S006471,train,1,0,none,none,2025-02-21T07:50:00Z,,0
S006472,train,1,0,none,none,2025-02-21T08:00:00Z,,0
S006473,train,1,0,none,none,2025-02-21T08:10:00Z,1,1
S006474,train,1,0,none,none,2025-02-21T08:20:00Z,1,1
S006475,train,1,0,none,none,2025-02-21T08:30:00Z,,0
S006476,train,0,1,underfill_void,molding,2025-02-21T08:40:00Z,,0
S006477,train,0,1,microbump_open_bridge,reflow,2025-02-21T08:50:00Z,,0
S006478,train,1,0,none,none,2025-02-21T09:00:00Z,,0
S006479,train,1,0,none,none,2025-02-21T09:10:00Z,,0
S006480,train,1,0,none,none,2025-02-21T09:20:00Z,,0
S006481,train,1,0,none,none,2025-02-21T09:30:00Z,,0
S006482,train,1,0,none,none,2025-02-21T09:40:00Z,,0
S006483,train,1,0,none,none,2025-02-21T09:50:00Z,,0
S006484,train,1,0,none,none,2025-02-21T10:00:00Z,,0
S006485,train,1,0,none,none,2025-02-21T10:10:00Z,,0
S006486,train,1,0,none,none,2025-02-21T10:20:00Z,,0
S006487,train,1,0,none,none,2025-02-21T10:30:00Z,,0
S006488,train,1,0,none,none,2025-02-21T10:40:00Z,,0
S006489,train,1,0,none,none,2025-02-21T10:50:00Z,,0
S006490,train,1,0,none,none,2025-02-21T11:00:00Z,,0
S006491,train,1,0,none,none,2025-02-21T11:10:00Z,,0
S006492,train,1,0,none,none,2025-02-21T11:20:00Z,,0
S006493,train,1,0,none,none,2025-02-21T11:30:00Z,1,1
S006494,train,1,0,none,none,2025-02-21T11:40:00Z,,0
S006495,train,1,0,none,none,2025-02-21T11:50:00Z,,0
S006496,train,1,0,none,none,2025-02-21T12:00:00Z,1,1
S006497,train,1,0,none,none,2025-02-21T12:10:00Z,,0
S006498,train,1,0,none,none,2025-02-21T12:20:00Z,,0
S006499,train,1,0,none,none,2025-02-21T12:30:00Z,,0
S006500,train,1,0,none,none,2025-02-21T12:40:00Z,,0
S006501,train,0,1,microbump_open_bridge,reflow,2025-02-21T12:50:00Z,,0
S006502,train,1,0,none,none,2025-02-21T13:00:00Z,,0
S006503,train,1,0,none,none,2025-02-21T13:10:00Z,,0
S006504,train,1,0,none,none,2025-02-21T13:20:00Z,,0
S006505,train,0,1,die_crack,handling,2025-02-21T13:30:00Z,,0
S006506,train,1,0,none,none,2025-02-21T13:40:00Z,,0
S006507,train,0,1,tsv_open_short,tsv_or_interconnect,2025-02-21T13:50:00Z,,0
S006508,train,1,0,none,none,2025-02-21T14:00:00Z,,0
S006509,train,1,0,none,none,2025-02-21T14:10:00Z,,0
S006510,train,1,0,none,none,2025-02-21T14:20:00Z,,0
S006511,train,1,0,none,none,2025-02-21T14:30:00Z,,0
S006512,train,1,0,none,none,2025-02-21T14:40:00Z,,0
S006513,train,1,0,none,none,2025-02-21T14:50:00Z,,0
S006514,train,1,0,none,none,2025-02-21T15:00:00Z,,0
S006515,train,1,0,none,none,2025-02-21T15:10:00Z,,0
S006516,train,1,0,none,none,2025-02-21T15:20:00Z,,0
S006517,train,1,0,none,none,2025-02-21T15:30:00Z,,0
S006518,train,1,0,none,none,2025-02-21T15:40:00Z,,0
S006519,train,1,0,none,none,2025-02-21T15:50:00Z,,0
S006520,train,1,0,none,none,2025-02-21T16:00:00Z,1,1
S006521,train,1,0,none,none,2025-02-21T16:10:00Z,1,1
S006522,train,1,0,none,none,2025-02-21T16:20:00Z,,0
S006523,train,1,0,none,none,2025-02-21T16:30:00Z,0,1
S006524,train,1,0,none,none,2025-02-21T16:40:00Z,1,1
S006525,train,1,0,none,none,2025-02-21T16:50:00Z,,0
S006526,train,1,0,none,none,2025-02-21T17:00:00Z,,0
S006527,train,1,0,none,none,2025-02-21T17:10:00Z,,0
S006528,train,1,0,none,none,2025-02-21T17:20:00Z,,0
S006529,train,1,0,none,none,2025-02-21T17:30:00Z,,0
S006530,train,1,0,none,none,2025-02-21T17:40:00Z,,0
S006531,train,1,0,none,none,2025-02-21T17:50:00Z,,0
S006532,train,1,0,none,none,2025-02-21T18:00:00Z,,0
S006533,train,1,0,none,none,2025-02-21T18:10:00Z,,0
S006534,train,1,0,none,none,2025-02-21T18:20:00Z,,0
S006535,train,1,0,none,none,2025-02-21T18:30:00Z,,0
S006536,train,1,0,none,none,2025-02-21T18:40:00Z,,0
S006537,train,1,0,none,none,2025-02-21T18:50:00Z,,0
S006538,train,1,0,none,none,2025-02-21T19:00:00Z,1,1
S006539,train,1,0,none,none,2025-02-21T19:10:00Z,,0
S006540,train,1,0,none,none,2025-02-21T19:20:00Z,,0
S006541,train,1,0,none,none,2025-02-21T19:30:00Z,,0
S006542,train,1,0,none,none,2025-02-21T15:40:00Z,,0
S006543,train,1,0,none,none,2025-02-21T15:50:00Z,,0
S006544,train,1,0,none,none,2025-02-21T16:00:00Z,,0
S006545,train,1,0,none,none,2025-02-21T16:10:00Z,,0
S006546,train,1,0,none,none,2025-02-21T16:20:00Z,1,1
S006547,train,1,0,none,none,2025-02-21T16:30:00Z,,0
S006548,train,1,0,none,none,2025-02-21T16:40:00Z,1,1
S006549,train,1,0,none,none,2025-02-21T16:50:00Z,,0
S006550,train,0,1,warpage,assembly,2025-02-21T17:00:00Z,,0
S006551,train,1,0,none,none,2025-02-21T17:10:00Z,,0
S006552,train,1,0,none,none,2025-02-21T17:20:00Z,,0
S006553,train,1,0,none,none,2025-02-21T17:30:00Z,,0
S006554,train,1,0,none,none,2025-02-21T17:40:00Z,,0
S006555,train,1,0,none,none,2025-02-21T17:50:00Z,,0
S006556,train,1,0,none,none,2025-02-21T18:00:00Z,,0
S006557,train,1,0,none,none,2025-02-21T18:10:00Z,1,1
S006558,train,1,0,none,none,2025-02-21T18:20:00Z,1,1
S006559,train,1,0,none,none,2025-02-21T18:30:00Z,,0
S006560,train,1,0,none,none,2025-02-21T18:40:00Z,,0
S006561,train,1,0,none,none,2025-02-21T18:50:00Z,,0
S006562,train,1,0,none,none,2025-02-21T19:00:00Z,1,1
S006563,train,1,0,none,none,2025-02-21T19:10:00Z,,0
S006564,train,1,0,none,none,2025-02-21T19:20:00Z,1,1
S006565,train,1,0,none,none,2025-02-21T19:30:00Z,1,1
S006566,train,1,0,none,none,2025-02-21T19:40:00Z,,0
S006567,train,1,0,none,none,2025-02-21T19:50:00Z,,0
S006568,train,1,0,none,none,2025-02-21T20:00:00Z,,0
S006569,train,1,0,none,none,2025-02-21T20:10:00Z,,0
S006570,train,1,0,none,none,2025-02-21T20:20:00Z,,0
S006571,train,1,0,none,none,2025-02-21T20:30:00Z,,0
S006572,train,1,0,none,none,2025-02-21T20:40:00Z,,0
S006573,train,1,0,none,none,2025-02-21T20:50:00Z,,0
S006574,train,1,0,none,none,2025-02-21T21:00:00Z,,0
S006575,train,1,0,none,none,2025-02-21T21:10:00Z,,0
S006576,train,0,1,delamination,molding,2025-02-21T21:20:00Z,,0
S006577,train,1,0,none,none,2025-02-21T21:30:00Z,,0
S006578,train,1,0,none,none,2025-02-21T21:40:00Z,1,1
S006579,train,1,0,none,none,2025-02-21T21:50:00Z,,0
S006580,train,1,0,none,none,2025-02-21T22:00:00Z,,0
S006581,train,1,0,none,none,2025-02-21T22:10:00Z,1,1
S006582,train,1,0,none,none,2025-02-21T22:20:00Z,,0
S006583,train,1,0,none,none,2025-02-21T22:30:00Z,,0
S006584,train,1,0,none,none,2025-02-21T22:40:00Z,,0
S006585,train,1,0,none,none,2025-02-21T22:50:00Z,,0
S006586,train,1,0,none,none,2025-02-21T23:00:00Z,,0
S006587,train,1,0,none,none,2025-02-21T23:10:00Z,1,1
S006588,train,1,0,none,none,2025-02-21T23:20:00Z,,0
S006589,train,1,0,none,none,2025-02-21T23:30:00Z,,0
S006590,train,0,1,warpage,assembly,2025-02-21T23:40:00Z,,0
S006591,train,1,0,none,none,2025-02-21T23:50:00Z,,0
S006592,train,1,0,none,none,2025-02-22T00:00:00Z,,0
S006593,train,1,0,none,none,2025-02-22T00:10:00Z,,0
S006594,train,1,0,none,none,2025-02-22T00:20:00Z,,0
S006595,train,1,0,none,none,2025-02-22T00:30:00Z,,0
S006596,train,1,0,none,none,2025-02-22T00:40:00Z,,0
S006597,train,1,0,none,none,2025-02-22T00:50:00Z,,0
S006598,train,1,0,none,none,2025-02-22T01:00:00Z,1,1
S006599,train,1,0,none,none,2025-02-22T01:10:00Z,,0
S006600,train,1,0,none,none,2025-02-22T01:20:00Z,,0
S006601,train,1,0,none,none,2025-02-22T01:30:00Z,,0
S006602,train,1,0,none,none,2025-02-22T01:40:00Z,,0
S006603,train,1,0,none,none,2025-02-22T01:50:00Z,,0
S006604,train,1,0,none,none,2025-02-22T02:00:00Z,,0
S006605,train,1,0,none,none,2025-02-22T02:10:00Z,1,1
S006606,train,1,0,none,none,2025-02-22T02:20:00Z,,0
S006607,train,1,0,none,none,2025-02-22T02:30:00Z,,0
S006608,train,0,1,underfill_void,molding,2025-02-22T02:40:00Z,,0
S006609,train,1,0,none,none,2025-02-22T02:50:00Z,,0
S006610,train,1,0,none,none,2025-02-22T03:00:00Z,1,1
S006611,train,1,0,none,none,2025-02-22T03:10:00Z,1,1
S006612,train,1,0,none,none,2025-02-22T03:20:00Z,,0
S006613,train,1,0,none,none,2025-02-22T03:30:00Z,,0
S006614,train,1,0,none,none,2025-02-22T03:40:00Z,,0
S006615,train,1,0,none,none,2025-02-22T03:50:00Z,0,1
S006616,train,1,0,none,none,2025-02-22T04:00:00Z,,0
S006617,train,1,0,none,none,2025-02-22T04:10:00Z,1,1
S006618,train,1,0,none,none,2025-02-22T04:20:00Z,,0
S006619,train,1,0,none,none,2025-02-22T04:30:00Z,,0
S006620,train,1,0,none,none,2025-02-22T04:40:00Z,1,1
S006621,train,1,0,none,none,2025-02-22T04:50:00Z,,0
S006622,train,1,0,none,none,2025-02-22T05:00:00Z,,0
S006623,train,1,0,none,none,2025-02-22T05:10:00Z,,0
S006624,train,1,0,none,none,2025-02-22T05:20:00Z,,0
S006625,train,1,0,none,none,2025-02-22T05:30:00Z,,0
S006626,train,1,0,none,none,2025-02-22T05:40:00Z,1,1
S006627,train,1,0,none,none,2025-02-22T05:50:00Z,,0
S006628,train,1,0,none,none,2025-02-22T06:00:00Z,,0
S006629,train,1,0,none,none,2025-02-22T06:10:00Z,,0
S006630,train,1,0,none,none,2025-02-22T06:20:00Z,,0
S006631,train,0,1,warpage,assembly,2025-02-22T06:30:00Z,,0
S006632,train,1,0,none,none,2025-02-22T06:40:00Z,,0
S006633,train,1,0,none,none,2025-02-22T06:50:00Z,,0
S006634,train,1,0,none,none,2025-02-22T07:00:00Z,,0
S006635,train,1,0,none,none,2025-02-22T07:10:00Z,,0
S006636,train,1,0,none,none,2025-02-22T03:40:00Z,,0
S006637,train,1,0,none,none,2025-02-22T03:50:00Z,,0
S006638,train,1,0,none,none,2025-02-22T04:00:00Z,,0
S006639,train,1,0,none,none,2025-02-22T04:10:00Z,1,1
S006640,train,1,0,none,none,2025-02-22T04:20:00Z,,0
S006641,train,1,0,none,none,2025-02-22T04:30:00Z,,0
S006642,train,1,0,none,none,2025-02-22T04:40:00Z,,0
S006643,train,0,1,warpage,assembly,2025-02-22T04:50:00Z,,0
S006644,train,1,0,none,none,2025-02-22T05:00:00Z,1,1
S006645,train,1,0,none,none,2025-02-22T05:10:00Z,1,1
S006646,train,1,0,none,none,2025-02-22T05:20:00Z,,0
S006647,train,0,1,underfill_void,molding,2025-02-22T05:30:00Z,,0
S006648,train,1,0,none,none,2025-02-22T05:40:00Z,,0
S006649,train,1,0,none,none,2025-02-22T05:50:00Z,,0
S006650,train,1,0,none,none,2025-02-22T06:00:00Z,,0
S006651,train,1,0,none,none,2025-02-22T06:10:00Z,,0
S006652,train,1,0,none,none,2025-02-22T06:20:00Z,,0
S006653,train,1,0,none,none,2025-02-22T06:30:00Z,1,1
S006654,train,1,0,none,none,2025-02-22T06:40:00Z,1,1
S006655,train,1,0,none,none,2025-02-22T06:50:00Z,,0
S006656,train,1,0,none,none,2025-02-22T07:00:00Z,1,1
S006657,train,1,0,none,none,2025-02-22T07:10:00Z,,0
S006658,train,1,0,none,none,2025-02-22T07:20:00Z,1,1
S006659,train,1,0,none,none,2025-02-22T07:30:00Z,,0
S006660,train,1,0,none,none,2025-02-22T07:40:00Z,1,1
S006661,train,0,1,microbump_open_bridge,reflow,2025-02-22T07:50:00Z,,0
S006662,train,0,1,underfill_void,molding,2025-02-22T08:00:00Z,,0
S006663,train,1,0,none,none,2025-02-22T08:10:00Z,,0
S006664,train,1,0,none,none,2025-02-22T08:20:00Z,,0
S006665,train,1,0,none,none,2025-02-22T08:30:00Z,1,1
S006666,train,1,0,none,none,2025-02-22T08:40:00Z,,0
S006667,train,1,0,none,none,2025-02-22T08:50:00Z,,0
S006668,train,1,0,none,none,2025-02-22T09:00:00Z,,0
S006669,train,1,0,none,none,2025-02-22T09:10:00Z,,0
S006670,train,1,0,none,none,2025-02-22T09:20:00Z,,0
S006671,train,1,0,none,none,2025-02-22T09:30:00Z,,0
S006672,train,1,0,none,none,2025-02-22T09:40:00Z,1,1
S006673,train,1,0,none,none,2025-02-22T09:50:00Z,,0
S006674,train,1,0,none,none,2025-02-22T10:00:00Z,,0
S006675,train,1,0,none,none,2025-02-22T10:10:00Z,,0
S006676,train,1,0,none,none,2025-02-22T10:20:00Z,1,1
S006677,train,1,0,none,none,2025-02-22T10:30:00Z,,0
S006678,train,1,0,none,none,2025-02-22T10:40:00Z,,0
S006679,train,1,0,none,none,2025-02-22T10:50:00Z,,0
S006680,train,1,0,none,none,2025-02-22T11:00:00Z,,0
S006681,train,1,0,none,none,2025-02-22T11:10:00Z,,0
S006682,train,1,0,none,none,2025-02-22T11:20:00Z,,0
S006683,train,1,0,none,none,2025-02-22T11:30:00Z,1,1
S006684,train,1,0,none,none,2025-02-22T11:40:00Z,,0
S006685,train,1,0,none,none,2025-02-22T11:50:00Z,1,1
S006686,train,1,0,none,none,2025-02-22T12:00:00Z,,0
S006687,train,1,0,none,none,2025-02-22T12:10:00Z,,0
S006688,train,1,0,none,none,2025-02-22T12:20:00Z,1,1
S006689,train,1,0,none,none,2025-02-22T12:30:00Z,,0
S006690,train,1,0,none,none,2025-02-22T12:40:00Z,,0
S006691,train,1,0,none,none,2025-02-22T12:50:00Z,,0
S006692,train,1,0,none,none,2025-02-22T13:00:00Z,,0
S006693,train,1,0,none,none,2025-02-22T13:10:00Z,1,1
S006694,train,1,0,none,none,2025-02-22T13:20:00Z,,0
S006695,train,1,0,none,none,2025-02-22T13:30:00Z,,0
S006696,train,1,0,none,none,2025-02-22T13:40:00Z,,0
S006697,train,1,0,none,none,2025-02-22T13:50:00Z,,0
S006698,train,1,0,none,none,2025-02-22T14:00:00Z,,0
S006699,train,1,0,none,none,2025-02-22T14:10:00Z,1,1
S006700,train,1,0,none,none,2025-02-22T15:40:00Z,1,1
S006701,train,1,0,none,none,2025-02-22T15:50:00Z,,0
S006702,train,1,0,none,none,2025-02-22T16:00:00Z,,0
S006703,train,0,1,die_crack,handling,2025-02-22T16:10:00Z,,0
S006704,train,1,0,none,none,2025-02-22T16:20:00Z,,0
S006705,train,1,0,none,none,2025-02-22T16:30:00Z,,0
S006706,train,1,0,none,none,2025-02-22T16:40:00Z,,0
S006707,train,1,0,none,none,2025-02-22T16:50:00Z,,0
S006708,train,1,0,none,none,2025-02-22T17:00:00Z,,0
S006709,train,1,0,none,none,2025-02-22T17:10:00Z,,0
S006710,train,1,0,none,none,2025-02-22T17:20:00Z,,0
S006711,train,1,0,none,none,2025-02-22T17:30:00Z,,0
S006712,train,1,0,none,none,2025-02-22T17:40:00Z,,0
S006713,train,1,0,none,none,2025-02-22T17:50:00Z,,0
S006714,train,1,0,none,none,2025-02-22T18:00:00Z,,0
S006715,train,1,0,none,none,2025-02-22T18:10:00Z,,0
S006716,train,1,0,none,none,2025-02-22T18:20:00Z,,0
S006717,train,0,1,dram_electrical,dram_or_base,2025-02-22T18:30:00Z,,0
S006718,train,1,0,none,none,2025-02-22T18:40:00Z,,0
S006719,train,1,0,none,none,2025-02-22T18:50:00Z,,0
S006720,train,1,0,none,none,2025-02-22T19:00:00Z,,0
S006721,train,1,0,none,none,2025-02-22T19:10:00Z,,0
S006722,train,1,0,none,none,2025-02-22T19:20:00Z,,0
S006723,train,1,0,none,none,2025-02-22T19:30:00Z,,0
S006724,train,1,0,none,none,2025-02-22T19:40:00Z,,0
S006725,train,1,0,none,none,2025-02-22T19:50:00Z,,0
S006726,train,1,0,none,none,2025-02-22T20:00:00Z,,0
S006727,train,1,0,none,none,2025-02-22T20:10:00Z,,0
S006728,train,1,0,none,none,2025-02-22T20:20:00Z,,0
S006729,train,1,0,none,none,2025-02-22T20:30:00Z,1,1
S006730,train,1,0,none,none,2025-02-22T20:40:00Z,,0
S006731,train,1,0,none,none,2025-02-22T20:50:00Z,,0
S006732,train,1,0,none,none,2025-02-22T21:00:00Z,,0
S006733,train,1,0,none,none,2025-02-22T21:10:00Z,,0
S006734,train,1,0,none,none,2025-02-22T21:20:00Z,,0
S006735,train,1,0,none,none,2025-02-22T21:30:00Z,,0
S006736,train,1,0,none,none,2025-02-22T21:40:00Z,1,1
S006737,train,1,0,none,none,2025-02-22T21:50:00Z,,0
S006738,train,1,0,none,none,2025-02-22T22:00:00Z,,0
S006739,train,1,0,none,none,2025-02-22T22:10:00Z,,0
S006740,train,1,0,none,none,2025-02-22T22:20:00Z,,0
S006741,train,1,0,none,none,2025-02-22T22:30:00Z,,0
S006742,train,1,0,none,none,2025-02-22T22:40:00Z,1,1
S006743,train,1,0,none,none,2025-02-22T22:50:00Z,,0
S006744,train,1,0,none,none,2025-02-22T23:00:00Z,,0
S006745,train,0,1,warpage,assembly,2025-02-22T23:10:00Z,,0
S006746,train,1,0,none,none,2025-02-22T23:20:00Z,,0
S006747,train,1,0,none,none,2025-02-22T23:30:00Z,,0
S006748,train,1,0,none,none,2025-02-22T23:40:00Z,,0
S006749,train,1,0,none,none,2025-02-22T23:50:00Z,1,1
S006750,train,1,0,none,none,2025-02-23T00:00:00Z,,0
S006751,train,1,0,none,none,2025-02-23T00:10:00Z,,0
S006752,train,1,0,none,none,2025-02-23T00:20:00Z,,0
S006753,train,1,0,none,none,2025-02-23T00:30:00Z,,0
S006754,train,1,0,none,none,2025-02-23T00:40:00Z,,0
S006755,train,0,1,underfill_void,molding,2025-02-23T00:50:00Z,,0
S006756,train,1,0,none,none,2025-02-23T01:00:00Z,,0
S006757,train,1,0,none,none,2025-02-23T01:10:00Z,,0
S006758,train,1,0,none,none,2025-02-23T01:20:00Z,,0
S006759,train,1,0,none,none,2025-02-23T01:30:00Z,,0
S006760,train,1,0,none,none,2025-02-23T01:40:00Z,1,1
S006761,train,1,0,none,none,2025-02-23T01:50:00Z,,0
S006762,train,1,0,none,none,2025-02-23T03:40:00Z,,0
S006763,train,1,0,none,none,2025-02-23T03:50:00Z,1,1
S006764,train,1,0,none,none,2025-02-23T04:00:00Z,,0
S006765,train,1,0,none,none,2025-02-23T04:10:00Z,,0
S006766,train,1,0,none,none,2025-02-23T04:20:00Z,1,1
S006767,train,1,0,none,none,2025-02-23T04:30:00Z,1,1
S006768,train,1,0,none,none,2025-02-23T04:40:00Z,,0
S006769,train,1,0,none,none,2025-02-23T04:50:00Z,,0
S006770,train,1,0,none,none,2025-02-23T05:00:00Z,,0
S006771,train,1,0,none,none,2025-02-23T05:10:00Z,,0
S006772,train,1,0,none,none,2025-02-23T05:20:00Z,,0
S006773,train,1,0,none,none,2025-02-23T05:30:00Z,1,1
S006774,train,1,0,none,none,2025-02-23T05:40:00Z,1,1
S006775,train,1,0,none,none,2025-02-23T05:50:00Z,,0
S006776,train,1,0,none,none,2025-02-23T06:00:00Z,1,1
S006777,train,1,0,none,none,2025-02-23T06:10:00Z,,0
S006778,train,1,0,none,none,2025-02-23T06:20:00Z,,0
S006779,train,0,1,underfill_void,molding,2025-02-23T06:30:00Z,,0
S006780,train,1,0,none,none,2025-02-23T06:40:00Z,1,1
S006781,train,1,0,none,none,2025-02-23T06:50:00Z,,0
S006782,train,1,0,none,none,2025-02-23T07:00:00Z,,0
S006783,train,1,0,none,none,2025-02-23T07:10:00Z,,0
S006784,train,1,0,none,none,2025-02-23T07:20:00Z,,0
S006785,train,1,0,none,none,2025-02-23T07:30:00Z,,0
S006786,train,1,0,none,none,2025-02-23T07:40:00Z,,0
S006787,train,1,0,none,none,2025-02-23T07:50:00Z,1,1
S006788,train,1,0,none,none,2025-02-23T08:00:00Z,,0
S006789,train,1,0,none,none,2025-02-23T08:10:00Z,,0
S006790,train,1,0,none,none,2025-02-23T08:20:00Z,1,1
S006791,train,1,0,none,none,2025-02-23T08:30:00Z,,0
S006792,train,1,0,none,none,2025-02-23T08:40:00Z,,0
S006793,train,1,0,none,none,2025-02-23T08:50:00Z,,0
S006794,train,1,0,none,none,2025-02-23T09:00:00Z,1,1
S006795,train,1,0,none,none,2025-02-23T09:10:00Z,,0
S006796,train,1,0,none,none,2025-02-23T09:20:00Z,,0
S006797,train,1,0,none,none,2025-02-23T09:30:00Z,,0
S006798,train,1,0,none,none,2025-02-23T09:40:00Z,,0
S006799,train,1,0,none,none,2025-02-23T09:50:00Z,,0
S006800,train,1,0,none,none,2025-02-23T10:00:00Z,,0
S006801,train,1,0,none,none,2025-02-23T10:10:00Z,1,1
S006802,train,1,0,none,none,2025-02-23T10:20:00Z,,0
S006803,train,1,0,none,none,2025-02-23T10:30:00Z,,0
S006804,train,1,0,none,none,2025-02-23T10:40:00Z,,0
S006805,train,1,0,none,none,2025-02-23T10:50:00Z,,0
S006806,train,1,0,none,none,2025-02-23T11:00:00Z,,0
S006807,train,1,0,none,none,2025-02-23T11:10:00Z,1,1
S006808,train,1,0,none,none,2025-02-23T11:20:00Z,1,1
S006809,train,1,0,none,none,2025-02-23T11:30:00Z,,0
S006810,train,1,0,none,none,2025-02-23T11:40:00Z,,0
S006811,train,1,0,none,none,2025-02-23T11:50:00Z,,0
S006812,train,1,0,none,none,2025-02-23T12:00:00Z,,0
S006813,train,1,0,none,none,2025-02-23T12:10:00Z,1,1
S006814,train,1,0,none,none,2025-02-23T12:20:00Z,,0
S006815,train,1,0,none,none,2025-02-23T12:30:00Z,,0
S006816,train,1,0,none,none,2025-02-23T12:40:00Z,,0
S006817,train,1,0,none,none,2025-02-23T12:50:00Z,1,1
S006818,train,1,0,none,none,2025-02-23T13:00:00Z,,0
S006819,train,1,0,none,none,2025-02-23T13:10:00Z,,0
S006820,train,1,0,none,none,2025-02-23T13:20:00Z,,0
S006821,train,1,0,none,none,2025-02-23T13:30:00Z,1,1
S006822,train,1,0,none,none,2025-02-23T13:40:00Z,,0
S006823,train,1,0,none,none,2025-02-23T13:50:00Z,,0
S006824,train,1,0,none,none,2025-02-23T14:00:00Z,,0
S006825,train,1,0,none,none,2025-02-23T14:10:00Z,1,1
S006826,train,0,1,microbump_open_bridge,reflow,2025-02-23T14:20:00Z,,0
S006827,train,1,0,none,none,2025-02-23T14:30:00Z,,0
S006828,train,1,0,none,none,2025-02-23T14:40:00Z,,0
S006829,train,1,0,none,none,2025-02-23T14:50:00Z,1,1
S006830,train,1,0,none,none,2025-02-23T15:00:00Z,,0
S006831,train,1,0,none,none,2025-02-23T15:10:00Z,,0
S006832,train,1,0,none,none,2025-02-23T15:20:00Z,1,1
S006833,train,1,0,none,none,2025-02-23T15:30:00Z,1,1
S006834,train,1,0,none,none,2025-02-23T15:40:00Z,,0
S006835,train,1,0,none,none,2025-02-23T15:50:00Z,1,1
S006836,train,1,0,none,none,2025-02-23T16:00:00Z,,0
S006837,train,1,0,none,none,2025-02-23T16:10:00Z,,0
S006838,train,1,0,none,none,2025-02-23T16:20:00Z,,0
S006839,train,1,0,none,none,2025-02-23T16:30:00Z,,0
S006840,train,0,1,microbump_open_bridge,reflow,2025-02-23T16:40:00Z,,0
S006841,train,1,0,none,none,2025-02-23T16:50:00Z,,0
S006842,train,1,0,none,none,2025-02-23T17:00:00Z,,0
S006843,train,1,0,none,none,2025-02-23T17:10:00Z,,0
S006844,train,1,0,none,none,2025-02-23T17:20:00Z,,0
S006845,train,0,1,underfill_void,molding,2025-02-23T17:30:00Z,,0
S006846,train,1,0,none,none,2025-02-23T17:40:00Z,1,1
S006847,train,1,0,none,none,2025-02-23T17:50:00Z,1,1
S006848,train,1,0,none,none,2025-02-23T18:00:00Z,,0
S006849,train,1,0,none,none,2025-02-23T18:10:00Z,,0
S006850,train,1,0,none,none,2025-02-23T18:20:00Z,,0
S006851,train,1,0,none,none,2025-02-23T18:30:00Z,,0
S006852,train,1,0,none,none,2025-02-23T18:40:00Z,,0
S006853,train,0,1,warpage,assembly,2025-02-23T18:50:00Z,,0
S006854,train,1,0,none,none,2025-02-23T19:00:00Z,,0
S006855,train,1,0,none,none,2025-02-23T19:10:00Z,,0
S006856,train,1,0,none,none,2025-02-23T15:40:00Z,,0
S006857,train,1,0,none,none,2025-02-23T15:50:00Z,1,1
S006858,train,0,1,warpage,assembly,2025-02-23T16:00:00Z,,0
S006859,train,1,0,none,none,2025-02-23T16:10:00Z,,0
S006860,train,1,0,none,none,2025-02-23T16:20:00Z,,0
S006861,train,1,0,none,none,2025-02-23T16:30:00Z,,0
S006862,train,1,0,none,none,2025-02-23T16:40:00Z,0,1
S006863,train,1,0,none,none,2025-02-23T16:50:00Z,,0
S006864,train,1,0,none,none,2025-02-23T17:00:00Z,,0
S006865,train,1,0,none,none,2025-02-23T17:10:00Z,,0
S006866,train,1,0,none,none,2025-02-23T17:20:00Z,,0
S006867,train,1,0,none,none,2025-02-23T17:30:00Z,,0
S006868,train,1,0,none,none,2025-02-23T17:40:00Z,,0
S006869,train,1,0,none,none,2025-02-23T17:50:00Z,1,1
S006870,train,1,0,none,none,2025-02-23T18:00:00Z,,0
S006871,train,1,0,none,none,2025-02-23T18:10:00Z,,0
S006872,train,1,0,none,none,2025-02-23T18:20:00Z,,0
S006873,train,1,0,none,none,2025-02-23T18:30:00Z,,0
S006874,train,1,0,none,none,2025-02-23T18:40:00Z,,0
S006875,train,1,0,none,none,2025-02-23T18:50:00Z,,0
S006876,train,1,0,none,none,2025-02-23T19:00:00Z,1,1
S006877,train,1,0,none,none,2025-02-23T19:10:00Z,,0
S006878,train,1,0,none,none,2025-02-23T19:20:00Z,1,1
S006879,train,1,0,none,none,2025-02-23T19:30:00Z,,0
S006880,train,1,0,none,none,2025-02-23T19:40:00Z,,0
S006881,train,1,0,none,none,2025-02-23T19:50:00Z,,0
S006882,train,1,0,none,none,2025-02-23T20:00:00Z,,0
S006883,train,1,0,none,none,2025-02-23T20:10:00Z,,0
S006884,train,0,1,dram_electrical,dram_or_base,2025-02-23T20:20:00Z,,0
S006885,train,1,0,none,none,2025-02-23T20:30:00Z,,0
S006886,train,1,0,none,none,2025-02-23T20:40:00Z,,0
S006887,train,1,0,none,none,2025-02-23T20:50:00Z,,0
S006888,train,1,0,none,none,2025-02-23T21:00:00Z,,0
S006889,train,1,0,none,none,2025-02-23T21:10:00Z,,0
S006890,train,1,0,none,none,2025-02-23T21:20:00Z,,0
S006891,train,1,0,none,none,2025-02-23T21:30:00Z,,0
S006892,train,1,0,none,none,2025-02-23T21:40:00Z,,0
S006893,train,1,0,none,none,2025-02-23T21:50:00Z,,0
S006894,train,1,0,none,none,2025-02-23T22:00:00Z,,0
S006895,train,1,0,none,none,2025-02-23T22:10:00Z,,0
S006896,train,1,0,none,none,2025-02-23T22:20:00Z,,0
S006897,train,1,0,none,none,2025-02-23T22:30:00Z,,0
S006898,train,1,0,none,none,2025-02-23T22:40:00Z,,0
S006899,train,1,0,none,none,2025-02-23T22:50:00Z,,0
S006900,train,1,0,none,none,2025-02-23T23:00:00Z,1,1
S006901,train,1,0,none,none,2025-02-23T23:10:00Z,,0
S006902,train,1,0,none,none,2025-02-23T23:20:00Z,,0
S006903,train,1,0,none,none,2025-02-23T23:30:00Z,,0
S006904,train,1,0,none,none,2025-02-23T23:40:00Z,,0
S006905,train,0,1,warpage,assembly,2025-02-23T23:50:00Z,,0
S006906,train,1,0,none,none,2025-02-24T00:00:00Z,,0
S006907,train,1,0,none,none,2025-02-24T00:10:00Z,,0
S006908,train,1,0,none,none,2025-02-24T00:20:00Z,,0
S006909,train,1,0,none,none,2025-02-24T00:30:00Z,,0
S006910,train,1,0,none,none,2025-02-24T00:40:00Z,,0
S006911,train,1,0,none,none,2025-02-24T00:50:00Z,,0
S006912,train,1,0,none,none,2025-02-24T01:00:00Z,,0
S006913,train,1,0,none,none,2025-02-24T01:10:00Z,,0
S006914,train,1,0,none,none,2025-02-24T01:20:00Z,,0
S006915,train,1,0,none,none,2025-02-24T01:30:00Z,,0
S006916,train,1,0,none,none,2025-02-24T01:40:00Z,1,1
S006917,train,1,0,none,none,2025-02-24T01:50:00Z,,0
S006918,train,1,0,none,none,2025-02-24T02:00:00Z,,0
S006919,train,1,0,none,none,2025-02-24T02:10:00Z,,0
S006920,train,1,0,none,none,2025-02-24T02:20:00Z,,0
S006921,train,0,1,dram_electrical,dram_or_base,2025-02-24T02:30:00Z,,0
S006922,train,1,0,none,none,2025-02-24T02:40:00Z,1,1
S006923,train,1,0,none,none,2025-02-24T02:50:00Z,,0
S006924,train,1,0,none,none,2025-02-24T03:00:00Z,,0
S006925,train,1,0,none,none,2025-02-24T03:10:00Z,,0
S006926,train,1,0,none,none,2025-02-24T03:20:00Z,,0
S006927,train,1,0,none,none,2025-02-24T03:30:00Z,,0
S006928,train,1,0,none,none,2025-02-24T03:40:00Z,,0
S006929,train,1,0,none,none,2025-02-24T03:50:00Z,,0
S006930,train,1,0,none,none,2025-02-24T04:00:00Z,1,1
S006931,train,1,0,none,none,2025-02-24T04:10:00Z,,0
S006932,train,1,0,none,none,2025-02-24T04:20:00Z,1,1
S006933,train,1,0,none,none,2025-02-24T04:30:00Z,,0
S006934,train,1,0,none,none,2025-02-24T04:40:00Z,1,1
S006935,train,1,0,none,none,2025-02-24T04:50:00Z,,0
S006936,train,1,0,none,none,2025-02-24T05:00:00Z,,0
S006937,train,1,0,none,none,2025-02-24T05:10:00Z,,0
S006938,train,0,1,microbump_open_bridge,reflow,2025-02-24T05:20:00Z,,0
S006939,train,1,0,none,none,2025-02-24T05:30:00Z,,0
S006940,train,1,0,none,none,2025-02-24T05:40:00Z,,0
S006941,train,1,0,none,none,2025-02-24T05:50:00Z,,0
S006942,train,1,0,none,none,2025-02-24T06:00:00Z,,0
S006943,train,1,0,none,none,2025-02-24T06:10:00Z,,0
S006944,train,1,0,none,none,2025-02-24T06:20:00Z,,0
S006945,train,1,0,none,none,2025-02-24T06:30:00Z,,0
S006946,train,1,0,none,none,2025-02-24T06:40:00Z,,0
S006947,train,1,0,none,none,2025-02-24T06:50:00Z,,0
S006948,train,1,0,none,none,2025-02-24T07:00:00Z,,0
S006949,train,1,0,none,none,2025-02-24T07:10:00Z,1,1
S006950,train,1,0,none,none,2025-02-24T07:20:00Z,,0
S006951,train,1,0,none,none,2025-02-24T03:40:00Z,,0
S006952,train,1,0,none,none,2025-02-24T03:50:00Z,,0
S006953,train,1,0,none,none,2025-02-24T04:00:00Z,,0
S006954,train,1,0,none,none,2025-02-24T04:10:00Z,0,1
S006955,train,1,0,none,none,2025-02-24T04:20:00Z,1,1
S006956,train,1,0,none,none,2025-02-24T04:30:00Z,1,1
S006957,train,1,0,none,none,2025-02-24T04:40:00Z,1,1
S006958,train,1,0,none,none,2025-02-24T04:50:00Z,,0
S006959,train,1,0,none,none,2025-02-24T05:00:00Z,,0
S006960,train,1,0,none,none,2025-02-24T05:10:00Z,,0
S006961,train,1,0,none,none,2025-02-24T05:20:00Z,,0
S006962,train,1,0,none,none,2025-02-24T05:30:00Z,,0
S006963,train,1,0,none,none,2025-02-24T05:40:00Z,,0
S006964,train,1,0,none,none,2025-02-24T05:50:00Z,,0
S006965,train,1,0,none,none,2025-02-24T06:00:00Z,,0
S006966,train,1,0,none,none,2025-02-24T06:10:00Z,,0
S006967,train,0,1,warpage,assembly,2025-02-24T06:20:00Z,,0
S006968,train,1,0,none,none,2025-02-24T06:30:00Z,,0
S006969,train,1,0,none,none,2025-02-24T06:40:00Z,,0
S006970,train,1,0,none,none,2025-02-24T06:50:00Z,,0
S006971,train,1,0,none,none,2025-02-24T07:00:00Z,,0
S006972,train,1,0,none,none,2025-02-24T07:10:00Z,,0
S006973,train,1,0,none,none,2025-02-24T07:20:00Z,1,1
S006974,train,1,0,none,none,2025-02-24T07:30:00Z,,0
S006975,train,1,0,none,none,2025-02-24T07:40:00Z,1,1
S006976,train,1,0,none,none,2025-02-24T07:50:00Z,,0
S006977,train,0,1,warpage,assembly,2025-02-24T08:00:00Z,,0
S006978,train,1,0,none,none,2025-02-24T08:10:00Z,1,1
S006979,train,1,0,none,none,2025-02-24T08:20:00Z,,0
S006980,train,1,0,none,none,2025-02-24T08:30:00Z,,0
S006981,train,1,0,none,none,2025-02-24T08:40:00Z,,0
S006982,train,1,0,none,none,2025-02-24T08:50:00Z,,0
S006983,train,1,0,none,none,2025-02-24T09:00:00Z,,0
S006984,train,1,0,none,none,2025-02-24T09:10:00Z,,0
S006985,train,1,0,none,none,2025-02-24T09:20:00Z,1,1
S006986,train,1,0,none,none,2025-02-24T09:30:00Z,,0
S006987,train,1,0,none,none,2025-02-24T09:40:00Z,1,1
S006988,train,1,0,none,none,2025-02-24T09:50:00Z,,0
S006989,train,1,0,none,none,2025-02-24T10:00:00Z,,0
S006990,train,1,0,none,none,2025-02-24T10:10:00Z,,0
S006991,train,1,0,none,none,2025-02-24T10:20:00Z,,0
S006992,train,1,0,none,none,2025-02-24T10:30:00Z,,0
S006993,train,1,0,none,none,2025-02-24T10:40:00Z,,0
S006994,train,1,0,none,none,2025-02-24T10:50:00Z,,0
S006995,train,1,0,none,none,2025-02-24T11:00:00Z,1,1
S006996,train,1,0,none,none,2025-02-24T11:10:00Z,,0
S006997,train,1,0,none,none,2025-02-24T11:20:00Z,,0
S006998,train,1,0,none,none,2025-02-24T11:30:00Z,,0
S006999,train,1,0,none,none,2025-02-24T11:40:00Z,,0
S007000,train,0,1,underfill_void,molding,2025-02-24T11:50:00Z,,0
S007001,train,1,0,none,none,2025-02-24T12:00:00Z,,0
S007002,train,1,0,none,none,2025-02-24T12:10:00Z,,0
S007003,train,1,0,none,none,2025-02-24T12:20:00Z,,0
S007004,train,1,0,none,none,2025-02-24T12:30:00Z,,0
S007005,train,1,0,none,none,2025-02-24T12:40:00Z,0,1
S007006,train,1,0,none,none,2025-02-24T12:50:00Z,,0
S007007,train,0,1,underfill_void,molding,2025-02-24T13:00:00Z,,0
S007008,train,1,0,none,none,2025-02-24T13:10:00Z,,0
S007009,train,1,0,none,none,2025-02-24T13:20:00Z,1,1
S007010,train,1,0,none,none,2025-02-24T13:30:00Z,,0
S007011,train,1,0,none,none,2025-02-24T13:40:00Z,,0
S007012,train,1,0,none,none,2025-02-24T13:50:00Z,,0
S007013,train,1,0,none,none,2025-02-24T15:40:00Z,,0
S007014,train,1,0,none,none,2025-02-24T15:50:00Z,,0
S007015,train,1,0,none,none,2025-02-24T16:00:00Z,,0
S007016,train,1,0,none,none,2025-02-24T16:10:00Z,,0
S007017,train,1,0,none,none,2025-02-24T16:20:00Z,,0
S007018,train,1,0,none,none,2025-02-24T16:30:00Z,,0
S007019,train,1,0,none,none,2025-02-24T16:40:00Z,,0
S007020,train,1,0,none,none,2025-02-24T16:50:00Z,,0
S007021,train,1,0,none,none,2025-02-24T17:00:00Z,,0
S007022,train,1,0,none,none,2025-02-24T17:10:00Z,1,1
S007023,train,1,0,none,none,2025-02-24T17:20:00Z,1,1
S007024,train,1,0,none,none,2025-02-24T17:30:00Z,,0
S007025,train,0,1,microbump_open_bridge,reflow,2025-02-24T17:40:00Z,,0
S007026,train,1,0,none,none,2025-02-24T17:50:00Z,,0
S007027,train,1,0,none,none,2025-02-24T18:00:00Z,1,1
S007028,train,1,0,none,none,2025-02-24T18:10:00Z,,0
S007029,train,1,0,none,none,2025-02-24T18:20:00Z,1,1
S007030,train,1,0,none,none,2025-02-24T18:30:00Z,,0
S007031,train,1,0,none,none,2025-02-24T18:40:00Z,,0
S007032,train,0,1,underfill_void,molding,2025-02-24T18:50:00Z,,0
S007033,train,1,0,none,none,2025-02-24T19:00:00Z,,0
S007034,train,1,0,none,none,2025-02-24T19:10:00Z,,0
S007035,train,1,0,none,none,2025-02-24T19:20:00Z,,0
S007036,train,1,0,none,none,2025-02-24T19:30:00Z,,0
S007037,train,1,0,none,none,2025-02-24T19:40:00Z,,0
S007038,train,1,0,none,none,2025-02-24T19:50:00Z,,0
S007039,train,1,0,none,none,2025-02-24T20:00:00Z,,0
S007040,train,1,0,none,none,2025-02-24T20:10:00Z,,0
S007041,train,0,1,die_crack,handling,2025-02-24T20:20:00Z,,0
S007042,train,1,0,none,none,2025-02-24T20:30:00Z,,0
S007043,train,1,0,none,none,2025-02-24T20:40:00Z,1,1
S007044,train,1,0,none,none,2025-02-24T20:50:00Z,,0
S007045,train,1,0,none,none,2025-02-24T21:00:00Z,0,1
S007046,train,1,0,none,none,2025-02-24T21:10:00Z,,0
S007047,train,1,0,none,none,2025-02-24T21:20:00Z,,0
S007048,train,1,0,none,none,2025-02-24T21:30:00Z,,0
S007049,train,1,0,none,none,2025-02-24T21:40:00Z,,0
S007050,train,1,0,none,none,2025-02-24T21:50:00Z,,0
S007051,train,1,0,none,none,2025-02-24T22:00:00Z,,0
S007052,train,1,0,none,none,2025-02-24T22:10:00Z,1,1
S007053,train,1,0,none,none,2025-02-24T22:20:00Z,,0
S007054,train,1,0,none,none,2025-02-24T22:30:00Z,,0
S007055,train,1,0,none,none,2025-02-24T22:40:00Z,,0
S007056,train,1,0,none,none,2025-02-24T22:50:00Z,,0
S007057,train,1,0,none,none,2025-02-24T23:00:00Z,1,1
S007058,train,1,0,none,none,2025-02-24T23:10:00Z,,0
S007059,train,1,0,none,none,2025-02-24T23:20:00Z,,0
S007060,train,1,0,none,none,2025-02-24T23:30:00Z,,0
S007061,train,1,0,none,none,2025-02-24T23:40:00Z,,0
S007062,train,1,0,none,none,2025-02-24T23:50:00Z,,0
S007063,train,1,0,none,none,2025-02-25T00:00:00Z,,0
S007064,train,1,0,none,none,2025-02-25T00:10:00Z,,0
S007065,train,1,0,none,none,2025-02-25T00:20:00Z,,0
S007066,train,1,0,none,none,2025-02-25T00:30:00Z,,0
S007067,train,1,0,none,none,2025-02-25T00:40:00Z,,0
S007068,train,1,0,none,none,2025-02-25T00:50:00Z,,0
S007069,train,1,0,none,none,2025-02-25T01:00:00Z,,0
S007070,train,1,0,none,none,2025-02-25T01:10:00Z,,0
S007071,train,1,0,none,none,2025-02-25T01:20:00Z,,0
S007072,train,1,0,none,none,2025-02-25T01:30:00Z,,0
S007073,train,1,0,none,none,2025-02-25T01:40:00Z,,0
S007074,train,1,0,none,none,2025-02-25T01:50:00Z,,0
S007075,train,1,0,none,none,2025-02-25T02:00:00Z,,0
S007076,train,1,0,none,none,2025-02-25T02:10:00Z,,0
S007077,train,1,0,none,none,2025-02-25T03:40:00Z,,0
S007078,train,1,0,none,none,2025-02-25T03:50:00Z,1,1
S007079,train,1,0,none,none,2025-02-25T04:00:00Z,,0
S007080,train,1,0,none,none,2025-02-25T04:10:00Z,,0
S007081,train,1,0,none,none,2025-02-25T04:20:00Z,,0
S007082,train,1,0,none,none,2025-02-25T04:30:00Z,1,1
S007083,train,0,1,microbump_open_bridge,reflow,2025-02-25T04:40:00Z,,0
S007084,train,1,0,none,none,2025-02-25T04:50:00Z,,0
S007085,train,1,0,none,none,2025-02-25T05:00:00Z,,0
S007086,train,1,0,none,none,2025-02-25T05:10:00Z,,0
S007087,train,1,0,none,none,2025-02-25T05:20:00Z,,0
S007088,train,1,0,none,none,2025-02-25T05:30:00Z,,0
S007089,train,1,0,none,none,2025-02-25T05:40:00Z,,0
S007090,train,1,0,none,none,2025-02-25T05:50:00Z,1,1
S007091,train,1,0,none,none,2025-02-25T06:00:00Z,,0
S007092,train,1,0,none,none,2025-02-25T06:10:00Z,,0
S007093,train,1,0,none,none,2025-02-25T06:20:00Z,,0
S007094,train,1,0,none,none,2025-02-25T06:30:00Z,,0
S007095,train,1,0,none,none,2025-02-25T06:40:00Z,,0
S007096,train,1,0,none,none,2025-02-25T06:50:00Z,,0
S007097,train,1,0,none,none,2025-02-25T07:00:00Z,,0
S007098,train,1,0,none,none,2025-02-25T07:10:00Z,,0
S007099,train,1,0,none,none,2025-02-25T07:20:00Z,,0
S007100,train,1,0,none,none,2025-02-25T07:30:00Z,1,1
S007101,train,1,0,none,none,2025-02-25T07:40:00Z,,0
S007102,train,1,0,none,none,2025-02-25T07:50:00Z,1,1
S007103,train,1,0,none,none,2025-02-25T08:00:00Z,,0
S007104,train,1,0,none,none,2025-02-25T08:10:00Z,,0
S007105,train,1,0,none,none,2025-02-25T08:20:00Z,,0
S007106,train,1,0,none,none,2025-02-25T08:30:00Z,,0
S007107,train,1,0,none,none,2025-02-25T08:40:00Z,,0
S007108,train,1,0,none,none,2025-02-25T08:50:00Z,,0
S007109,train,1,0,none,none,2025-02-25T09:00:00Z,,0
S007110,train,1,0,none,none,2025-02-25T09:10:00Z,,0
S007111,train,1,0,none,none,2025-02-25T09:20:00Z,,0
S007112,train,1,0,none,none,2025-02-25T09:30:00Z,,0
S007113,train,1,0,none,none,2025-02-25T09:40:00Z,1,1
S007114,train,1,0,none,none,2025-02-25T09:50:00Z,,0
S007115,train,1,0,none,none,2025-02-25T10:00:00Z,,0
S007116,train,1,0,none,none,2025-02-25T10:10:00Z,,0
S007117,train,1,0,none,none,2025-02-25T10:20:00Z,,0
S007118,train,1,0,none,none,2025-02-25T10:30:00Z,,0
S007119,train,1,0,none,none,2025-02-25T10:40:00Z,,0
S007120,train,1,0,none,none,2025-02-25T10:50:00Z,1,1
S007121,train,1,0,none,none,2025-02-25T11:00:00Z,,0
S007122,train,1,0,none,none,2025-02-25T11:10:00Z,1,1
S007123,train,1,0,none,none,2025-02-25T11:20:00Z,1,1
S007124,train,1,0,none,none,2025-02-25T11:30:00Z,,0
S007125,train,1,0,none,none,2025-02-25T11:40:00Z,,0
S007126,train,1,0,none,none,2025-02-25T11:50:00Z,,0
S007127,train,1,0,none,none,2025-02-25T12:00:00Z,1,1
S007128,train,1,0,none,none,2025-02-25T12:10:00Z,1,1
S007129,train,1,0,none,none,2025-02-25T12:20:00Z,,0
S007130,train,1,0,none,none,2025-02-25T12:30:00Z,,0
S007131,train,1,0,none,none,2025-02-25T12:40:00Z,,0
S007132,train,1,0,none,none,2025-02-25T12:50:00Z,,0
S007133,train,1,0,none,none,2025-02-25T13:00:00Z,,0
S007134,train,1,0,none,none,2025-02-25T13:10:00Z,1,1
S007135,train,1,0,none,none,2025-02-25T13:20:00Z,,0
S007136,train,1,0,none,none,2025-02-25T13:30:00Z,1,1
S007137,train,1,0,none,none,2025-02-25T13:40:00Z,,0
S007138,train,1,0,none,none,2025-02-25T13:50:00Z,,0
S007139,train,1,0,none,none,2025-02-25T14:00:00Z,,0
S007140,train,0,1,die_crack,handling,2025-02-25T14:10:00Z,,0
S007141,train,1,0,none,none,2025-02-25T14:20:00Z,,0
S007142,train,1,0,none,none,2025-02-25T14:30:00Z,,0
S007143,train,1,0,none,none,2025-02-25T14:40:00Z,,0
S007144,train,0,1,microbump_open_bridge,reflow,2025-02-25T14:50:00Z,,0
S007145,train,0,1,microbump_open_bridge,reflow,2025-02-25T15:00:00Z,,0
S007146,train,1,0,none,none,2025-02-25T15:10:00Z,,0
S007147,train,1,0,none,none,2025-02-25T15:20:00Z,1,1
S007148,train,1,0,none,none,2025-02-25T15:30:00Z,,0
S007149,train,1,0,none,none,2025-02-25T15:40:00Z,,0
S007150,train,0,1,microbump_open_bridge,reflow,2025-02-25T15:50:00Z,,0
S007151,train,1,0,none,none,2025-02-25T16:00:00Z,,0
S007152,train,1,0,none,none,2025-02-25T16:10:00Z,,0
S007153,train,1,0,none,none,2025-02-25T16:20:00Z,1,1
S007154,train,1,0,none,none,2025-02-25T16:30:00Z,,0
S007155,train,1,0,none,none,2025-02-25T16:40:00Z,,0
S007156,train,1,0,none,none,2025-02-25T16:50:00Z,,0
S007157,train,1,0,none,none,2025-02-25T17:00:00Z,,0
S007158,train,1,0,none,none,2025-02-25T17:10:00Z,,0
S007159,train,1,0,none,none,2025-02-25T17:20:00Z,,0
S007160,train,1,0,none,none,2025-02-25T17:30:00Z,,0
S007161,train,1,0,none,none,2025-02-25T17:40:00Z,,0
S007162,train,1,0,none,none,2025-02-25T17:50:00Z,,0
S007163,train,1,0,none,none,2025-02-25T18:00:00Z,,0
S007164,train,1,0,none,none,2025-02-25T18:10:00Z,,0
S007165,train,1,0,none,none,2025-02-25T18:20:00Z,,0
S007166,train,1,0,none,none,2025-02-25T18:30:00Z,,0
S007167,train,1,0,none,none,2025-02-25T18:40:00Z,,0
S007168,train,1,0,none,none,2025-02-25T18:50:00Z,,0
S007169,train,1,0,none,none,2025-02-25T19:00:00Z,,0
S007170,train,1,0,none,none,2025-02-25T19:10:00Z,,0
S007171,train,1,0,none,none,2025-02-25T19:20:00Z,1,1
S007172,train,1,0,none,none,2025-02-25T15:40:00Z,,0
S007173,train,1,0,none,none,2025-02-25T15:50:00Z,,0
S007174,train,1,0,none,none,2025-02-25T16:00:00Z,,0
S007175,train,1,0,none,none,2025-02-25T16:10:00Z,,0
S007176,train,1,0,none,none,2025-02-25T16:20:00Z,,0
S007177,train,1,0,none,none,2025-02-25T16:30:00Z,,0
S007178,train,1,0,none,none,2025-02-25T16:40:00Z,,0
S007179,train,1,0,none,none,2025-02-25T16:50:00Z,,0
S007180,train,1,0,none,none,2025-02-25T17:00:00Z,1,1
S007181,train,1,0,none,none,2025-02-25T17:10:00Z,1,1
S007182,train,1,0,none,none,2025-02-25T17:20:00Z,,0
S007183,train,1,0,none,none,2025-02-25T17:30:00Z,,0
S007184,train,1,0,none,none,2025-02-25T17:40:00Z,,0
S007185,train,1,0,none,none,2025-02-25T17:50:00Z,,0
S007186,train,1,0,none,none,2025-02-25T18:00:00Z,,0
S007187,train,1,0,none,none,2025-02-25T18:10:00Z,1,1
S007188,train,1,0,none,none,2025-02-25T18:20:00Z,1,1
S007189,train,1,0,none,none,2025-02-25T18:30:00Z,,0
S007190,train,1,0,none,none,2025-02-25T18:40:00Z,,0
S007191,train,1,0,none,none,2025-02-25T18:50:00Z,,0
S007192,train,1,0,none,none,2025-02-25T19:00:00Z,,0
S007193,train,1,0,none,none,2025-02-25T19:10:00Z,,0
S007194,train,1,0,none,none,2025-02-25T19:20:00Z,,0
S007195,train,1,0,none,none,2025-02-25T19:30:00Z,,0
S007196,train,1,0,none,none,2025-02-25T19:40:00Z,,0
S007197,train,1,0,none,none,2025-02-25T19:50:00Z,,0
S007198,train,1,0,none,none,2025-02-25T20:00:00Z,1,1
S007199,train,1,0,none,none,2025-02-25T20:10:00Z,1,1
S007200,train,1,0,none,none,2025-02-25T20:20:00Z,,0
S007201,train,1,0,none,none,2025-02-25T20:30:00Z,,0
S007202,train,1,0,none,none,2025-02-25T20:40:00Z,,0
S007203,train,1,0,none,none,2025-02-25T20:50:00Z,,0
S007204,train,1,0,none,none,2025-02-25T21:00:00Z,,0
S007205,train,1,0,none,none,2025-02-25T21:10:00Z,,0
S007206,train,1,0,none,none,2025-02-25T21:20:00Z,,0
S007207,train,1,0,none,none,2025-02-25T21:30:00Z,,0
S007208,train,1,0,none,none,2025-02-25T21:40:00Z,,0
S007209,train,1,0,none,none,2025-02-25T21:50:00Z,1,1
S007210,train,1,0,none,none,2025-02-25T22:00:00Z,1,1
S007211,train,1,0,none,none,2025-02-25T22:10:00Z,1,1
S007212,train,1,0,none,none,2025-02-25T22:20:00Z,,0
S007213,train,1,0,none,none,2025-02-25T22:30:00Z,,0
S007214,train,1,0,none,none,2025-02-25T22:40:00Z,,0
S007215,train,0,1,warpage,assembly,2025-02-25T22:50:00Z,,0
S007216,train,1,0,none,none,2025-02-25T23:00:00Z,,0
S007217,train,1,0,none,none,2025-02-25T23:10:00Z,,0
S007218,train,1,0,none,none,2025-02-25T23:20:00Z,1,1
S007219,train,1,0,none,none,2025-02-25T23:30:00Z,,0
S007220,train,1,0,none,none,2025-02-25T23:40:00Z,,0
S007221,train,1,0,none,none,2025-02-25T23:50:00Z,1,1
S007222,train,1,0,none,none,2025-02-26T00:00:00Z,,0
S007223,train,1,0,none,none,2025-02-26T00:10:00Z,,0
S007224,train,1,0,none,none,2025-02-26T00:20:00Z,,0
S007225,train,1,0,none,none,2025-02-26T00:30:00Z,,0
S007226,train,1,0,none,none,2025-02-26T00:40:00Z,,0
S007227,train,0,1,warpage,assembly,2025-02-26T00:50:00Z,,0
S007228,train,1,0,none,none,2025-02-26T01:00:00Z,1,1
S007229,train,1,0,none,none,2025-02-26T01:10:00Z,,0
S007230,train,1,0,none,none,2025-02-26T01:20:00Z,,0
S007231,train,1,0,none,none,2025-02-26T01:30:00Z,1,1
S007232,train,1,0,none,none,2025-02-26T01:40:00Z,,0
S007233,train,1,0,none,none,2025-02-26T01:50:00Z,,0
S007234,train,1,0,none,none,2025-02-26T02:00:00Z,,0
S007235,train,1,0,none,none,2025-02-26T02:10:00Z,,0
S007236,train,1,0,none,none,2025-02-26T03:40:00Z,,0
S007237,train,1,0,none,none,2025-02-26T03:50:00Z,,0
S007238,train,1,0,none,none,2025-02-26T04:00:00Z,1,1
S007239,train,1,0,none,none,2025-02-26T04:10:00Z,1,1
S007240,train,1,0,none,none,2025-02-26T04:20:00Z,,0
S007241,train,1,0,none,none,2025-02-26T04:30:00Z,,0
S007242,train,1,0,none,none,2025-02-26T04:40:00Z,,0
S007243,train,1,0,none,none,2025-02-26T04:50:00Z,,0
S007244,train,1,0,none,none,2025-02-26T05:00:00Z,1,1
S007245,train,1,0,none,none,2025-02-26T05:10:00Z,,0
S007246,train,1,0,none,none,2025-02-26T05:20:00Z,1,1
S007247,train,1,0,none,none,2025-02-26T05:30:00Z,,0
S007248,train,1,0,none,none,2025-02-26T05:40:00Z,,0
S007249,train,1,0,none,none,2025-02-26T05:50:00Z,,0
S007250,train,0,1,tsv_open_short,tsv_or_interconnect,2025-02-26T06:00:00Z,,0
S007251,train,0,1,warpage,assembly,2025-02-26T06:10:00Z,,0
S007252,train,1,0,none,none,2025-02-26T06:20:00Z,,0
S007253,train,1,0,none,none,2025-02-26T06:30:00Z,,0
S007254,train,1,0,none,none,2025-02-26T06:40:00Z,0,1
S007255,train,1,0,none,none,2025-02-26T06:50:00Z,,0
S007256,train,1,0,none,none,2025-02-26T07:00:00Z,,0
S007257,train,0,1,die_crack,handling,2025-02-26T07:10:00Z,,0
S007258,train,1,0,none,none,2025-02-26T07:20:00Z,,0
S007259,train,1,0,none,none,2025-02-26T07:30:00Z,,0
S007260,train,1,0,none,none,2025-02-26T07:40:00Z,,0
S007261,train,1,0,none,none,2025-02-26T07:50:00Z,,0
S007262,train,1,0,none,none,2025-02-26T08:00:00Z,,0
S007263,train,1,0,none,none,2025-02-26T08:10:00Z,,0
S007264,train,1,0,none,none,2025-02-26T08:20:00Z,,0
S007265,train,1,0,none,none,2025-02-26T08:30:00Z,,0
S007266,train,1,0,none,none,2025-02-26T08:40:00Z,,0
S007267,train,1,0,none,none,2025-02-26T08:50:00Z,,0
S007268,train,1,0,none,none,2025-02-26T09:00:00Z,,0
S007269,train,1,0,none,none,2025-02-26T09:10:00Z,,0
S007270,train,1,0,none,none,2025-02-26T09:20:00Z,,0
S007271,train,1,0,none,none,2025-02-26T09:30:00Z,1,1
S007272,train,0,1,underfill_void,molding,2025-02-26T09:40:00Z,,0
S007273,train,1,0,none,none,2025-02-26T09:50:00Z,,0
S007274,train,1,0,none,none,2025-02-26T10:00:00Z,,0
S007275,train,1,0,none,none,2025-02-26T10:10:00Z,,0
S007276,train,1,0,none,none,2025-02-26T10:20:00Z,,0
S007277,train,1,0,none,none,2025-02-26T10:30:00Z,,0
S007278,train,1,0,none,none,2025-02-26T10:40:00Z,,0
S007279,train,1,0,none,none,2025-02-26T10:50:00Z,,0
S007280,train,1,0,none,none,2025-02-26T11:00:00Z,1,1
S007281,train,1,0,none,none,2025-02-26T11:10:00Z,,0
S007282,train,1,0,none,none,2025-02-26T11:20:00Z,1,1
S007283,train,1,0,none,none,2025-02-26T11:30:00Z,,0
S007284,train,1,0,none,none,2025-02-26T11:40:00Z,,0
S007285,train,1,0,none,none,2025-02-26T11:50:00Z,,0
S007286,train,1,0,none,none,2025-02-26T12:00:00Z,,0
S007287,train,1,0,none,none,2025-02-26T12:10:00Z,,0
S007288,train,1,0,none,none,2025-02-26T12:20:00Z,,0
S007289,train,1,0,none,none,2025-02-26T12:30:00Z,,0
S007290,train,1,0,none,none,2025-02-26T12:40:00Z,1,1
S007291,train,1,0,none,none,2025-02-26T12:50:00Z,,0
S007292,train,0,1,underfill_void,molding,2025-02-26T13:00:00Z,,0
S007293,train,1,0,none,none,2025-02-26T13:10:00Z,1,1
S007294,train,0,1,multiple,multiple,2025-02-26T13:20:00Z,,0
S007295,train,1,0,none,none,2025-02-26T13:30:00Z,,0
S007296,train,1,0,none,none,2025-02-26T13:40:00Z,,0
S007297,train,1,0,none,none,2025-02-26T13:50:00Z,,0
S007298,train,1,0,none,none,2025-02-26T14:00:00Z,1,1
S007299,train,1,0,none,none,2025-02-26T14:10:00Z,,0
S007300,train,1,0,none,none,2025-02-26T14:20:00Z,,0
S007301,train,1,0,none,none,2025-02-26T14:30:00Z,,0
S007302,train,1,0,none,none,2025-02-26T14:40:00Z,1,1
S007303,train,1,0,none,none,2025-02-26T14:50:00Z,,0
S007304,train,1,0,none,none,2025-02-26T15:00:00Z,1,1
S007305,train,1,0,none,none,2025-02-26T15:10:00Z,,0
S007306,train,1,0,none,none,2025-02-26T15:20:00Z,,0
S007307,train,1,0,none,none,2025-02-26T15:30:00Z,,0
S007308,train,1,0,none,none,2025-02-26T15:40:00Z,1,1
S007309,train,1,0,none,none,2025-02-26T15:50:00Z,,0
S007310,train,1,0,none,none,2025-02-26T16:00:00Z,,0
S007311,train,1,0,none,none,2025-02-26T16:10:00Z,,0
S007312,train,0,1,underfill_void,molding,2025-02-26T16:20:00Z,,0
S007313,train,1,0,none,none,2025-02-26T16:30:00Z,1,1
S007314,train,1,0,none,none,2025-02-26T16:40:00Z,,0
S007315,train,1,0,none,none,2025-02-26T16:50:00Z,,0
S007316,train,1,0,none,none,2025-02-26T17:00:00Z,,0
S007317,train,1,0,none,none,2025-02-26T17:10:00Z,,0
S007318,train,1,0,none,none,2025-02-26T17:20:00Z,1,1
S007319,train,1,0,none,none,2025-02-26T17:30:00Z,,0
S007320,train,1,0,none,none,2025-02-26T17:40:00Z,,0
S007321,train,1,0,none,none,2025-02-26T17:50:00Z,,0
S007322,train,1,0,none,none,2025-02-26T18:00:00Z,,0
S007323,train,1,0,none,none,2025-02-26T18:10:00Z,1,1
S007324,train,1,0,none,none,2025-02-26T18:20:00Z,,0
S007325,train,1,0,none,none,2025-02-26T18:30:00Z,,0
S007326,train,1,0,none,none,2025-02-26T18:40:00Z,,0
S007327,train,1,0,none,none,2025-02-26T18:50:00Z,,0
S007328,train,1,0,none,none,2025-02-26T19:00:00Z,,0
S007329,train,1,0,none,none,2025-02-26T19:10:00Z,,0
S007330,train,1,0,none,none,2025-02-26T19:20:00Z,,0
S007331,train,1,0,none,none,2025-02-26T19:30:00Z,,0
S007332,train,1,0,none,none,2025-02-26T15:40:00Z,,0
S007333,train,1,0,none,none,2025-02-26T15:50:00Z,,0
S007334,train,1,0,none,none,2025-02-26T16:00:00Z,,0
S007335,train,1,0,none,none,2025-02-26T16:10:00Z,,0
S007336,train,1,0,none,none,2025-02-26T16:20:00Z,,0
S007337,train,1,0,none,none,2025-02-26T16:30:00Z,,0
S007338,train,1,0,none,none,2025-02-26T16:40:00Z,,0
S007339,train,1,0,none,none,2025-02-26T16:50:00Z,,0
S007340,train,1,0,none,none,2025-02-26T17:00:00Z,,0
S007341,train,0,1,die_crack,handling,2025-02-26T17:10:00Z,,0
S007342,train,1,0,none,none,2025-02-26T17:20:00Z,,0
S007343,train,1,0,none,none,2025-02-26T17:30:00Z,,0
S007344,train,1,0,none,none,2025-02-26T17:40:00Z,,0
S007345,train,1,0,none,none,2025-02-26T17:50:00Z,,0
S007346,train,1,0,none,none,2025-02-26T18:00:00Z,1,1
S007347,train,1,0,none,none,2025-02-26T18:10:00Z,,0
S007348,train,1,0,none,none,2025-02-26T18:20:00Z,,0
S007349,train,1,0,none,none,2025-02-26T18:30:00Z,,0
S007350,train,1,0,none,none,2025-02-26T18:40:00Z,1,1
S007351,train,1,0,none,none,2025-02-26T18:50:00Z,,0
S007352,train,1,0,none,none,2025-02-26T19:00:00Z,1,1
S007353,train,1,0,none,none,2025-02-26T19:10:00Z,1,1
S007354,train,1,0,none,none,2025-02-26T19:20:00Z,,0
S007355,train,0,1,multiple,multiple,2025-02-26T19:30:00Z,,0
S007356,train,1,0,none,none,2025-02-26T19:40:00Z,,0
S007357,train,1,0,none,none,2025-02-26T19:50:00Z,,0
S007358,train,0,1,underfill_void,molding,2025-02-26T20:00:00Z,,0
S007359,train,1,0,none,none,2025-02-26T20:10:00Z,1,1
S007360,train,1,0,none,none,2025-02-26T20:20:00Z,,0
S007361,train,1,0,none,none,2025-02-26T20:30:00Z,,0
S007362,train,1,0,none,none,2025-02-26T20:40:00Z,,0
S007363,train,1,0,none,none,2025-02-26T20:50:00Z,0,1
S007364,train,1,0,none,none,2025-02-26T21:00:00Z,1,1
S007365,train,0,1,warpage,assembly,2025-02-26T21:10:00Z,,0
S007366,train,1,0,none,none,2025-02-26T21:20:00Z,,0
S007367,train,1,0,none,none,2025-02-26T21:30:00Z,,0
S007368,train,1,0,none,none,2025-02-26T21:40:00Z,,0
S007369,train,1,0,none,none,2025-02-26T21:50:00Z,,0
S007370,train,1,0,none,none,2025-02-26T22:00:00Z,1,1
S007371,train,1,0,none,none,2025-02-26T22:10:00Z,,0
S007372,train,1,0,none,none,2025-02-26T22:20:00Z,,0
S007373,train,1,0,none,none,2025-02-26T22:30:00Z,,0
S007374,train,1,0,none,none,2025-02-26T22:40:00Z,,0
S007375,train,1,0,none,none,2025-02-26T22:50:00Z,,0
S007376,train,1,0,none,none,2025-02-26T23:00:00Z,,0
S007377,train,1,0,none,none,2025-02-26T23:10:00Z,,0
S007378,train,1,0,none,none,2025-02-26T23:20:00Z,1,1
S007379,train,1,0,none,none,2025-02-26T23:30:00Z,,0
S007380,train,1,0,none,none,2025-02-26T23:40:00Z,,0
S007381,train,1,0,none,none,2025-02-26T23:50:00Z,,0
S007382,train,1,0,none,none,2025-02-27T00:00:00Z,1,1
S007383,train,1,0,none,none,2025-02-27T00:10:00Z,,0
S007384,train,1,0,none,none,2025-02-27T00:20:00Z,,0
S007385,train,1,0,none,none,2025-02-27T00:30:00Z,,0
S007386,train,1,0,none,none,2025-02-27T00:40:00Z,1,1
S007387,train,1,0,none,none,2025-02-27T00:50:00Z,,0
S007388,train,1,0,none,none,2025-02-27T01:00:00Z,,0
S007389,train,1,0,none,none,2025-02-27T01:10:00Z,,0
S007390,train,0,1,warpage,assembly,2025-02-27T01:20:00Z,,0
S007391,train,1,0,none,none,2025-02-27T01:30:00Z,,0
S007392,train,1,0,none,none,2025-02-27T01:40:00Z,,0
S007393,train,0,1,underfill_void,molding,2025-02-27T01:50:00Z,,0
S007394,train,1,0,none,none,2025-02-27T02:00:00Z,,0
S007395,train,1,0,none,none,2025-02-27T03:40:00Z,,0
S007396,train,1,0,none,none,2025-02-27T03:50:00Z,,0
S007397,train,1,0,none,none,2025-02-27T04:00:00Z,,0
S007398,train,1,0,none,none,2025-02-27T04:10:00Z,,0
S007399,train,1,0,none,none,2025-02-27T04:20:00Z,,0
S007400,train,1,0,none,none,2025-02-27T04:30:00Z,1,1
S007401,train,1,0,none,none,2025-02-27T04:40:00Z,,0
S007402,train,1,0,none,none,2025-02-27T04:50:00Z,,0
S007403,train,1,0,none,none,2025-02-27T05:00:00Z,,0
S007404,train,1,0,none,none,2025-02-27T05:10:00Z,,0
S007405,train,1,0,none,none,2025-02-27T05:20:00Z,,0
S007406,train,1,0,none,none,2025-02-27T05:30:00Z,1,1
S007407,train,1,0,none,none,2025-02-27T05:40:00Z,1,1
S007408,train,1,0,none,none,2025-02-27T05:50:00Z,,0
S007409,train,1,0,none,none,2025-02-27T06:00:00Z,,0
S007410,train,1,0,none,none,2025-02-27T06:10:00Z,,0
S007411,train,1,0,none,none,2025-02-27T06:20:00Z,,0
S007412,train,1,0,none,none,2025-02-27T06:30:00Z,,0
S007413,train,1,0,none,none,2025-02-27T06:40:00Z,,0
S007414,train,1,0,none,none,2025-02-27T06:50:00Z,1,1
S007415,train,1,0,none,none,2025-02-27T07:00:00Z,,0
S007416,train,1,0,none,none,2025-02-27T07:10:00Z,1,1
S007417,train,1,0,none,none,2025-02-27T07:20:00Z,,0
S007418,train,1,0,none,none,2025-02-27T07:30:00Z,,0
S007419,train,0,1,microbump_open_bridge,reflow,2025-02-27T07:40:00Z,,0
S007420,train,1,0,none,none,2025-02-27T07:50:00Z,,0
S007421,train,1,0,none,none,2025-02-27T08:00:00Z,,0
S007422,train,1,0,none,none,2025-02-27T08:10:00Z,,0
S007423,train,1,0,none,none,2025-02-27T08:20:00Z,,0
S007424,train,1,0,none,none,2025-02-27T08:30:00Z,,0
S007425,train,1,0,none,none,2025-02-27T08:40:00Z,,0
S007426,train,1,0,none,none,2025-02-27T08:50:00Z,,0
S007427,train,1,0,none,none,2025-02-27T09:00:00Z,,0
S007428,train,1,0,none,none,2025-02-27T09:10:00Z,,0
S007429,train,1,0,none,none,2025-02-27T09:20:00Z,,0
S007430,train,1,0,none,none,2025-02-27T09:30:00Z,,0
S007431,train,1,0,none,none,2025-02-27T09:40:00Z,,0
S007432,train,1,0,none,none,2025-02-27T09:50:00Z,,0
S007433,train,1,0,none,none,2025-02-27T10:00:00Z,,0
S007434,train,1,0,none,none,2025-02-27T10:10:00Z,,0
S007435,train,1,0,none,none,2025-02-27T10:20:00Z,1,1
S007436,train,1,0,none,none,2025-02-27T10:30:00Z,,0
S007437,train,1,0,none,none,2025-02-27T10:40:00Z,,0
S007438,train,1,0,none,none,2025-02-27T10:50:00Z,,0
S007439,train,1,0,none,none,2025-02-27T11:00:00Z,,0
S007440,train,1,0,none,none,2025-02-27T11:10:00Z,,0
S007441,train,1,0,none,none,2025-02-27T11:20:00Z,,0
S007442,train,1,0,none,none,2025-02-27T11:30:00Z,,0
S007443,train,1,0,none,none,2025-02-27T11:40:00Z,,0
S007444,train,1,0,none,none,2025-02-27T11:50:00Z,,0
S007445,train,1,0,none,none,2025-02-27T12:00:00Z,,0
S007446,train,1,0,none,none,2025-02-27T12:10:00Z,1,1
S007447,train,1,0,none,none,2025-02-27T12:20:00Z,,0
S007448,train,1,0,none,none,2025-02-27T12:30:00Z,,0
S007449,train,1,0,none,none,2025-02-27T12:40:00Z,1,1
S007450,train,1,0,none,none,2025-02-27T12:50:00Z,,0
S007451,train,1,0,none,none,2025-02-27T13:00:00Z,,0
S007452,train,1,0,none,none,2025-02-27T13:10:00Z,,0
S007453,train,1,0,none,none,2025-02-27T13:20:00Z,1,1
S007454,train,1,0,none,none,2025-02-27T13:30:00Z,,0
S007455,train,1,0,none,none,2025-02-27T13:40:00Z,,0
S007456,train,1,0,none,none,2025-02-27T13:50:00Z,,0
S007457,train,1,0,none,none,2025-02-27T14:00:00Z,1,1
S007458,train,1,0,none,none,2025-02-27T14:10:00Z,,0
S007459,train,1,0,none,none,2025-02-27T14:20:00Z,,0
S007460,train,1,0,none,none,2025-02-27T14:30:00Z,,0
S007461,train,1,0,none,none,2025-02-27T14:40:00Z,,0
S007462,train,1,0,none,none,2025-02-27T14:50:00Z,1,1
S007463,train,1,0,none,none,2025-02-27T15:00:00Z,,0
S007464,train,1,0,none,none,2025-02-27T15:10:00Z,,0
S007465,train,1,0,none,none,2025-02-27T15:20:00Z,,0
S007466,train,1,0,none,none,2025-02-27T15:30:00Z,,0
S007467,train,1,0,none,none,2025-02-27T15:40:00Z,,0
S007468,train,1,0,none,none,2025-02-27T15:50:00Z,,0
S007469,train,1,0,none,none,2025-02-27T16:00:00Z,,0
S007470,train,1,0,none,none,2025-02-27T16:10:00Z,1,1
S007471,train,1,0,none,none,2025-02-27T16:20:00Z,,0
S007472,train,1,0,none,none,2025-02-27T16:30:00Z,,0
S007473,train,1,0,none,none,2025-02-27T16:40:00Z,,0
S007474,train,1,0,none,none,2025-02-27T16:50:00Z,1,1
S007475,train,1,0,none,none,2025-02-27T17:00:00Z,,0
S007476,train,1,0,none,none,2025-02-27T17:10:00Z,1,1
S007477,train,1,0,none,none,2025-02-27T17:20:00Z,,0
S007478,train,1,0,none,none,2025-02-27T17:30:00Z,,0
S007479,train,1,0,none,none,2025-02-27T17:40:00Z,,0
S007480,train,1,0,none,none,2025-02-27T17:50:00Z,,0
S007481,train,1,0,none,none,2025-02-27T18:00:00Z,,0
S007482,train,1,0,none,none,2025-02-27T18:10:00Z,,0
S007483,train,1,0,none,none,2025-02-27T18:20:00Z,,0
S007484,train,1,0,none,none,2025-02-27T18:30:00Z,,0
S007485,train,1,0,none,none,2025-02-27T18:40:00Z,,0
S007486,train,1,0,none,none,2025-02-27T18:50:00Z,1,1
S007487,train,1,0,none,none,2025-02-27T19:00:00Z,1,1
S007488,train,1,0,none,none,2025-02-27T19:10:00Z,,0
S007489,train,1,0,none,none,2025-02-27T19:20:00Z,,0
S007490,train,1,0,none,none,2025-02-27T19:30:00Z,,0
S007491,train,1,0,none,none,2025-02-27T15:40:00Z,,0
S007492,train,1,0,none,none,2025-02-27T15:50:00Z,1,1
S007493,train,1,0,none,none,2025-02-27T16:00:00Z,1,1
S007494,train,1,0,none,none,2025-02-27T16:10:00Z,1,1
S007495,train,1,0,none,none,2025-02-27T16:20:00Z,1,1
S007496,train,1,0,none,none,2025-02-27T16:30:00Z,,0
S007497,train,1,0,none,none,2025-02-27T16:40:00Z,,0
S007498,train,1,0,none,none,2025-02-27T16:50:00Z,1,1
S007499,train,1,0,none,none,2025-02-27T17:00:00Z,,0
S007500,train,1,0,none,none,2025-02-27T17:10:00Z,,0
S007501,train,1,0,none,none,2025-02-27T17:20:00Z,,0
S007502,train,1,0,none,none,2025-02-27T17:30:00Z,,0
S007503,train,1,0,none,none,2025-02-27T17:40:00Z,,0
S007504,train,1,0,none,none,2025-02-27T17:50:00Z,,0
S007505,train,1,0,none,none,2025-02-27T18:00:00Z,1,1
S007506,train,1,0,none,none,2025-02-27T18:10:00Z,,0
S007507,train,1,0,none,none,2025-02-27T18:20:00Z,,0
S007508,train,1,0,none,none,2025-02-27T18:30:00Z,,0
S007509,train,0,1,underfill_void,molding,2025-02-27T18:40:00Z,,0
S007510,train,1,0,none,none,2025-02-27T18:50:00Z,,0
S007511,train,0,1,underfill_void,molding,2025-02-27T19:00:00Z,,0
S007512,train,1,0,none,none,2025-02-27T19:10:00Z,,0
S007513,train,1,0,none,none,2025-02-27T19:20:00Z,,0
S007514,train,1,0,none,none,2025-02-27T19:30:00Z,,0
S007515,train,1,0,none,none,2025-02-27T19:40:00Z,0,1
S007516,train,1,0,none,none,2025-02-27T19:50:00Z,,0
S007517,train,1,0,none,none,2025-02-27T20:00:00Z,,0
S007518,train,1,0,none,none,2025-02-27T20:10:00Z,,0
S007519,train,0,1,warpage,assembly,2025-02-27T20:20:00Z,,0
S007520,train,1,0,none,none,2025-02-27T20:30:00Z,,0
S007521,train,1,0,none,none,2025-02-27T20:40:00Z,,0
S007522,train,1,0,none,none,2025-02-27T20:50:00Z,,0
S007523,train,1,0,none,none,2025-02-27T21:00:00Z,1,1
S007524,train,1,0,none,none,2025-02-27T21:10:00Z,,0
S007525,train,1,0,none,none,2025-02-27T21:20:00Z,1,1
S007526,train,1,0,none,none,2025-02-27T21:30:00Z,,0
S007527,train,1,0,none,none,2025-02-27T21:40:00Z,,0
S007528,train,1,0,none,none,2025-02-27T21:50:00Z,,0
S007529,train,1,0,none,none,2025-02-27T22:00:00Z,,0
S007530,train,1,0,none,none,2025-02-27T22:10:00Z,,0
S007531,train,1,0,none,none,2025-02-27T22:20:00Z,,0
S007532,train,1,0,none,none,2025-02-27T22:30:00Z,,0
S007533,train,1,0,none,none,2025-02-27T22:40:00Z,,0
S007534,train,1,0,none,none,2025-02-27T22:50:00Z,,0
S007535,train,1,0,none,none,2025-02-27T23:00:00Z,,0
S007536,train,1,0,none,none,2025-02-27T23:10:00Z,,0
S007537,train,1,0,none,none,2025-02-27T23:20:00Z,,0
S007538,train,1,0,none,none,2025-02-27T23:30:00Z,,0
S007539,train,1,0,none,none,2025-02-27T23:40:00Z,1,1
S007540,train,1,0,none,none,2025-02-27T23:50:00Z,,0
S007541,train,1,0,none,none,2025-02-28T00:00:00Z,,0
S007542,train,1,0,none,none,2025-02-28T00:10:00Z,,0
S007543,train,1,0,none,none,2025-02-28T00:20:00Z,,0
S007544,train,1,0,none,none,2025-02-28T00:30:00Z,,0
S007545,train,1,0,none,none,2025-02-28T00:40:00Z,,0
S007546,train,1,0,none,none,2025-02-28T00:50:00Z,,0
S007547,train,1,0,none,none,2025-02-28T01:00:00Z,,0
S007548,train,1,0,none,none,2025-02-28T01:10:00Z,,0
S007549,train,1,0,none,none,2025-02-28T01:20:00Z,1,1
S007550,train,1,0,none,none,2025-02-28T01:30:00Z,1,1
S007551,train,1,0,none,none,2025-02-28T01:40:00Z,,0
S007552,train,1,0,none,none,2025-02-28T01:50:00Z,,0
S007553,train,1,0,none,none,2025-02-28T02:00:00Z,,0
S007554,train,1,0,none,none,2025-02-28T02:10:00Z,,0
S007555,train,1,0,none,none,2025-02-28T03:40:00Z,,0
S007556,train,1,0,none,none,2025-02-28T03:50:00Z,,0
S007557,train,1,0,none,none,2025-02-28T04:00:00Z,,0
S007558,train,1,0,none,none,2025-02-28T04:10:00Z,,0
S007559,train,1,0,none,none,2025-02-28T04:20:00Z,1,1
S007560,train,1,0,none,none,2025-02-28T04:30:00Z,,0
S007561,train,1,0,none,none,2025-02-28T04:40:00Z,,0
S007562,train,1,0,none,none,2025-02-28T04:50:00Z,,0
S007563,train,1,0,none,none,2025-02-28T05:00:00Z,,0
S007564,train,1,0,none,none,2025-02-28T05:10:00Z,,0
S007565,train,1,0,none,none,2025-02-28T05:20:00Z,,0
S007566,train,1,0,none,none,2025-02-28T05:30:00Z,,0
S007567,train,1,0,none,none,2025-02-28T05:40:00Z,1,1
S007568,train,1,0,none,none,2025-02-28T05:50:00Z,,0
S007569,train,1,0,none,none,2025-02-28T06:00:00Z,1,1
S007570,train,1,0,none,none,2025-02-28T06:10:00Z,1,1
S007571,train,1,0,none,none,2025-02-28T06:20:00Z,1,1
S007572,train,1,0,none,none,2025-02-28T06:30:00Z,,0
S007573,train,1,0,none,none,2025-02-28T06:40:00Z,,0
S007574,train,1,0,none,none,2025-02-28T06:50:00Z,,0
S007575,train,1,0,none,none,2025-02-28T07:00:00Z,1,1
S007576,train,1,0,none,none,2025-02-28T07:10:00Z,,0
S007577,train,1,0,none,none,2025-02-28T07:20:00Z,,0
S007578,train,1,0,none,none,2025-02-28T07:30:00Z,,0
S007579,train,1,0,none,none,2025-02-28T07:40:00Z,,0
S007580,train,1,0,none,none,2025-02-28T07:50:00Z,,0
S007581,train,1,0,none,none,2025-02-28T08:00:00Z,1,1
S007582,train,0,1,underfill_void,molding,2025-02-28T08:10:00Z,,0
S007583,train,1,0,none,none,2025-02-28T08:20:00Z,,0
S007584,train,1,0,none,none,2025-02-28T08:30:00Z,,0
S007585,train,1,0,none,none,2025-02-28T08:40:00Z,1,1
S007586,train,1,0,none,none,2025-02-28T08:50:00Z,,0
S007587,train,1,0,none,none,2025-02-28T09:00:00Z,,0
S007588,train,1,0,none,none,2025-02-28T09:10:00Z,1,1
S007589,train,1,0,none,none,2025-02-28T09:20:00Z,,0
S007590,train,1,0,none,none,2025-02-28T09:30:00Z,1,1
S007591,train,1,0,none,none,2025-02-28T09:40:00Z,1,1
S007592,train,1,0,none,none,2025-02-28T09:50:00Z,,0
S007593,train,1,0,none,none,2025-02-28T10:00:00Z,,0
S007594,train,1,0,none,none,2025-02-28T10:10:00Z,,0
S007595,train,1,0,none,none,2025-02-28T10:20:00Z,,0
S007596,train,1,0,none,none,2025-02-28T10:30:00Z,,0
S007597,train,1,0,none,none,2025-02-28T10:40:00Z,1,1
S007598,train,1,0,none,none,2025-02-28T10:50:00Z,,0
S007599,train,0,1,warpage,assembly,2025-02-28T11:00:00Z,,0
S007600,train,1,0,none,none,2025-02-28T11:10:00Z,,0
S007601,train,1,0,none,none,2025-02-28T11:20:00Z,,0
S007602,train,1,0,none,none,2025-02-28T11:30:00Z,1,1
S007603,train,1,0,none,none,2025-02-28T11:40:00Z,1,1
S007604,train,1,0,none,none,2025-02-28T11:50:00Z,0,1
S007605,train,1,0,none,none,2025-02-28T12:00:00Z,,0
S007606,train,1,0,none,none,2025-02-28T12:10:00Z,,0
S007607,train,1,0,none,none,2025-02-28T12:20:00Z,1,1
S007608,train,1,0,none,none,2025-02-28T12:30:00Z,,0
S007609,train,1,0,none,none,2025-02-28T12:40:00Z,,0
S007610,train,1,0,none,none,2025-02-28T12:50:00Z,1,1
S007611,train,1,0,none,none,2025-02-28T13:00:00Z,,0
S007612,train,1,0,none,none,2025-02-28T13:10:00Z,,0
S007613,train,1,0,none,none,2025-02-28T13:20:00Z,,0
S007614,train,1,0,none,none,2025-02-28T13:30:00Z,,0
S007615,train,1,0,none,none,2025-02-28T13:40:00Z,,0
S007616,train,1,0,none,none,2025-02-28T13:50:00Z,,0
S007617,train,1,0,none,none,2025-02-28T14:00:00Z,1,1
S007618,train,1,0,none,none,2025-02-28T14:10:00Z,1,1
S007619,train,1,0,none,none,2025-02-28T15:40:00Z,,0
S007620,train,1,0,none,none,2025-02-28T15:50:00Z,,0
S007621,train,1,0,none,none,2025-02-28T16:00:00Z,,0
S007622,train,1,0,none,none,2025-02-28T16:10:00Z,,0
S007623,train,1,0,none,none,2025-02-28T16:20:00Z,,0
S007624,train,1,0,none,none,2025-02-28T16:30:00Z,1,1
S007625,train,1,0,none,none,2025-02-28T16:40:00Z,,0
S007626,train,1,0,none,none,2025-02-28T16:50:00Z,,0
S007627,train,0,1,tsv_open_short,tsv_or_interconnect,2025-02-28T17:00:00Z,,0
S007628,train,1,0,none,none,2025-02-28T17:10:00Z,,0
S007629,train,1,0,none,none,2025-02-28T17:20:00Z,,0
S007630,train,1,0,none,none,2025-02-28T17:30:00Z,,0
S007631,train,1,0,none,none,2025-02-28T17:40:00Z,,0
S007632,train,1,0,none,none,2025-02-28T17:50:00Z,1,1
S007633,train,1,0,none,none,2025-02-28T18:00:00Z,1,1
S007634,train,1,0,none,none,2025-02-28T18:10:00Z,,0
S007635,train,0,1,warpage,assembly,2025-02-28T18:20:00Z,,0
S007636,train,1,0,none,none,2025-02-28T18:30:00Z,,0
S007637,train,1,0,none,none,2025-02-28T18:40:00Z,,0
S007638,train,1,0,none,none,2025-02-28T18:50:00Z,,0
S007639,train,1,0,none,none,2025-02-28T19:00:00Z,,0
S007640,train,1,0,none,none,2025-02-28T19:10:00Z,,0
S007641,train,1,0,none,none,2025-02-28T19:20:00Z,,0
S007642,train,1,0,none,none,2025-02-28T19:30:00Z,,0
S007643,train,1,0,none,none,2025-02-28T19:40:00Z,,0
S007644,train,1,0,none,none,2025-02-28T19:50:00Z,,0
S007645,train,1,0,none,none,2025-02-28T20:00:00Z,,0
S007646,train,1,0,none,none,2025-02-28T20:10:00Z,,0
S007647,train,1,0,none,none,2025-02-28T20:20:00Z,,0
S007648,train,1,0,none,none,2025-02-28T20:30:00Z,,0
S007649,train,1,0,none,none,2025-02-28T20:40:00Z,,0
S007650,train,0,1,dram_electrical,dram_or_base,2025-02-28T20:50:00Z,,0
S007651,train,1,0,none,none,2025-02-28T21:00:00Z,,0
S007652,train,1,0,none,none,2025-02-28T21:10:00Z,,0
S007653,train,1,0,none,none,2025-02-28T21:20:00Z,,0
S007654,train,1,0,none,none,2025-02-28T21:30:00Z,,0
S007655,train,1,0,none,none,2025-02-28T21:40:00Z,,0
S007656,train,1,0,none,none,2025-02-28T21:50:00Z,1,1
S007657,train,1,0,none,none,2025-02-28T22:00:00Z,,0
S007658,train,0,1,warpage,assembly,2025-02-28T22:10:00Z,,0
S007659,train,1,0,none,none,2025-02-28T22:20:00Z,1,1
S007660,train,1,0,none,none,2025-02-28T22:30:00Z,,0
S007661,train,1,0,none,none,2025-02-28T22:40:00Z,,0
S007662,train,1,0,none,none,2025-02-28T22:50:00Z,,0
S007663,train,1,0,none,none,2025-02-28T23:00:00Z,,0
S007664,train,0,1,warpage,assembly,2025-02-28T23:10:00Z,,0
S007665,train,1,0,none,none,2025-02-28T23:20:00Z,,0
S007666,train,1,0,none,none,2025-02-28T23:30:00Z,,0
S007667,train,1,0,none,none,2025-02-28T23:40:00Z,,0
S007668,train,1,0,none,none,2025-02-28T23:50:00Z,,0
S007669,train,1,0,none,none,2025-03-01T00:00:00Z,,0
S007670,train,1,0,none,none,2025-03-01T00:10:00Z,,0
S007671,train,1,0,none,none,2025-03-01T00:20:00Z,,0
S007672,train,1,0,none,none,2025-03-01T00:30:00Z,1,1
S007673,train,1,0,none,none,2025-03-01T00:40:00Z,,0
S007674,train,1,0,none,none,2025-03-01T00:50:00Z,,0
S007675,train,1,0,none,none,2025-03-01T01:00:00Z,,0
S007676,train,1,0,none,none,2025-03-01T01:10:00Z,,0
S007677,train,1,0,none,none,2025-03-01T01:20:00Z,,0
S007678,train,1,0,none,none,2025-03-01T01:30:00Z,,0
S007679,train,1,0,none,none,2025-03-01T01:40:00Z,,0
S007680,train,1,0,none,none,2025-03-01T01:50:00Z,,0
S007681,train,0,1,microbump_open_bridge,reflow,2025-03-01T02:00:00Z,,0
S007682,train,1,0,none,none,2025-03-01T02:10:00Z,,0
S007683,train,1,0,none,none,2025-03-01T03:40:00Z,,0
S007684,train,1,0,none,none,2025-03-01T03:50:00Z,,0
S007685,train,1,0,none,none,2025-03-01T04:00:00Z,1,1
S007686,train,1,0,none,none,2025-03-01T04:10:00Z,,0
S007687,train,1,0,none,none,2025-03-01T04:20:00Z,,0
S007688,train,1,0,none,none,2025-03-01T04:30:00Z,,0
S007689,train,1,0,none,none,2025-03-01T04:40:00Z,,0
S007690,train,1,0,none,none,2025-03-01T04:50:00Z,1,1
S007691,train,1,0,none,none,2025-03-01T05:00:00Z,,0
S007692,train,1,0,none,none,2025-03-01T05:10:00Z,,0
S007693,train,1,0,none,none,2025-03-01T05:20:00Z,,0
S007694,train,0,1,die_crack,handling,2025-03-01T05:30:00Z,,0
S007695,train,1,0,none,none,2025-03-01T05:40:00Z,,0
S007696,train,1,0,none,none,2025-03-01T05:50:00Z,,0
S007697,train,1,0,none,none,2025-03-01T06:00:00Z,,0
S007698,train,1,0,none,none,2025-03-01T06:10:00Z,,0
S007699,train,1,0,none,none,2025-03-01T06:20:00Z,,0
S007700,train,1,0,none,none,2025-03-01T06:30:00Z,,0
S007701,train,1,0,none,none,2025-03-01T06:40:00Z,1,1
S007702,train,1,0,none,none,2025-03-01T06:50:00Z,,0
S007703,train,0,1,dram_electrical,dram_or_base,2025-03-01T07:00:00Z,,0
S007704,train,1,0,none,none,2025-03-01T07:10:00Z,,0
S007705,train,1,0,none,none,2025-03-01T07:20:00Z,,0
S007706,train,1,0,none,none,2025-03-01T07:30:00Z,1,1
S007707,train,1,0,none,none,2025-03-01T07:40:00Z,0,1
S007708,train,1,0,none,none,2025-03-01T07:50:00Z,,0
S007709,train,1,0,none,none,2025-03-01T08:00:00Z,,0
S007710,train,1,0,none,none,2025-03-01T08:10:00Z,1,1
S007711,train,1,0,none,none,2025-03-01T08:20:00Z,,0
S007712,train,1,0,none,none,2025-03-01T08:30:00Z,,0
S007713,train,1,0,none,none,2025-03-01T08:40:00Z,,0
S007714,train,1,0,none,none,2025-03-01T08:50:00Z,,0
S007715,train,1,0,none,none,2025-03-01T09:00:00Z,,0
S007716,train,1,0,none,none,2025-03-01T09:10:00Z,,0
S007717,train,1,0,none,none,2025-03-01T09:20:00Z,1,1
S007718,train,1,0,none,none,2025-03-01T09:30:00Z,1,1
S007719,train,1,0,none,none,2025-03-01T09:40:00Z,1,1
S007720,train,1,0,none,none,2025-03-01T09:50:00Z,,0
S007721,train,1,0,none,none,2025-03-01T10:00:00Z,,0
S007722,train,1,0,none,none,2025-03-01T10:10:00Z,,0
S007723,train,1,0,none,none,2025-03-01T10:20:00Z,,0
S007724,train,1,0,none,none,2025-03-01T10:30:00Z,1,1
S007725,train,1,0,none,none,2025-03-01T10:40:00Z,,0
S007726,train,1,0,none,none,2025-03-01T10:50:00Z,,0
S007727,train,1,0,none,none,2025-03-01T11:00:00Z,,0
S007728,train,1,0,none,none,2025-03-01T11:10:00Z,1,1
S007729,train,1,0,none,none,2025-03-01T11:20:00Z,,0
S007730,train,1,0,none,none,2025-03-01T11:30:00Z,,0
S007731,train,1,0,none,none,2025-03-01T11:40:00Z,,0
S007732,train,1,0,none,none,2025-03-01T11:50:00Z,,0
S007733,train,1,0,none,none,2025-03-01T12:00:00Z,,0
S007734,train,1,0,none,none,2025-03-01T12:10:00Z,1,1
S007735,train,1,0,none,none,2025-03-01T12:20:00Z,,0
S007736,train,1,0,none,none,2025-03-01T12:30:00Z,,0
S007737,train,1,0,none,none,2025-03-01T12:40:00Z,,0
S007738,train,1,0,none,none,2025-03-01T12:50:00Z,,0
S007739,train,1,0,none,none,2025-03-01T13:00:00Z,,0
S007740,train,1,0,none,none,2025-03-01T13:10:00Z,,0
S007741,train,1,0,none,none,2025-03-01T13:20:00Z,,0
S007742,train,1,0,none,none,2025-03-01T13:30:00Z,,0
S007743,train,1,0,none,none,2025-03-01T13:40:00Z,,0
S007744,train,1,0,none,none,2025-03-01T13:50:00Z,,0
S007745,train,1,0,none,none,2025-03-01T14:00:00Z,,0
S007746,train,1,0,none,none,2025-03-01T14:10:00Z,,0
S007747,train,1,0,none,none,2025-03-01T14:20:00Z,,0
S007748,train,1,0,none,none,2025-03-01T14:30:00Z,,0
S007749,train,1,0,none,none,2025-03-01T14:40:00Z,1,1
S007750,train,1,0,none,none,2025-03-01T14:50:00Z,,0
S007751,train,1,0,none,none,2025-03-01T15:00:00Z,,0
S007752,train,1,0,none,none,2025-03-01T15:10:00Z,,0
S007753,train,1,0,none,none,2025-03-01T15:20:00Z,,0
S007754,train,1,0,none,none,2025-03-01T15:30:00Z,,0
S007755,train,1,0,none,none,2025-03-01T15:40:00Z,,0
S007756,train,1,0,none,none,2025-03-01T15:50:00Z,,0
S007757,train,1,0,none,none,2025-03-01T16:00:00Z,,0
S007758,train,1,0,none,none,2025-03-01T16:10:00Z,,0
S007759,train,1,0,none,none,2025-03-01T16:20:00Z,,0
S007760,train,1,0,none,none,2025-03-01T16:30:00Z,,0
S007761,train,1,0,none,none,2025-03-01T16:40:00Z,,0
S007762,train,1,0,none,none,2025-03-01T16:50:00Z,,0
S007763,train,1,0,none,none,2025-03-01T17:00:00Z,,0
S007764,train,1,0,none,none,2025-03-01T17:10:00Z,,0
S007765,train,1,0,none,none,2025-03-01T17:20:00Z,,0
S007766,train,1,0,none,none,2025-03-01T17:30:00Z,,0
S007767,train,1,0,none,none,2025-03-01T17:40:00Z,,0
S007768,train,1,0,none,none,2025-03-01T17:50:00Z,,0
S007769,train,1,0,none,none,2025-03-01T18:00:00Z,1,1
S007770,train,1,0,none,none,2025-03-01T18:10:00Z,,0
S007771,train,1,0,none,none,2025-03-01T18:20:00Z,,0
S007772,train,1,0,none,none,2025-03-01T18:30:00Z,,0
S007773,train,1,0,none,none,2025-03-01T18:40:00Z,,0
S007774,train,1,0,none,none,2025-03-01T18:50:00Z,,0
S007775,train,1,0,none,none,2025-03-01T19:00:00Z,,0
S007776,train,1,0,none,none,2025-03-01T19:10:00Z,,0
S007777,train,1,0,none,none,2025-03-01T19:20:00Z,1,1
S007778,train,1,0,none,none,2025-03-01T15:40:00Z,,0
S007779,train,1,0,none,none,2025-03-01T15:50:00Z,,0
S007780,train,1,0,none,none,2025-03-01T16:00:00Z,,0
S007781,train,1,0,none,none,2025-03-01T16:10:00Z,,0
S007782,train,1,0,none,none,2025-03-01T16:20:00Z,,0
S007783,train,1,0,none,none,2025-03-01T16:30:00Z,,0
S007784,train,1,0,none,none,2025-03-01T16:40:00Z,,0
S007785,train,1,0,none,none,2025-03-01T16:50:00Z,,0
S007786,train,1,0,none,none,2025-03-01T17:00:00Z,1,1
S007787,train,1,0,none,none,2025-03-01T17:10:00Z,1,1
S007788,train,1,0,none,none,2025-03-01T17:20:00Z,,0
S007789,train,1,0,none,none,2025-03-01T17:30:00Z,1,1
S007790,train,1,0,none,none,2025-03-01T17:40:00Z,,0
S007791,train,1,0,none,none,2025-03-01T17:50:00Z,,0
S007792,train,1,0,none,none,2025-03-01T18:00:00Z,,0
S007793,train,1,0,none,none,2025-03-01T18:10:00Z,,0
S007794,train,1,0,none,none,2025-03-01T18:20:00Z,1,1
S007795,train,1,0,none,none,2025-03-01T18:30:00Z,1,1
S007796,train,1,0,none,none,2025-03-01T18:40:00Z,1,1
S007797,train,1,0,none,none,2025-03-01T18:50:00Z,,0
S007798,train,0,1,warpage,assembly,2025-03-01T19:00:00Z,,0
S007799,train,1,0,none,none,2025-03-01T19:10:00Z,,0
S007800,train,1,0,none,none,2025-03-01T19:20:00Z,,0
S007801,train,1,0,none,none,2025-03-01T19:30:00Z,1,1
S007802,train,1,0,none,none,2025-03-01T19:40:00Z,,0
S007803,train,1,0,none,none,2025-03-01T19:50:00Z,,0
S007804,train,1,0,none,none,2025-03-01T20:00:00Z,,0
S007805,train,1,0,none,none,2025-03-01T20:10:00Z,,0
S007806,train,1,0,none,none,2025-03-01T20:20:00Z,,0
S007807,train,1,0,none,none,2025-03-01T20:30:00Z,,0
S007808,train,1,0,none,none,2025-03-01T20:40:00Z,,0
S007809,train,1,0,none,none,2025-03-01T20:50:00Z,,0
S007810,train,1,0,none,none,2025-03-01T21:00:00Z,,0
S007811,train,1,0,none,none,2025-03-01T21:10:00Z,,0
S007812,train,1,0,none,none,2025-03-01T21:20:00Z,,0
S007813,train,0,1,delamination,molding,2025-03-01T21:30:00Z,,0
S007814,train,1,0,none,none,2025-03-01T21:40:00Z,,0
S007815,train,1,0,none,none,2025-03-01T21:50:00Z,,0
S007816,train,1,0,none,none,2025-03-01T22:00:00Z,1,1
S007817,train,1,0,none,none,2025-03-01T22:10:00Z,,0
S007818,train,1,0,none,none,2025-03-01T22:20:00Z,1,1
S007819,train,1,0,none,none,2025-03-01T22:30:00Z,,0
S007820,train,1,0,none,none,2025-03-01T22:40:00Z,,0
S007821,train,1,0,none,none,2025-03-01T22:50:00Z,,0
S007822,train,1,0,none,none,2025-03-01T23:00:00Z,,0
S007823,train,1,0,none,none,2025-03-01T23:10:00Z,,0
S007824,train,1,0,none,none,2025-03-01T23:20:00Z,,0
S007825,train,1,0,none,none,2025-03-01T23:30:00Z,,0
S007826,train,1,0,none,none,2025-03-01T23:40:00Z,,0
S007827,train,1,0,none,none,2025-03-01T23:50:00Z,,0
S007828,train,1,0,none,none,2025-03-02T00:00:00Z,1,1
S007829,train,1,0,none,none,2025-03-02T00:10:00Z,,0
S007830,train,1,0,none,none,2025-03-02T00:20:00Z,,0
S007831,train,1,0,none,none,2025-03-02T00:30:00Z,,0
S007832,train,1,0,none,none,2025-03-02T00:40:00Z,,0
S007833,train,1,0,none,none,2025-03-02T00:50:00Z,,0
S007834,train,1,0,none,none,2025-03-02T01:00:00Z,1,1
S007835,train,1,0,none,none,2025-03-02T01:10:00Z,,0
S007836,train,1,0,none,none,2025-03-02T01:20:00Z,,0
S007837,train,1,0,none,none,2025-03-02T01:30:00Z,1,1
S007838,train,1,0,none,none,2025-03-02T01:40:00Z,1,1
S007839,train,1,0,none,none,2025-03-02T01:50:00Z,,0
S007840,train,1,0,none,none,2025-03-02T02:00:00Z,,0
S007841,train,1,0,none,none,2025-03-02T03:40:00Z,,0
S007842,train,1,0,none,none,2025-03-02T03:50:00Z,,0
S007843,train,1,0,none,none,2025-03-02T04:00:00Z,,0
S007844,train,1,0,none,none,2025-03-02T04:10:00Z,,0
S007845,train,1,0,none,none,2025-03-02T04:20:00Z,,0
S007846,train,1,0,none,none,2025-03-02T04:30:00Z,1,1
S007847,train,1,0,none,none,2025-03-02T04:40:00Z,1,1
S007848,train,1,0,none,none,2025-03-02T04:50:00Z,,0
S007849,train,1,0,none,none,2025-03-02T05:00:00Z,,0
S007850,train,1,0,none,none,2025-03-02T05:10:00Z,,0
S007851,train,1,0,none,none,2025-03-02T05:20:00Z,,0
S007852,train,1,0,none,none,2025-03-02T05:30:00Z,1,1
S007853,train,1,0,none,none,2025-03-02T05:40:00Z,1,1
S007854,train,1,0,none,none,2025-03-02T05:50:00Z,,0
S007855,train,1,0,none,none,2025-03-02T06:00:00Z,,0
S007856,train,1,0,none,none,2025-03-02T06:10:00Z,,0
S007857,train,1,0,none,none,2025-03-02T06:20:00Z,,0
S007858,train,1,0,none,none,2025-03-02T06:30:00Z,1,1
S007859,train,1,0,none,none,2025-03-02T06:40:00Z,,0
S007860,train,1,0,none,none,2025-03-02T06:50:00Z,,0
S007861,train,1,0,none,none,2025-03-02T07:00:00Z,,0
S007862,train,0,1,delamination,molding,2025-03-02T07:10:00Z,,0
S007863,train,1,0,none,none,2025-03-02T07:20:00Z,,0
S007864,train,1,0,none,none,2025-03-02T07:30:00Z,,0
S007865,train,1,0,none,none,2025-03-02T07:40:00Z,1,1
S007866,train,1,0,none,none,2025-03-02T07:50:00Z,,0
S007867,train,1,0,none,none,2025-03-02T08:00:00Z,,0
S007868,train,1,0,none,none,2025-03-02T08:10:00Z,,0
S007869,train,0,1,warpage,assembly,2025-03-02T08:20:00Z,,0
S007870,train,1,0,none,none,2025-03-02T08:30:00Z,,0
S007871,train,0,1,tsv_open_short,tsv_or_interconnect,2025-03-02T08:40:00Z,,0
S007872,train,1,0,none,none,2025-03-02T08:50:00Z,1,1
S007873,train,1,0,none,none,2025-03-02T09:00:00Z,,0
S007874,train,1,0,none,none,2025-03-02T09:10:00Z,,0
S007875,train,1,0,none,none,2025-03-02T09:20:00Z,1,1
S007876,train,1,0,none,none,2025-03-02T09:30:00Z,1,1
S007877,train,1,0,none,none,2025-03-02T09:40:00Z,,0
S007878,train,1,0,none,none,2025-03-02T09:50:00Z,,0
S007879,train,1,0,none,none,2025-03-02T10:00:00Z,,0
S007880,train,1,0,none,none,2025-03-02T10:10:00Z,,0
S007881,train,1,0,none,none,2025-03-02T10:20:00Z,,0
S007882,train,1,0,none,none,2025-03-02T10:30:00Z,1,1
S007883,train,0,1,dram_electrical,dram_or_base,2025-03-02T10:40:00Z,,0
S007884,train,1,0,none,none,2025-03-02T10:50:00Z,,0
S007885,train,1,0,none,none,2025-03-02T11:00:00Z,,0
S007886,train,1,0,none,none,2025-03-02T11:10:00Z,1,1
S007887,train,1,0,none,none,2025-03-02T11:20:00Z,,0
S007888,train,1,0,none,none,2025-03-02T11:30:00Z,,0
S007889,train,1,0,none,none,2025-03-02T11:40:00Z,,0
S007890,train,0,1,delamination,molding,2025-03-02T11:50:00Z,,0
S007891,train,0,1,warpage,assembly,2025-03-02T12:00:00Z,,0
S007892,train,1,0,none,none,2025-03-02T12:10:00Z,,0
S007893,train,1,0,none,none,2025-03-02T12:20:00Z,,0
S007894,train,1,0,none,none,2025-03-02T12:30:00Z,,0
S007895,train,1,0,none,none,2025-03-02T12:40:00Z,,0
S007896,train,1,0,none,none,2025-03-02T12:50:00Z,1,1
S007897,train,1,0,none,none,2025-03-02T13:00:00Z,,0
S007898,train,1,0,none,none,2025-03-02T13:10:00Z,,0
S007899,train,1,0,none,none,2025-03-02T13:20:00Z,,0
S007900,train,1,0,none,none,2025-03-02T13:30:00Z,,0
S007901,train,1,0,none,none,2025-03-02T13:40:00Z,,0
S007902,train,1,0,none,none,2025-03-02T13:50:00Z,,0
S007903,train,1,0,none,none,2025-03-02T14:00:00Z,,0
S007904,train,1,0,none,none,2025-03-02T14:10:00Z,,0
S007905,train,1,0,none,none,2025-03-02T15:40:00Z,,0
S007906,train,1,0,none,none,2025-03-02T15:50:00Z,,0
S007907,train,1,0,none,none,2025-03-02T16:00:00Z,1,1
S007908,train,1,0,none,none,2025-03-02T16:10:00Z,,0
S007909,train,1,0,none,none,2025-03-02T16:20:00Z,1,1
S007910,train,1,0,none,none,2025-03-02T16:30:00Z,,0
S007911,train,1,0,none,none,2025-03-02T16:40:00Z,,0
S007912,train,0,1,underfill_void,molding,2025-03-02T16:50:00Z,,0
S007913,train,1,0,none,none,2025-03-02T17:00:00Z,,0
S007914,train,1,0,none,none,2025-03-02T17:10:00Z,1,1
S007915,train,1,0,none,none,2025-03-02T17:20:00Z,,0
S007916,train,1,0,none,none,2025-03-02T17:30:00Z,,0
S007917,train,1,0,none,none,2025-03-02T17:40:00Z,1,1
S007918,train,1,0,none,none,2025-03-02T17:50:00Z,,0
S007919,train,1,0,none,none,2025-03-02T18:00:00Z,,0
S007920,train,1,0,none,none,2025-03-02T18:10:00Z,,0
S007921,train,1,0,none,none,2025-03-02T18:20:00Z,,0
S007922,train,1,0,none,none,2025-03-02T18:30:00Z,,0
S007923,train,1,0,none,none,2025-03-02T18:40:00Z,1,1
S007924,train,1,0,none,none,2025-03-02T18:50:00Z,,0
S007925,train,1,0,none,none,2025-03-02T19:00:00Z,,0
S007926,train,1,0,none,none,2025-03-02T19:10:00Z,,0
S007927,train,1,0,none,none,2025-03-02T19:20:00Z,,0
S007928,train,1,0,none,none,2025-03-02T19:30:00Z,1,1
S007929,train,1,0,none,none,2025-03-02T19:40:00Z,1,1
S007930,train,1,0,none,none,2025-03-02T19:50:00Z,1,1
S007931,train,1,0,none,none,2025-03-02T20:00:00Z,,0
S007932,train,1,0,none,none,2025-03-02T20:10:00Z,,0
S007933,train,1,0,none,none,2025-03-02T20:20:00Z,,0
S007934,train,1,0,none,none,2025-03-02T20:30:00Z,1,1
S007935,train,1,0,none,none,2025-03-02T20:40:00Z,,0
S007936,train,1,0,none,none,2025-03-02T20:50:00Z,1,1
S007937,train,1,0,none,none,2025-03-02T21:00:00Z,,0
S007938,train,1,0,none,none,2025-03-02T21:10:00Z,,0
S007939,train,1,0,none,none,2025-03-02T21:20:00Z,,0
S007940,train,1,0,none,none,2025-03-02T21:30:00Z,,0
S007941,train,1,0,none,none,2025-03-02T21:40:00Z,,0
S007942,train,1,0,none,none,2025-03-02T21:50:00Z,,0
S007943,train,1,0,none,none,2025-03-02T22:00:00Z,,0
S007944,train,1,0,none,none,2025-03-02T22:10:00Z,,0
S007945,train,1,0,none,none,2025-03-02T22:20:00Z,1,1
S007946,train,1,0,none,none,2025-03-02T22:30:00Z,,0
S007947,train,1,0,none,none,2025-03-02T22:40:00Z,,0
S007948,train,1,0,none,none,2025-03-02T22:50:00Z,1,1
S007949,train,1,0,none,none,2025-03-02T23:00:00Z,1,1
S007950,train,1,0,none,none,2025-03-02T23:10:00Z,,0
S007951,train,1,0,none,none,2025-03-02T23:20:00Z,,0
S007952,train,1,0,none,none,2025-03-02T23:30:00Z,1,1
S007953,train,1,0,none,none,2025-03-02T23:40:00Z,,0
S007954,train,1,0,none,none,2025-03-02T23:50:00Z,,0
S007955,train,1,0,none,none,2025-03-03T00:00:00Z,,0
S007956,train,1,0,none,none,2025-03-03T00:10:00Z,1,1
S007957,train,1,0,none,none,2025-03-03T00:20:00Z,,0
S007958,train,1,0,none,none,2025-03-03T00:30:00Z,1,1
S007959,train,1,0,none,none,2025-03-03T00:40:00Z,,0
S007960,train,1,0,none,none,2025-03-03T00:50:00Z,,0
S007961,train,1,0,none,none,2025-03-03T01:00:00Z,,0
S007962,train,1,0,none,none,2025-03-03T01:10:00Z,,0
S007963,train,1,0,none,none,2025-03-03T01:20:00Z,,0
S007964,train,1,0,none,none,2025-03-03T01:30:00Z,,0
S007965,train,1,0,none,none,2025-03-03T01:40:00Z,,0
S007966,train,1,0,none,none,2025-03-03T01:50:00Z,1,1
S007967,train,1,0,none,none,2025-03-03T02:00:00Z,,0
S007968,train,1,0,none,none,2025-03-03T02:10:00Z,,0
S007969,train,1,0,none,none,2025-03-03T02:20:00Z,1,1
S007970,train,1,0,none,none,2025-03-03T02:30:00Z,,0
S007971,train,1,0,none,none,2025-03-03T02:40:00Z,,0
S007972,train,1,0,none,none,2025-03-03T02:50:00Z,,0
S007973,train,1,0,none,none,2025-03-03T03:00:00Z,,0
S007974,train,1,0,none,none,2025-03-03T03:10:00Z,,0
S007975,train,1,0,none,none,2025-03-03T03:20:00Z,,0
S007976,train,1,0,none,none,2025-03-03T03:30:00Z,1,1
S007977,train,1,0,none,none,2025-03-03T03:40:00Z,,0
S007978,train,1,0,none,none,2025-03-03T03:50:00Z,,0
S007979,train,1,0,none,none,2025-03-03T04:00:00Z,,0
S007980,train,1,0,none,none,2025-03-03T04:10:00Z,1,1
S007981,train,0,1,warpage,assembly,2025-03-03T04:20:00Z,,0
S007982,train,1,0,none,none,2025-03-03T04:30:00Z,1,1
S007983,train,1,0,none,none,2025-03-03T04:40:00Z,,0
S007984,train,1,0,none,none,2025-03-03T04:50:00Z,,0
S007985,train,1,0,none,none,2025-03-03T05:00:00Z,,0
S007986,train,1,0,none,none,2025-03-03T05:10:00Z,,0
S007987,train,1,0,none,none,2025-03-03T05:20:00Z,1,1
S007988,train,1,0,none,none,2025-03-03T05:30:00Z,,0
S007989,train,1,0,none,none,2025-03-03T05:40:00Z,1,1
S007990,train,1,0,none,none,2025-03-03T05:50:00Z,1,1
S007991,train,1,0,none,none,2025-03-03T06:00:00Z,,0
S007992,train,1,0,none,none,2025-03-03T06:10:00Z,,0
S007993,train,1,0,none,none,2025-03-03T06:20:00Z,1,1
S007994,train,1,0,none,none,2025-03-03T06:30:00Z,,0
S007995,train,1,0,none,none,2025-03-03T06:40:00Z,,0
S007996,train,1,0,none,none,2025-03-03T06:50:00Z,,0
S007997,train,1,0,none,none,2025-03-03T07:00:00Z,,0
S007998,train,1,0,none,none,2025-03-03T03:40:00Z,,0
S007999,train,1,0,none,none,2025-03-03T03:50:00Z,1,1
S008000,train,1,0,none,none,2025-03-03T04:00:00Z,,0
S008001,train,1,0,none,none,2025-03-03T04:10:00Z,1,1
S008002,train,1,0,none,none,2025-03-03T04:20:00Z,,0
S008003,train,1,0,none,none,2025-03-03T04:30:00Z,,0
S008004,train,1,0,none,none,2025-03-03T04:40:00Z,,0
S008005,train,1,0,none,none,2025-03-03T04:50:00Z,,0
S008006,train,1,0,none,none,2025-03-03T05:00:00Z,,0
S008007,train,1,0,none,none,2025-03-03T05:10:00Z,,0
S008008,train,1,0,none,none,2025-03-03T05:20:00Z,1,1
S008009,train,1,0,none,none,2025-03-03T05:30:00Z,0,1
S008010,train,1,0,none,none,2025-03-03T05:40:00Z,1,1
S008011,train,1,0,none,none,2025-03-03T05:50:00Z,1,1
S008012,train,1,0,none,none,2025-03-03T06:00:00Z,1,1
S008013,train,1,0,none,none,2025-03-03T06:10:00Z,1,1
S008014,train,1,0,none,none,2025-03-03T06:20:00Z,1,1
S008015,train,1,0,none,none,2025-03-03T06:30:00Z,,0
S008016,train,1,0,none,none,2025-03-03T06:40:00Z,,0
S008017,train,1,0,none,none,2025-03-03T06:50:00Z,,0
S008018,train,0,1,underfill_void,molding,2025-03-03T07:00:00Z,,0
S008019,train,1,0,none,none,2025-03-03T07:10:00Z,,0
S008020,train,1,0,none,none,2025-03-03T07:20:00Z,,0
S008021,train,1,0,none,none,2025-03-03T07:30:00Z,,0
S008022,train,1,0,none,none,2025-03-03T07:40:00Z,,0
S008023,train,1,0,none,none,2025-03-03T07:50:00Z,,0
S008024,train,1,0,none,none,2025-03-03T08:00:00Z,,0
S008025,train,1,0,none,none,2025-03-03T08:10:00Z,,0
S008026,train,0,1,underfill_void,molding,2025-03-03T08:20:00Z,,0
S008027,train,1,0,none,none,2025-03-03T08:30:00Z,,0
S008028,train,1,0,none,none,2025-03-03T08:40:00Z,,0
S008029,train,1,0,none,none,2025-03-03T08:50:00Z,,0
S008030,train,1,0,none,none,2025-03-03T09:00:00Z,1,1
S008031,train,1,0,none,none,2025-03-03T09:10:00Z,,0
S008032,train,1,0,none,none,2025-03-03T09:20:00Z,,0
S008033,train,1,0,none,none,2025-03-03T09:30:00Z,,0
S008034,train,1,0,none,none,2025-03-03T09:40:00Z,1,1
S008035,train,1,0,none,none,2025-03-03T09:50:00Z,,0
S008036,train,0,1,underfill_void,molding,2025-03-03T10:00:00Z,,0
S008037,train,1,0,none,none,2025-03-03T10:10:00Z,,0
S008038,train,1,0,none,none,2025-03-03T10:20:00Z,,0
S008039,train,1,0,none,none,2025-03-03T10:30:00Z,1,1
S008040,train,1,0,none,none,2025-03-03T10:40:00Z,,0
S008041,train,1,0,none,none,2025-03-03T10:50:00Z,,0
S008042,train,1,0,none,none,2025-03-03T11:00:00Z,,0
S008043,train,1,0,none,none,2025-03-03T11:10:00Z,,0
S008044,train,1,0,none,none,2025-03-03T11:20:00Z,1,1
S008045,train,1,0,none,none,2025-03-03T11:30:00Z,,0
S008046,train,1,0,none,none,2025-03-03T11:40:00Z,,0
S008047,train,1,0,none,none,2025-03-03T11:50:00Z,,0
S008048,train,1,0,none,none,2025-03-03T12:00:00Z,1,1
S008049,train,1,0,none,none,2025-03-03T12:10:00Z,,0
S008050,train,1,0,none,none,2025-03-03T12:20:00Z,,0
S008051,train,1,0,none,none,2025-03-03T12:30:00Z,,0
S008052,train,1,0,none,none,2025-03-03T12:40:00Z,1,1
S008053,train,1,0,none,none,2025-03-03T12:50:00Z,,0
S008054,train,0,1,tsv_open_short,tsv_or_interconnect,2025-03-03T13:00:00Z,,0
S008055,train,1,0,none,none,2025-03-03T13:10:00Z,1,1
S008056,train,1,0,none,none,2025-03-03T13:20:00Z,,0
S008057,train,1,0,none,none,2025-03-03T13:30:00Z,,0
S008058,train,1,0,none,none,2025-03-03T13:40:00Z,,0
S008059,train,1,0,none,none,2025-03-03T13:50:00Z,,0
S008060,train,1,0,none,none,2025-03-03T14:00:00Z,,0
S008061,train,1,0,none,none,2025-03-03T14:10:00Z,,0
S008062,train,1,0,none,none,2025-03-03T14:20:00Z,,0
S008063,train,1,0,none,none,2025-03-03T14:30:00Z,,0
S008064,train,1,0,none,none,2025-03-03T14:40:00Z,,0
S008065,train,1,0,none,none,2025-03-03T14:50:00Z,,0
S008066,train,1,0,none,none,2025-03-03T15:00:00Z,1,1
S008067,train,1,0,none,none,2025-03-03T15:10:00Z,1,1
S008068,train,1,0,none,none,2025-03-03T15:20:00Z,,0
S008069,train,1,0,none,none,2025-03-03T15:30:00Z,,0
S008070,train,1,0,none,none,2025-03-03T15:40:00Z,,0
S008071,train,1,0,none,none,2025-03-03T15:50:00Z,,0
S008072,train,1,0,none,none,2025-03-03T16:00:00Z,,0
S008073,train,1,0,none,none,2025-03-03T16:10:00Z,,0
S008074,train,1,0,none,none,2025-03-03T16:20:00Z,1,1
S008075,train,1,0,none,none,2025-03-03T16:30:00Z,,0
S008076,train,1,0,none,none,2025-03-03T16:40:00Z,,0
S008077,train,1,0,none,none,2025-03-03T16:50:00Z,,0
S008078,train,1,0,none,none,2025-03-03T17:00:00Z,,0
S008079,train,1,0,none,none,2025-03-03T17:10:00Z,,0
S008080,train,1,0,none,none,2025-03-03T17:20:00Z,,0
S008081,train,1,0,none,none,2025-03-03T17:30:00Z,,0
S008082,train,1,0,none,none,2025-03-03T17:40:00Z,,0
S008083,train,1,0,none,none,2025-03-03T17:50:00Z,,0
S008084,train,1,0,none,none,2025-03-03T18:00:00Z,,0
S008085,train,1,0,none,none,2025-03-03T18:10:00Z,1,1
S008086,train,1,0,none,none,2025-03-03T18:20:00Z,,0
S008087,train,1,0,none,none,2025-03-03T18:30:00Z,,0
S008088,train,0,1,die_crack,handling,2025-03-03T15:40:00Z,,0
S008089,train,1,0,none,none,2025-03-03T15:50:00Z,,0
S008090,train,1,0,none,none,2025-03-03T16:00:00Z,,0
S008091,train,1,0,none,none,2025-03-03T16:10:00Z,1,1
S008092,train,1,0,none,none,2025-03-03T16:20:00Z,,0
S008093,train,1,0,none,none,2025-03-03T16:30:00Z,,0
S008094,train,1,0,none,none,2025-03-03T16:40:00Z,1,1
S008095,train,1,0,none,none,2025-03-03T16:50:00Z,1,1
S008096,train,1,0,none,none,2025-03-03T17:00:00Z,,0
S008097,train,1,0,none,none,2025-03-03T17:10:00Z,1,1
S008098,train,1,0,none,none,2025-03-03T17:20:00Z,1,1
S008099,train,1,0,none,none,2025-03-03T17:30:00Z,1,1
S008100,train,1,0,none,none,2025-03-03T17:40:00Z,,0
S008101,train,1,0,none,none,2025-03-03T17:50:00Z,,0
S008102,train,1,0,none,none,2025-03-03T18:00:00Z,,0
S008103,train,1,0,none,none,2025-03-03T18:10:00Z,,0
S008104,train,1,0,none,none,2025-03-03T18:20:00Z,,0
S008105,train,1,0,none,none,2025-03-03T18:30:00Z,,0
S008106,train,1,0,none,none,2025-03-03T18:40:00Z,,0
S008107,train,1,0,none,none,2025-03-03T18:50:00Z,,0
S008108,train,1,0,none,none,2025-03-03T19:00:00Z,,0
S008109,train,1,0,none,none,2025-03-03T19:10:00Z,,0
S008110,train,1,0,none,none,2025-03-03T19:20:00Z,,0
S008111,train,1,0,none,none,2025-03-03T19:30:00Z,1,1
S008112,train,1,0,none,none,2025-03-03T19:40:00Z,,0
S008113,train,1,0,none,none,2025-03-03T19:50:00Z,,0
S008114,train,1,0,none,none,2025-03-03T20:00:00Z,,0
S008115,train,1,0,none,none,2025-03-03T20:10:00Z,,0
S008116,train,1,0,none,none,2025-03-03T20:20:00Z,,0
S008117,train,1,0,none,none,2025-03-03T20:30:00Z,,0
S008118,train,1,0,none,none,2025-03-03T20:40:00Z,1,1
S008119,train,1,0,none,none,2025-03-03T20:50:00Z,,0
S008120,train,1,0,none,none,2025-03-03T21:00:00Z,,0
S008121,train,1,0,none,none,2025-03-03T21:10:00Z,,0
S008122,train,1,0,none,none,2025-03-03T21:20:00Z,,0
S008123,train,1,0,none,none,2025-03-03T21:30:00Z,,0
S008124,train,1,0,none,none,2025-03-03T21:40:00Z,,0
S008125,train,1,0,none,none,2025-03-03T21:50:00Z,,0
S008126,train,1,0,none,none,2025-03-03T22:00:00Z,,0
S008127,train,1,0,none,none,2025-03-03T22:10:00Z,,0
S008128,train,1,0,none,none,2025-03-03T22:20:00Z,1,1
S008129,train,1,0,none,none,2025-03-03T22:30:00Z,,0
S008130,train,1,0,none,none,2025-03-03T22:40:00Z,,0
S008131,train,1,0,none,none,2025-03-03T22:50:00Z,1,1
S008132,train,1,0,none,none,2025-03-03T23:00:00Z,,0
S008133,train,1,0,none,none,2025-03-03T23:10:00Z,,0
S008134,train,1,0,none,none,2025-03-03T23:20:00Z,1,1
S008135,train,1,0,none,none,2025-03-03T23:30:00Z,1,1
S008136,train,1,0,none,none,2025-03-03T23:40:00Z,,0
S008137,train,1,0,none,none,2025-03-03T23:50:00Z,,0
S008138,train,1,0,none,none,2025-03-04T00:00:00Z,,0
S008139,train,1,0,none,none,2025-03-04T00:10:00Z,1,1
S008140,train,1,0,none,none,2025-03-04T00:20:00Z,1,1
S008141,train,1,0,none,none,2025-03-04T00:30:00Z,,0
S008142,train,1,0,none,none,2025-03-04T00:40:00Z,,0
S008143,train,1,0,none,none,2025-03-04T00:50:00Z,,0
S008144,train,1,0,none,none,2025-03-04T01:00:00Z,1,1
S008145,train,1,0,none,none,2025-03-04T01:10:00Z,,0
S008146,train,1,0,none,none,2025-03-04T01:20:00Z,,0
S008147,train,1,0,none,none,2025-03-04T01:30:00Z,,0
S008148,train,1,0,none,none,2025-03-04T01:40:00Z,,0
S008149,train,1,0,none,none,2025-03-04T01:50:00Z,,0
S008150,train,1,0,none,none,2025-03-04T02:00:00Z,,0
S008151,train,1,0,none,none,2025-03-04T02:10:00Z,,0
S008152,train,1,0,none,none,2025-03-04T02:20:00Z,1,1
S008153,train,1,0,none,none,2025-03-04T02:30:00Z,,0
S008154,train,0,1,underfill_void,molding,2025-03-04T02:40:00Z,,0
S008155,train,1,0,none,none,2025-03-04T02:50:00Z,,0
S008156,train,1,0,none,none,2025-03-04T03:00:00Z,,0
S008157,train,1,0,none,none,2025-03-04T03:10:00Z,,0
S008158,train,1,0,none,none,2025-03-04T03:20:00Z,,0
S008159,train,1,0,none,none,2025-03-04T03:30:00Z,,0
S008160,train,1,0,none,none,2025-03-04T03:40:00Z,,0
S008161,train,0,1,microbump_open_bridge,reflow,2025-03-04T03:50:00Z,,0
S008162,train,1,0,none,none,2025-03-04T04:00:00Z,,0
S008163,train,1,0,none,none,2025-03-04T04:10:00Z,1,1
S008164,train,1,0,none,none,2025-03-04T04:20:00Z,,0
S008165,train,1,0,none,none,2025-03-04T04:30:00Z,1,1
S008166,train,1,0,none,none,2025-03-04T04:40:00Z,,0
S008167,train,1,0,none,none,2025-03-04T04:50:00Z,1,1
S008168,train,1,0,none,none,2025-03-04T05:00:00Z,1,1
S008169,train,1,0,none,none,2025-03-04T05:10:00Z,,0
S008170,train,0,1,tsv_open_short,tsv_or_interconnect,2025-03-04T05:20:00Z,,0
S008171,train,1,0,none,none,2025-03-04T05:30:00Z,1,1
S008172,train,1,0,none,none,2025-03-04T05:40:00Z,1,1
S008173,train,1,0,none,none,2025-03-04T05:50:00Z,,0
S008174,train,1,0,none,none,2025-03-04T06:00:00Z,1,1
S008175,train,1,0,none,none,2025-03-04T06:10:00Z,,0
S008176,train,1,0,none,none,2025-03-04T06:20:00Z,,0
S008177,train,1,0,none,none,2025-03-04T06:30:00Z,1,1
S008178,train,1,0,none,none,2025-03-04T06:40:00Z,,0
S008179,train,1,0,none,none,2025-03-04T06:50:00Z,1,1
S008180,train,1,0,none,none,2025-03-04T07:00:00Z,,0
S008181,train,1,0,none,none,2025-03-04T07:10:00Z,,0
S008182,train,1,0,none,none,2025-03-04T07:20:00Z,,0
S008183,train,1,0,none,none,2025-03-04T07:30:00Z,,0
S008184,train,1,0,none,none,2025-03-04T03:40:00Z,,0
S008185,train,1,0,none,none,2025-03-04T03:50:00Z,,0
S008186,train,1,0,none,none,2025-03-04T04:00:00Z,1,1
S008187,train,1,0,none,none,2025-03-04T04:10:00Z,,0
S008188,train,1,0,none,none,2025-03-04T04:20:00Z,,0
S008189,train,1,0,none,none,2025-03-04T04:30:00Z,,0
S008190,train,1,0,none,none,2025-03-04T04:40:00Z,1,1
S008191,train,1,0,none,none,2025-03-04T04:50:00Z,1,1
S008192,train,1,0,none,none,2025-03-04T05:00:00Z,,0
S008193,train,1,0,none,none,2025-03-04T05:10:00Z,,0
S008194,train,1,0,none,none,2025-03-04T05:20:00Z,,0
S008195,train,1,0,none,none,2025-03-04T05:30:00Z,,0
S008196,train,1,0,none,none,2025-03-04T05:40:00Z,,0
S008197,train,0,1,warpage,assembly,2025-03-04T05:50:00Z,,0
S008198,train,0,1,warpage,assembly,2025-03-04T06:00:00Z,,0
S008199,train,0,1,tsv_open_short,tsv_or_interconnect,2025-03-04T06:10:00Z,,0
S008200,train,0,1,microbump_open_bridge,reflow,2025-03-04T06:20:00Z,,0
S008201,train,1,0,none,none,2025-03-04T06:30:00Z,,0
S008202,train,1,0,none,none,2025-03-04T06:40:00Z,1,1
S008203,train,1,0,none,none,2025-03-04T06:50:00Z,,0
S008204,train,0,1,underfill_void,molding,2025-03-04T07:00:00Z,,0
S008205,train,1,0,none,none,2025-03-04T07:10:00Z,,0
S008206,train,1,0,none,none,2025-03-04T07:20:00Z,,0
S008207,train,1,0,none,none,2025-03-04T07:30:00Z,,0
S008208,train,1,0,none,none,2025-03-04T07:40:00Z,1,1
S008209,train,1,0,none,none,2025-03-04T07:50:00Z,,0
S008210,train,1,0,none,none,2025-03-04T08:00:00Z,,0
S008211,train,1,0,none,none,2025-03-04T08:10:00Z,,0
S008212,train,1,0,none,none,2025-03-04T08:20:00Z,1,1
S008213,train,1,0,none,none,2025-03-04T08:30:00Z,,0
S008214,train,1,0,none,none,2025-03-04T08:40:00Z,,0
S008215,train,1,0,none,none,2025-03-04T08:50:00Z,,0
S008216,train,1,0,none,none,2025-03-04T09:00:00Z,,0
S008217,train,1,0,none,none,2025-03-04T09:10:00Z,,0
S008218,train,1,0,none,none,2025-03-04T09:20:00Z,,0
S008219,train,1,0,none,none,2025-03-04T09:30:00Z,,0
S008220,train,1,0,none,none,2025-03-04T09:40:00Z,,0
S008221,train,1,0,none,none,2025-03-04T09:50:00Z,1,1
S008222,train,1,0,none,none,2025-03-04T10:00:00Z,,0
S008223,train,1,0,none,none,2025-03-04T10:10:00Z,,0
S008224,train,1,0,none,none,2025-03-04T10:20:00Z,,0
S008225,train,1,0,none,none,2025-03-04T10:30:00Z,,0
S008226,train,1,0,none,none,2025-03-04T10:40:00Z,,0
S008227,train,1,0,none,none,2025-03-04T10:50:00Z,,0
S008228,train,1,0,none,none,2025-03-04T11:00:00Z,,0
S008229,train,1,0,none,none,2025-03-04T11:10:00Z,,0
S008230,train,1,0,none,none,2025-03-04T11:20:00Z,1,1
S008231,train,1,0,none,none,2025-03-04T11:30:00Z,,0
S008232,train,1,0,none,none,2025-03-04T11:40:00Z,,0
S008233,train,1,0,none,none,2025-03-04T11:50:00Z,1,1
S008234,train,0,1,underfill_void,molding,2025-03-04T12:00:00Z,,0
S008235,train,1,0,none,none,2025-03-04T12:10:00Z,1,1
S008236,train,1,0,none,none,2025-03-04T12:20:00Z,,0
S008237,train,1,0,none,none,2025-03-04T12:30:00Z,,0
S008238,train,1,0,none,none,2025-03-04T12:40:00Z,,0
S008239,train,0,1,tsv_open_short,tsv_or_interconnect,2025-03-04T12:50:00Z,,0
S008240,train,1,0,none,none,2025-03-04T13:00:00Z,,0
S008241,train,1,0,none,none,2025-03-04T13:10:00Z,1,1
S008242,train,1,0,none,none,2025-03-04T15:40:00Z,1,1
S008243,train,0,1,underfill_void,molding,2025-03-04T15:50:00Z,,0
S008244,train,1,0,none,none,2025-03-04T16:00:00Z,,0
S008245,train,1,0,none,none,2025-03-04T16:10:00Z,,0
S008246,train,1,0,none,none,2025-03-04T16:20:00Z,,0
S008247,train,1,0,none,none,2025-03-04T16:30:00Z,,0
S008248,train,1,0,none,none,2025-03-04T16:40:00Z,,0
S008249,train,1,0,none,none,2025-03-04T16:50:00Z,1,1
S008250,train,1,0,none,none,2025-03-04T17:00:00Z,,0
S008251,train,1,0,none,none,2025-03-04T17:10:00Z,,0
S008252,train,1,0,none,none,2025-03-04T17:20:00Z,,0
S008253,train,1,0,none,none,2025-03-04T17:30:00Z,,0
S008254,train,0,1,warpage,assembly,2025-03-04T17:40:00Z,,0
S008255,train,1,0,none,none,2025-03-04T17:50:00Z,,0
S008256,train,1,0,none,none,2025-03-04T18:00:00Z,1,1
S008257,train,1,0,none,none,2025-03-04T18:10:00Z,,0
S008258,train,1,0,none,none,2025-03-04T18:20:00Z,1,1
S008259,train,1,0,none,none,2025-03-04T18:30:00Z,,0
S008260,train,1,0,none,none,2025-03-04T18:40:00Z,,0
S008261,train,1,0,none,none,2025-03-04T18:50:00Z,1,1
S008262,train,1,0,none,none,2025-03-04T19:00:00Z,,0
S008263,train,1,0,none,none,2025-03-04T19:10:00Z,,0
S008264,train,1,0,none,none,2025-03-04T19:20:00Z,,0
S008265,train,1,0,none,none,2025-03-04T19:30:00Z,,0
S008266,train,0,1,delamination,molding,2025-03-04T19:40:00Z,,0
S008267,train,1,0,none,none,2025-03-04T19:50:00Z,1,1
S008268,train,1,0,none,none,2025-03-04T20:00:00Z,0,1
S008269,train,1,0,none,none,2025-03-04T20:10:00Z,0,1
S008270,train,1,0,none,none,2025-03-04T20:20:00Z,,0
S008271,train,1,0,none,none,2025-03-04T20:30:00Z,1,1
S008272,train,1,0,none,none,2025-03-04T20:40:00Z,,0
S008273,train,0,1,warpage,assembly,2025-03-04T20:50:00Z,,0
S008274,train,1,0,none,none,2025-03-04T21:00:00Z,,0
S008275,train,1,0,none,none,2025-03-04T21:10:00Z,,0
S008276,train,1,0,none,none,2025-03-04T21:20:00Z,,0
S008277,train,0,1,warpage,assembly,2025-03-04T21:30:00Z,,0
S008278,train,1,0,none,none,2025-03-04T21:40:00Z,,0
S008279,train,0,1,tsv_open_short,tsv_or_interconnect,2025-03-04T21:50:00Z,,0
S008280,train,1,0,none,none,2025-03-04T22:00:00Z,,0
S008281,train,1,0,none,none,2025-03-04T22:10:00Z,,0
S008282,train,1,0,none,none,2025-03-04T22:20:00Z,,0
S008283,train,1,0,none,none,2025-03-04T22:30:00Z,,0
S008284,train,1,0,none,none,2025-03-04T22:40:00Z,,0
S008285,train,0,1,warpage,assembly,2025-03-04T22:50:00Z,,0
S008286,train,1,0,none,none,2025-03-04T23:00:00Z,,0
S008287,train,1,0,none,none,2025-03-04T23:10:00Z,,0
S008288,train,1,0,none,none,2025-03-04T23:20:00Z,,0
S008289,train,0,1,warpage,assembly,2025-03-04T23:30:00Z,,0
S008290,train,1,0,none,none,2025-03-04T23:40:00Z,,0
S008291,train,1,0,none,none,2025-03-04T23:50:00Z,,0
S008292,train,1,0,none,none,2025-03-05T00:00:00Z,1,1
S008293,train,1,0,none,none,2025-03-05T00:10:00Z,,0
S008294,train,1,0,none,none,2025-03-05T00:20:00Z,,0
S008295,train,0,1,underfill_void,molding,2025-03-05T00:30:00Z,,0
S008296,train,1,0,none,none,2025-03-05T00:40:00Z,,0
S008297,train,1,0,none,none,2025-03-05T00:50:00Z,,0
S008298,train,1,0,none,none,2025-03-05T01:00:00Z,,0
S008299,train,1,0,none,none,2025-03-05T03:40:00Z,,0
S008300,train,1,0,none,none,2025-03-05T03:50:00Z,,0
S008301,train,1,0,none,none,2025-03-05T04:00:00Z,,0
S008302,train,1,0,none,none,2025-03-05T04:10:00Z,,0
S008303,train,1,0,none,none,2025-03-05T04:20:00Z,,0
S008304,train,0,1,tsv_open_short,tsv_or_interconnect,2025-03-05T04:30:00Z,,0
S008305,train,1,0,none,none,2025-03-05T04:40:00Z,,0
S008306,train,1,0,none,none,2025-03-05T04:50:00Z,,0
S008307,train,1,0,none,none,2025-03-05T05:00:00Z,1,1
S008308,train,1,0,none,none,2025-03-05T05:10:00Z,1,1
S008309,train,1,0,none,none,2025-03-05T05:20:00Z,,0
S008310,train,1,0,none,none,2025-03-05T05:30:00Z,,0
S008311,train,1,0,none,none,2025-03-05T05:40:00Z,,0
S008312,train,1,0,none,none,2025-03-05T05:50:00Z,,0
S008313,train,1,0,none,none,2025-03-05T06:00:00Z,,0
S008314,train,1,0,none,none,2025-03-05T06:10:00Z,1,1
S008315,train,1,0,none,none,2025-03-05T06:20:00Z,,0
S008316,train,1,0,none,none,2025-03-05T06:30:00Z,,0
S008317,train,1,0,none,none,2025-03-05T06:40:00Z,,0
S008318,train,1,0,none,none,2025-03-05T06:50:00Z,,0
S008319,train,1,0,none,none,2025-03-05T07:00:00Z,,0
S008320,train,1,0,none,none,2025-03-05T07:10:00Z,,0
S008321,train,1,0,none,none,2025-03-05T07:20:00Z,1,1
S008322,train,1,0,none,none,2025-03-05T07:30:00Z,,0
S008323,train,1,0,none,none,2025-03-05T07:40:00Z,,0
S008324,train,1,0,none,none,2025-03-05T07:50:00Z,,0
S008325,train,1,0,none,none,2025-03-05T08:00:00Z,,0
S008326,train,1,0,none,none,2025-03-05T08:10:00Z,,0
S008327,train,1,0,none,none,2025-03-05T08:20:00Z,,0
S008328,train,1,0,none,none,2025-03-05T08:30:00Z,1,1
S008329,train,1,0,none,none,2025-03-05T08:40:00Z,1,1
S008330,train,1,0,none,none,2025-03-05T08:50:00Z,,0
S008331,train,1,0,none,none,2025-03-05T09:00:00Z,,0
S008332,train,1,0,none,none,2025-03-05T09:10:00Z,,0
S008333,train,1,0,none,none,2025-03-05T09:20:00Z,,0
S008334,train,1,0,none,none,2025-03-05T09:30:00Z,,0
S008335,train,1,0,none,none,2025-03-05T09:40:00Z,,0
S008336,train,1,0,none,none,2025-03-05T09:50:00Z,1,1
S008337,train,1,0,none,none,2025-03-05T10:00:00Z,,0
S008338,train,1,0,none,none,2025-03-05T10:10:00Z,,0
S008339,train,1,0,none,none,2025-03-05T10:20:00Z,,0
S008340,train,1,0,none,none,2025-03-05T10:30:00Z,,0
S008341,train,1,0,none,none,2025-03-05T10:40:00Z,,0
S008342,train,1,0,none,none,2025-03-05T10:50:00Z,,0
S008343,train,1,0,none,none,2025-03-05T11:00:00Z,,0
S008344,train,1,0,none,none,2025-03-05T11:10:00Z,,0
S008345,train,1,0,none,none,2025-03-05T11:20:00Z,,0
S008346,train,1,0,none,none,2025-03-05T11:30:00Z,,0
S008347,train,1,0,none,none,2025-03-05T11:40:00Z,,0
S008348,train,1,0,none,none,2025-03-05T11:50:00Z,,0
S008349,train,1,0,none,none,2025-03-05T12:00:00Z,,0
S008350,train,1,0,none,none,2025-03-05T12:10:00Z,,0
S008351,train,1,0,none,none,2025-03-05T12:20:00Z,,0
S008352,train,1,0,none,none,2025-03-05T12:30:00Z,,0
S008353,train,1,0,none,none,2025-03-05T12:40:00Z,0,1
S008354,train,1,0,none,none,2025-03-05T12:50:00Z,,0
S008355,train,1,0,none,none,2025-03-05T13:00:00Z,1,1
S008356,train,0,1,underfill_void,molding,2025-03-05T13:10:00Z,,0
S008357,train,1,0,none,none,2025-03-05T13:20:00Z,,0
S008358,train,1,0,none,none,2025-03-05T13:30:00Z,,0
S008359,train,1,0,none,none,2025-03-05T13:40:00Z,1,1
S008360,train,1,0,none,none,2025-03-05T13:50:00Z,,0
S008361,train,1,0,none,none,2025-03-05T14:00:00Z,,0
S008362,train,1,0,none,none,2025-03-05T15:40:00Z,,0
S008363,train,1,0,none,none,2025-03-05T15:50:00Z,,0
S008364,train,1,0,none,none,2025-03-05T16:00:00Z,,0
S008365,train,1,0,none,none,2025-03-05T16:10:00Z,,0
S008366,train,1,0,none,none,2025-03-05T16:20:00Z,,0
S008367,train,1,0,none,none,2025-03-05T16:30:00Z,1,1
S008368,train,1,0,none,none,2025-03-05T16:40:00Z,,0
S008369,train,1,0,none,none,2025-03-05T16:50:00Z,,0
S008370,train,1,0,none,none,2025-03-05T17:00:00Z,,0
S008371,train,1,0,none,none,2025-03-05T17:10:00Z,1,1
S008372,train,1,0,none,none,2025-03-05T17:20:00Z,,0
S008373,train,1,0,none,none,2025-03-05T17:30:00Z,,0
S008374,train,1,0,none,none,2025-03-05T17:40:00Z,,0
S008375,train,1,0,none,none,2025-03-05T17:50:00Z,,0
S008376,train,1,0,none,none,2025-03-05T18:00:00Z,,0
S008377,train,1,0,none,none,2025-03-05T18:10:00Z,1,1
S008378,train,1,0,none,none,2025-03-05T18:20:00Z,,0
S008379,train,1,0,none,none,2025-03-05T18:30:00Z,,0
S008380,train,0,1,underfill_void,molding,2025-03-05T18:40:00Z,,0
S008381,train,1,0,none,none,2025-03-05T18:50:00Z,,0
S008382,train,1,0,none,none,2025-03-05T19:00:00Z,,0
S008383,train,1,0,none,none,2025-03-05T19:10:00Z,1,1
S008384,train,1,0,none,none,2025-03-05T19:20:00Z,,0
S008385,train,1,0,none,none,2025-03-05T19:30:00Z,,0
S008386,train,1,0,none,none,2025-03-05T19:40:00Z,1,1
S008387,train,0,1,warpage,assembly,2025-03-05T19:50:00Z,,0
S008388,train,1,0,none,none,2025-03-05T20:00:00Z,,0
S008389,train,1,0,none,none,2025-03-05T20:10:00Z,,0
S008390,train,1,0,none,none,2025-03-05T20:20:00Z,,0
S008391,train,1,0,none,none,2025-03-05T20:30:00Z,,0
S008392,train,1,0,none,none,2025-03-05T20:40:00Z,,0
S008393,train,1,0,none,none,2025-03-05T20:50:00Z,,0
S008394,train,1,0,none,none,2025-03-05T21:00:00Z,,0
S008395,train,1,0,none,none,2025-03-05T21:10:00Z,,0
S008396,train,1,0,none,none,2025-03-05T21:20:00Z,1,1
S008397,train,1,0,none,none,2025-03-05T21:30:00Z,,0
S008398,train,1,0,none,none,2025-03-05T21:40:00Z,,0
S008399,train,1,0,none,none,2025-03-05T21:50:00Z,1,1
S008400,train,1,0,none,none,2025-03-05T22:00:00Z,,0
S008401,train,1,0,none,none,2025-03-05T22:10:00Z,,0
S008402,train,1,0,none,none,2025-03-05T22:20:00Z,,0
S008403,train,1,0,none,none,2025-03-05T22:30:00Z,,0
S008404,train,1,0,none,none,2025-03-05T22:40:00Z,,0
S008405,train,1,0,none,none,2025-03-05T22:50:00Z,,0
S008406,train,1,0,none,none,2025-03-05T23:00:00Z,,0
S008407,train,1,0,none,none,2025-03-05T23:10:00Z,,0
S008408,train,0,1,tsv_open_short,tsv_or_interconnect,2025-03-05T23:20:00Z,,0
S008409,train,1,0,none,none,2025-03-05T23:30:00Z,,0
S008410,train,1,0,none,none,2025-03-05T23:40:00Z,,0
S008411,train,1,0,none,none,2025-03-05T23:50:00Z,,0
S008412,train,1,0,none,none,2025-03-06T00:00:00Z,,0
S008413,train,1,0,none,none,2025-03-06T00:10:00Z,,0
S008414,train,1,0,none,none,2025-03-06T00:20:00Z,,0
S008415,train,1,0,none,none,2025-03-06T00:30:00Z,,0
S008416,train,1,0,none,none,2025-03-06T00:40:00Z,,0
S008417,train,1,0,none,none,2025-03-06T00:50:00Z,,0
S008418,train,1,0,none,none,2025-03-06T01:00:00Z,,0
S008419,train,1,0,none,none,2025-03-06T01:10:00Z,,0
S008420,train,1,0,none,none,2025-03-06T01:20:00Z,,0
S008421,train,1,0,none,none,2025-03-06T01:30:00Z,,0
S008422,train,1,0,none,none,2025-03-06T01:40:00Z,,0
S008423,train,1,0,none,none,2025-03-06T01:50:00Z,,0
S008424,train,1,0,none,none,2025-03-06T02:00:00Z,,0
S008425,train,1,0,none,none,2025-03-06T02:10:00Z,,0
S008426,train,1,0,none,none,2025-03-06T02:20:00Z,,0
S008427,train,1,0,none,none,2025-03-06T02:30:00Z,,0
S008428,train,1,0,none,none,2025-03-06T02:40:00Z,,0
S008429,train,1,0,none,none,2025-03-06T02:50:00Z,,0
S008430,train,1,0,none,none,2025-03-06T03:00:00Z,,0
S008431,train,1,0,none,none,2025-03-06T03:10:00Z,,0
S008432,train,1,0,none,none,2025-03-06T03:20:00Z,,0
S008433,train,1,0,none,none,2025-03-06T03:30:00Z,,0
S008434,train,1,0,none,none,2025-03-06T03:40:00Z,,0
S008435,train,1,0,none,none,2025-03-06T03:50:00Z,,0
S008436,train,1,0,none,none,2025-03-06T04:00:00Z,,0
S008437,train,1,0,none,none,2025-03-06T04:10:00Z,,0
S008438,train,1,0,none,none,2025-03-06T04:20:00Z,,0
S008439,train,1,0,none,none,2025-03-06T04:30:00Z,,0
S008440,train,0,1,tsv_open_short,tsv_or_interconnect,2025-03-06T04:40:00Z,,0
S008441,train,1,0,none,none,2025-03-06T04:50:00Z,,0
S008442,train,1,0,none,none,2025-03-06T05:00:00Z,,0
S008443,train,0,1,delamination,molding,2025-03-06T05:10:00Z,,0
S008444,train,1,0,none,none,2025-03-06T05:20:00Z,,0
S008445,train,1,0,none,none,2025-03-06T05:30:00Z,,0
S008446,train,1,0,none,none,2025-03-06T05:40:00Z,,0
S008447,train,1,0,none,none,2025-03-06T05:50:00Z,1,1
S008448,train,1,0,none,none,2025-03-06T06:00:00Z,,0
S008449,train,1,0,none,none,2025-03-06T06:10:00Z,,0
S008450,train,1,0,none,none,2025-03-06T06:20:00Z,1,1
S008451,train,1,0,none,none,2025-03-06T06:30:00Z,,0
S008452,train,1,0,none,none,2025-03-06T06:40:00Z,,0
S008453,train,1,0,none,none,2025-03-06T06:50:00Z,,0
S008454,train,1,0,none,none,2025-03-06T07:00:00Z,1,1
S008455,train,1,0,none,none,2025-03-06T07:10:00Z,,0
S008456,train,1,0,none,none,2025-03-06T03:40:00Z,,0
S008457,train,1,0,none,none,2025-03-06T03:50:00Z,,0
S008458,train,1,0,none,none,2025-03-06T04:00:00Z,,0
S008459,train,1,0,none,none,2025-03-06T04:10:00Z,,0
S008460,train,1,0,none,none,2025-03-06T04:20:00Z,1,1
S008461,train,1,0,none,none,2025-03-06T04:30:00Z,,0
S008462,train,1,0,none,none,2025-03-06T04:40:00Z,,0
S008463,train,1,0,none,none,2025-03-06T04:50:00Z,1,1
S008464,train,0,1,warpage,assembly,2025-03-06T05:00:00Z,,0
S008465,train,1,0,none,none,2025-03-06T05:10:00Z,,0
S008466,train,1,0,none,none,2025-03-06T05:20:00Z,,0
S008467,train,1,0,none,none,2025-03-06T05:30:00Z,,0
S008468,train,1,0,none,none,2025-03-06T05:40:00Z,1,1
S008469,train,1,0,none,none,2025-03-06T05:50:00Z,,0
S008470,train,1,0,none,none,2025-03-06T06:00:00Z,,0
S008471,train,1,0,none,none,2025-03-06T06:10:00Z,,0
S008472,train,1,0,none,none,2025-03-06T06:20:00Z,,0
S008473,train,1,0,none,none,2025-03-06T06:30:00Z,,0
S008474,train,1,0,none,none,2025-03-06T06:40:00Z,1,1
S008475,train,1,0,none,none,2025-03-06T06:50:00Z,,0
S008476,train,1,0,none,none,2025-03-06T07:00:00Z,1,1
S008477,train,0,1,dram_electrical,dram_or_base,2025-03-06T07:10:00Z,,0
S008478,train,1,0,none,none,2025-03-06T07:20:00Z,,0
S008479,train,1,0,none,none,2025-03-06T07:30:00Z,,0
S008480,train,1,0,none,none,2025-03-06T07:40:00Z,,0
S008481,train,1,0,none,none,2025-03-06T07:50:00Z,,0
S008482,train,1,0,none,none,2025-03-06T08:00:00Z,,0
S008483,train,1,0,none,none,2025-03-06T08:10:00Z,1,1
S008484,train,1,0,none,none,2025-03-06T08:20:00Z,,0
S008485,train,1,0,none,none,2025-03-06T08:30:00Z,,0
S008486,train,1,0,none,none,2025-03-06T08:40:00Z,,0
S008487,train,1,0,none,none,2025-03-06T08:50:00Z,,0
S008488,train,1,0,none,none,2025-03-06T09:00:00Z,,0
S008489,train,1,0,none,none,2025-03-06T09:10:00Z,,0
S008490,train,1,0,none,none,2025-03-06T09:20:00Z,,0
S008491,train,1,0,none,none,2025-03-06T09:30:00Z,,0
S008492,train,1,0,none,none,2025-03-06T09:40:00Z,,0
S008493,train,1,0,none,none,2025-03-06T09:50:00Z,1,1
S008494,train,1,0,none,none,2025-03-06T10:00:00Z,,0
S008495,train,1,0,none,none,2025-03-06T10:10:00Z,1,1
S008496,train,1,0,none,none,2025-03-06T10:20:00Z,1,1
S008497,train,1,0,none,none,2025-03-06T10:30:00Z,,0
S008498,train,1,0,none,none,2025-03-06T10:40:00Z,,0
S008499,train,0,1,tsv_open_short,tsv_or_interconnect,2025-03-06T10:50:00Z,,0
S008500,train,1,0,none,none,2025-03-06T11:00:00Z,,0
S008501,train,1,0,none,none,2025-03-06T11:10:00Z,,0
S008502,train,1,0,none,none,2025-03-06T11:20:00Z,,0
S008503,train,1,0,none,none,2025-03-06T11:30:00Z,,0
S008504,train,0,1,warpage,assembly,2025-03-06T11:40:00Z,,0
S008505,train,1,0,none,none,2025-03-06T11:50:00Z,,0
S008506,train,1,0,none,none,2025-03-06T12:00:00Z,,0
S008507,train,1,0,none,none,2025-03-06T12:10:00Z,1,1
S008508,train,1,0,none,none,2025-03-06T12:20:00Z,,0
S008509,train,1,0,none,none,2025-03-06T12:30:00Z,,0
S008510,train,1,0,none,none,2025-03-06T12:40:00Z,,0
S008511,train,1,0,none,none,2025-03-06T12:50:00Z,,0
S008512,train,1,0,none,none,2025-03-06T13:00:00Z,,0
S008513,train,1,0,none,none,2025-03-06T13:10:00Z,,0
S008514,train,1,0,none,none,2025-03-06T13:20:00Z,1,1
S008515,train,1,0,none,none,2025-03-06T13:30:00Z,1,1
S008516,train,0,1,tsv_open_short,tsv_or_interconnect,2025-03-06T13:40:00Z,,0
S008517,train,1,0,none,none,2025-03-06T13:50:00Z,,0
S008518,train,1,0,none,none,2025-03-06T14:00:00Z,,0
S008519,train,1,0,none,none,2025-03-06T14:10:00Z,,0
S008520,train,1,0,none,none,2025-03-06T15:40:00Z,,0
S008521,train,1,0,none,none,2025-03-06T15:50:00Z,1,1
S008522,train,1,0,none,none,2025-03-06T16:00:00Z,,0
S008523,train,1,0,none,none,2025-03-06T16:10:00Z,,0
S008524,train,1,0,none,none,2025-03-06T16:20:00Z,,0
S008525,train,1,0,none,none,2025-03-06T16:30:00Z,,0
S008526,train,1,0,none,none,2025-03-06T16:40:00Z,1,1
S008527,train,1,0,none,none,2025-03-06T16:50:00Z,,0
S008528,train,1,0,none,none,2025-03-06T17:00:00Z,,0
S008529,train,1,0,none,none,2025-03-06T17:10:00Z,,0
S008530,train,1,0,none,none,2025-03-06T17:20:00Z,,0
S008531,train,1,0,none,none,2025-03-06T17:30:00Z,,0
S008532,train,1,0,none,none,2025-03-06T17:40:00Z,1,1
S008533,train,1,0,none,none,2025-03-06T17:50:00Z,,0
S008534,train,1,0,none,none,2025-03-06T18:00:00Z,,0
S008535,train,1,0,none,none,2025-03-06T18:10:00Z,,0
S008536,train,1,0,none,none,2025-03-06T18:20:00Z,,0
S008537,train,1,0,none,none,2025-03-06T18:30:00Z,,0
S008538,train,0,1,delamination,molding,2025-03-06T18:40:00Z,,0
S008539,train,1,0,none,none,2025-03-06T18:50:00Z,,0
S008540,train,0,1,warpage,assembly,2025-03-06T19:00:00Z,,0
S008541,train,1,0,none,none,2025-03-06T19:10:00Z,,0
S008542,train,1,0,none,none,2025-03-06T19:20:00Z,,0
S008543,train,1,0,none,none,2025-03-06T19:30:00Z,,0
S008544,train,1,0,none,none,2025-03-06T19:40:00Z,,0
S008545,train,1,0,none,none,2025-03-06T19:50:00Z,,0
S008546,train,1,0,none,none,2025-03-06T20:00:00Z,,0
S008547,train,0,1,microbump_open_bridge,reflow,2025-03-06T20:10:00Z,,0
S008548,train,1,0,none,none,2025-03-06T20:20:00Z,1,1
S008549,train,1,0,none,none,2025-03-06T20:30:00Z,,0
S008550,train,1,0,none,none,2025-03-06T20:40:00Z,,0
S008551,train,1,0,none,none,2025-03-06T20:50:00Z,,0
S008552,train,1,0,none,none,2025-03-06T21:00:00Z,,0
S008553,train,1,0,none,none,2025-03-06T21:10:00Z,1,1
S008554,train,1,0,none,none,2025-03-06T21:20:00Z,,0
S008555,train,1,0,none,none,2025-03-06T21:30:00Z,,0
S008556,train,1,0,none,none,2025-03-06T21:40:00Z,,0
S008557,train,1,0,none,none,2025-03-06T21:50:00Z,,0
S008558,train,1,0,none,none,2025-03-06T22:00:00Z,,0
S008559,train,0,1,underfill_void,molding,2025-03-06T22:10:00Z,,0
S008560,train,1,0,none,none,2025-03-06T22:20:00Z,,0
S008561,train,1,0,none,none,2025-03-06T22:30:00Z,1,1
S008562,train,1,0,none,none,2025-03-06T22:40:00Z,,0
S008563,train,0,1,delamination,molding,2025-03-06T22:50:00Z,,0
S008564,train,1,0,none,none,2025-03-06T23:00:00Z,0,1
S008565,train,1,0,none,none,2025-03-06T23:10:00Z,,0
S008566,train,1,0,none,none,2025-03-06T23:20:00Z,1,1
S008567,train,1,0,none,none,2025-03-06T23:30:00Z,,0
S008568,train,1,0,none,none,2025-03-06T23:40:00Z,,0
S008569,train,1,0,none,none,2025-03-06T23:50:00Z,,0
S008570,train,1,0,none,none,2025-03-07T00:00:00Z,,0
S008571,train,1,0,none,none,2025-03-07T00:10:00Z,,0
S008572,train,1,0,none,none,2025-03-07T00:20:00Z,,0
S008573,train,1,0,none,none,2025-03-07T00:30:00Z,,0
S008574,train,1,0,none,none,2025-03-07T00:40:00Z,,0
S008575,train,1,0,none,none,2025-03-07T00:50:00Z,,0
S008576,train,1,0,none,none,2025-03-07T01:00:00Z,,0
S008577,train,1,0,none,none,2025-03-07T01:10:00Z,,0
S008578,train,0,1,underfill_void,molding,2025-03-07T01:20:00Z,,0
S008579,train,1,0,none,none,2025-03-07T01:30:00Z,,0
S008580,train,1,0,none,none,2025-03-07T01:40:00Z,,0
S008581,train,1,0,none,none,2025-03-07T01:50:00Z,,0
S008582,train,1,0,none,none,2025-03-07T02:00:00Z,,0
S008583,train,1,0,none,none,2025-03-07T02:10:00Z,,0
S008584,train,1,0,none,none,2025-03-07T03:40:00Z,,0
S008585,train,1,0,none,none,2025-03-07T03:50:00Z,,0
S008586,train,1,0,none,none,2025-03-07T04:00:00Z,,0
S008587,train,1,0,none,none,2025-03-07T04:10:00Z,,0
S008588,train,1,0,none,none,2025-03-07T04:20:00Z,,0
S008589,train,1,0,none,none,2025-03-07T04:30:00Z,,0
S008590,train,1,0,none,none,2025-03-07T04:40:00Z,,0
S008591,train,1,0,none,none,2025-03-07T04:50:00Z,,0
S008592,train,1,0,none,none,2025-03-07T05:00:00Z,,0
S008593,train,1,0,none,none,2025-03-07T05:10:00Z,1,1
S008594,train,1,0,none,none,2025-03-07T05:20:00Z,,0
S008595,train,0,1,delamination,molding,2025-03-07T05:30:00Z,,0
S008596,train,1,0,none,none,2025-03-07T05:40:00Z,,0
S008597,train,1,0,none,none,2025-03-07T05:50:00Z,,0
S008598,train,1,0,none,none,2025-03-07T06:00:00Z,,0
S008599,train,1,0,none,none,2025-03-07T06:10:00Z,1,1
S008600,train,1,0,none,none,2025-03-07T06:20:00Z,,0
S008601,train,1,0,none,none,2025-03-07T06:30:00Z,,0
S008602,train,1,0,none,none,2025-03-07T06:40:00Z,,0
S008603,train,1,0,none,none,2025-03-07T06:50:00Z,1,1
S008604,train,1,0,none,none,2025-03-07T07:00:00Z,,0
S008605,train,1,0,none,none,2025-03-07T07:10:00Z,,0
S008606,train,1,0,none,none,2025-03-07T07:20:00Z,,0
S008607,train,1,0,none,none,2025-03-07T07:30:00Z,1,1
S008608,train,1,0,none,none,2025-03-07T07:40:00Z,,0
S008609,train,1,0,none,none,2025-03-07T07:50:00Z,,0
S008610,train,1,0,none,none,2025-03-07T08:00:00Z,,0
S008611,train,0,1,underfill_void,molding,2025-03-07T08:10:00Z,,0
S008612,train,1,0,none,none,2025-03-07T08:20:00Z,,0
S008613,train,1,0,none,none,2025-03-07T08:30:00Z,,0
S008614,train,1,0,none,none,2025-03-07T08:40:00Z,,0
S008615,train,1,0,none,none,2025-03-07T08:50:00Z,1,1
S008616,train,1,0,none,none,2025-03-07T09:00:00Z,,0
S008617,train,1,0,none,none,2025-03-07T09:10:00Z,,0
S008618,train,1,0,none,none,2025-03-07T09:20:00Z,,0
S008619,train,1,0,none,none,2025-03-07T09:30:00Z,,0
S008620,train,0,1,warpage,assembly,2025-03-07T09:40:00Z,,0
S008621,train,0,1,tsv_open_short,tsv_or_interconnect,2025-03-07T09:50:00Z,,0
S008622,train,1,0,none,none,2025-03-07T10:00:00Z,1,1
S008623,train,1,0,none,none,2025-03-07T10:10:00Z,,0
S008624,train,1,0,none,none,2025-03-07T10:20:00Z,,0
S008625,train,1,0,none,none,2025-03-07T10:30:00Z,,0
S008626,train,1,0,none,none,2025-03-07T10:40:00Z,,0
S008627,train,1,0,none,none,2025-03-07T10:50:00Z,,0
S008628,train,0,1,warpage,assembly,2025-03-07T11:00:00Z,,0
S008629,train,1,0,none,none,2025-03-07T11:10:00Z,,0
S008630,train,1,0,none,none,2025-03-07T11:20:00Z,,0
S008631,train,1,0,none,none,2025-03-07T11:30:00Z,,0
S008632,train,1,0,none,none,2025-03-07T11:40:00Z,1,1
S008633,train,1,0,none,none,2025-03-07T11:50:00Z,,0
S008634,train,1,0,none,none,2025-03-07T12:00:00Z,,0
S008635,train,1,0,none,none,2025-03-07T12:10:00Z,,0
S008636,train,1,0,none,none,2025-03-07T12:20:00Z,,0
S008637,train,1,0,none,none,2025-03-07T12:30:00Z,,0
S008638,train,0,1,underfill_void,molding,2025-03-07T12:40:00Z,,0
S008639,train,1,0,none,none,2025-03-07T12:50:00Z,,0
S008640,train,1,0,none,none,2025-03-07T13:00:00Z,,0
S008641,train,1,0,none,none,2025-03-07T13:10:00Z,,0
S008642,train,1,0,none,none,2025-03-07T13:20:00Z,,0
S008643,train,1,0,none,none,2025-03-07T13:30:00Z,,0
S008644,train,1,0,none,none,2025-03-07T13:40:00Z,,0
S008645,train,1,0,none,none,2025-03-07T13:50:00Z,,0
S008646,train,1,0,none,none,2025-03-07T14:00:00Z,,0
S008647,train,1,0,none,none,2025-03-07T15:40:00Z,,0
S008648,train,1,0,none,none,2025-03-07T15:50:00Z,,0
S008649,train,1,0,none,none,2025-03-07T16:00:00Z,,0
S008650,train,1,0,none,none,2025-03-07T16:10:00Z,1,1
S008651,train,1,0,none,none,2025-03-07T16:20:00Z,,0
S008652,train,1,0,none,none,2025-03-07T16:30:00Z,,0
S008653,train,1,0,none,none,2025-03-07T16:40:00Z,,0
S008654,train,1,0,none,none,2025-03-07T16:50:00Z,1,1
S008655,train,1,0,none,none,2025-03-07T17:00:00Z,,0
S008656,train,1,0,none,none,2025-03-07T17:10:00Z,,0
S008657,train,1,0,none,none,2025-03-07T17:20:00Z,,0
S008658,train,0,1,warpage,assembly,2025-03-07T17:30:00Z,,0
S008659,train,1,0,none,none,2025-03-07T17:40:00Z,,0
S008660,train,1,0,none,none,2025-03-07T17:50:00Z,,0
S008661,train,1,0,none,none,2025-03-07T18:00:00Z,,0
S008662,train,1,0,none,none,2025-03-07T18:10:00Z,,0
S008663,train,1,0,none,none,2025-03-07T18:20:00Z,,0
S008664,train,1,0,none,none,2025-03-07T18:30:00Z,,0
S008665,train,1,0,none,none,2025-03-07T18:40:00Z,,0
S008666,train,1,0,none,none,2025-03-07T18:50:00Z,,0
S008667,train,1,0,none,none,2025-03-07T19:00:00Z,,0
S008668,train,1,0,none,none,2025-03-07T19:10:00Z,,0
S008669,train,1,0,none,none,2025-03-07T19:20:00Z,,0
S008670,train,1,0,none,none,2025-03-07T19:30:00Z,,0
S008671,train,1,0,none,none,2025-03-07T19:40:00Z,,0
S008672,train,1,0,none,none,2025-03-07T19:50:00Z,,0
S008673,train,1,0,none,none,2025-03-07T20:00:00Z,,0
S008674,train,1,0,none,none,2025-03-07T20:10:00Z,,0
S008675,train,1,0,none,none,2025-03-07T20:20:00Z,1,1
S008676,train,1,0,none,none,2025-03-07T20:30:00Z,,0
S008677,train,0,1,warpage,assembly,2025-03-07T20:40:00Z,,0
S008678,train,0,1,microbump_open_bridge,reflow,2025-03-07T20:50:00Z,,0
S008679,train,1,0,none,none,2025-03-07T21:00:00Z,1,1
S008680,train,1,0,none,none,2025-03-07T21:10:00Z,1,1
S008681,train,1,0,none,none,2025-03-07T21:20:00Z,,0
S008682,train,1,0,none,none,2025-03-07T21:30:00Z,,0
S008683,train,0,1,underfill_void,molding,2025-03-07T21:40:00Z,,0
S008684,train,1,0,none,none,2025-03-07T21:50:00Z,,0
S008685,train,1,0,none,none,2025-03-07T22:00:00Z,,0
S008686,train,0,1,underfill_void,molding,2025-03-07T22:10:00Z,,0
S008687,train,1,0,none,none,2025-03-07T22:20:00Z,,0
S008688,train,1,0,none,none,2025-03-07T22:30:00Z,,0
S008689,train,1,0,none,none,2025-03-07T22:40:00Z,,0
S008690,train,1,0,none,none,2025-03-07T22:50:00Z,,0
S008691,train,1,0,none,none,2025-03-07T23:00:00Z,,0
S008692,train,1,0,none,none,2025-03-07T23:10:00Z,,0
S008693,train,1,0,none,none,2025-03-07T23:20:00Z,,0
S008694,train,1,0,none,none,2025-03-07T23:30:00Z,,0
S008695,train,1,0,none,none,2025-03-07T23:40:00Z,,0
S008696,train,1,0,none,none,2025-03-07T23:50:00Z,1,1
S008697,train,0,1,microbump_open_bridge,reflow,2025-03-08T00:00:00Z,,0
S008698,train,1,0,none,none,2025-03-08T00:10:00Z,1,1
S008699,train,1,0,none,none,2025-03-08T00:20:00Z,,0
S008700,train,1,0,none,none,2025-03-08T00:30:00Z,,0
S008701,train,1,0,none,none,2025-03-08T00:40:00Z,1,1
S008702,train,1,0,none,none,2025-03-08T00:50:00Z,,0
S008703,train,1,0,none,none,2025-03-08T01:00:00Z,,0
S008704,train,1,0,none,none,2025-03-08T01:10:00Z,1,1
S008705,train,1,0,none,none,2025-03-08T01:20:00Z,,0
S008706,train,1,0,none,none,2025-03-08T01:30:00Z,,0
S008707,train,1,0,none,none,2025-03-08T01:40:00Z,,0
S008708,train,1,0,none,none,2025-03-08T01:50:00Z,1,1
S008709,train,1,0,none,none,2025-03-08T02:00:00Z,,0
S008710,train,1,0,none,none,2025-03-08T02:10:00Z,,0
S008711,train,0,1,microbump_open_bridge,reflow,2025-03-08T02:20:00Z,,0
S008712,train,1,0,none,none,2025-03-08T02:30:00Z,1,1
S008713,train,1,0,none,none,2025-03-08T02:40:00Z,,0
S008714,train,1,0,none,none,2025-03-08T02:50:00Z,,0
S008715,train,1,0,none,none,2025-03-08T03:00:00Z,1,1
S008716,train,1,0,none,none,2025-03-08T03:10:00Z,,0
S008717,train,1,0,none,none,2025-03-08T03:20:00Z,1,1
S008718,train,1,0,none,none,2025-03-08T03:30:00Z,,0
S008719,train,1,0,none,none,2025-03-08T03:40:00Z,,0
S008720,train,1,0,none,none,2025-03-08T03:50:00Z,,0
S008721,train,1,0,none,none,2025-03-08T04:00:00Z,,0
S008722,train,1,0,none,none,2025-03-08T04:10:00Z,,0
S008723,train,1,0,none,none,2025-03-08T04:20:00Z,1,1
S008724,train,1,0,none,none,2025-03-08T04:30:00Z,0,1
S008725,train,1,0,none,none,2025-03-08T04:40:00Z,,0
S008726,train,1,0,none,none,2025-03-08T04:50:00Z,,0
S008727,train,1,0,none,none,2025-03-08T05:00:00Z,,0
S008728,train,1,0,none,none,2025-03-08T05:10:00Z,,0
S008729,train,1,0,none,none,2025-03-08T05:20:00Z,,0
S008730,train,1,0,none,none,2025-03-08T05:30:00Z,,0
S008731,train,1,0,none,none,2025-03-08T05:40:00Z,1,1
S008732,train,1,0,none,none,2025-03-08T05:50:00Z,,0
S008733,train,1,0,none,none,2025-03-08T06:00:00Z,,0
S008734,train,1,0,none,none,2025-03-08T06:10:00Z,,0
S008735,train,1,0,none,none,2025-03-08T06:20:00Z,,0
S008736,train,1,0,none,none,2025-03-08T06:30:00Z,1,1
S008737,train,1,0,none,none,2025-03-08T06:40:00Z,1,1
S008738,train,1,0,none,none,2025-03-08T06:50:00Z,,0
S008739,train,1,0,none,none,2025-03-08T07:00:00Z,1,1
S008740,train,1,0,none,none,2025-03-08T07:10:00Z,,0
S008741,train,1,0,none,none,2025-03-08T07:20:00Z,,0
S008742,train,1,0,none,none,2025-03-08T07:30:00Z,,0
S008743,train,1,0,none,none,2025-03-08T03:40:00Z,1,1
S008744,train,1,0,none,none,2025-03-08T03:50:00Z,,0
S008745,train,1,0,none,none,2025-03-08T04:00:00Z,1,1
S008746,train,1,0,none,none,2025-03-08T04:10:00Z,,0
S008747,train,1,0,none,none,2025-03-08T04:20:00Z,,0
S008748,train,1,0,none,none,2025-03-08T04:30:00Z,,0
S008749,train,1,0,none,none,2025-03-08T04:40:00Z,,0
S008750,train,1,0,none,none,2025-03-08T04:50:00Z,,0
S008751,train,1,0,none,none,2025-03-08T05:00:00Z,,0
S008752,train,1,0,none,none,2025-03-08T05:10:00Z,,0
S008753,train,1,0,none,none,2025-03-08T05:20:00Z,,0
S008754,train,1,0,none,none,2025-03-08T05:30:00Z,,0
S008755,train,1,0,none,none,2025-03-08T05:40:00Z,,0
S008756,train,1,0,none,none,2025-03-08T05:50:00Z,,0
S008757,train,1,0,none,none,2025-03-08T06:00:00Z,1,1
S008758,train,1,0,none,none,2025-03-08T06:10:00Z,,0
S008759,train,1,0,none,none,2025-03-08T06:20:00Z,,0
S008760,train,1,0,none,none,2025-03-08T06:30:00Z,,0
S008761,train,1,0,none,none,2025-03-08T06:40:00Z,,0
S008762,train,1,0,none,none,2025-03-08T06:50:00Z,,0
S008763,train,1,0,none,none,2025-03-08T07:00:00Z,,0
S008764,train,1,0,none,none,2025-03-08T07:10:00Z,,0
S008765,train,1,0,none,none,2025-03-08T07:20:00Z,,0
S008766,train,1,0,none,none,2025-03-08T07:30:00Z,1,1
S008767,train,1,0,none,none,2025-03-08T07:40:00Z,,0
S008768,train,1,0,none,none,2025-03-08T07:50:00Z,,0
S008769,train,1,0,none,none,2025-03-08T08:00:00Z,,0
S008770,train,0,1,warpage,assembly,2025-03-08T08:10:00Z,,0
S008771,train,1,0,none,none,2025-03-08T08:20:00Z,,0
S008772,train,1,0,none,none,2025-03-08T08:30:00Z,,0
S008773,train,0,1,warpage,assembly,2025-03-08T08:40:00Z,,0
S008774,train,1,0,none,none,2025-03-08T08:50:00Z,,0
S008775,train,1,0,none,none,2025-03-08T09:00:00Z,,0
S008776,train,0,1,warpage,assembly,2025-03-08T09:10:00Z,,0
S008777,train,1,0,none,none,2025-03-08T09:20:00Z,,0
S008778,train,1,0,none,none,2025-03-08T09:30:00Z,,0
S008779,train,1,0,none,none,2025-03-08T09:40:00Z,,0
S008780,train,1,0,none,none,2025-03-08T09:50:00Z,,0
S008781,train,1,0,none,none,2025-03-08T10:00:00Z,,0
S008782,train,1,0,none,none,2025-03-08T10:10:00Z,,0
S008783,train,1,0,none,none,2025-03-08T10:20:00Z,,0
S008784,train,0,1,tsv_open_short,tsv_or_interconnect,2025-03-08T10:30:00Z,,0
S008785,train,1,0,none,none,2025-03-08T10:40:00Z,,0
S008786,train,1,0,none,none,2025-03-08T10:50:00Z,1,1
S008787,train,1,0,none,none,2025-03-08T11:00:00Z,,0
S008788,train,0,1,warpage,assembly,2025-03-08T11:10:00Z,,0
S008789,train,1,0,none,none,2025-03-08T11:20:00Z,,0
S008790,train,1,0,none,none,2025-03-08T11:30:00Z,,0
S008791,train,1,0,none,none,2025-03-08T11:40:00Z,,0
S008792,train,1,0,none,none,2025-03-08T11:50:00Z,1,1
S008793,train,1,0,none,none,2025-03-08T12:00:00Z,1,1
S008794,train,1,0,none,none,2025-03-08T12:10:00Z,,0
S008795,train,1,0,none,none,2025-03-08T12:20:00Z,,0
S008796,train,1,0,none,none,2025-03-08T12:30:00Z,,0
S008797,train,1,0,none,none,2025-03-08T12:40:00Z,,0
S008798,train,0,1,warpage,assembly,2025-03-08T12:50:00Z,,0
S008799,train,1,0,none,none,2025-03-08T13:00:00Z,,0
S008800,train,1,0,none,none,2025-03-08T13:10:00Z,1,1
S008801,train,1,0,none,none,2025-03-08T13:20:00Z,,0
S008802,train,0,1,warpage,assembly,2025-03-08T13:30:00Z,,0
S008803,train,1,0,none,none,2025-03-08T13:40:00Z,1,1
S008804,train,1,0,none,none,2025-03-08T13:50:00Z,,0
S008805,train,1,0,none,none,2025-03-08T14:00:00Z,,0
S008806,train,1,0,none,none,2025-03-08T14:10:00Z,,0
S008807,train,1,0,none,none,2025-03-08T15:40:00Z,,0
S008808,train,1,0,none,none,2025-03-08T15:50:00Z,,0
S008809,train,1,0,none,none,2025-03-08T16:00:00Z,,0
S008810,train,1,0,none,none,2025-03-08T16:10:00Z,,0
S008811,train,1,0,none,none,2025-03-08T16:20:00Z,,0
S008812,train,0,1,underfill_void,molding,2025-03-08T16:30:00Z,,0
S008813,train,1,0,none,none,2025-03-08T16:40:00Z,,0
S008814,train,1,0,none,none,2025-03-08T16:50:00Z,,0
S008815,train,1,0,none,none,2025-03-08T17:00:00Z,,0
S008816,train,1,0,none,none,2025-03-08T17:10:00Z,,0
S008817,train,1,0,none,none,2025-03-08T17:20:00Z,,0
S008818,train,1,0,none,none,2025-03-08T17:30:00Z,,0
S008819,train,1,0,none,none,2025-03-08T17:40:00Z,,0
S008820,train,1,0,none,none,2025-03-08T17:50:00Z,,0
S008821,train,1,0,none,none,2025-03-08T18:00:00Z,,0
S008822,train,1,0,none,none,2025-03-08T18:10:00Z,,0
S008823,train,1,0,none,none,2025-03-08T18:20:00Z,,0
S008824,train,1,0,none,none,2025-03-08T18:30:00Z,,0
S008825,train,1,0,none,none,2025-03-08T18:40:00Z,,0
S008826,train,1,0,none,none,2025-03-08T18:50:00Z,1,1
S008827,train,1,0,none,none,2025-03-08T19:00:00Z,,0
S008828,train,1,0,none,none,2025-03-08T19:10:00Z,1,1
S008829,train,1,0,none,none,2025-03-08T19:20:00Z,1,1
S008830,train,1,0,none,none,2025-03-08T19:30:00Z,,0
S008831,train,1,0,none,none,2025-03-08T19:40:00Z,,0
S008832,train,1,0,none,none,2025-03-08T19:50:00Z,,0
S008833,train,1,0,none,none,2025-03-08T20:00:00Z,,0
S008834,train,1,0,none,none,2025-03-08T20:10:00Z,,0
S008835,train,1,0,none,none,2025-03-08T20:20:00Z,,0
S008836,train,1,0,none,none,2025-03-08T20:30:00Z,,0
S008837,train,1,0,none,none,2025-03-08T20:40:00Z,,0
S008838,train,1,0,none,none,2025-03-08T20:50:00Z,,0
S008839,train,0,1,underfill_void,molding,2025-03-08T21:00:00Z,,0
S008840,train,1,0,none,none,2025-03-08T21:10:00Z,,0
S008841,train,1,0,none,none,2025-03-08T21:20:00Z,,0
S008842,train,1,0,none,none,2025-03-08T21:30:00Z,,0
S008843,train,1,0,none,none,2025-03-08T21:40:00Z,,0
S008844,train,1,0,none,none,2025-03-08T21:50:00Z,,0
S008845,train,1,0,none,none,2025-03-08T22:00:00Z,,0
S008846,train,0,1,underfill_void,molding,2025-03-08T22:10:00Z,,0
S008847,train,1,0,none,none,2025-03-08T22:20:00Z,,0
S008848,train,1,0,none,none,2025-03-08T22:30:00Z,,0
S008849,train,1,0,none,none,2025-03-08T22:40:00Z,1,1
S008850,train,1,0,none,none,2025-03-08T22:50:00Z,,0
S008851,train,1,0,none,none,2025-03-08T23:00:00Z,,0
S008852,train,1,0,none,none,2025-03-08T23:10:00Z,,0
S008853,train,1,0,none,none,2025-03-08T23:20:00Z,,0
S008854,train,1,0,none,none,2025-03-08T23:30:00Z,,0
S008855,train,1,0,none,none,2025-03-08T23:40:00Z,,0
S008856,train,1,0,none,none,2025-03-08T23:50:00Z,,0
S008857,train,1,0,none,none,2025-03-09T00:00:00Z,,0
S008858,train,1,0,none,none,2025-03-09T00:10:00Z,,0
S008859,train,1,0,none,none,2025-03-09T00:20:00Z,,0
S008860,train,1,0,none,none,2025-03-09T00:30:00Z,,0
S008861,train,1,0,none,none,2025-03-09T00:40:00Z,,0
S008862,train,1,0,none,none,2025-03-09T00:50:00Z,,0
S008863,train,1,0,none,none,2025-03-09T01:00:00Z,1,1
S008864,train,1,0,none,none,2025-03-09T01:10:00Z,,0
S008865,train,1,0,none,none,2025-03-09T01:20:00Z,,0
S008866,train,1,0,none,none,2025-03-09T01:30:00Z,,0
S008867,train,1,0,none,none,2025-03-09T01:40:00Z,,0
S008868,train,1,0,none,none,2025-03-09T01:50:00Z,,0
S008869,train,1,0,none,none,2025-03-09T02:00:00Z,,0
S008870,train,1,0,none,none,2025-03-09T02:10:00Z,,0
S008871,train,1,0,none,none,2025-03-09T02:20:00Z,,0
S008872,train,1,0,none,none,2025-03-09T02:30:00Z,,0
S008873,train,1,0,none,none,2025-03-09T02:40:00Z,,0
S008874,train,1,0,none,none,2025-03-09T02:50:00Z,,0
S008875,train,1,0,none,none,2025-03-09T03:00:00Z,,0
S008876,train,1,0,none,none,2025-03-09T03:10:00Z,,0
S008877,train,1,0,none,none,2025-03-09T03:20:00Z,,0
S008878,train,1,0,none,none,2025-03-09T03:30:00Z,,0
S008879,train,1,0,none,none,2025-03-09T03:40:00Z,,0
S008880,train,1,0,none,none,2025-03-09T03:50:00Z,,0
S008881,train,1,0,none,none,2025-03-09T04:00:00Z,,0
S008882,train,1,0,none,none,2025-03-09T04:10:00Z,1,1
S008883,train,1,0,none,none,2025-03-09T04:20:00Z,,0
S008884,train,1,0,none,none,2025-03-09T04:30:00Z,,0
S008885,train,1,0,none,none,2025-03-09T04:40:00Z,1,1
S008886,train,1,0,none,none,2025-03-09T04:50:00Z,1,1
S008887,train,1,0,none,none,2025-03-09T05:00:00Z,1,1
S008888,train,1,0,none,none,2025-03-09T05:10:00Z,,0
S008889,train,1,0,none,none,2025-03-09T05:20:00Z,,0
S008890,train,1,0,none,none,2025-03-09T05:30:00Z,,0
S008891,train,0,1,microbump_open_bridge,reflow,2025-03-09T05:40:00Z,,0
S008892,train,1,0,none,none,2025-03-09T05:50:00Z,,0
S008893,train,1,0,none,none,2025-03-09T06:00:00Z,,0
S008894,train,1,0,none,none,2025-03-09T06:10:00Z,1,1
S008895,train,1,0,none,none,2025-03-09T06:20:00Z,,0
S008896,train,1,0,none,none,2025-03-09T06:30:00Z,,0
S008897,train,1,0,none,none,2025-03-09T06:40:00Z,1,1
S008898,train,1,0,none,none,2025-03-09T06:50:00Z,,0
S008899,train,1,0,none,none,2025-03-09T07:00:00Z,,0
S008900,train,1,0,none,none,2025-03-09T07:10:00Z,,0
S008901,train,1,0,none,none,2025-03-09T07:20:00Z,,0
S008902,train,1,0,none,none,2025-03-09T07:30:00Z,,0
S008903,train,1,0,none,none,2025-03-09T03:40:00Z,1,1
S008904,train,1,0,none,none,2025-03-09T03:50:00Z,,0
S008905,train,1,0,none,none,2025-03-09T04:00:00Z,,0
S008906,train,1,0,none,none,2025-03-09T04:10:00Z,,0
S008907,train,1,0,none,none,2025-03-09T04:20:00Z,,0
S008908,train,1,0,none,none,2025-03-09T04:30:00Z,,0
S008909,train,1,0,none,none,2025-03-09T04:40:00Z,,0
S008910,train,1,0,none,none,2025-03-09T04:50:00Z,,0
S008911,train,1,0,none,none,2025-03-09T05:00:00Z,,0
S008912,train,1,0,none,none,2025-03-09T05:10:00Z,1,1
S008913,train,1,0,none,none,2025-03-09T05:20:00Z,1,1
S008914,train,1,0,none,none,2025-03-09T05:30:00Z,,0
S008915,train,1,0,none,none,2025-03-09T05:40:00Z,,0
S008916,train,1,0,none,none,2025-03-09T05:50:00Z,1,1
S008917,train,1,0,none,none,2025-03-09T06:00:00Z,,0
S008918,train,1,0,none,none,2025-03-09T06:10:00Z,1,1
S008919,train,1,0,none,none,2025-03-09T06:20:00Z,,0
S008920,train,0,1,warpage,assembly,2025-03-09T06:30:00Z,,0
S008921,train,1,0,none,none,2025-03-09T06:40:00Z,,0
S008922,train,1,0,none,none,2025-03-09T06:50:00Z,,0
S008923,train,1,0,none,none,2025-03-09T07:00:00Z,,0
S008924,train,1,0,none,none,2025-03-09T07:10:00Z,,0
S008925,train,1,0,none,none,2025-03-09T07:20:00Z,,0
S008926,train,0,1,underfill_void,molding,2025-03-09T07:30:00Z,,0
S008927,train,1,0,none,none,2025-03-09T07:40:00Z,,0
S008928,train,1,0,none,none,2025-03-09T07:50:00Z,1,1
S008929,train,0,1,underfill_void,molding,2025-03-09T08:00:00Z,,0
S008930,train,1,0,none,none,2025-03-09T08:10:00Z,,0
S008931,train,1,0,none,none,2025-03-09T08:20:00Z,,0
S008932,train,1,0,none,none,2025-03-09T08:30:00Z,,0
S008933,train,1,0,none,none,2025-03-09T08:40:00Z,,0
S008934,train,1,0,none,none,2025-03-09T08:50:00Z,1,1
S008935,train,1,0,none,none,2025-03-09T09:00:00Z,,0
S008936,train,1,0,none,none,2025-03-09T09:10:00Z,,0
S008937,train,1,0,none,none,2025-03-09T09:20:00Z,,0
S008938,train,1,0,none,none,2025-03-09T09:30:00Z,,0
S008939,train,1,0,none,none,2025-03-09T09:40:00Z,,0
S008940,train,1,0,none,none,2025-03-09T09:50:00Z,,0
S008941,train,1,0,none,none,2025-03-09T10:00:00Z,,0
S008942,train,1,0,none,none,2025-03-09T10:10:00Z,,0
S008943,train,0,1,multiple,multiple,2025-03-09T10:20:00Z,,0
S008944,train,0,1,underfill_void,molding,2025-03-09T10:30:00Z,,0
S008945,train,1,0,none,none,2025-03-09T10:40:00Z,,0
S008946,train,1,0,none,none,2025-03-09T10:50:00Z,,0
S008947,train,1,0,none,none,2025-03-09T11:00:00Z,,0
S008948,train,1,0,none,none,2025-03-09T11:10:00Z,1,1
S008949,train,1,0,none,none,2025-03-09T11:20:00Z,,0
S008950,train,1,0,none,none,2025-03-09T11:30:00Z,,0
S008951,train,1,0,none,none,2025-03-09T11:40:00Z,,0
S008952,train,1,0,none,none,2025-03-09T11:50:00Z,,0
S008953,train,1,0,none,none,2025-03-09T12:00:00Z,,0
S008954,train,1,0,none,none,2025-03-09T12:10:00Z,,0
S008955,train,1,0,none,none,2025-03-09T12:20:00Z,,0
S008956,train,1,0,none,none,2025-03-09T12:30:00Z,,0
S008957,train,1,0,none,none,2025-03-09T12:40:00Z,1,1
S008958,train,1,0,none,none,2025-03-09T12:50:00Z,,0
S008959,train,1,0,none,none,2025-03-09T13:00:00Z,,0
S008960,train,1,0,none,none,2025-03-09T13:10:00Z,,0
S008961,train,1,0,none,none,2025-03-09T13:20:00Z,,0
S008962,train,1,0,none,none,2025-03-09T13:30:00Z,1,1
S008963,train,1,0,none,none,2025-03-09T13:40:00Z,,0
S008964,train,1,0,none,none,2025-03-09T13:50:00Z,,0
S008965,train,0,1,delamination,molding,2025-03-09T14:00:00Z,,0
S008966,train,1,0,none,none,2025-03-09T14:10:00Z,,0
S008967,train,1,0,none,none,2025-03-09T14:20:00Z,,0
S008968,train,1,0,none,none,2025-03-09T14:30:00Z,,0
S008969,train,1,0,none,none,2025-03-09T14:40:00Z,1,1
S008970,train,1,0,none,none,2025-03-09T14:50:00Z,,0
S008971,train,1,0,none,none,2025-03-09T15:00:00Z,1,1
S008972,train,1,0,none,none,2025-03-09T15:10:00Z,,0
S008973,train,1,0,none,none,2025-03-09T15:20:00Z,,0
S008974,train,1,0,none,none,2025-03-09T15:30:00Z,1,1
S008975,train,1,0,none,none,2025-03-09T15:40:00Z,1,1
S008976,train,1,0,none,none,2025-03-09T15:50:00Z,,0
S008977,train,1,0,none,none,2025-03-09T16:00:00Z,,0
S008978,train,1,0,none,none,2025-03-09T16:10:00Z,,0
S008979,train,1,0,none,none,2025-03-09T16:20:00Z,,0
S008980,train,1,0,none,none,2025-03-09T16:30:00Z,,0
S008981,train,1,0,none,none,2025-03-09T16:40:00Z,,0
S008982,train,1,0,none,none,2025-03-09T16:50:00Z,,0
S008983,train,1,0,none,none,2025-03-09T17:00:00Z,1,1
S008984,train,1,0,none,none,2025-03-09T17:10:00Z,1,1
S008985,train,1,0,none,none,2025-03-09T17:20:00Z,,0
S008986,train,1,0,none,none,2025-03-09T17:30:00Z,,0
S008987,train,1,0,none,none,2025-03-09T17:40:00Z,1,1
S008988,train,1,0,none,none,2025-03-09T17:50:00Z,,0
S008989,train,1,0,none,none,2025-03-09T18:00:00Z,,0
S008990,train,1,0,none,none,2025-03-09T18:10:00Z,,0
S008991,train,1,0,none,none,2025-03-09T18:20:00Z,1,1
S008992,train,1,0,none,none,2025-03-09T18:30:00Z,,0
S008993,train,1,0,none,none,2025-03-09T18:40:00Z,,0
S008994,train,1,0,none,none,2025-03-09T18:50:00Z,,0
S008995,train,1,0,none,none,2025-03-09T19:00:00Z,1,1
S008996,train,1,0,none,none,2025-03-09T19:10:00Z,,0
S008997,train,1,0,none,none,2025-03-09T19:20:00Z,,0
S008998,train,1,0,none,none,2025-03-09T15:40:00Z,,0
S008999,train,1,0,none,none,2025-03-09T15:50:00Z,,0
S009000,train,1,0,none,none,2025-03-09T16:00:00Z,1,1
S009001,train,1,0,none,none,2025-03-09T16:10:00Z,1,1
S009002,train,1,0,none,none,2025-03-09T16:20:00Z,,0
S009003,train,1,0,none,none,2025-03-09T16:30:00Z,,0
S009004,train,1,0,none,none,2025-03-09T16:40:00Z,0,1
S009005,train,0,1,delamination,molding,2025-03-09T16:50:00Z,,0
S009006,train,0,1,underfill_void,molding,2025-03-09T17:00:00Z,,0
S009007,train,1,0,none,none,2025-03-09T17:10:00Z,,0
S009008,train,1,0,none,none,2025-03-09T17:20:00Z,1,1
S009009,train,1,0,none,none,2025-03-09T17:30:00Z,,0
S009010,train,1,0,none,none,2025-03-09T17:40:00Z,1,1
S009011,train,1,0,none,none,2025-03-09T17:50:00Z,,0
S009012,train,1,0,none,none,2025-03-09T18:00:00Z,,0
S009013,train,1,0,none,none,2025-03-09T18:10:00Z,,0
S009014,train,1,0,none,none,2025-03-09T18:20:00Z,,0
S009015,train,1,0,none,none,2025-03-09T18:30:00Z,,0
S009016,train,1,0,none,none,2025-03-09T18:40:00Z,,0
S009017,train,1,0,none,none,2025-03-09T18:50:00Z,,0
S009018,train,1,0,none,none,2025-03-09T19:00:00Z,,0
S009019,train,1,0,none,none,2025-03-09T19:10:00Z,,0
S009020,train,1,0,none,none,2025-03-09T19:20:00Z,,0
S009021,train,1,0,none,none,2025-03-09T19:30:00Z,1,1
S009022,train,1,0,none,none,2025-03-09T19:40:00Z,,0
S009023,train,1,0,none,none,2025-03-09T19:50:00Z,,0
S009024,train,1,0,none,none,2025-03-09T20:00:00Z,1,1
S009025,train,1,0,none,none,2025-03-09T20:10:00Z,1,1
S009026,train,1,0,none,none,2025-03-09T20:20:00Z,,0
S009027,train,1,0,none,none,2025-03-09T20:30:00Z,1,1
S009028,train,1,0,none,none,2025-03-09T20:40:00Z,,0
S009029,train,1,0,none,none,2025-03-09T20:50:00Z,1,1
S009030,train,1,0,none,none,2025-03-09T21:00:00Z,,0
S009031,train,1,0,none,none,2025-03-09T21:10:00Z,1,1
S009032,train,1,0,none,none,2025-03-09T21:20:00Z,1,1
S009033,train,1,0,none,none,2025-03-09T21:30:00Z,,0
S009034,train,1,0,none,none,2025-03-09T21:40:00Z,,0
S009035,train,1,0,none,none,2025-03-09T21:50:00Z,1,1
S009036,train,1,0,none,none,2025-03-09T22:00:00Z,1,1
S009037,train,1,0,none,none,2025-03-09T22:10:00Z,,0
S009038,train,1,0,none,none,2025-03-09T22:20:00Z,,0
S009039,train,1,0,none,none,2025-03-09T22:30:00Z,1,1
S009040,train,1,0,none,none,2025-03-09T22:40:00Z,,0
S009041,train,1,0,none,none,2025-03-09T22:50:00Z,,0
S009042,train,1,0,none,none,2025-03-09T23:00:00Z,1,1
S009043,train,1,0,none,none,2025-03-09T23:10:00Z,,0
S009044,train,1,0,none,none,2025-03-09T23:20:00Z,,0
S009045,train,1,0,none,none,2025-03-09T23:30:00Z,,0
S009046,train,1,0,none,none,2025-03-09T23:40:00Z,,0
S009047,train,1,0,none,none,2025-03-09T23:50:00Z,1,1
S009048,train,1,0,none,none,2025-03-10T00:00:00Z,,0
S009049,train,1,0,none,none,2025-03-10T00:10:00Z,1,1
S009050,train,1,0,none,none,2025-03-10T00:20:00Z,,0
S009051,train,1,0,none,none,2025-03-10T00:30:00Z,,0
S009052,train,1,0,none,none,2025-03-10T00:40:00Z,,0
S009053,train,1,0,none,none,2025-03-10T00:50:00Z,,0
S009054,train,1,0,none,none,2025-03-10T01:00:00Z,,0
S009055,train,1,0,none,none,2025-03-10T01:10:00Z,,0
S009056,train,1,0,none,none,2025-03-10T01:20:00Z,1,1
S009057,train,1,0,none,none,2025-03-10T01:30:00Z,,0
S009058,train,1,0,none,none,2025-03-10T01:40:00Z,,0
S009059,train,1,0,none,none,2025-03-10T01:50:00Z,,0
S009060,train,1,0,none,none,2025-03-10T03:40:00Z,1,1
S009061,train,1,0,none,none,2025-03-10T03:50:00Z,,0
S009062,train,1,0,none,none,2025-03-10T04:00:00Z,,0
S009063,train,1,0,none,none,2025-03-10T04:10:00Z,,0
S009064,train,1,0,none,none,2025-03-10T04:20:00Z,,0
S009065,train,1,0,none,none,2025-03-10T04:30:00Z,,0
S009066,train,1,0,none,none,2025-03-10T04:40:00Z,,0
S009067,train,1,0,none,none,2025-03-10T04:50:00Z,,0
S009068,train,1,0,none,none,2025-03-10T05:00:00Z,,0
S009069,train,1,0,none,none,2025-03-10T05:10:00Z,1,1
S009070,train,1,0,none,none,2025-03-10T05:20:00Z,,0
S009071,train,1,0,none,none,2025-03-10T05:30:00Z,,0
S009072,train,1,0,none,none,2025-03-10T05:40:00Z,,0
S009073,train,1,0,none,none,2025-03-10T05:50:00Z,1,1
S009074,train,1,0,none,none,2025-03-10T06:00:00Z,,0
S009075,train,1,0,none,none,2025-03-10T06:10:00Z,1,1
S009076,train,1,0,none,none,2025-03-10T06:20:00Z,,0
S009077,train,1,0,none,none,2025-03-10T06:30:00Z,,0
S009078,train,1,0,none,none,2025-03-10T06:40:00Z,,0
S009079,train,1,0,none,none,2025-03-10T06:50:00Z,,0
S009080,train,1,0,none,none,2025-03-10T07:00:00Z,1,1
S009081,train,1,0,none,none,2025-03-10T07:10:00Z,,0
S009082,train,1,0,none,none,2025-03-10T07:20:00Z,,0
S009083,train,1,0,none,none,2025-03-10T07:30:00Z,,0
S009084,train,1,0,none,none,2025-03-10T07:40:00Z,,0
S009085,train,1,0,none,none,2025-03-10T07:50:00Z,,0
S009086,train,1,0,none,none,2025-03-10T08:00:00Z,,0
S009087,train,1,0,none,none,2025-03-10T08:10:00Z,,0
S009088,train,1,0,none,none,2025-03-10T08:20:00Z,,0
S009089,train,1,0,none,none,2025-03-10T08:30:00Z,1,1
S009090,train,0,1,microbump_open_bridge,reflow,2025-03-10T08:40:00Z,,0
S009091,train,1,0,none,none,2025-03-10T08:50:00Z,,0
S009092,train,1,0,none,none,2025-03-10T09:00:00Z,,0
S009093,train,1,0,none,none,2025-03-10T09:10:00Z,1,1
S009094,train,1,0,none,none,2025-03-10T09:20:00Z,,0
S009095,train,1,0,none,none,2025-03-10T09:30:00Z,,0
S009096,train,1,0,none,none,2025-03-10T09:40:00Z,,0
S009097,train,1,0,none,none,2025-03-10T09:50:00Z,,0
S009098,train,1,0,none,none,2025-03-10T10:00:00Z,1,1
S009099,train,1,0,none,none,2025-03-10T10:10:00Z,,0
S009100,train,1,0,none,none,2025-03-10T10:20:00Z,1,1
S009101,train,1,0,none,none,2025-03-10T10:30:00Z,,0
S009102,train,1,0,none,none,2025-03-10T10:40:00Z,,0
S009103,train,1,0,none,none,2025-03-10T10:50:00Z,,0
S009104,train,1,0,none,none,2025-03-10T11:00:00Z,,0
S009105,train,1,0,none,none,2025-03-10T11:10:00Z,,0
S009106,train,1,0,none,none,2025-03-10T11:20:00Z,,0
S009107,train,1,0,none,none,2025-03-10T11:30:00Z,,0
S009108,train,1,0,none,none,2025-03-10T11:40:00Z,,0
S009109,train,1,0,none,none,2025-03-10T11:50:00Z,,0
S009110,train,1,0,none,none,2025-03-10T12:00:00Z,,0
S009111,train,1,0,none,none,2025-03-10T12:10:00Z,,0
S009112,train,1,0,none,none,2025-03-10T12:20:00Z,,0
S009113,train,0,1,underfill_void,molding,2025-03-10T12:30:00Z,,0
S009114,train,1,0,none,none,2025-03-10T12:40:00Z,,0
S009115,train,1,0,none,none,2025-03-10T12:50:00Z,1,1
S009116,train,1,0,none,none,2025-03-10T13:00:00Z,1,1
S009117,train,1,0,none,none,2025-03-10T13:10:00Z,,0
S009118,train,1,0,none,none,2025-03-10T13:20:00Z,,0
S009119,train,1,0,none,none,2025-03-10T13:30:00Z,1,1
S009120,train,1,0,none,none,2025-03-10T13:40:00Z,,0
S009121,train,1,0,none,none,2025-03-10T13:50:00Z,,0
S009122,train,1,0,none,none,2025-03-10T14:00:00Z,,0
S009123,train,1,0,none,none,2025-03-10T14:10:00Z,,0
S009124,train,1,0,none,none,2025-03-10T14:20:00Z,,0
S009125,train,0,1,microbump_open_bridge,reflow,2025-03-10T14:30:00Z,,0
S009126,train,1,0,none,none,2025-03-10T14:40:00Z,1,1
S009127,train,1,0,none,none,2025-03-10T14:50:00Z,,0
S009128,train,1,0,none,none,2025-03-10T15:00:00Z,,0
S009129,train,1,0,none,none,2025-03-10T15:10:00Z,1,1
S009130,train,1,0,none,none,2025-03-10T15:20:00Z,,0
S009131,train,1,0,none,none,2025-03-10T15:30:00Z,,0
S009132,train,1,0,none,none,2025-03-10T15:40:00Z,1,1
S009133,train,1,0,none,none,2025-03-10T15:50:00Z,,0
S009134,train,1,0,none,none,2025-03-10T16:00:00Z,,0
S009135,train,1,0,none,none,2025-03-10T16:10:00Z,,0
S009136,train,1,0,none,none,2025-03-10T16:20:00Z,,0
S009137,train,1,0,none,none,2025-03-10T16:30:00Z,,0
S009138,train,1,0,none,none,2025-03-10T16:40:00Z,,0
S009139,train,1,0,none,none,2025-03-10T16:50:00Z,,0
S009140,train,1,0,none,none,2025-03-10T17:00:00Z,,0
S009141,train,1,0,none,none,2025-03-10T17:10:00Z,,0
S009142,train,1,0,none,none,2025-03-10T17:20:00Z,,0
S009143,train,1,0,none,none,2025-03-10T17:30:00Z,,0
S009144,train,1,0,none,none,2025-03-10T17:40:00Z,,0
S009145,train,1,0,none,none,2025-03-10T17:50:00Z,,0
S009146,train,1,0,none,none,2025-03-10T18:00:00Z,1,1
S009147,train,1,0,none,none,2025-03-10T18:10:00Z,1,1
S009148,train,1,0,none,none,2025-03-10T18:20:00Z,1,1
S009149,train,1,0,none,none,2025-03-10T18:30:00Z,,0
S009150,train,1,0,none,none,2025-03-10T18:40:00Z,,0
S009151,train,1,0,none,none,2025-03-10T18:50:00Z,,0
S009152,train,1,0,none,none,2025-03-10T19:00:00Z,,0
S009153,train,1,0,none,none,2025-03-10T19:10:00Z,,0
S009154,train,1,0,none,none,2025-03-10T19:20:00Z,,0
S009155,train,1,0,none,none,2025-03-10T19:30:00Z,,0
S009156,train,1,0,none,none,2025-03-10T19:40:00Z,,0
S009157,train,1,0,none,none,2025-03-10T15:40:00Z,,0
S009158,train,1,0,none,none,2025-03-10T15:50:00Z,,0
S009159,train,1,0,none,none,2025-03-10T16:00:00Z,,0
S009160,train,1,0,none,none,2025-03-10T16:10:00Z,,0
S009161,train,1,0,none,none,2025-03-10T16:20:00Z,1,1
S009162,train,1,0,none,none,2025-03-10T16:30:00Z,,0
S009163,train,1,0,none,none,2025-03-10T16:40:00Z,,0
S009164,train,1,0,none,none,2025-03-10T16:50:00Z,,0
S009165,train,1,0,none,none,2025-03-10T17:00:00Z,,0
S009166,train,1,0,none,none,2025-03-10T17:10:00Z,,0
S009167,train,1,0,none,none,2025-03-10T17:20:00Z,,0
S009168,train,1,0,none,none,2025-03-10T17:30:00Z,1,1
S009169,train,1,0,none,none,2025-03-10T17:40:00Z,,0
S009170,train,1,0,none,none,2025-03-10T17:50:00Z,,0
S009171,train,1,0,none,none,2025-03-10T18:00:00Z,,0
S009172,train,1,0,none,none,2025-03-10T18:10:00Z,,0
S009173,train,1,0,none,none,2025-03-10T18:20:00Z,1,1
S009174,train,1,0,none,none,2025-03-10T18:30:00Z,,0
S009175,train,1,0,none,none,2025-03-10T18:40:00Z,,0
S009176,train,1,0,none,none,2025-03-10T18:50:00Z,,0
S009177,train,1,0,none,none,2025-03-10T19:00:00Z,,0
S009178,train,1,0,none,none,2025-03-10T19:10:00Z,0,1
S009179,train,1,0,none,none,2025-03-10T19:20:00Z,,0
S009180,train,1,0,none,none,2025-03-10T19:30:00Z,,0
S009181,train,1,0,none,none,2025-03-10T19:40:00Z,,0
S009182,train,1,0,none,none,2025-03-10T19:50:00Z,,0
S009183,train,1,0,none,none,2025-03-10T20:00:00Z,,0
S009184,train,1,0,none,none,2025-03-10T20:10:00Z,,0
S009185,train,1,0,none,none,2025-03-10T20:20:00Z,,0
S009186,train,1,0,none,none,2025-03-10T20:30:00Z,,0
S009187,train,1,0,none,none,2025-03-10T20:40:00Z,,0
S009188,train,1,0,none,none,2025-03-10T20:50:00Z,1,1
S009189,train,1,0,none,none,2025-03-10T21:00:00Z,,0
S009190,train,1,0,none,none,2025-03-10T21:10:00Z,,0
S009191,train,1,0,none,none,2025-03-10T21:20:00Z,1,1
S009192,train,1,0,none,none,2025-03-10T21:30:00Z,,0
S009193,train,1,0,none,none,2025-03-10T21:40:00Z,,0
S009194,train,1,0,none,none,2025-03-10T21:50:00Z,,0
S009195,train,1,0,none,none,2025-03-10T22:00:00Z,,0
S009196,train,1,0,none,none,2025-03-10T22:10:00Z,,0
S009197,train,1,0,none,none,2025-03-10T22:20:00Z,,0
S009198,train,1,0,none,none,2025-03-10T22:30:00Z,,0
S009199,train,1,0,none,none,2025-03-10T22:40:00Z,1,1
S009200,train,1,0,none,none,2025-03-10T22:50:00Z,,0
S009201,train,1,0,none,none,2025-03-10T23:00:00Z,,0
S009202,train,1,0,none,none,2025-03-10T23:10:00Z,,0
S009203,train,0,1,warpage,assembly,2025-03-10T23:20:00Z,,0
S009204,train,1,0,none,none,2025-03-10T23:30:00Z,1,1
S009205,train,1,0,none,none,2025-03-10T23:40:00Z,,0
S009206,train,0,1,die_crack,handling,2025-03-10T23:50:00Z,,0
S009207,train,1,0,none,none,2025-03-11T00:00:00Z,,0
S009208,train,1,0,none,none,2025-03-11T00:10:00Z,,0
S009209,train,1,0,none,none,2025-03-11T00:20:00Z,,0
S009210,train,1,0,none,none,2025-03-11T00:30:00Z,,0
S009211,train,1,0,none,none,2025-03-11T00:40:00Z,1,1
S009212,train,1,0,none,none,2025-03-11T00:50:00Z,,0
S009213,train,1,0,none,none,2025-03-11T01:00:00Z,,0
S009214,train,0,1,warpage,assembly,2025-03-11T01:10:00Z,,0
S009215,train,1,0,none,none,2025-03-11T01:20:00Z,,0
S009216,train,1,0,none,none,2025-03-11T01:30:00Z,,0
S009217,train,1,0,none,none,2025-03-11T01:40:00Z,,0
S009218,train,0,1,dram_electrical,dram_or_base,2025-03-11T01:50:00Z,,0
S009219,train,1,0,none,none,2025-03-11T02:00:00Z,,0
S009220,train,1,0,none,none,2025-03-11T02:10:00Z,,0
S009221,train,1,0,none,none,2025-03-11T02:20:00Z,,0
S009222,train,1,0,none,none,2025-03-11T02:30:00Z,,0
S009223,train,1,0,none,none,2025-03-11T02:40:00Z,,0
S009224,train,1,0,none,none,2025-03-11T02:50:00Z,,0
S009225,train,1,0,none,none,2025-03-11T03:00:00Z,,0
S009226,train,1,0,none,none,2025-03-11T03:10:00Z,,0
S009227,train,1,0,none,none,2025-03-11T03:20:00Z,,0
S009228,train,1,0,none,none,2025-03-11T03:30:00Z,,0
S009229,train,1,0,none,none,2025-03-11T03:40:00Z,,0
S009230,train,1,0,none,none,2025-03-11T03:50:00Z,1,1
S009231,train,1,0,none,none,2025-03-11T04:00:00Z,,0
S009232,train,1,0,none,none,2025-03-11T04:10:00Z,1,1
S009233,train,1,0,none,none,2025-03-11T04:20:00Z,,0
S009234,train,1,0,none,none,2025-03-11T04:30:00Z,,0
S009235,train,1,0,none,none,2025-03-11T04:40:00Z,,0
S009236,train,1,0,none,none,2025-03-11T04:50:00Z,,0
S009237,train,1,0,none,none,2025-03-11T05:00:00Z,,0
S009238,train,1,0,none,none,2025-03-11T05:10:00Z,,0
S009239,train,0,1,underfill_void,molding,2025-03-11T05:20:00Z,,0
S009240,train,0,1,warpage,assembly,2025-03-11T05:30:00Z,,0
S009241,train,1,0,none,none,2025-03-11T05:40:00Z,1,1
S009242,train,1,0,none,none,2025-03-11T05:50:00Z,,0
S009243,train,1,0,none,none,2025-03-11T06:00:00Z,,0
S009244,train,1,0,none,none,2025-03-11T06:10:00Z,,0
S009245,train,1,0,none,none,2025-03-11T06:20:00Z,,0
S009246,train,1,0,none,none,2025-03-11T06:30:00Z,,0
S009247,train,1,0,none,none,2025-03-11T06:40:00Z,,0
S009248,train,1,0,none,none,2025-03-11T06:50:00Z,,0
S009249,train,1,0,none,none,2025-03-11T07:00:00Z,1,1
S009250,train,0,1,warpage,assembly,2025-03-11T07:10:00Z,,0
S009251,train,1,0,none,none,2025-03-11T07:20:00Z,,0
S009252,train,1,0,none,none,2025-03-11T07:30:00Z,,0
S009253,train,1,0,none,none,2025-03-11T03:40:00Z,1,1
S009254,train,1,0,none,none,2025-03-11T03:50:00Z,,0
S009255,train,1,0,none,none,2025-03-11T04:00:00Z,,0
S009256,train,1,0,none,none,2025-03-11T04:10:00Z,,0
S009257,train,1,0,none,none,2025-03-11T04:20:00Z,1,1
S009258,train,1,0,none,none,2025-03-11T04:30:00Z,1,1
S009259,train,1,0,none,none,2025-03-11T04:40:00Z,,0
S009260,train,1,0,none,none,2025-03-11T04:50:00Z,1,1
S009261,train,1,0,none,none,2025-03-11T05:00:00Z,,0
S009262,train,1,0,none,none,2025-03-11T05:10:00Z,,0
S009263,train,1,0,none,none,2025-03-11T05:20:00Z,1,1
S009264,train,1,0,none,none,2025-03-11T05:30:00Z,1,1
S009265,train,1,0,none,none,2025-03-11T05:40:00Z,,0
S009266,train,1,0,none,none,2025-03-11T05:50:00Z,,0
S009267,train,1,0,none,none,2025-03-11T06:00:00Z,,0
S009268,train,1,0,none,none,2025-03-11T06:10:00Z,1,1
S009269,train,1,0,none,none,2025-03-11T06:20:00Z,,0
S009270,train,1,0,none,none,2025-03-11T06:30:00Z,1,1
S009271,train,1,0,none,none,2025-03-11T06:40:00Z,,0
S009272,train,0,1,dram_electrical,dram_or_base,2025-03-11T06:50:00Z,,0
S009273,train,1,0,none,none,2025-03-11T07:00:00Z,,0
S009274,train,1,0,none,none,2025-03-11T07:10:00Z,1,1
S009275,train,1,0,none,none,2025-03-11T07:20:00Z,,0
S009276,train,1,0,none,none,2025-03-11T07:30:00Z,,0
S009277,train,1,0,none,none,2025-03-11T07:40:00Z,,0
S009278,train,1,0,none,none,2025-03-11T07:50:00Z,,0
S009279,train,0,1,underfill_void,molding,2025-03-11T08:00:00Z,,0
S009280,train,1,0,none,none,2025-03-11T08:10:00Z,,0
S009281,train,1,0,none,none,2025-03-11T08:20:00Z,,0
S009282,train,1,0,none,none,2025-03-11T08:30:00Z,1,1
S009283,train,1,0,none,none,2025-03-11T08:40:00Z,1,1
S009284,train,1,0,none,none,2025-03-11T08:50:00Z,,0
S009285,train,1,0,none,none,2025-03-11T09:00:00Z,,0
S009286,train,1,0,none,none,2025-03-11T09:10:00Z,,0
S009287,train,1,0,none,none,2025-03-11T09:20:00Z,,0
S009288,train,1,0,none,none,2025-03-11T09:30:00Z,,0
S009289,train,1,0,none,none,2025-03-11T09:40:00Z,,0
S009290,train,1,0,none,none,2025-03-11T09:50:00Z,1,1
S009291,train,1,0,none,none,2025-03-11T10:00:00Z,,0
S009292,train,1,0,none,none,2025-03-11T10:10:00Z,,0
S009293,train,1,0,none,none,2025-03-11T10:20:00Z,,0
S009294,train,1,0,none,none,2025-03-11T10:30:00Z,1,1
S009295,train,1,0,none,none,2025-03-11T10:40:00Z,,0
S009296,train,1,0,none,none,2025-03-11T10:50:00Z,,0
S009297,train,1,0,none,none,2025-03-11T11:00:00Z,,0
S009298,train,1,0,none,none,2025-03-11T11:10:00Z,,0
S009299,train,1,0,none,none,2025-03-11T11:20:00Z,,0
S009300,train,1,0,none,none,2025-03-11T11:30:00Z,,0
S009301,train,1,0,none,none,2025-03-11T11:40:00Z,,0
S009302,train,1,0,none,none,2025-03-11T11:50:00Z,,0
S009303,train,1,0,none,none,2025-03-11T12:00:00Z,,0
S009304,train,1,0,none,none,2025-03-11T12:10:00Z,,0
S009305,train,1,0,none,none,2025-03-11T12:20:00Z,1,1
S009306,train,0,1,multiple,multiple,2025-03-11T12:30:00Z,,0
S009307,train,1,0,none,none,2025-03-11T12:40:00Z,,0
S009308,train,0,1,die_crack,handling,2025-03-11T12:50:00Z,,0
S009309,train,1,0,none,none,2025-03-11T13:00:00Z,,0
S009310,train,1,0,none,none,2025-03-11T13:10:00Z,,0
S009311,train,1,0,none,none,2025-03-11T13:20:00Z,,0
S009312,train,1,0,none,none,2025-03-11T13:30:00Z,,0
S009313,train,1,0,none,none,2025-03-11T13:40:00Z,1,1
S009314,train,1,0,none,none,2025-03-11T13:50:00Z,1,1
S009315,train,1,0,none,none,2025-03-11T14:00:00Z,1,1
S009316,train,1,0,none,none,2025-03-11T14:10:00Z,,0
S009317,train,1,0,none,none,2025-03-11T14:20:00Z,,0
S009318,train,1,0,none,none,2025-03-11T14:30:00Z,,0
S009319,train,1,0,none,none,2025-03-11T14:40:00Z,,0
S009320,train,1,0,none,none,2025-03-11T14:50:00Z,1,1
S009321,train,1,0,none,none,2025-03-11T15:00:00Z,1,1
S009322,train,1,0,none,none,2025-03-11T15:10:00Z,1,1
S009323,train,1,0,none,none,2025-03-11T15:20:00Z,,0
S009324,train,1,0,none,none,2025-03-11T15:30:00Z,,0
S009325,train,1,0,none,none,2025-03-11T15:40:00Z,,0
S009326,train,1,0,none,none,2025-03-11T15:50:00Z,,0
S009327,train,1,0,none,none,2025-03-11T16:00:00Z,1,1
S009328,train,1,0,none,none,2025-03-11T16:10:00Z,,0
S009329,train,1,0,none,none,2025-03-11T16:20:00Z,,0
S009330,train,0,1,underfill_void,molding,2025-03-11T16:30:00Z,,0
S009331,train,1,0,none,none,2025-03-11T16:40:00Z,,0
S009332,train,1,0,none,none,2025-03-11T16:50:00Z,,0
S009333,train,1,0,none,none,2025-03-11T17:00:00Z,,0
S009334,train,1,0,none,none,2025-03-11T17:10:00Z,,0
S009335,train,1,0,none,none,2025-03-11T17:20:00Z,,0
S009336,train,1,0,none,none,2025-03-11T17:30:00Z,,0
S009337,train,1,0,none,none,2025-03-11T17:40:00Z,,0
S009338,train,1,0,none,none,2025-03-11T17:50:00Z,,0
S009339,train,1,0,none,none,2025-03-11T18:00:00Z,,0
S009340,train,1,0,none,none,2025-03-11T18:10:00Z,,0
S009341,train,1,0,none,none,2025-03-11T18:20:00Z,,0
S009342,train,1,0,none,none,2025-03-11T18:30:00Z,,0
S009343,train,1,0,none,none,2025-03-11T18:40:00Z,1,1
S009344,train,1,0,none,none,2025-03-11T18:50:00Z,1,1
S009345,train,1,0,none,none,2025-03-11T19:00:00Z,,0
S009346,train,1,0,none,none,2025-03-11T19:10:00Z,,0
S009347,train,1,0,none,none,2025-03-11T19:20:00Z,,0
S009348,train,1,0,none,none,2025-03-11T19:30:00Z,,0
S009349,train,1,0,none,none,2025-03-11T19:40:00Z,,0
S009350,train,0,1,warpage,assembly,2025-03-11T15:40:00Z,,0
S009351,train,1,0,none,none,2025-03-11T15:50:00Z,,0
S009352,train,1,0,none,none,2025-03-11T16:00:00Z,,0
S009353,train,1,0,none,none,2025-03-11T16:10:00Z,,0
S009354,train,1,0,none,none,2025-03-11T16:20:00Z,,0
S009355,train,1,0,none,none,2025-03-11T16:30:00Z,,0
S009356,train,0,1,tsv_open_short,tsv_or_interconnect,2025-03-11T16:40:00Z,,0
S009357,train,1,0,none,none,2025-03-11T16:50:00Z,,0
S009358,train,1,0,none,none,2025-03-11T17:00:00Z,,0
S009359,train,1,0,none,none,2025-03-11T17:10:00Z,,0
S009360,train,1,0,none,none,2025-03-11T17:20:00Z,,0
S009361,train,0,1,warpage,assembly,2025-03-11T17:30:00Z,,0
S009362,train,1,0,none,none,2025-03-11T17:40:00Z,,0
S009363,train,1,0,none,none,2025-03-11T17:50:00Z,,0
S009364,train,1,0,none,none,2025-03-11T18:00:00Z,,0
S009365,train,1,0,none,none,2025-03-11T18:10:00Z,,0
S009366,train,1,0,none,none,2025-03-11T18:20:00Z,,0
S009367,train,1,0,none,none,2025-03-11T18:30:00Z,,0
S009368,train,1,0,none,none,2025-03-11T18:40:00Z,,0
S009369,train,1,0,none,none,2025-03-11T18:50:00Z,,0
S009370,train,1,0,none,none,2025-03-11T19:00:00Z,,0
S009371,train,1,0,none,none,2025-03-11T19:10:00Z,,0
S009372,train,1,0,none,none,2025-03-11T19:20:00Z,,0
S009373,train,1,0,none,none,2025-03-11T19:30:00Z,1,1
S009374,train,1,0,none,none,2025-03-11T19:40:00Z,,0
S009375,train,1,0,none,none,2025-03-11T19:50:00Z,,0
S009376,train,1,0,none,none,2025-03-11T20:00:00Z,1,1
S009377,train,1,0,none,none,2025-03-11T20:10:00Z,1,1
S009378,train,1,0,none,none,2025-03-11T20:20:00Z,,0
S009379,train,1,0,none,none,2025-03-11T20:30:00Z,,0
S009380,train,1,0,none,none,2025-03-11T20:40:00Z,,0
S009381,train,1,0,none,none,2025-03-11T20:50:00Z,,0
S009382,train,1,0,none,none,2025-03-11T21:00:00Z,,0
S009383,train,1,0,none,none,2025-03-11T21:10:00Z,,0
S009384,train,1,0,none,none,2025-03-11T21:20:00Z,1,1
S009385,train,1,0,none,none,2025-03-11T21:30:00Z,,0
S009386,train,1,0,none,none,2025-03-11T21:40:00Z,1,1
S009387,train,1,0,none,none,2025-03-11T21:50:00Z,1,1
S009388,train,1,0,none,none,2025-03-11T22:00:00Z,,0
S009389,train,1,0,none,none,2025-03-11T22:10:00Z,1,1
S009390,train,1,0,none,none,2025-03-11T22:20:00Z,,0
S009391,train,1,0,none,none,2025-03-11T22:30:00Z,1,1
S009392,train,1,0,none,none,2025-03-11T22:40:00Z,1,1
S009393,train,1,0,none,none,2025-03-11T22:50:00Z,,0
S009394,train,1,0,none,none,2025-03-11T23:00:00Z,,0
S009395,train,1,0,none,none,2025-03-11T23:10:00Z,,0
S009396,train,1,0,none,none,2025-03-11T23:20:00Z,,0
S009397,train,1,0,none,none,2025-03-11T23:30:00Z,,0
S009398,train,1,0,none,none,2025-03-11T23:40:00Z,,0
S009399,train,1,0,none,none,2025-03-11T23:50:00Z,,0
S009400,train,1,0,none,none,2025-03-12T00:00:00Z,1,1
S009401,train,1,0,none,none,2025-03-12T00:10:00Z,,0
S009402,train,1,0,none,none,2025-03-12T00:20:00Z,1,1
S009403,train,1,0,none,none,2025-03-12T00:30:00Z,,0
S009404,train,1,0,none,none,2025-03-12T00:40:00Z,,0
S009405,train,1,0,none,none,2025-03-12T00:50:00Z,,0
S009406,train,1,0,none,none,2025-03-12T01:00:00Z,,0
S009407,train,1,0,none,none,2025-03-12T01:10:00Z,,0
S009408,train,1,0,none,none,2025-03-12T01:20:00Z,,0
S009409,train,1,0,none,none,2025-03-12T01:30:00Z,,0
S009410,train,1,0,none,none,2025-03-12T01:40:00Z,,0
S009411,train,1,0,none,none,2025-03-12T01:50:00Z,,0
S009412,train,1,0,none,none,2025-03-12T02:00:00Z,1,1
S009413,train,1,0,none,none,2025-03-12T02:10:00Z,,0
S009414,train,1,0,none,none,2025-03-12T02:20:00Z,,0
S009415,train,1,0,none,none,2025-03-12T02:30:00Z,,0
S009416,train,1,0,none,none,2025-03-12T02:40:00Z,,0
S009417,train,1,0,none,none,2025-03-12T02:50:00Z,,0
S009418,train,1,0,none,none,2025-03-12T03:00:00Z,1,1
S009419,train,1,0,none,none,2025-03-12T03:10:00Z,,0
S009420,train,1,0,none,none,2025-03-12T03:20:00Z,1,1
S009421,train,1,0,none,none,2025-03-12T03:30:00Z,,0
S009422,train,0,1,underfill_void,molding,2025-03-12T03:40:00Z,,0
S009423,train,1,0,none,none,2025-03-12T03:50:00Z,,0
S009424,train,1,0,none,none,2025-03-12T04:00:00Z,,0
S009425,train,1,0,none,none,2025-03-12T04:10:00Z,,0
S009426,train,1,0,none,none,2025-03-12T04:20:00Z,1,1
S009427,train,1,0,none,none,2025-03-12T04:30:00Z,,0
S009428,train,1,0,none,none,2025-03-12T04:40:00Z,,0
S009429,train,1,0,none,none,2025-03-12T04:50:00Z,1,1
S009430,train,1,0,none,none,2025-03-12T05:00:00Z,,0
S009431,train,1,0,none,none,2025-03-12T05:10:00Z,,0
S009432,train,1,0,none,none,2025-03-12T05:20:00Z,,0
S009433,train,1,0,none,none,2025-03-12T05:30:00Z,,0
S009434,train,1,0,none,none,2025-03-12T05:40:00Z,,0
S009435,train,1,0,none,none,2025-03-12T05:50:00Z,,0
S009436,train,1,0,none,none,2025-03-12T06:00:00Z,,0
S009437,train,1,0,none,none,2025-03-12T06:10:00Z,,0
S009438,train,1,0,none,none,2025-03-12T06:20:00Z,,0
S009439,train,1,0,none,none,2025-03-12T06:30:00Z,,0
S009440,train,1,0,none,none,2025-03-12T06:40:00Z,,0
S009441,train,1,0,none,none,2025-03-12T06:50:00Z,,0
S009442,train,1,0,none,none,2025-03-12T07:00:00Z,,0
S009443,train,1,0,none,none,2025-03-12T07:10:00Z,1,1
S009444,train,1,0,none,none,2025-03-12T07:20:00Z,,0
S009445,train,1,0,none,none,2025-03-12T07:30:00Z,,0
S009446,train,1,0,none,none,2025-03-12T03:40:00Z,,0
S009447,train,1,0,none,none,2025-03-12T03:50:00Z,,0
S009448,train,1,0,none,none,2025-03-12T04:00:00Z,,0
S009449,train,1,0,none,none,2025-03-12T04:10:00Z,1,1
S009450,train,1,0,none,none,2025-03-12T04:20:00Z,,0
S009451,train,1,0,none,none,2025-03-12T04:30:00Z,,0
S009452,train,0,1,tsv_open_short,tsv_or_interconnect,2025-03-12T04:40:00Z,,0
S009453,train,1,0,none,none,2025-03-12T04:50:00Z,,0
S009454,train,1,0,none,none,2025-03-12T05:00:00Z,1,1
S009455,train,1,0,none,none,2025-03-12T05:10:00Z,,0
S009456,train,1,0,none,none,2025-03-12T05:20:00Z,1,1
S009457,train,1,0,none,none,2025-03-12T05:30:00Z,,0
S009458,train,1,0,none,none,2025-03-12T05:40:00Z,,0
S009459,train,1,0,none,none,2025-03-12T05:50:00Z,1,1
S009460,train,1,0,none,none,2025-03-12T06:00:00Z,,0
S009461,train,1,0,none,none,2025-03-12T06:10:00Z,,0
S009462,train,1,0,none,none,2025-03-12T06:20:00Z,,0
S009463,train,1,0,none,none,2025-03-12T06:30:00Z,,0
S009464,train,1,0,none,none,2025-03-12T06:40:00Z,,0
S009465,train,1,0,none,none,2025-03-12T06:50:00Z,,0
S009466,train,1,0,none,none,2025-03-12T07:00:00Z,,0
S009467,train,0,1,microbump_open_bridge,reflow,2025-03-12T07:10:00Z,,0
S009468,train,1,0,none,none,2025-03-12T07:20:00Z,1,1
S009469,train,1,0,none,none,2025-03-12T07:30:00Z,,0
S009470,train,1,0,none,none,2025-03-12T07:40:00Z,,0
S009471,train,1,0,none,none,2025-03-12T07:50:00Z,,0
S009472,train,1,0,none,none,2025-03-12T08:00:00Z,1,1
S009473,train,1,0,none,none,2025-03-12T08:10:00Z,,0
S009474,train,1,0,none,none,2025-03-12T08:20:00Z,,0
S009475,train,1,0,none,none,2025-03-12T08:30:00Z,,0
S009476,train,1,0,none,none,2025-03-12T08:40:00Z,,0
S009477,train,1,0,none,none,2025-03-12T08:50:00Z,,0
S009478,train,1,0,none,none,2025-03-12T09:00:00Z,,0
S009479,train,0,1,tsv_open_short,tsv_or_interconnect,2025-03-12T09:10:00Z,,0
S009480,train,1,0,none,none,2025-03-12T09:20:00Z,,0
S009481,train,1,0,none,none,2025-03-12T09:30:00Z,,0
S009482,train,1,0,none,none,2025-03-12T09:40:00Z,,0
S009483,train,1,0,none,none,2025-03-12T09:50:00Z,1,1
S009484,train,1,0,none,none,2025-03-12T10:00:00Z,1,1
S009485,train,1,0,none,none,2025-03-12T10:10:00Z,,0
S009486,train,1,0,none,none,2025-03-12T10:20:00Z,1,1
S009487,train,1,0,none,none,2025-03-12T10:30:00Z,,0
S009488,train,1,0,none,none,2025-03-12T10:40:00Z,,0
S009489,train,1,0,none,none,2025-03-12T10:50:00Z,,0
S009490,train,0,1,tsv_open_short,tsv_or_interconnect,2025-03-12T11:00:00Z,,0
S009491,train,1,0,none,none,2025-03-12T11:10:00Z,,0
S009492,train,1,0,none,none,2025-03-12T11:20:00Z,,0
S009493,train,1,0,none,none,2025-03-12T11:30:00Z,,0
S009494,train,1,0,none,none,2025-03-12T11:40:00Z,1,1
S009495,train,1,0,none,none,2025-03-12T11:50:00Z,,0
S009496,train,1,0,none,none,2025-03-12T12:00:00Z,,0
S009497,train,1,0,none,none,2025-03-12T12:10:00Z,,0
S009498,train,1,0,none,none,2025-03-12T12:20:00Z,,0
S009499,train,1,0,none,none,2025-03-12T12:30:00Z,,0
S009500,train,0,1,warpage,assembly,2025-03-12T12:40:00Z,,0
S009501,train,1,0,none,none,2025-03-12T12:50:00Z,,0
S009502,train,0,1,warpage,assembly,2025-03-12T13:00:00Z,,0
S009503,train,1,0,none,none,2025-03-12T13:10:00Z,,0
S009504,train,1,0,none,none,2025-03-12T13:20:00Z,,0
S009505,train,1,0,none,none,2025-03-12T13:30:00Z,,0
S009506,train,1,0,none,none,2025-03-12T13:40:00Z,,0
S009507,train,1,0,none,none,2025-03-12T15:40:00Z,,0
S009508,train,1,0,none,none,2025-03-12T15:50:00Z,,0
S009509,train,1,0,none,none,2025-03-12T16:00:00Z,,0
S009510,train,0,1,warpage,assembly,2025-03-12T16:10:00Z,,0
S009511,train,1,0,none,none,2025-03-12T16:20:00Z,,0
S009512,train,1,0,none,none,2025-03-12T16:30:00Z,1,1
S009513,train,1,0,none,none,2025-03-12T16:40:00Z,,0
S009514,train,1,0,none,none,2025-03-12T16:50:00Z,,0
S009515,train,1,0,none,none,2025-03-12T17:00:00Z,1,1
S009516,train,1,0,none,none,2025-03-12T17:10:00Z,,0
S009517,train,1,0,none,none,2025-03-12T17:20:00Z,1,1
S009518,train,1,0,none,none,2025-03-12T17:30:00Z,,0
S009519,train,1,0,none,none,2025-03-12T17:40:00Z,,0
S009520,train,1,0,none,none,2025-03-12T17:50:00Z,,0
S009521,train,1,0,none,none,2025-03-12T18:00:00Z,,0
S009522,train,1,0,none,none,2025-03-12T18:10:00Z,,0
S009523,train,1,0,none,none,2025-03-12T18:20:00Z,1,1
S009524,train,1,0,none,none,2025-03-12T18:30:00Z,,0
S009525,train,1,0,none,none,2025-03-12T18:40:00Z,,0
S009526,train,1,0,none,none,2025-03-12T18:50:00Z,,0
S009527,train,1,0,none,none,2025-03-12T19:00:00Z,,0
S009528,train,1,0,none,none,2025-03-12T19:10:00Z,,0
S009529,train,1,0,none,none,2025-03-12T19:20:00Z,,0
S009530,train,1,0,none,none,2025-03-12T19:30:00Z,,0
S009531,train,1,0,none,none,2025-03-12T19:40:00Z,,0
S009532,train,1,0,none,none,2025-03-12T19:50:00Z,,0
S009533,train,1,0,none,none,2025-03-12T20:00:00Z,,0
S009534,train,1,0,none,none,2025-03-12T20:10:00Z,,0
S009535,train,0,1,tsv_open_short,tsv_or_interconnect,2025-03-12T20:20:00Z,,0
S009536,train,1,0,none,none,2025-03-12T20:30:00Z,1,1
S009537,train,1,0,none,none,2025-03-12T20:40:00Z,,0
S009538,train,1,0,none,none,2025-03-12T20:50:00Z,1,1
S009539,train,1,0,none,none,2025-03-12T21:00:00Z,,0
S009540,train,1,0,none,none,2025-03-12T21:10:00Z,,0
S009541,train,1,0,none,none,2025-03-12T21:20:00Z,1,1
S009542,train,1,0,none,none,2025-03-12T21:30:00Z,,0
S009543,train,1,0,none,none,2025-03-12T21:40:00Z,,0
S009544,train,1,0,none,none,2025-03-12T21:50:00Z,1,1
S009545,train,1,0,none,none,2025-03-12T22:00:00Z,,0
S009546,train,1,0,none,none,2025-03-12T22:10:00Z,,0
S009547,train,1,0,none,none,2025-03-12T22:20:00Z,,0
S009548,train,1,0,none,none,2025-03-12T22:30:00Z,,0
S009549,train,1,0,none,none,2025-03-12T22:40:00Z,,0
S009550,train,1,0,none,none,2025-03-12T22:50:00Z,,0
S009551,train,1,0,none,none,2025-03-12T23:00:00Z,1,1
S009552,train,1,0,none,none,2025-03-12T23:10:00Z,,0
S009553,train,1,0,none,none,2025-03-12T23:20:00Z,,0
S009554,train,1,0,none,none,2025-03-12T23:30:00Z,,0
S009555,train,1,0,none,none,2025-03-12T23:40:00Z,1,1
S009556,train,1,0,none,none,2025-03-12T23:50:00Z,1,1
S009557,train,1,0,none,none,2025-03-13T00:00:00Z,,0
S009558,train,1,0,none,none,2025-03-13T00:10:00Z,,0
S009559,train,1,0,none,none,2025-03-13T00:20:00Z,1,1
S009560,train,1,0,none,none,2025-03-13T00:30:00Z,,0
S009561,train,1,0,none,none,2025-03-13T00:40:00Z,,0
S009562,train,1,0,none,none,2025-03-13T00:50:00Z,,0
S009563,train,1,0,none,none,2025-03-13T01:00:00Z,,0
S009564,train,1,0,none,none,2025-03-13T01:10:00Z,,0
S009565,train,1,0,none,none,2025-03-13T01:20:00Z,1,1
S009566,train,1,0,none,none,2025-03-13T01:30:00Z,,0
S009567,train,1,0,none,none,2025-03-13T01:40:00Z,1,1
S009568,train,1,0,none,none,2025-03-13T01:50:00Z,1,1
S009569,train,1,0,none,none,2025-03-13T02:00:00Z,0,1
S009570,train,1,0,none,none,2025-03-13T02:10:00Z,,0
S009571,train,1,0,none,none,2025-03-13T02:20:00Z,,0
S009572,train,1,0,none,none,2025-03-13T02:30:00Z,1,1
S009573,train,1,0,none,none,2025-03-13T02:40:00Z,,0
S009574,train,1,0,none,none,2025-03-13T02:50:00Z,,0
S009575,train,1,0,none,none,2025-03-13T03:00:00Z,,0
S009576,train,1,0,none,none,2025-03-13T03:10:00Z,,0
S009577,train,1,0,none,none,2025-03-13T03:20:00Z,,0
S009578,train,1,0,none,none,2025-03-13T03:30:00Z,1,1
S009579,train,1,0,none,none,2025-03-13T03:40:00Z,,0
S009580,train,1,0,none,none,2025-03-13T03:50:00Z,,0
S009581,train,1,0,none,none,2025-03-13T04:00:00Z,,0
S009582,train,1,0,none,none,2025-03-13T04:10:00Z,,0
S009583,train,1,0,none,none,2025-03-13T04:20:00Z,,0
S009584,train,1,0,none,none,2025-03-13T04:30:00Z,,0
S009585,train,1,0,none,none,2025-03-13T04:40:00Z,,0
S009586,train,1,0,none,none,2025-03-13T04:50:00Z,,0
S009587,train,1,0,none,none,2025-03-13T05:00:00Z,1,1
S009588,train,1,0,none,none,2025-03-13T05:10:00Z,,0
S009589,train,1,0,none,none,2025-03-13T05:20:00Z,,0
S009590,train,1,0,none,none,2025-03-13T05:30:00Z,,0
S009591,train,1,0,none,none,2025-03-13T05:40:00Z,,0
S009592,train,1,0,none,none,2025-03-13T05:50:00Z,,0
S009593,train,1,0,none,none,2025-03-13T06:00:00Z,,0
S009594,train,1,0,none,none,2025-03-13T06:10:00Z,,0
S009595,train,1,0,none,none,2025-03-13T06:20:00Z,,0
S009596,train,1,0,none,none,2025-03-13T06:30:00Z,,0
S009597,train,1,0,none,none,2025-03-13T06:40:00Z,,0
S009598,train,1,0,none,none,2025-03-13T06:50:00Z,1,1
S009599,train,1,0,none,none,2025-03-13T07:00:00Z,,0
S009600,train,1,0,none,none,2025-03-13T07:10:00Z,,0
S009601,train,1,0,none,none,2025-03-13T07:20:00Z,,0
S009602,train,1,0,none,none,2025-03-13T07:30:00Z,,0
S009603,train,1,0,none,none,2025-03-13T07:40:00Z,,0
S009604,train,1,0,none,none,2025-03-13T03:40:00Z,,0
S009605,train,1,0,none,none,2025-03-13T03:50:00Z,,0
S009606,train,1,0,none,none,2025-03-13T04:00:00Z,,0
S009607,train,1,0,none,none,2025-03-13T04:10:00Z,1,1
S009608,train,1,0,none,none,2025-03-13T04:20:00Z,1,1
S009609,train,1,0,none,none,2025-03-13T04:30:00Z,,0
S009610,train,1,0,none,none,2025-03-13T04:40:00Z,1,1
S009611,train,1,0,none,none,2025-03-13T04:50:00Z,,0
S009612,train,1,0,none,none,2025-03-13T05:00:00Z,,0
S009613,train,1,0,none,none,2025-03-13T05:10:00Z,1,1
S009614,train,1,0,none,none,2025-03-13T05:20:00Z,,0
S009615,train,1,0,none,none,2025-03-13T05:30:00Z,,0
S009616,train,1,0,none,none,2025-03-13T05:40:00Z,1,1
S009617,train,1,0,none,none,2025-03-13T05:50:00Z,,0
S009618,train,1,0,none,none,2025-03-13T06:00:00Z,,0
S009619,train,1,0,none,none,2025-03-13T06:10:00Z,,0
S009620,train,1,0,none,none,2025-03-13T06:20:00Z,,0
S009621,train,1,0,none,none,2025-03-13T06:30:00Z,1,1
S009622,train,1,0,none,none,2025-03-13T06:40:00Z,1,1
S009623,train,1,0,none,none,2025-03-13T06:50:00Z,1,1
S009624,train,1,0,none,none,2025-03-13T07:00:00Z,,0
S009625,train,1,0,none,none,2025-03-13T07:10:00Z,,0
S009626,train,1,0,none,none,2025-03-13T07:20:00Z,,0
S009627,train,1,0,none,none,2025-03-13T07:30:00Z,,0
S009628,train,1,0,none,none,2025-03-13T07:40:00Z,,0
S009629,train,1,0,none,none,2025-03-13T07:50:00Z,,0
S009630,train,1,0,none,none,2025-03-13T08:00:00Z,,0
S009631,train,1,0,none,none,2025-03-13T08:10:00Z,,0
S009632,train,1,0,none,none,2025-03-13T08:20:00Z,,0
S009633,train,0,1,warpage,assembly,2025-03-13T08:30:00Z,,0
S009634,train,1,0,none,none,2025-03-13T08:40:00Z,1,1
S009635,train,1,0,none,none,2025-03-13T08:50:00Z,1,1
S009636,train,1,0,none,none,2025-03-13T09:00:00Z,1,1
S009637,train,1,0,none,none,2025-03-13T09:10:00Z,,0
S009638,train,0,1,microbump_open_bridge,reflow,2025-03-13T09:20:00Z,,0
S009639,train,0,1,microbump_open_bridge,reflow,2025-03-13T09:30:00Z,,0
S009640,train,1,0,none,none,2025-03-13T09:40:00Z,,0
S009641,train,1,0,none,none,2025-03-13T09:50:00Z,1,1
S009642,train,1,0,none,none,2025-03-13T10:00:00Z,,0
S009643,train,1,0,none,none,2025-03-13T10:10:00Z,,0
S009644,train,1,0,none,none,2025-03-13T10:20:00Z,0,1
S009645,train,1,0,none,none,2025-03-13T10:30:00Z,,0
S009646,train,0,1,warpage,assembly,2025-03-13T10:40:00Z,,0
S009647,train,1,0,none,none,2025-03-13T10:50:00Z,,0
S009648,train,1,0,none,none,2025-03-13T11:00:00Z,,0
S009649,train,1,0,none,none,2025-03-13T11:10:00Z,,0
S009650,train,1,0,none,none,2025-03-13T11:20:00Z,,0
S009651,train,1,0,none,none,2025-03-13T11:30:00Z,1,1
S009652,train,1,0,none,none,2025-03-13T11:40:00Z,,0
S009653,train,1,0,none,none,2025-03-13T11:50:00Z,,0
S009654,train,1,0,none,none,2025-03-13T12:00:00Z,,0
S009655,train,1,0,none,none,2025-03-13T12:10:00Z,1,1
S009656,train,0,1,dram_electrical,dram_or_base,2025-03-13T12:20:00Z,,0
S009657,train,1,0,none,none,2025-03-13T12:30:00Z,,0
S009658,train,1,0,none,none,2025-03-13T12:40:00Z,,0
S009659,train,1,0,none,none,2025-03-13T12:50:00Z,,0
S009660,train,1,0,none,none,2025-03-13T13:00:00Z,1,1
S009661,train,1,0,none,none,2025-03-13T13:10:00Z,,0
S009662,train,1,0,none,none,2025-03-13T13:20:00Z,,0
S009663,train,0,1,warpage,assembly,2025-03-13T13:30:00Z,,0
S009664,train,1,0,none,none,2025-03-13T13:40:00Z,,0
S009665,train,1,0,none,none,2025-03-13T13:50:00Z,,0
S009666,train,1,0,none,none,2025-03-13T14:00:00Z,,0
S009667,train,1,0,none,none,2025-03-13T14:10:00Z,1,1
S009668,train,1,0,none,none,2025-03-13T15:40:00Z,1,1
S009669,train,1,0,none,none,2025-03-13T15:50:00Z,,0
S009670,train,1,0,none,none,2025-03-13T16:00:00Z,,0
S009671,train,1,0,none,none,2025-03-13T16:10:00Z,,0
S009672,train,1,0,none,none,2025-03-13T16:20:00Z,,0
S009673,train,1,0,none,none,2025-03-13T16:30:00Z,,0
S009674,train,1,0,none,none,2025-03-13T16:40:00Z,,0
S009675,train,1,0,none,none,2025-03-13T16:50:00Z,1,1
S009676,train,0,1,underfill_void,molding,2025-03-13T17:00:00Z,,0
S009677,train,1,0,none,none,2025-03-13T17:10:00Z,,0
S009678,train,1,0,none,none,2025-03-13T17:20:00Z,1,1
S009679,train,0,1,die_crack,handling,2025-03-13T17:30:00Z,,0
S009680,train,1,0,none,none,2025-03-13T17:40:00Z,,0
S009681,train,1,0,none,none,2025-03-13T17:50:00Z,,0
S009682,train,1,0,none,none,2025-03-13T18:00:00Z,,0
S009683,train,1,0,none,none,2025-03-13T18:10:00Z,,0
S009684,train,1,0,none,none,2025-03-13T18:20:00Z,1,1
S009685,train,1,0,none,none,2025-03-13T18:30:00Z,,0
S009686,train,1,0,none,none,2025-03-13T18:40:00Z,1,1
S009687,train,1,0,none,none,2025-03-13T18:50:00Z,,0
S009688,train,1,0,none,none,2025-03-13T19:00:00Z,,0
S009689,train,1,0,none,none,2025-03-13T19:10:00Z,,0
S009690,train,1,0,none,none,2025-03-13T19:20:00Z,,0
S009691,train,1,0,none,none,2025-03-13T19:30:00Z,1,1
S009692,train,1,0,none,none,2025-03-13T19:40:00Z,1,1
S009693,train,1,0,none,none,2025-03-13T19:50:00Z,,0
S009694,train,1,0,none,none,2025-03-13T20:00:00Z,,0
S009695,train,1,0,none,none,2025-03-13T20:10:00Z,1,1
S009696,train,1,0,none,none,2025-03-13T20:20:00Z,,0
S009697,train,1,0,none,none,2025-03-13T20:30:00Z,,0
S009698,train,1,0,none,none,2025-03-13T20:40:00Z,,0
S009699,train,1,0,none,none,2025-03-13T20:50:00Z,,0
S009700,train,1,0,none,none,2025-03-13T21:00:00Z,,0
S009701,train,1,0,none,none,2025-03-13T21:10:00Z,,0
S009702,train,1,0,none,none,2025-03-13T21:20:00Z,1,1
S009703,train,1,0,none,none,2025-03-13T21:30:00Z,,0
S009704,train,1,0,none,none,2025-03-13T21:40:00Z,,0
S009705,train,1,0,none,none,2025-03-13T21:50:00Z,1,1
S009706,train,1,0,none,none,2025-03-13T22:00:00Z,,0
S009707,train,1,0,none,none,2025-03-13T22:10:00Z,1,1
S009708,train,0,1,warpage,assembly,2025-03-13T22:20:00Z,,0
S009709,train,1,0,none,none,2025-03-13T22:30:00Z,,0
S009710,train,1,0,none,none,2025-03-13T22:40:00Z,,0
S009711,train,1,0,none,none,2025-03-13T22:50:00Z,,0
S009712,train,1,0,none,none,2025-03-13T23:00:00Z,,0
S009713,train,0,1,microbump_open_bridge,reflow,2025-03-13T23:10:00Z,,0
S009714,train,1,0,none,none,2025-03-13T23:20:00Z,,0
S009715,train,1,0,none,none,2025-03-13T23:30:00Z,1,1
S009716,train,1,0,none,none,2025-03-13T23:40:00Z,,0
S009717,train,1,0,none,none,2025-03-13T23:50:00Z,,0
S009718,train,1,0,none,none,2025-03-14T00:00:00Z,1,1
S009719,train,1,0,none,none,2025-03-14T00:10:00Z,,0
S009720,train,1,0,none,none,2025-03-14T00:20:00Z,,0
S009721,train,1,0,none,none,2025-03-14T00:30:00Z,,0
S009722,train,1,0,none,none,2025-03-14T00:40:00Z,,0
S009723,train,1,0,none,none,2025-03-14T00:50:00Z,,0
S009724,train,1,0,none,none,2025-03-14T01:00:00Z,,0
S009725,train,1,0,none,none,2025-03-14T01:10:00Z,,0
S009726,train,1,0,none,none,2025-03-14T01:20:00Z,,0
S009727,train,1,0,none,none,2025-03-14T01:30:00Z,,0
S009728,train,1,0,none,none,2025-03-14T01:40:00Z,,0
S009729,train,1,0,none,none,2025-03-14T01:50:00Z,,0
S009730,train,0,1,microbump_open_bridge,reflow,2025-03-14T02:00:00Z,,0
S009731,train,1,0,none,none,2025-03-14T02:10:00Z,,0
S009732,train,1,0,none,none,2025-03-14T03:40:00Z,1,1
S009733,train,1,0,none,none,2025-03-14T03:50:00Z,1,1
S009734,train,1,0,none,none,2025-03-14T04:00:00Z,1,1
S009735,train,1,0,none,none,2025-03-14T04:10:00Z,,0
S009736,train,1,0,none,none,2025-03-14T04:20:00Z,,0
S009737,train,1,0,none,none,2025-03-14T04:30:00Z,,0
S009738,train,1,0,none,none,2025-03-14T04:40:00Z,,0
S009739,train,1,0,none,none,2025-03-14T04:50:00Z,,0
S009740,train,1,0,none,none,2025-03-14T05:00:00Z,,0
S009741,train,1,0,none,none,2025-03-14T05:10:00Z,,0
S009742,train,1,0,none,none,2025-03-14T05:20:00Z,,0
S009743,train,1,0,none,none,2025-03-14T05:30:00Z,,0
S009744,train,1,0,none,none,2025-03-14T05:40:00Z,,0
S009745,train,1,0,none,none,2025-03-14T05:50:00Z,,0
S009746,train,0,1,dram_electrical,dram_or_base,2025-03-14T06:00:00Z,,0
S009747,train,1,0,none,none,2025-03-14T06:10:00Z,,0
S009748,train,1,0,none,none,2025-03-14T06:20:00Z,1,1
S009749,train,1,0,none,none,2025-03-14T06:30:00Z,,0
S009750,train,0,1,underfill_void,molding,2025-03-14T06:40:00Z,,0
S009751,train,1,0,none,none,2025-03-14T06:50:00Z,1,1
S009752,train,1,0,none,none,2025-03-14T07:00:00Z,,0
S009753,train,1,0,none,none,2025-03-14T07:10:00Z,,0
S009754,train,1,0,none,none,2025-03-14T07:20:00Z,,0
S009755,train,1,0,none,none,2025-03-14T07:30:00Z,1,1
S009756,train,1,0,none,none,2025-03-14T07:40:00Z,,0
S009757,train,1,0,none,none,2025-03-14T07:50:00Z,,0
S009758,train,1,0,none,none,2025-03-14T08:00:00Z,,0
S009759,train,1,0,none,none,2025-03-14T08:10:00Z,1,1
S009760,train,1,0,none,none,2025-03-14T08:20:00Z,1,1
S009761,train,1,0,none,none,2025-03-14T08:30:00Z,,0
S009762,train,1,0,none,none,2025-03-14T08:40:00Z,,0
S009763,train,1,0,none,none,2025-03-14T08:50:00Z,,0
S009764,train,1,0,none,none,2025-03-14T09:00:00Z,,0
S009765,train,1,0,none,none,2025-03-14T09:10:00Z,,0
S009766,train,1,0,none,none,2025-03-14T09:20:00Z,1,1
S009767,train,1,0,none,none,2025-03-14T09:30:00Z,1,1
S009768,train,1,0,none,none,2025-03-14T09:40:00Z,,0
S009769,train,1,0,none,none,2025-03-14T09:50:00Z,1,1
S009770,train,1,0,none,none,2025-03-14T10:00:00Z,,0
S009771,train,1,0,none,none,2025-03-14T10:10:00Z,,0
S009772,train,1,0,none,none,2025-03-14T10:20:00Z,,0
S009773,train,1,0,none,none,2025-03-14T10:30:00Z,,0
S009774,train,1,0,none,none,2025-03-14T10:40:00Z,,0
S009775,train,1,0,none,none,2025-03-14T10:50:00Z,,0
S009776,train,1,0,none,none,2025-03-14T11:00:00Z,1,1
S009777,train,1,0,none,none,2025-03-14T11:10:00Z,,0
S009778,train,1,0,none,none,2025-03-14T11:20:00Z,,0
S009779,train,1,0,none,none,2025-03-14T11:30:00Z,,0
S009780,train,1,0,none,none,2025-03-14T11:40:00Z,,0
S009781,train,1,0,none,none,2025-03-14T11:50:00Z,,0
S009782,train,1,0,none,none,2025-03-14T12:00:00Z,,0
S009783,train,1,0,none,none,2025-03-14T12:10:00Z,,0
S009784,train,1,0,none,none,2025-03-14T12:20:00Z,1,1
S009785,train,1,0,none,none,2025-03-14T12:30:00Z,,0
S009786,train,1,0,none,none,2025-03-14T12:40:00Z,,0
S009787,train,1,0,none,none,2025-03-14T12:50:00Z,,0
S009788,train,1,0,none,none,2025-03-14T13:00:00Z,,0
S009789,train,1,0,none,none,2025-03-14T13:10:00Z,,0
S009790,train,1,0,none,none,2025-03-14T13:20:00Z,,0
S009791,train,1,0,none,none,2025-03-14T13:30:00Z,,0
S009792,train,1,0,none,none,2025-03-14T13:40:00Z,1,1
S009793,train,1,0,none,none,2025-03-14T13:50:00Z,,0
S009794,train,1,0,none,none,2025-03-14T14:00:00Z,,0
S009795,train,1,0,none,none,2025-03-14T14:10:00Z,,0
S009796,train,1,0,none,none,2025-03-14T14:20:00Z,1,1
S009797,train,1,0,none,none,2025-03-14T14:30:00Z,,0
S009798,train,1,0,none,none,2025-03-14T14:40:00Z,,0
S009799,train,1,0,none,none,2025-03-14T14:50:00Z,,0
S009800,train,1,0,none,none,2025-03-14T15:00:00Z,,0
S009801,train,0,1,microbump_open_bridge,reflow,2025-03-14T15:10:00Z,,0
S009802,train,1,0,none,none,2025-03-14T15:20:00Z,,0
S009803,train,1,0,none,none,2025-03-14T15:30:00Z,,0
S009804,train,1,0,none,none,2025-03-14T15:40:00Z,,0
S009805,train,1,0,none,none,2025-03-14T15:50:00Z,,0
S009806,train,1,0,none,none,2025-03-14T16:00:00Z,1,1
S009807,train,1,0,none,none,2025-03-14T16:10:00Z,,0
S009808,train,1,0,none,none,2025-03-14T16:20:00Z,1,1
S009809,train,1,0,none,none,2025-03-14T16:30:00Z,,0
S009810,train,1,0,none,none,2025-03-14T16:40:00Z,,0
S009811,train,1,0,none,none,2025-03-14T16:50:00Z,,0
S009812,train,1,0,none,none,2025-03-14T17:00:00Z,,0
S009813,train,1,0,none,none,2025-03-14T17:10:00Z,,0
S009814,train,1,0,none,none,2025-03-14T17:20:00Z,,0
S009815,train,1,0,none,none,2025-03-14T17:30:00Z,,0
S009816,train,1,0,none,none,2025-03-14T17:40:00Z,,0
S009817,train,1,0,none,none,2025-03-14T17:50:00Z,,0
S009818,train,1,0,none,none,2025-03-14T18:00:00Z,,0
S009819,train,1,0,none,none,2025-03-14T18:10:00Z,1,1
S009820,train,1,0,none,none,2025-03-14T18:20:00Z,,0
S009821,train,1,0,none,none,2025-03-14T18:30:00Z,1,1
S009822,train,1,0,none,none,2025-03-14T18:40:00Z,1,1
S009823,train,1,0,none,none,2025-03-14T18:50:00Z,,0
S009824,train,1,0,none,none,2025-03-14T19:00:00Z,,0
S009825,train,1,0,none,none,2025-03-14T15:40:00Z,,0
S009826,train,1,0,none,none,2025-03-14T15:50:00Z,,0
S009827,train,1,0,none,none,2025-03-14T16:00:00Z,,0
S009828,train,1,0,none,none,2025-03-14T16:10:00Z,,0
S009829,train,1,0,none,none,2025-03-14T16:20:00Z,1,1
S009830,train,1,0,none,none,2025-03-14T16:30:00Z,,0
S009831,train,1,0,none,none,2025-03-14T16:40:00Z,,0
S009832,train,1,0,none,none,2025-03-14T16:50:00Z,,0
S009833,train,1,0,none,none,2025-03-14T17:00:00Z,,0
S009834,train,1,0,none,none,2025-03-14T17:10:00Z,,0
S009835,train,1,0,none,none,2025-03-14T17:20:00Z,,0
S009836,train,1,0,none,none,2025-03-14T17:30:00Z,1,1
S009837,train,1,0,none,none,2025-03-14T17:40:00Z,,0
S009838,train,0,1,underfill_void,molding,2025-03-14T17:50:00Z,,0
S009839,train,1,0,none,none,2025-03-14T18:00:00Z,,0
S009840,train,1,0,none,none,2025-03-14T18:10:00Z,,0
S009841,train,1,0,none,none,2025-03-14T18:20:00Z,,0
S009842,train,1,0,none,none,2025-03-14T18:30:00Z,,0
S009843,train,1,0,none,none,2025-03-14T18:40:00Z,,0
S009844,train,1,0,none,none,2025-03-14T18:50:00Z,1,1
S009845,train,1,0,none,none,2025-03-14T19:00:00Z,,0
S009846,train,1,0,none,none,2025-03-14T19:10:00Z,,0
S009847,train,1,0,none,none,2025-03-14T19:20:00Z,1,1
S009848,train,1,0,none,none,2025-03-14T19:30:00Z,1,1
S009849,train,1,0,none,none,2025-03-14T19:40:00Z,,0
S009850,train,1,0,none,none,2025-03-14T19:50:00Z,1,1
S009851,train,0,1,warpage,assembly,2025-03-14T20:00:00Z,,0
S009852,train,1,0,none,none,2025-03-14T20:10:00Z,,0
S009853,train,1,0,none,none,2025-03-14T20:20:00Z,,0
S009854,train,1,0,none,none,2025-03-14T20:30:00Z,,0
S009855,train,1,0,none,none,2025-03-14T20:40:00Z,,0
S009856,train,1,0,none,none,2025-03-14T20:50:00Z,,0
S009857,train,1,0,none,none,2025-03-14T21:00:00Z,,0
S009858,train,1,0,none,none,2025-03-14T21:10:00Z,,0
S009859,train,1,0,none,none,2025-03-14T21:20:00Z,,0
S009860,train,1,0,none,none,2025-03-14T21:30:00Z,,0
S009861,train,1,0,none,none,2025-03-14T21:40:00Z,,0
S009862,train,1,0,none,none,2025-03-14T21:50:00Z,,0
S009863,train,1,0,none,none,2025-03-14T22:00:00Z,,0
S009864,train,1,0,none,none,2025-03-14T22:10:00Z,,0
S009865,train,1,0,none,none,2025-03-14T22:20:00Z,1,1
S009866,train,1,0,none,none,2025-03-14T22:30:00Z,,0
S009867,train,0,1,dram_electrical,dram_or_base,2025-03-14T22:40:00Z,,0
S009868,train,1,0,none,none,2025-03-14T22:50:00Z,,0
S009869,train,0,1,warpage,assembly,2025-03-14T23:00:00Z,,0
S009870,train,1,0,none,none,2025-03-14T23:10:00Z,,0
S009871,train,0,1,underfill_void,molding,2025-03-14T23:20:00Z,,0
S009872,train,1,0,none,none,2025-03-14T23:30:00Z,,0
S009873,train,1,0,none,none,2025-03-14T23:40:00Z,,0
S009874,train,1,0,none,none,2025-03-14T23:50:00Z,,0
S009875,train,1,0,none,none,2025-03-15T00:00:00Z,,0
S009876,train,1,0,none,none,2025-03-15T00:10:00Z,,0
S009877,train,1,0,none,none,2025-03-15T00:20:00Z,,0
S009878,train,1,0,none,none,2025-03-15T00:30:00Z,,0
S009879,train,1,0,none,none,2025-03-15T00:40:00Z,,0
S009880,train,1,0,none,none,2025-03-15T00:50:00Z,,0
S009881,train,1,0,none,none,2025-03-15T01:00:00Z,1,1
S009882,train,1,0,none,none,2025-03-15T01:10:00Z,,0
S009883,train,1,0,none,none,2025-03-15T01:20:00Z,,0
S009884,train,1,0,none,none,2025-03-15T03:40:00Z,,0
S009885,train,1,0,none,none,2025-03-15T03:50:00Z,,0
S009886,train,1,0,none,none,2025-03-15T04:00:00Z,,0
S009887,train,1,0,none,none,2025-03-15T04:10:00Z,,0
S009888,train,1,0,none,none,2025-03-15T04:20:00Z,,0
S009889,train,1,0,none,none,2025-03-15T04:30:00Z,,0
S009890,train,1,0,none,none,2025-03-15T04:40:00Z,,0
S009891,train,1,0,none,none,2025-03-15T04:50:00Z,1,1
S009892,train,1,0,none,none,2025-03-15T05:00:00Z,,0
S009893,train,1,0,none,none,2025-03-15T05:10:00Z,1,1
S009894,train,1,0,none,none,2025-03-15T05:20:00Z,1,1
S009895,train,1,0,none,none,2025-03-15T05:30:00Z,1,1
S009896,train,1,0,none,none,2025-03-15T05:40:00Z,,0
S009897,train,0,1,warpage,assembly,2025-03-15T05:50:00Z,,0
S009898,train,1,0,none,none,2025-03-15T06:00:00Z,,0
S009899,train,1,0,none,none,2025-03-15T06:10:00Z,1,1
S009900,train,1,0,none,none,2025-03-15T06:20:00Z,,0
S009901,train,1,0,none,none,2025-03-15T06:30:00Z,,0
S009902,train,1,0,none,none,2025-03-15T06:40:00Z,,0
S009903,train,1,0,none,none,2025-03-15T06:50:00Z,,0
S009904,train,1,0,none,none,2025-03-15T07:00:00Z,,0
S009905,train,1,0,none,none,2025-03-15T07:10:00Z,1,1
S009906,train,1,0,none,none,2025-03-15T07:20:00Z,,0
S009907,train,1,0,none,none,2025-03-15T07:30:00Z,,0
S009908,train,1,0,none,none,2025-03-15T07:40:00Z,,0
S009909,train,1,0,none,none,2025-03-15T07:50:00Z,,0
S009910,train,1,0,none,none,2025-03-15T08:00:00Z,,0
S009911,train,1,0,none,none,2025-03-15T08:10:00Z,,0
S009912,train,1,0,none,none,2025-03-15T08:20:00Z,,0
S009913,train,1,0,none,none,2025-03-15T08:30:00Z,,0
S009914,train,1,0,none,none,2025-03-15T08:40:00Z,,0
S009915,train,1,0,none,none,2025-03-15T08:50:00Z,,0
S009916,train,1,0,none,none,2025-03-15T09:00:00Z,,0
S009917,train,1,0,none,none,2025-03-15T09:10:00Z,,0
S009918,train,1,0,none,none,2025-03-15T09:20:00Z,,0
S009919,train,1,0,none,none,2025-03-15T09:30:00Z,,0
S009920,train,1,0,none,none,2025-03-15T09:40:00Z,,0
S009921,train,1,0,none,none,2025-03-15T09:50:00Z,,0
S009922,train,1,0,none,none,2025-03-15T10:00:00Z,1,1
S009923,train,1,0,none,none,2025-03-15T10:10:00Z,1,1
S009924,train,1,0,none,none,2025-03-15T10:20:00Z,,0
S009925,train,1,0,none,none,2025-03-15T10:30:00Z,,0
S009926,train,1,0,none,none,2025-03-15T10:40:00Z,,0
S009927,train,1,0,none,none,2025-03-15T10:50:00Z,,0
S009928,train,1,0,none,none,2025-03-15T11:00:00Z,,0
S009929,train,1,0,none,none,2025-03-15T11:10:00Z,,0
S009930,train,1,0,none,none,2025-03-15T11:20:00Z,,0
S009931,train,1,0,none,none,2025-03-15T11:30:00Z,1,1
S009932,train,1,0,none,none,2025-03-15T11:40:00Z,,0
S009933,train,0,1,underfill_void,molding,2025-03-15T11:50:00Z,,0
S009934,train,1,0,none,none,2025-03-15T12:00:00Z,,0
S009935,train,1,0,none,none,2025-03-15T12:10:00Z,,0
S009936,train,1,0,none,none,2025-03-15T12:20:00Z,,0
S009937,train,0,1,tsv_open_short,tsv_or_interconnect,2025-03-15T12:30:00Z,,0
S009938,train,1,0,none,none,2025-03-15T12:40:00Z,,0
S009939,train,1,0,none,none,2025-03-15T12:50:00Z,,0
S009940,train,1,0,none,none,2025-03-15T13:00:00Z,,0
S009941,train,1,0,none,none,2025-03-15T13:10:00Z,,0
S009942,train,1,0,none,none,2025-03-15T13:20:00Z,,0
S009943,train,1,0,none,none,2025-03-15T13:30:00Z,,0
S009944,train,1,0,none,none,2025-03-15T13:40:00Z,,0
S009945,train,1,0,none,none,2025-03-15T13:50:00Z,,0
S009946,train,1,0,none,none,2025-03-15T14:00:00Z,,0
S009947,train,1,0,none,none,2025-03-15T14:10:00Z,,0
S009948,train,1,0,none,none,2025-03-15T15:40:00Z,,0
S009949,train,1,0,none,none,2025-03-15T15:50:00Z,,0
S009950,train,1,0,none,none,2025-03-15T16:00:00Z,1,1
S009951,train,1,0,none,none,2025-03-15T16:10:00Z,0,1
S009952,train,1,0,none,none,2025-03-15T16:20:00Z,,0
S009953,train,1,0,none,none,2025-03-15T16:30:00Z,,0
S009954,train,1,0,none,none,2025-03-15T16:40:00Z,,0
S009955,train,1,0,none,none,2025-03-15T16:50:00Z,,0
S009956,train,1,0,none,none,2025-03-15T17:00:00Z,,0
S009957,train,1,0,none,none,2025-03-15T17:10:00Z,,0
S009958,train,1,0,none,none,2025-03-15T17:20:00Z,,0
S009959,train,1,0,none,none,2025-03-15T17:30:00Z,,0
S009960,train,1,0,none,none,2025-03-15T17:40:00Z,,0
S009961,train,1,0,none,none,2025-03-15T17:50:00Z,,0
S009962,train,1,0,none,none,2025-03-15T18:00:00Z,1,1
S009963,train,1,0,none,none,2025-03-15T18:10:00Z,,0
S009964,train,1,0,none,none,2025-03-15T18:20:00Z,1,1
S009965,train,1,0,none,none,2025-03-15T18:30:00Z,,0
S009966,train,1,0,none,none,2025-03-15T18:40:00Z,,0
S009967,train,1,0,none,none,2025-03-15T18:50:00Z,,0
S009968,train,1,0,none,none,2025-03-15T19:00:00Z,,0
S009969,train,1,0,none,none,2025-03-15T19:10:00Z,1,1
S009970,train,1,0,none,none,2025-03-15T19:20:00Z,,0
S009971,train,1,0,none,none,2025-03-15T19:30:00Z,,0
S009972,train,1,0,none,none,2025-03-15T19:40:00Z,,0
S009973,train,1,0,none,none,2025-03-15T19:50:00Z,,0
S009974,train,1,0,none,none,2025-03-15T20:00:00Z,,0
S009975,train,1,0,none,none,2025-03-15T20:10:00Z,,0
S009976,train,1,0,none,none,2025-03-15T20:20:00Z,,0
S009977,train,1,0,none,none,2025-03-15T20:30:00Z,,0
S009978,train,1,0,none,none,2025-03-15T20:40:00Z,1,1
S009979,train,1,0,none,none,2025-03-15T20:50:00Z,,0
S009980,train,1,0,none,none,2025-03-15T21:00:00Z,,0
S009981,train,1,0,none,none,2025-03-15T21:10:00Z,,0
S009982,train,1,0,none,none,2025-03-15T21:20:00Z,,0
S009983,train,1,0,none,none,2025-03-15T21:30:00Z,,0
S009984,train,1,0,none,none,2025-03-15T21:40:00Z,,0
S009985,train,1,0,none,none,2025-03-15T21:50:00Z,,0
S009986,train,1,0,none,none,2025-03-15T22:00:00Z,,0
S009987,train,1,0,none,none,2025-03-15T22:10:00Z,,0
S009988,train,1,0,none,none,2025-03-15T22:20:00Z,1,1
S009989,train,1,0,none,none,2025-03-15T22:30:00Z,,0
S009990,train,1,0,none,none,2025-03-15T22:40:00Z,,0
S009991,train,0,1,tsv_open_short,tsv_or_interconnect,2025-03-15T22:50:00Z,,0
S009992,train,1,0,none,none,2025-03-15T23:00:00Z,1,1
S009993,train,1,0,none,none,2025-03-15T23:10:00Z,1,1
S009994,train,1,0,none,none,2025-03-15T23:20:00Z,,0
S009995,train,1,0,none,none,2025-03-15T23:30:00Z,,0
S009996,train,1,0,none,none,2025-03-15T23:40:00Z,1,1
S009997,train,1,0,none,none,2025-03-15T23:50:00Z,1,1
S009998,train,1,0,none,none,2025-03-16T00:00:00Z,1,1
S009999,train,1,0,none,none,2025-03-16T00:10:00Z,,0
S010000,train,1,0,none,none,2025-03-16T00:20:00Z,,0
S010001,train,1,0,none,none,2025-03-16T00:30:00Z,1,1
S010002,train,1,0,none,none,2025-03-16T00:40:00Z,,0
S010003,train,1,0,none,none,2025-03-16T00:50:00Z,,0
S010004,train,1,0,none,none,2025-03-16T01:00:00Z,,0
S010005,train,1,0,none,none,2025-03-16T01:10:00Z,,0
S010006,train,1,0,none,none,2025-03-16T01:20:00Z,,0
S010007,train,1,0,none,none,2025-03-16T01:30:00Z,1,1
S010008,train,1,0,none,none,2025-03-16T01:40:00Z,,0
S010009,train,1,0,none,none,2025-03-16T01:50:00Z,1,1
S010010,train,1,0,none,none,2025-03-16T02:00:00Z,,0
S010011,train,1,0,none,none,2025-03-16T02:10:00Z,,0
S010012,train,1,0,none,none,2025-03-16T02:20:00Z,,0
S010013,train,1,0,none,none,2025-03-16T02:30:00Z,1,1
S010014,train,1,0,none,none,2025-03-16T02:40:00Z,,0
S010015,train,1,0,none,none,2025-03-16T02:50:00Z,,0
S010016,train,1,0,none,none,2025-03-16T03:00:00Z,1,1
S010017,train,1,0,none,none,2025-03-16T03:10:00Z,,0
S010018,train,1,0,none,none,2025-03-16T03:20:00Z,1,1
S010019,train,0,1,underfill_void,molding,2025-03-16T03:30:00Z,,0
S010020,train,1,0,none,none,2025-03-16T03:40:00Z,,0
S010021,train,0,1,warpage,assembly,2025-03-16T03:50:00Z,,0
S010022,train,1,0,none,none,2025-03-16T04:00:00Z,,0
S010023,train,1,0,none,none,2025-03-16T04:10:00Z,,0
S010024,train,1,0,none,none,2025-03-16T04:20:00Z,,0
S010025,train,0,1,tsv_open_short,tsv_or_interconnect,2025-03-16T04:30:00Z,,0
S010026,train,1,0,none,none,2025-03-16T04:40:00Z,,0
S010027,train,1,0,none,none,2025-03-16T04:50:00Z,1,1
S010028,train,1,0,none,none,2025-03-16T05:00:00Z,,0
S010029,train,1,0,none,none,2025-03-16T05:10:00Z,,0
S010030,train,1,0,none,none,2025-03-16T05:20:00Z,,0
S010031,train,1,0,none,none,2025-03-16T05:30:00Z,,0
S010032,train,1,0,none,none,2025-03-16T05:40:00Z,,0
S010033,train,1,0,none,none,2025-03-16T05:50:00Z,1,1
S010034,train,1,0,none,none,2025-03-16T06:00:00Z,,0
S010035,train,1,0,none,none,2025-03-16T06:10:00Z,,0
S010036,train,1,0,none,none,2025-03-16T06:20:00Z,,0
S010037,train,1,0,none,none,2025-03-16T06:30:00Z,,0
S010038,train,1,0,none,none,2025-03-16T06:40:00Z,,0
S010039,train,1,0,none,none,2025-03-16T06:50:00Z,,0
S010040,train,1,0,none,none,2025-03-16T07:00:00Z,,0
S010041,train,1,0,none,none,2025-03-16T07:10:00Z,,0
S010042,train,1,0,none,none,2025-03-16T07:20:00Z,1,1
S010043,train,1,0,none,none,2025-03-16T07:30:00Z,,0
S010044,train,1,0,none,none,2025-03-16T03:40:00Z,,0
S010045,train,1,0,none,none,2025-03-16T03:50:00Z,,0
S010046,train,1,0,none,none,2025-03-16T04:00:00Z,,0
S010047,train,1,0,none,none,2025-03-16T04:10:00Z,,0
S010048,train,1,0,none,none,2025-03-16T04:20:00Z,,0
S010049,train,1,0,none,none,2025-03-16T04:30:00Z,,0
S010050,train,1,0,none,none,2025-03-16T04:40:00Z,,0
S010051,train,1,0,none,none,2025-03-16T04:50:00Z,,0
S010052,train,1,0,none,none,2025-03-16T05:00:00Z,,0
S010053,train,1,0,none,none,2025-03-16T05:10:00Z,,0
S010054,train,1,0,none,none,2025-03-16T05:20:00Z,1,1
S010055,train,1,0,none,none,2025-03-16T05:30:00Z,1,1
S010056,train,1,0,none,none,2025-03-16T05:40:00Z,,0
S010057,train,1,0,none,none,2025-03-16T05:50:00Z,,0
S010058,train,1,0,none,none,2025-03-16T06:00:00Z,,0
S010059,train,1,0,none,none,2025-03-16T06:10:00Z,,0
S010060,train,1,0,none,none,2025-03-16T06:20:00Z,,0
S010061,train,1,0,none,none,2025-03-16T06:30:00Z,,0
S010062,train,1,0,none,none,2025-03-16T06:40:00Z,,0
S010063,train,1,0,none,none,2025-03-16T06:50:00Z,,0
S010064,train,1,0,none,none,2025-03-16T07:00:00Z,,0
S010065,train,1,0,none,none,2025-03-16T07:10:00Z,,0
S010066,train,1,0,none,none,2025-03-16T07:20:00Z,,0
S010067,train,1,0,none,none,2025-03-16T07:30:00Z,,0
S010068,train,1,0,none,none,2025-03-16T07:40:00Z,,0
S010069,train,1,0,none,none,2025-03-16T07:50:00Z,,0
S010070,train,1,0,none,none,2025-03-16T08:00:00Z,,0
S010071,train,1,0,none,none,2025-03-16T08:10:00Z,,0
S010072,train,1,0,none,none,2025-03-16T08:20:00Z,1,1
S010073,train,1,0,none,none,2025-03-16T08:30:00Z,1,1
S010074,train,1,0,none,none,2025-03-16T08:40:00Z,1,1
S010075,train,1,0,none,none,2025-03-16T08:50:00Z,,0
S010076,train,1,0,none,none,2025-03-16T09:00:00Z,,0
S010077,train,1,0,none,none,2025-03-16T09:10:00Z,1,1
S010078,train,1,0,none,none,2025-03-16T09:20:00Z,,0
S010079,train,1,0,none,none,2025-03-16T09:30:00Z,1,1
S010080,train,1,0,none,none,2025-03-16T09:40:00Z,1,1
S010081,train,1,0,none,none,2025-03-16T09:50:00Z,,0
S010082,train,1,0,none,none,2025-03-16T10:00:00Z,,0
S010083,train,1,0,none,none,2025-03-16T10:10:00Z,,0
S010084,train,1,0,none,none,2025-03-16T10:20:00Z,,0
S010085,train,1,0,none,none,2025-03-16T10:30:00Z,1,1
S010086,train,1,0,none,none,2025-03-16T10:40:00Z,,0
S010087,train,1,0,none,none,2025-03-16T10:50:00Z,,0
S010088,train,1,0,none,none,2025-03-16T11:00:00Z,,0
S010089,train,1,0,none,none,2025-03-16T11:10:00Z,1,1
S010090,train,1,0,none,none,2025-03-16T11:20:00Z,,0
S010091,train,0,1,microbump_open_bridge,reflow,2025-03-16T11:30:00Z,,0
S010092,train,1,0,none,none,2025-03-16T11:40:00Z,,0
S010093,train,1,0,none,none,2025-03-16T11:50:00Z,,0
S010094,train,1,0,none,none,2025-03-16T12:00:00Z,,0
S010095,train,0,1,microbump_open_bridge,reflow,2025-03-16T12:10:00Z,,0
S010096,train,1,0,none,none,2025-03-16T12:20:00Z,,0
S010097,train,1,0,none,none,2025-03-16T12:30:00Z,,0
S010098,train,1,0,none,none,2025-03-16T12:40:00Z,1,1
S010099,train,1,0,none,none,2025-03-16T12:50:00Z,,0
S010100,train,1,0,none,none,2025-03-16T13:00:00Z,1,1
S010101,train,1,0,none,none,2025-03-16T13:10:00Z,,0
S010102,train,1,0,none,none,2025-03-16T13:20:00Z,,0
S010103,train,1,0,none,none,2025-03-16T13:30:00Z,,0
S010104,train,1,0,none,none,2025-03-16T13:40:00Z,,0
S010105,train,1,0,none,none,2025-03-16T13:50:00Z,,0
S010106,train,1,0,none,none,2025-03-16T14:00:00Z,,0
S010107,train,1,0,none,none,2025-03-16T14:10:00Z,,0
S010108,train,1,0,none,none,2025-03-16T14:20:00Z,1,1
S010109,train,1,0,none,none,2025-03-16T14:30:00Z,,0
S010110,train,1,0,none,none,2025-03-16T14:40:00Z,,0
S010111,train,1,0,none,none,2025-03-16T14:50:00Z,1,1
S010112,train,1,0,none,none,2025-03-16T15:00:00Z,,0
S010113,train,1,0,none,none,2025-03-16T15:10:00Z,,0
S010114,train,1,0,none,none,2025-03-16T15:20:00Z,,0
S010115,train,1,0,none,none,2025-03-16T15:30:00Z,,0
S010116,train,1,0,none,none,2025-03-16T15:40:00Z,,0
S010117,train,1,0,none,none,2025-03-16T15:50:00Z,,0
S010118,train,1,0,none,none,2025-03-16T16:00:00Z,,0
S010119,train,1,0,none,none,2025-03-16T16:10:00Z,,0
S010120,train,1,0,none,none,2025-03-16T16:20:00Z,,0
S010121,train,1,0,none,none,2025-03-16T16:30:00Z,,0
S010122,train,1,0,none,none,2025-03-16T16:40:00Z,,0
S010123,train,1,0,none,none,2025-03-16T16:50:00Z,1,1
S010124,train,1,0,none,none,2025-03-16T17:00:00Z,1,1
S010125,train,1,0,none,none,2025-03-16T17:10:00Z,1,1
S010126,train,1,0,none,none,2025-03-16T17:20:00Z,1,1
S010127,train,1,0,none,none,2025-03-16T17:30:00Z,,0
S010128,train,1,0,none,none,2025-03-16T17:40:00Z,,0
S010129,train,1,0,none,none,2025-03-16T17:50:00Z,,0
S010130,train,1,0,none,none,2025-03-16T18:00:00Z,,0
S010131,train,1,0,none,none,2025-03-16T18:10:00Z,,0
S010132,train,1,0,none,none,2025-03-16T18:20:00Z,,0
S010133,train,1,0,none,none,2025-03-16T18:30:00Z,1,1
S010134,train,1,0,none,none,2025-03-16T18:40:00Z,,0
S010135,train,1,0,none,none,2025-03-16T18:50:00Z,,0
S010136,train,1,0,none,none,2025-03-16T19:00:00Z,,0
S010137,train,1,0,none,none,2025-03-16T19:10:00Z,1,1
S010138,train,1,0,none,none,2025-03-16T19:20:00Z,,0
S010139,train,1,0,none,none,2025-03-16T15:40:00Z,,0
S010140,train,1,0,none,none,2025-03-16T15:50:00Z,,0
S010141,train,1,0,none,none,2025-03-16T16:00:00Z,,0
S010142,train,0,1,dram_electrical,dram_or_base,2025-03-16T16:10:00Z,,0
S010143,train,1,0,none,none,2025-03-16T16:20:00Z,,0
S010144,train,1,0,none,none,2025-03-16T16:30:00Z,,0
S010145,train,1,0,none,none,2025-03-16T16:40:00Z,,0
S010146,train,1,0,none,none,2025-03-16T16:50:00Z,,0
S010147,train,1,0,none,none,2025-03-16T17:00:00Z,,0
S010148,train,0,1,tsv_open_short,tsv_or_interconnect,2025-03-16T17:10:00Z,,0
S010149,train,1,0,none,none,2025-03-16T17:20:00Z,1,1
S010150,train,1,0,none,none,2025-03-16T17:30:00Z,,0
S010151,train,0,1,delamination,molding,2025-03-16T17:40:00Z,,0
S010152,train,1,0,none,none,2025-03-16T17:50:00Z,,0
S010153,train,1,0,none,none,2025-03-16T18:00:00Z,,0
S010154,train,1,0,none,none,2025-03-16T18:10:00Z,1,1
S010155,train,1,0,none,none,2025-03-16T18:20:00Z,,0
S010156,train,1,0,none,none,2025-03-16T18:30:00Z,,0
S010157,train,1,0,none,none,2025-03-16T18:40:00Z,,0
S010158,train,1,0,none,none,2025-03-16T18:50:00Z,1,1
S010159,train,1,0,none,none,2025-03-16T19:00:00Z,,0
S010160,train,1,0,none,none,2025-03-16T19:10:00Z,,0
S010161,train,1,0,none,none,2025-03-16T19:20:00Z,,0
S010162,train,1,0,none,none,2025-03-16T19:30:00Z,,0
S010163,train,1,0,none,none,2025-03-16T19:40:00Z,,0
S010164,train,1,0,none,none,2025-03-16T19:50:00Z,1,1
S010165,train,1,0,none,none,2025-03-16T20:00:00Z,,0
S010166,train,1,0,none,none,2025-03-16T20:10:00Z,1,1
S010167,train,1,0,none,none,2025-03-16T20:20:00Z,,0
S010168,train,1,0,none,none,2025-03-16T20:30:00Z,,0
S010169,train,1,0,none,none,2025-03-16T20:40:00Z,1,1
S010170,train,1,0,none,none,2025-03-16T20:50:00Z,,0
S010171,train,1,0,none,none,2025-03-16T21:00:00Z,,0
S010172,train,1,0,none,none,2025-03-16T21:10:00Z,1,1
S010173,train,1,0,none,none,2025-03-16T21:20:00Z,,0
S010174,train,1,0,none,none,2025-03-16T21:30:00Z,1,1
S010175,train,1,0,none,none,2025-03-16T21:40:00Z,1,1
S010176,train,1,0,none,none,2025-03-16T21:50:00Z,1,1
S010177,train,1,0,none,none,2025-03-16T22:00:00Z,,0
S010178,train,1,0,none,none,2025-03-16T22:10:00Z,,0
S010179,train,1,0,none,none,2025-03-16T22:20:00Z,,0
S010180,train,1,0,none,none,2025-03-16T22:30:00Z,,0
S010181,train,1,0,none,none,2025-03-16T22:40:00Z,1,1
S010182,train,1,0,none,none,2025-03-16T22:50:00Z,,0
S010183,train,1,0,none,none,2025-03-16T23:00:00Z,,0
S010184,train,1,0,none,none,2025-03-16T23:10:00Z,,0
S010185,train,1,0,none,none,2025-03-16T23:20:00Z,,0
S010186,train,0,1,warpage,assembly,2025-03-16T23:30:00Z,,0
S010187,train,1,0,none,none,2025-03-16T23:40:00Z,,0
S010188,train,1,0,none,none,2025-03-16T23:50:00Z,1,1
S010189,train,1,0,none,none,2025-03-17T00:00:00Z,1,1
S010190,train,1,0,none,none,2025-03-17T00:10:00Z,,0
S010191,train,1,0,none,none,2025-03-17T00:20:00Z,,0
S010192,train,1,0,none,none,2025-03-17T00:30:00Z,1,1
S010193,train,1,0,none,none,2025-03-17T00:40:00Z,,0
S010194,train,1,0,none,none,2025-03-17T00:50:00Z,,0
S010195,train,1,0,none,none,2025-03-17T01:00:00Z,1,1
S010196,train,1,0,none,none,2025-03-17T01:10:00Z,,0
S010197,train,1,0,none,none,2025-03-17T01:20:00Z,,0
S010198,train,1,0,none,none,2025-03-17T01:30:00Z,,0
S010199,train,1,0,none,none,2025-03-17T01:40:00Z,,0
S010200,train,1,0,none,none,2025-03-17T01:50:00Z,1,1
S010201,train,1,0,none,none,2025-03-17T03:40:00Z,,0
S010202,train,1,0,none,none,2025-03-17T03:50:00Z,1,1
S010203,train,1,0,none,none,2025-03-17T04:00:00Z,,0
S010204,train,1,0,none,none,2025-03-17T04:10:00Z,,0
S010205,train,0,1,delamination,molding,2025-03-17T04:20:00Z,,0
S010206,train,1,0,none,none,2025-03-17T04:30:00Z,,0
S010207,train,1,0,none,none,2025-03-17T04:40:00Z,,0
S010208,train,1,0,none,none,2025-03-17T04:50:00Z,,0
S010209,train,1,0,none,none,2025-03-17T05:00:00Z,,0
S010210,train,1,0,none,none,2025-03-17T05:10:00Z,,0
S010211,train,1,0,none,none,2025-03-17T05:20:00Z,,0
S010212,train,1,0,none,none,2025-03-17T05:30:00Z,,0
S010213,train,1,0,none,none,2025-03-17T05:40:00Z,,0
S010214,train,1,0,none,none,2025-03-17T05:50:00Z,,0
S010215,train,1,0,none,none,2025-03-17T06:00:00Z,,0
S010216,train,0,1,underfill_void,molding,2025-03-17T06:10:00Z,,0
S010217,train,1,0,none,none,2025-03-17T06:20:00Z,,0
S010218,train,1,0,none,none,2025-03-17T06:30:00Z,,0
S010219,train,0,1,dram_electrical,dram_or_base,2025-03-17T06:40:00Z,,0
S010220,train,1,0,none,none,2025-03-17T06:50:00Z,,0
S010221,train,1,0,none,none,2025-03-17T07:00:00Z,,0
S010222,train,1,0,none,none,2025-03-17T07:10:00Z,1,1
S010223,train,1,0,none,none,2025-03-17T07:20:00Z,,0
S010224,train,1,0,none,none,2025-03-17T07:30:00Z,,0
S010225,train,1,0,none,none,2025-03-17T07:40:00Z,1,1
S010226,train,1,0,none,none,2025-03-17T07:50:00Z,,0
S010227,train,1,0,none,none,2025-03-17T08:00:00Z,,0
S010228,train,1,0,none,none,2025-03-17T08:10:00Z,,0
S010229,train,1,0,none,none,2025-03-17T08:20:00Z,,0
S010230,train,1,0,none,none,2025-03-17T08:30:00Z,,0
S010231,train,1,0,none,none,2025-03-17T08:40:00Z,,0
S010232,train,1,0,none,none,2025-03-17T08:50:00Z,1,1
S010233,train,1,0,none,none,2025-03-17T09:00:00Z,,0
S010234,train,1,0,none,none,2025-03-17T09:10:00Z,1,1
S010235,train,1,0,none,none,2025-03-17T09:20:00Z,,0
S010236,train,1,0,none,none,2025-03-17T09:30:00Z,,0
S010237,train,1,0,none,none,2025-03-17T09:40:00Z,1,1
S010238,train,1,0,none,none,2025-03-17T09:50:00Z,,0
S010239,train,1,0,none,none,2025-03-17T10:00:00Z,1,1
S010240,train,1,0,none,none,2025-03-17T10:10:00Z,,0
S010241,train,1,0,none,none,2025-03-17T10:20:00Z,1,1
S010242,train,1,0,none,none,2025-03-17T10:30:00Z,,0
S010243,train,1,0,none,none,2025-03-17T10:40:00Z,,0
S010244,train,1,0,none,none,2025-03-17T10:50:00Z,,0
S010245,train,1,0,none,none,2025-03-17T11:00:00Z,,0
S010246,train,1,0,none,none,2025-03-17T11:10:00Z,,0
S010247,train,1,0,none,none,2025-03-17T11:20:00Z,,0
S010248,train,1,0,none,none,2025-03-17T11:30:00Z,,0
S010249,train,1,0,none,none,2025-03-17T11:40:00Z,1,1
S010250,train,1,0,none,none,2025-03-17T11:50:00Z,,0
S010251,train,1,0,none,none,2025-03-17T12:00:00Z,,0
S010252,train,1,0,none,none,2025-03-17T12:10:00Z,,0
S010253,train,1,0,none,none,2025-03-17T12:20:00Z,1,1
S010254,train,1,0,none,none,2025-03-17T12:30:00Z,,0
S010255,train,1,0,none,none,2025-03-17T12:40:00Z,,0
S010256,train,1,0,none,none,2025-03-17T12:50:00Z,,0
S010257,train,1,0,none,none,2025-03-17T13:00:00Z,,0
S010258,train,1,0,none,none,2025-03-17T13:10:00Z,,0
S010259,train,0,1,underfill_void,molding,2025-03-17T13:20:00Z,,0
S010260,train,1,0,none,none,2025-03-17T13:30:00Z,,0
S010261,train,1,0,none,none,2025-03-17T13:40:00Z,,0
S010262,train,1,0,none,none,2025-03-17T13:50:00Z,,0
S010263,train,1,0,none,none,2025-03-17T15:40:00Z,,0
S010264,train,0,1,warpage,assembly,2025-03-17T15:50:00Z,,0
S010265,train,1,0,none,none,2025-03-17T16:00:00Z,,0
S010266,train,1,0,none,none,2025-03-17T16:10:00Z,,0
S010267,train,1,0,none,none,2025-03-17T16:20:00Z,,0
S010268,train,1,0,none,none,2025-03-17T16:30:00Z,,0
S010269,train,1,0,none,none,2025-03-17T16:40:00Z,,0
S010270,train,1,0,none,none,2025-03-17T16:50:00Z,1,1
S010271,train,1,0,none,none,2025-03-17T17:00:00Z,,0
S010272,train,1,0,none,none,2025-03-17T17:10:00Z,,0
S010273,train,1,0,none,none,2025-03-17T17:20:00Z,,0
S010274,train,1,0,none,none,2025-03-17T17:30:00Z,,0
S010275,train,1,0,none,none,2025-03-17T17:40:00Z,,0
S010276,train,1,0,none,none,2025-03-17T17:50:00Z,,0
S010277,train,1,0,none,none,2025-03-17T18:00:00Z,,0
S010278,train,1,0,none,none,2025-03-17T18:10:00Z,,0
S010279,train,1,0,none,none,2025-03-17T18:20:00Z,,0
S010280,train,1,0,none,none,2025-03-17T18:30:00Z,,0
S010281,train,1,0,none,none,2025-03-17T18:40:00Z,1,1
S010282,train,0,1,warpage,assembly,2025-03-17T18:50:00Z,,0
S010283,train,1,0,none,none,2025-03-17T19:00:00Z,,0
S010284,train,1,0,none,none,2025-03-17T19:10:00Z,1,1
S010285,train,1,0,none,none,2025-03-17T19:20:00Z,,0
S010286,train,1,0,none,none,2025-03-17T19:30:00Z,,0
S010287,train,1,0,none,none,2025-03-17T19:40:00Z,,0
S010288,train,1,0,none,none,2025-03-17T19:50:00Z,,0
S010289,train,1,0,none,none,2025-03-17T20:00:00Z,,0
S010290,train,1,0,none,none,2025-03-17T20:10:00Z,,0
S010291,train,1,0,none,none,2025-03-17T20:20:00Z,1,1
S010292,train,1,0,none,none,2025-03-17T20:30:00Z,,0
S010293,train,1,0,none,none,2025-03-17T20:40:00Z,,0
S010294,train,1,0,none,none,2025-03-17T20:50:00Z,,0
S010295,train,1,0,none,none,2025-03-17T21:00:00Z,,0
S010296,train,1,0,none,none,2025-03-17T21:10:00Z,,0
S010297,train,1,0,none,none,2025-03-17T21:20:00Z,,0
S010298,train,1,0,none,none,2025-03-17T21:30:00Z,,0
S010299,train,0,1,microbump_open_bridge,reflow,2025-03-17T21:40:00Z,,0
S010300,train,1,0,none,none,2025-03-17T21:50:00Z,,0
S010301,train,1,0,none,none,2025-03-17T22:00:00Z,,0
S010302,train,1,0,none,none,2025-03-17T22:10:00Z,,0
S010303,train,1,0,none,none,2025-03-17T22:20:00Z,,0
S010304,train,1,0,none,none,2025-03-17T22:30:00Z,,0
S010305,train,1,0,none,none,2025-03-17T22:40:00Z,1,1
S010306,train,1,0,none,none,2025-03-17T22:50:00Z,,0
S010307,train,1,0,none,none,2025-03-17T23:00:00Z,,0
S010308,train,1,0,none,none,2025-03-17T23:10:00Z,1,1
S010309,train,1,0,none,none,2025-03-17T23:20:00Z,,0
S010310,train,1,0,none,none,2025-03-17T23:30:00Z,,0
S010311,train,1,0,none,none,2025-03-17T23:40:00Z,,0
S010312,train,1,0,none,none,2025-03-17T23:50:00Z,1,1
S010313,train,1,0,none,none,2025-03-18T00:00:00Z,,0
S010314,train,1,0,none,none,2025-03-18T00:10:00Z,,0
S010315,train,1,0,none,none,2025-03-18T00:20:00Z,1,1
S010316,train,1,0,none,none,2025-03-18T00:30:00Z,1,1
S010317,train,1,0,none,none,2025-03-18T00:40:00Z,,0
S010318,train,1,0,none,none,2025-03-18T00:50:00Z,,0
S010319,train,1,0,none,none,2025-03-18T01:00:00Z,1,1
S010320,train,1,0,none,none,2025-03-18T01:10:00Z,,0
S010321,train,1,0,none,none,2025-03-18T01:20:00Z,,0
S010322,train,1,0,none,none,2025-03-18T01:30:00Z,,0
S010323,train,1,0,none,none,2025-03-18T01:40:00Z,,0
S010324,train,1,0,none,none,2025-03-18T01:50:00Z,,0
S010325,train,1,0,none,none,2025-03-18T02:00:00Z,,0
S010326,train,1,0,none,none,2025-03-18T03:40:00Z,,0
S010327,train,1,0,none,none,2025-03-18T03:50:00Z,,0
S010328,train,1,0,none,none,2025-03-18T04:00:00Z,,0
S010329,train,1,0,none,none,2025-03-18T04:10:00Z,1,1
S010330,train,1,0,none,none,2025-03-18T04:20:00Z,,0
S010331,train,1,0,none,none,2025-03-18T04:30:00Z,,0
S010332,train,1,0,none,none,2025-03-18T04:40:00Z,,0
S010333,train,1,0,none,none,2025-03-18T04:50:00Z,,0
S010334,train,1,0,none,none,2025-03-18T05:00:00Z,,0
S010335,train,1,0,none,none,2025-03-18T05:10:00Z,,0
S010336,train,1,0,none,none,2025-03-18T05:20:00Z,,0
S010337,train,1,0,none,none,2025-03-18T05:30:00Z,,0
S010338,train,1,0,none,none,2025-03-18T05:40:00Z,,0
S010339,train,1,0,none,none,2025-03-18T05:50:00Z,,0
S010340,train,1,0,none,none,2025-03-18T06:00:00Z,,0
S010341,train,1,0,none,none,2025-03-18T06:10:00Z,1,1
S010342,train,1,0,none,none,2025-03-18T06:20:00Z,,0
S010343,train,1,0,none,none,2025-03-18T06:30:00Z,1,1
S010344,train,1,0,none,none,2025-03-18T06:40:00Z,,0
S010345,train,1,0,none,none,2025-03-18T06:50:00Z,1,1
S010346,train,1,0,none,none,2025-03-18T07:00:00Z,1,1
S010347,train,1,0,none,none,2025-03-18T07:10:00Z,,0
S010348,train,1,0,none,none,2025-03-18T07:20:00Z,1,1
S010349,train,1,0,none,none,2025-03-18T07:30:00Z,,0
S010350,train,1,0,none,none,2025-03-18T07:40:00Z,,0
S010351,train,1,0,none,none,2025-03-18T07:50:00Z,,0
S010352,train,1,0,none,none,2025-03-18T08:00:00Z,,0
S010353,train,1,0,none,none,2025-03-18T08:10:00Z,,0
S010354,train,1,0,none,none,2025-03-18T08:20:00Z,,0
S010355,train,1,0,none,none,2025-03-18T08:30:00Z,1,1
S010356,train,0,1,warpage,assembly,2025-03-18T08:40:00Z,,0
S010357,train,1,0,none,none,2025-03-18T08:50:00Z,,0
S010358,train,1,0,none,none,2025-03-18T09:00:00Z,,0
S010359,train,1,0,none,none,2025-03-18T09:10:00Z,,0
S010360,train,1,0,none,none,2025-03-18T09:20:00Z,,0
S010361,train,1,0,none,none,2025-03-18T09:30:00Z,,0
S010362,train,1,0,none,none,2025-03-18T09:40:00Z,,0
S010363,train,1,0,none,none,2025-03-18T09:50:00Z,,0
S010364,train,1,0,none,none,2025-03-18T10:00:00Z,,0
S010365,train,1,0,none,none,2025-03-18T10:10:00Z,,0
S010366,train,1,0,none,none,2025-03-18T10:20:00Z,1,1
S010367,train,1,0,none,none,2025-03-18T10:30:00Z,,0
S010368,train,1,0,none,none,2025-03-18T10:40:00Z,,0
S010369,train,1,0,none,none,2025-03-18T10:50:00Z,1,1
S010370,train,1,0,none,none,2025-03-18T11:00:00Z,,0
S010371,train,1,0,none,none,2025-03-18T11:10:00Z,,0
S010372,train,1,0,none,none,2025-03-18T11:20:00Z,,0
S010373,train,1,0,none,none,2025-03-18T11:30:00Z,,0
S010374,train,0,1,dram_electrical,dram_or_base,2025-03-18T11:40:00Z,,0
S010375,train,1,0,none,none,2025-03-18T11:50:00Z,,0
S010376,train,1,0,none,none,2025-03-18T12:00:00Z,,0
S010377,train,1,0,none,none,2025-03-18T12:10:00Z,,0
S010378,train,1,0,none,none,2025-03-18T12:20:00Z,,0
S010379,train,1,0,none,none,2025-03-18T12:30:00Z,1,1
S010380,train,1,0,none,none,2025-03-18T12:40:00Z,,0
S010381,train,1,0,none,none,2025-03-18T12:50:00Z,,0
S010382,train,1,0,none,none,2025-03-18T13:00:00Z,,0
S010383,train,1,0,none,none,2025-03-18T13:10:00Z,,0
S010384,train,1,0,none,none,2025-03-18T13:20:00Z,,0
S010385,train,1,0,none,none,2025-03-18T13:30:00Z,,0
S010386,train,1,0,none,none,2025-03-18T13:40:00Z,,0
S010387,train,1,0,none,none,2025-03-18T13:50:00Z,,0
S010388,train,1,0,none,none,2025-03-18T14:00:00Z,,0
S010389,train,1,0,none,none,2025-03-18T14:10:00Z,,0
S010390,train,0,1,microbump_open_bridge,reflow,2025-03-18T14:20:00Z,,0
S010391,train,1,0,none,none,2025-03-18T14:30:00Z,,0
S010392,train,1,0,none,none,2025-03-18T14:40:00Z,1,1
S010393,train,1,0,none,none,2025-03-18T14:50:00Z,,0
S010394,train,1,0,none,none,2025-03-18T15:00:00Z,,0
S010395,train,1,0,none,none,2025-03-18T15:10:00Z,,0
S010396,train,1,0,none,none,2025-03-18T15:20:00Z,,0
S010397,train,1,0,none,none,2025-03-18T15:30:00Z,,0
S010398,train,0,1,underfill_void,molding,2025-03-18T15:40:00Z,,0
S010399,train,1,0,none,none,2025-03-18T15:50:00Z,,0
S010400,train,1,0,none,none,2025-03-18T16:00:00Z,,0
S010401,train,1,0,none,none,2025-03-18T16:10:00Z,,0
S010402,train,1,0,none,none,2025-03-18T16:20:00Z,,0
S010403,train,0,1,microbump_open_bridge,reflow,2025-03-18T16:30:00Z,,0
S010404,train,1,0,none,none,2025-03-18T16:40:00Z,,0
S010405,train,1,0,none,none,2025-03-18T16:50:00Z,,0
S010406,train,1,0,none,none,2025-03-18T17:00:00Z,,0
S010407,train,1,0,none,none,2025-03-18T17:10:00Z,,0
S010408,train,1,0,none,none,2025-03-18T17:20:00Z,,0
S010409,train,1,0,none,none,2025-03-18T17:30:00Z,1,1
S010410,train,1,0,none,none,2025-03-18T17:40:00Z,1,1
S010411,train,0,1,tsv_open_short,tsv_or_interconnect,2025-03-18T17:50:00Z,,0
S010412,train,1,0,none,none,2025-03-18T18:00:00Z,1,1
S010413,train,1,0,none,none,2025-03-18T18:10:00Z,,0
S010414,train,1,0,none,none,2025-03-18T18:20:00Z,,0
S010415,train,1,0,none,none,2025-03-18T18:30:00Z,,0
S010416,train,1,0,none,none,2025-03-18T18:40:00Z,,0
S010417,train,1,0,none,none,2025-03-18T18:50:00Z,,0
S010418,train,1,0,none,none,2025-03-18T19:00:00Z,,0
S010419,train,1,0,none,none,2025-03-18T19:10:00Z,1,1
S010420,train,1,0,none,none,2025-03-18T19:20:00Z,,0
S010421,train,1,0,none,none,2025-03-18T19:30:00Z,,0
S010422,train,1,0,none,none,2025-03-18T19:40:00Z,,0
S010423,train,1,0,none,none,2025-03-18T15:40:00Z,,0
S010424,train,1,0,none,none,2025-03-18T15:50:00Z,,0
S010425,train,1,0,none,none,2025-03-18T16:00:00Z,0,1
S010426,train,1,0,none,none,2025-03-18T16:10:00Z,,0
S010427,train,1,0,none,none,2025-03-18T16:20:00Z,,0
S010428,train,1,0,none,none,2025-03-18T16:30:00Z,,0
S010429,train,1,0,none,none,2025-03-18T16:40:00Z,,0
S010430,train,1,0,none,none,2025-03-18T16:50:00Z,,0
S010431,train,1,0,none,none,2025-03-18T17:00:00Z,,0
S010432,train,1,0,none,none,2025-03-18T17:10:00Z,1,1
S010433,train,1,0,none,none,2025-03-18T17:20:00Z,,0
S010434,train,1,0,none,none,2025-03-18T17:30:00Z,,0
S010435,train,1,0,none,none,2025-03-18T17:40:00Z,,0
S010436,train,1,0,none,none,2025-03-18T17:50:00Z,,0
S010437,train,1,0,none,none,2025-03-18T18:00:00Z,,0
S010438,train,1,0,none,none,2025-03-18T18:10:00Z,1,1
S010439,train,1,0,none,none,2025-03-18T18:20:00Z,,0
S010440,train,1,0,none,none,2025-03-18T18:30:00Z,,0
S010441,train,1,0,none,none,2025-03-18T18:40:00Z,1,1
S010442,train,1,0,none,none,2025-03-18T18:50:00Z,,0
S010443,train,1,0,none,none,2025-03-18T19:00:00Z,,0
S010444,train,1,0,none,none,2025-03-18T19:10:00Z,,0
S010445,train,1,0,none,none,2025-03-18T19:20:00Z,,0
S010446,train,1,0,none,none,2025-03-18T19:30:00Z,,0
S010447,train,1,0,none,none,2025-03-18T19:40:00Z,,0
S010448,train,1,0,none,none,2025-03-18T19:50:00Z,,0
S010449,train,1,0,none,none,2025-03-18T20:00:00Z,,0
S010450,train,1,0,none,none,2025-03-18T20:10:00Z,,0
S010451,train,1,0,none,none,2025-03-18T20:20:00Z,,0
S010452,train,1,0,none,none,2025-03-18T20:30:00Z,,0
S010453,train,1,0,none,none,2025-03-18T20:40:00Z,,0
S010454,train,1,0,none,none,2025-03-18T20:50:00Z,,0
S010455,train,1,0,none,none,2025-03-18T21:00:00Z,,0
S010456,train,1,0,none,none,2025-03-18T21:10:00Z,1,1
S010457,train,1,0,none,none,2025-03-18T21:20:00Z,1,1
S010458,train,1,0,none,none,2025-03-18T21:30:00Z,1,1
S010459,train,1,0,none,none,2025-03-18T21:40:00Z,,0
S010460,train,1,0,none,none,2025-03-18T21:50:00Z,,0
S010461,train,1,0,none,none,2025-03-18T22:00:00Z,,0
S010462,train,1,0,none,none,2025-03-18T22:10:00Z,,0
S010463,train,1,0,none,none,2025-03-18T22:20:00Z,1,1
S010464,train,0,1,dram_electrical,dram_or_base,2025-03-18T22:30:00Z,,0
S010465,train,1,0,none,none,2025-03-18T22:40:00Z,,0
S010466,train,1,0,none,none,2025-03-18T22:50:00Z,1,1
S010467,train,1,0,none,none,2025-03-18T23:00:00Z,1,1
S010468,train,1,0,none,none,2025-03-18T23:10:00Z,,0
S010469,train,1,0,none,none,2025-03-18T23:20:00Z,,0
S010470,train,1,0,none,none,2025-03-18T23:30:00Z,,0
S010471,train,1,0,none,none,2025-03-18T23:40:00Z,1,1
S010472,train,1,0,none,none,2025-03-18T23:50:00Z,,0
S010473,train,1,0,none,none,2025-03-19T00:00:00Z,1,1
S010474,train,1,0,none,none,2025-03-19T00:10:00Z,,0
S010475,train,1,0,none,none,2025-03-19T00:20:00Z,,0
S010476,train,1,0,none,none,2025-03-19T00:30:00Z,1,1
S010477,train,1,0,none,none,2025-03-19T00:40:00Z,,0
S010478,train,1,0,none,none,2025-03-19T00:50:00Z,,0
S010479,train,1,0,none,none,2025-03-19T01:00:00Z,1,1
S010480,train,1,0,none,none,2025-03-19T01:10:00Z,,0
S010481,train,1,0,none,none,2025-03-19T01:20:00Z,,0
S010482,train,1,0,none,none,2025-03-19T01:30:00Z,,0
S010483,train,1,0,none,none,2025-03-19T01:40:00Z,1,1
S010484,train,1,0,none,none,2025-03-19T01:50:00Z,,0
S010485,train,1,0,none,none,2025-03-19T03:40:00Z,,0
S010486,train,1,0,none,none,2025-03-19T03:50:00Z,,0
S010487,train,1,0,none,none,2025-03-19T04:00:00Z,,0
S010488,train,1,0,none,none,2025-03-19T04:10:00Z,,0
S010489,train,1,0,none,none,2025-03-19T04:20:00Z,,0
S010490,train,1,0,none,none,2025-03-19T04:30:00Z,,0
S010491,train,1,0,none,none,2025-03-19T04:40:00Z,1,1
S010492,train,1,0,none,none,2025-03-19T04:50:00Z,,0
S010493,train,1,0,none,none,2025-03-19T05:00:00Z,,0
S010494,train,1,0,none,none,2025-03-19T05:10:00Z,1,1
S010495,train,1,0,none,none,2025-03-19T05:20:00Z,,0
S010496,train,1,0,none,none,2025-03-19T05:30:00Z,,0
S010497,train,1,0,none,none,2025-03-19T05:40:00Z,,0
S010498,train,1,0,none,none,2025-03-19T05:50:00Z,,0
S010499,train,1,0,none,none,2025-03-19T06:00:00Z,,0
S010500,train,1,0,none,none,2025-03-19T06:10:00Z,,0
S010501,train,1,0,none,none,2025-03-19T06:20:00Z,1,1
S010502,train,1,0,none,none,2025-03-19T06:30:00Z,,0
S010503,train,1,0,none,none,2025-03-19T06:40:00Z,,0
S010504,train,0,1,delamination,molding,2025-03-19T06:50:00Z,,0
S010505,train,1,0,none,none,2025-03-19T07:00:00Z,,0
S010506,train,1,0,none,none,2025-03-19T07:10:00Z,,0
S010507,train,1,0,none,none,2025-03-19T07:20:00Z,,0
S010508,train,1,0,none,none,2025-03-19T07:30:00Z,,0
S010509,train,1,0,none,none,2025-03-19T07:40:00Z,,0
S010510,train,1,0,none,none,2025-03-19T07:50:00Z,,0
S010511,train,1,0,none,none,2025-03-19T08:00:00Z,,0
S010512,train,1,0,none,none,2025-03-19T08:10:00Z,,0
S010513,train,1,0,none,none,2025-03-19T08:20:00Z,1,1
S010514,train,1,0,none,none,2025-03-19T08:30:00Z,,0
S010515,train,1,0,none,none,2025-03-19T08:40:00Z,,0
S010516,train,1,0,none,none,2025-03-19T08:50:00Z,,0
S010517,train,1,0,none,none,2025-03-19T09:00:00Z,,0
S010518,train,1,0,none,none,2025-03-19T09:10:00Z,,0
S010519,train,1,0,none,none,2025-03-19T09:20:00Z,,0
S010520,train,1,0,none,none,2025-03-19T09:30:00Z,,0
S010521,train,1,0,none,none,2025-03-19T09:40:00Z,,0
S010522,train,1,0,none,none,2025-03-19T09:50:00Z,,0
S010523,train,1,0,none,none,2025-03-19T10:00:00Z,,0
S010524,train,0,1,dram_electrical,dram_or_base,2025-03-19T10:10:00Z,,0
S010525,train,1,0,none,none,2025-03-19T10:20:00Z,,0
S010526,train,1,0,none,none,2025-03-19T10:30:00Z,1,1
S010527,train,1,0,none,none,2025-03-19T10:40:00Z,,0
S010528,train,1,0,none,none,2025-03-19T10:50:00Z,,0
S010529,train,1,0,none,none,2025-03-19T11:00:00Z,,0
S010530,train,1,0,none,none,2025-03-19T11:10:00Z,,0
S010531,train,1,0,none,none,2025-03-19T11:20:00Z,,0
S010532,train,1,0,none,none,2025-03-19T11:30:00Z,,0
S010533,train,1,0,none,none,2025-03-19T11:40:00Z,1,1
S010534,train,1,0,none,none,2025-03-19T11:50:00Z,,0
S010535,train,1,0,none,none,2025-03-19T12:00:00Z,,0
S010536,train,1,0,none,none,2025-03-19T12:10:00Z,,0
S010537,train,1,0,none,none,2025-03-19T12:20:00Z,,0
S010538,train,0,1,dram_electrical,dram_or_base,2025-03-19T12:30:00Z,,0
S010539,train,1,0,none,none,2025-03-19T12:40:00Z,,0
S010540,train,1,0,none,none,2025-03-19T12:50:00Z,,0
S010541,train,1,0,none,none,2025-03-19T13:00:00Z,,0
S010542,train,1,0,none,none,2025-03-19T13:10:00Z,,0
S010543,train,1,0,none,none,2025-03-19T13:20:00Z,,0
S010544,train,1,0,none,none,2025-03-19T13:30:00Z,,0
S010545,train,1,0,none,none,2025-03-19T13:40:00Z,1,1
S010546,train,1,0,none,none,2025-03-19T13:50:00Z,,0
S010547,train,1,0,none,none,2025-03-19T14:00:00Z,,0
S010548,train,1,0,none,none,2025-03-19T15:40:00Z,,0
S010549,train,1,0,none,none,2025-03-19T15:50:00Z,,0
S010550,train,1,0,none,none,2025-03-19T16:00:00Z,,0
S010551,train,1,0,none,none,2025-03-19T16:10:00Z,,0
S010552,train,1,0,none,none,2025-03-19T16:20:00Z,,0
S010553,train,1,0,none,none,2025-03-19T16:30:00Z,1,1
S010554,train,1,0,none,none,2025-03-19T16:40:00Z,1,1
S010555,train,1,0,none,none,2025-03-19T16:50:00Z,0,1
S010556,train,1,0,none,none,2025-03-19T17:00:00Z,,0
S010557,train,1,0,none,none,2025-03-19T17:10:00Z,,0
S010558,train,0,1,warpage,assembly,2025-03-19T17:20:00Z,,0
S010559,train,1,0,none,none,2025-03-19T17:30:00Z,0,1
S010560,train,1,0,none,none,2025-03-19T17:40:00Z,,0
S010561,train,1,0,none,none,2025-03-19T17:50:00Z,,0
S010562,train,1,0,none,none,2025-03-19T18:00:00Z,,0
S010563,train,1,0,none,none,2025-03-19T18:10:00Z,1,1
S010564,train,0,1,delamination,molding,2025-03-19T18:20:00Z,,0
S010565,train,1,0,none,none,2025-03-19T18:30:00Z,,0
S010566,train,1,0,none,none,2025-03-19T18:40:00Z,,0
S010567,train,1,0,none,none,2025-03-19T18:50:00Z,1,1
S010568,train,1,0,none,none,2025-03-19T19:00:00Z,,0
S010569,train,1,0,none,none,2025-03-19T19:10:00Z,,0
S010570,train,1,0,none,none,2025-03-19T19:20:00Z,1,1
S010571,train,1,0,none,none,2025-03-19T19:30:00Z,1,1
S010572,train,1,0,none,none,2025-03-19T19:40:00Z,,0
S010573,train,1,0,none,none,2025-03-19T19:50:00Z,,0
S010574,train,1,0,none,none,2025-03-19T20:00:00Z,,0
S010575,train,1,0,none,none,2025-03-19T20:10:00Z,,0
S010576,train,1,0,none,none,2025-03-19T20:20:00Z,,0
S010577,train,1,0,none,none,2025-03-19T20:30:00Z,1,1
S010578,train,1,0,none,none,2025-03-19T20:40:00Z,,0
S010579,train,1,0,none,none,2025-03-19T20:50:00Z,,0
S010580,train,1,0,none,none,2025-03-19T21:00:00Z,1,1
S010581,train,1,0,none,none,2025-03-19T21:10:00Z,,0
S010582,train,1,0,none,none,2025-03-19T21:20:00Z,,0
S010583,train,1,0,none,none,2025-03-19T21:30:00Z,,0
S010584,train,1,0,none,none,2025-03-19T21:40:00Z,,0
S010585,train,1,0,none,none,2025-03-19T21:50:00Z,1,1
S010586,train,1,0,none,none,2025-03-19T22:00:00Z,,0
S010587,train,1,0,none,none,2025-03-19T22:10:00Z,,0
S010588,train,1,0,none,none,2025-03-19T22:20:00Z,1,1
S010589,train,1,0,none,none,2025-03-19T22:30:00Z,,0
S010590,train,1,0,none,none,2025-03-19T22:40:00Z,,0
S010591,train,1,0,none,none,2025-03-19T22:50:00Z,,0
S010592,train,1,0,none,none,2025-03-19T23:00:00Z,,0
S010593,train,1,0,none,none,2025-03-19T23:10:00Z,1,1
S010594,train,1,0,none,none,2025-03-19T23:20:00Z,,0
S010595,train,1,0,none,none,2025-03-19T23:30:00Z,,0
S010596,train,1,0,none,none,2025-03-19T23:40:00Z,,0
S010597,train,1,0,none,none,2025-03-19T23:50:00Z,,0
S010598,train,1,0,none,none,2025-03-20T00:00:00Z,,0
S010599,train,1,0,none,none,2025-03-20T00:10:00Z,,0
S010600,train,1,0,none,none,2025-03-20T00:20:00Z,,0
S010601,train,1,0,none,none,2025-03-20T00:30:00Z,1,1
S010602,train,1,0,none,none,2025-03-20T00:40:00Z,,0
S010603,train,1,0,none,none,2025-03-20T00:50:00Z,,0
S010604,train,1,0,none,none,2025-03-20T01:00:00Z,,0
S010605,train,1,0,none,none,2025-03-20T01:10:00Z,,0
S010606,train,1,0,none,none,2025-03-20T01:20:00Z,1,1
S010607,train,1,0,none,none,2025-03-20T01:30:00Z,,0
S010608,train,1,0,none,none,2025-03-20T01:40:00Z,,0
S010609,train,1,0,none,none,2025-03-20T01:50:00Z,,0
S010610,train,1,0,none,none,2025-03-20T02:00:00Z,,0
S010611,train,1,0,none,none,2025-03-20T03:40:00Z,,0
S010612,train,1,0,none,none,2025-03-20T03:50:00Z,,0
S010613,train,1,0,none,none,2025-03-20T04:00:00Z,,0
S010614,train,1,0,none,none,2025-03-20T04:10:00Z,1,1
S010615,train,1,0,none,none,2025-03-20T04:20:00Z,,0
S010616,train,1,0,none,none,2025-03-20T04:30:00Z,1,1
S010617,train,1,0,none,none,2025-03-20T04:40:00Z,,0
S010618,train,1,0,none,none,2025-03-20T04:50:00Z,,0
S010619,train,1,0,none,none,2025-03-20T05:00:00Z,,0
S010620,train,1,0,none,none,2025-03-20T05:10:00Z,,0
S010621,train,1,0,none,none,2025-03-20T05:20:00Z,1,1
S010622,train,1,0,none,none,2025-03-20T05:30:00Z,,0
S010623,train,1,0,none,none,2025-03-20T05:40:00Z,,0
S010624,train,1,0,none,none,2025-03-20T05:50:00Z,1,1
S010625,train,1,0,none,none,2025-03-20T06:00:00Z,,0
S010626,train,1,0,none,none,2025-03-20T06:10:00Z,,0
S010627,train,1,0,none,none,2025-03-20T06:20:00Z,,0
S010628,train,1,0,none,none,2025-03-20T06:30:00Z,1,1
S010629,train,1,0,none,none,2025-03-20T06:40:00Z,,0
S010630,train,1,0,none,none,2025-03-20T06:50:00Z,,0
S010631,train,1,0,none,none,2025-03-20T07:00:00Z,,0
S010632,train,1,0,none,none,2025-03-20T07:10:00Z,,0
S010633,train,1,0,none,none,2025-03-20T07:20:00Z,,0
S010634,train,1,0,none,none,2025-03-20T07:30:00Z,,0
S010635,train,1,0,none,none,2025-03-20T07:40:00Z,,0
S010636,train,1,0,none,none,2025-03-20T07:50:00Z,,0
S010637,train,1,0,none,none,2025-03-20T08:00:00Z,,0
S010638,train,1,0,none,none,2025-03-20T08:10:00Z,,0
S010639,train,1,0,none,none,2025-03-20T08:20:00Z,1,1
S010640,train,1,0,none,none,2025-03-20T08:30:00Z,,0
S010641,train,0,1,die_crack,handling,2025-03-20T08:40:00Z,,0
S010642,train,1,0,none,none,2025-03-20T08:50:00Z,,0
S010643,train,1,0,none,none,2025-03-20T09:00:00Z,,0
S010644,train,1,0,none,none,2025-03-20T09:10:00Z,,0
S010645,train,1,0,none,none,2025-03-20T09:20:00Z,,0
S010646,train,1,0,none,none,2025-03-20T09:30:00Z,,0
S010647,train,1,0,none,none,2025-03-20T09:40:00Z,,0
S010648,train,1,0,none,none,2025-03-20T09:50:00Z,1,1
S010649,train,1,0,none,none,2025-03-20T10:00:00Z,,0
S010650,train,1,0,none,none,2025-03-20T10:10:00Z,1,1
S010651,train,1,0,none,none,2025-03-20T10:20:00Z,,0
S010652,train,1,0,none,none,2025-03-20T10:30:00Z,,0
S010653,train,1,0,none,none,2025-03-20T10:40:00Z,,0
S010654,train,1,0,none,none,2025-03-20T10:50:00Z,,0
S010655,train,1,0,none,none,2025-03-20T11:00:00Z,1,1
S010656,train,1,0,none,none,2025-03-20T11:10:00Z,,0
S010657,train,1,0,none,none,2025-03-20T11:20:00Z,,0
S010658,train,1,0,none,none,2025-03-20T11:30:00Z,,0
S010659,train,0,1,tsv_open_short,tsv_or_interconnect,2025-03-20T11:40:00Z,,0
S010660,train,1,0,none,none,2025-03-20T11:50:00Z,,0
S010661,train,1,0,none,none,2025-03-20T12:00:00Z,,0
S010662,train,1,0,none,none,2025-03-20T12:10:00Z,,0
S010663,train,1,0,none,none,2025-03-20T12:20:00Z,,0
S010664,train,1,0,none,none,2025-03-20T12:30:00Z,,0
S010665,train,1,0,none,none,2025-03-20T12:40:00Z,,0
S010666,train,1,0,none,none,2025-03-20T12:50:00Z,1,1
S010667,train,1,0,none,none,2025-03-20T13:00:00Z,,0
S010668,train,1,0,none,none,2025-03-20T13:10:00Z,,0
S010669,train,1,0,none,none,2025-03-20T13:20:00Z,,0
S010670,train,1,0,none,none,2025-03-20T13:30:00Z,1,1
S010671,train,1,0,none,none,2025-03-20T13:40:00Z,,0
S010672,train,1,0,none,none,2025-03-20T13:50:00Z,1,1
S010673,train,1,0,none,none,2025-03-20T14:00:00Z,,0
S010674,train,1,0,none,none,2025-03-20T14:10:00Z,,0
S010675,train,1,0,none,none,2025-03-20T14:20:00Z,,0
S010676,train,1,0,none,none,2025-03-20T14:30:00Z,1,1
S010677,train,1,0,none,none,2025-03-20T14:40:00Z,,0
S010678,train,1,0,none,none,2025-03-20T14:50:00Z,,0
S010679,train,1,0,none,none,2025-03-20T15:00:00Z,,0
S010680,train,1,0,none,none,2025-03-20T15:10:00Z,,0
S010681,train,1,0,none,none,2025-03-20T15:20:00Z,1,1
S010682,train,1,0,none,none,2025-03-20T15:30:00Z,1,1
S010683,train,1,0,none,none,2025-03-20T15:40:00Z,,0
S010684,train,1,0,none,none,2025-03-20T15:50:00Z,,0
S010685,train,1,0,none,none,2025-03-20T16:00:00Z,1,1
S010686,train,1,0,none,none,2025-03-20T16:10:00Z,,0
S010687,train,0,1,warpage,assembly,2025-03-20T16:20:00Z,,0
S010688,train,1,0,none,none,2025-03-20T16:30:00Z,,0
S010689,train,1,0,none,none,2025-03-20T16:40:00Z,1,1
S010690,train,1,0,none,none,2025-03-20T16:50:00Z,1,1
S010691,train,1,0,none,none,2025-03-20T17:00:00Z,,0
S010692,train,1,0,none,none,2025-03-20T17:10:00Z,,0
S010693,train,1,0,none,none,2025-03-20T17:20:00Z,1,1
S010694,train,1,0,none,none,2025-03-20T17:30:00Z,,0
S010695,train,1,0,none,none,2025-03-20T17:40:00Z,,0
S010696,train,0,1,dram_electrical,dram_or_base,2025-03-20T17:50:00Z,,0
S010697,train,1,0,none,none,2025-03-20T18:00:00Z,,0
S010698,train,1,0,none,none,2025-03-20T18:10:00Z,,0
S010699,train,1,0,none,none,2025-03-20T18:20:00Z,,0
S010700,train,1,0,none,none,2025-03-20T18:30:00Z,1,1
S010701,train,1,0,none,none,2025-03-20T18:40:00Z,,0
S010702,train,1,0,none,none,2025-03-20T18:50:00Z,1,1
S010703,train,1,0,none,none,2025-03-20T19:00:00Z,,0
S010704,train,1,0,none,none,2025-03-20T19:10:00Z,,0
S010705,train,1,0,none,none,2025-03-20T19:20:00Z,,0
S010706,train,1,0,none,none,2025-03-20T15:40:00Z,,0
S010707,train,1,0,none,none,2025-03-20T15:50:00Z,1,1
S010708,train,0,1,underfill_void,molding,2025-03-20T16:00:00Z,,0
S010709,train,1,0,none,none,2025-03-20T16:10:00Z,,0
S010710,train,1,0,none,none,2025-03-20T16:20:00Z,,0
S010711,train,1,0,none,none,2025-03-20T16:30:00Z,,0
S010712,train,1,0,none,none,2025-03-20T16:40:00Z,,0
S010713,train,1,0,none,none,2025-03-20T16:50:00Z,,0
S010714,train,1,0,none,none,2025-03-20T17:00:00Z,,0
S010715,train,1,0,none,none,2025-03-20T17:10:00Z,,0
S010716,train,1,0,none,none,2025-03-20T17:20:00Z,,0
S010717,train,0,1,warpage,assembly,2025-03-20T17:30:00Z,,0
S010718,train,1,0,none,none,2025-03-20T17:40:00Z,,0
S010719,train,1,0,none,none,2025-03-20T17:50:00Z,,0
S010720,train,1,0,none,none,2025-03-20T18:00:00Z,,0
S010721,train,1,0,none,none,2025-03-20T18:10:00Z,1,1
S010722,train,1,0,none,none,2025-03-20T18:20:00Z,,0
S010723,train,1,0,none,none,2025-03-20T18:30:00Z,,0
S010724,train,1,0,none,none,2025-03-20T18:40:00Z,1,1
S010725,train,1,0,none,none,2025-03-20T18:50:00Z,,0
S010726,train,1,0,none,none,2025-03-20T19:00:00Z,1,1
S010727,train,0,1,warpage,assembly,2025-03-20T19:10:00Z,,0
S010728,train,1,0,none,none,2025-03-20T19:20:00Z,1,1
S010729,train,1,0,none,none,2025-03-20T19:30:00Z,,0
S010730,train,1,0,none,none,2025-03-20T19:40:00Z,,0
S010731,train,1,0,none,none,2025-03-20T19:50:00Z,,0
S010732,train,1,0,none,none,2025-03-20T20:00:00Z,,0
S010733,train,1,0,none,none,2025-03-20T20:10:00Z,1,1
S010734,train,1,0,none,none,2025-03-20T20:20:00Z,,0
S010735,train,1,0,none,none,2025-03-20T20:30:00Z,,0
S010736,train,1,0,none,none,2025-03-20T20:40:00Z,,0
S010737,train,1,0,none,none,2025-03-20T20:50:00Z,,0
S010738,train,1,0,none,none,2025-03-20T21:00:00Z,,0
S010739,train,1,0,none,none,2025-03-20T21:10:00Z,,0
S010740,train,1,0,none,none,2025-03-20T21:20:00Z,,0
S010741,train,1,0,none,none,2025-03-20T21:30:00Z,,0
S010742,train,1,0,none,none,2025-03-20T21:40:00Z,,0
S010743,train,1,0,none,none,2025-03-20T21:50:00Z,,0
S010744,train,1,0,none,none,2025-03-20T22:00:00Z,,0
S010745,train,1,0,none,none,2025-03-20T22:10:00Z,,0
S010746,train,1,0,none,none,2025-03-20T22:20:00Z,,0
S010747,train,1,0,none,none,2025-03-20T22:30:00Z,,0
S010748,train,1,0,none,none,2025-03-20T22:40:00Z,,0
S010749,train,1,0,none,none,2025-03-20T22:50:00Z,,0
S010750,train,1,0,none,none,2025-03-20T23:00:00Z,,0
S010751,train,1,0,none,none,2025-03-20T23:10:00Z,,0
S010752,train,1,0,none,none,2025-03-20T23:20:00Z,,0
S010753,train,1,0,none,none,2025-03-20T23:30:00Z,,0
S010754,train,1,0,none,none,2025-03-20T23:40:00Z,,0
S010755,train,1,0,none,none,2025-03-20T23:50:00Z,,0
S010756,train,1,0,none,none,2025-03-21T00:00:00Z,,0
S010757,train,1,0,none,none,2025-03-21T00:10:00Z,,0
S010758,train,1,0,none,none,2025-03-21T00:20:00Z,,0
S010759,train,1,0,none,none,2025-03-21T00:30:00Z,,0
S010760,train,1,0,none,none,2025-03-21T00:40:00Z,,0
S010761,train,1,0,none,none,2025-03-21T00:50:00Z,,0
S010762,train,1,0,none,none,2025-03-21T01:00:00Z,,0
S010763,train,1,0,none,none,2025-03-21T01:10:00Z,,0
S010764,train,1,0,none,none,2025-03-21T01:20:00Z,,0
S010765,train,1,0,none,none,2025-03-21T01:30:00Z,,0
S010766,train,1,0,none,none,2025-03-21T01:40:00Z,,0
S010767,train,0,1,dram_electrical,dram_or_base,2025-03-21T01:50:00Z,,0
S010768,train,1,0,none,none,2025-03-21T02:00:00Z,1,1
S010769,train,1,0,none,none,2025-03-21T03:40:00Z,,0
S010770,train,1,0,none,none,2025-03-21T03:50:00Z,1,1
S010771,train,1,0,none,none,2025-03-21T04:00:00Z,1,1
S010772,train,1,0,none,none,2025-03-21T04:10:00Z,,0
S010773,train,1,0,none,none,2025-03-21T04:20:00Z,,0
S010774,train,0,1,microbump_open_bridge,reflow,2025-03-21T04:30:00Z,,0
S010775,train,1,0,none,none,2025-03-21T04:40:00Z,1,1
S010776,train,1,0,none,none,2025-03-21T04:50:00Z,,0
S010777,train,1,0,none,none,2025-03-21T05:00:00Z,,0
S010778,train,1,0,none,none,2025-03-21T05:10:00Z,,0
S010779,train,1,0,none,none,2025-03-21T05:20:00Z,,0
S010780,train,1,0,none,none,2025-03-21T05:30:00Z,,0
S010781,train,1,0,none,none,2025-03-21T05:40:00Z,1,1
S010782,train,1,0,none,none,2025-03-21T05:50:00Z,,0
S010783,train,1,0,none,none,2025-03-21T06:00:00Z,,0
S010784,train,1,0,none,none,2025-03-21T06:10:00Z,,0
S010785,train,0,1,underfill_void,molding,2025-03-21T06:20:00Z,,0
S010786,train,1,0,none,none,2025-03-21T06:30:00Z,1,1
S010787,train,1,0,none,none,2025-03-21T06:40:00Z,,0
S010788,train,1,0,none,none,2025-03-21T06:50:00Z,,0
S010789,train,1,0,none,none,2025-03-21T07:00:00Z,,0
S010790,train,1,0,none,none,2025-03-21T07:10:00Z,,0
S010791,train,1,0,none,none,2025-03-21T07:20:00Z,,0
S010792,train,0,1,underfill_void,molding,2025-03-21T07:30:00Z,,0
S010793,train,1,0,none,none,2025-03-21T07:40:00Z,,0
S010794,train,1,0,none,none,2025-03-21T07:50:00Z,,0
S010795,train,1,0,none,none,2025-03-21T08:00:00Z,,0
S010796,train,1,0,none,none,2025-03-21T08:10:00Z,1,1
S010797,train,1,0,none,none,2025-03-21T08:20:00Z,,0
S010798,train,1,0,none,none,2025-03-21T08:30:00Z,,0
S010799,train,1,0,none,none,2025-03-21T08:40:00Z,,0
S010800,train,1,0,none,none,2025-03-21T08:50:00Z,,0
S010801,train,1,0,none,none,2025-03-21T09:00:00Z,1,1
S010802,train,1,0,none,none,2025-03-21T09:10:00Z,,0
S010803,train,1,0,none,none,2025-03-21T09:20:00Z,,0
S010804,train,1,0,none,none,2025-03-21T09:30:00Z,,0
S010805,train,1,0,none,none,2025-03-21T09:40:00Z,,0
S010806,train,1,0,none,none,2025-03-21T09:50:00Z,1,1
S010807,train,1,0,none,none,2025-03-21T10:00:00Z,,0
S010808,train,1,0,none,none,2025-03-21T10:10:00Z,,0
S010809,train,1,0,none,none,2025-03-21T10:20:00Z,,0
S010810,train,1,0,none,none,2025-03-21T10:30:00Z,,0
S010811,train,1,0,none,none,2025-03-21T10:40:00Z,,0
S010812,train,1,0,none,none,2025-03-21T10:50:00Z,,0
S010813,train,1,0,none,none,2025-03-21T11:00:00Z,,0
S010814,train,1,0,none,none,2025-03-21T11:10:00Z,,0
S010815,train,1,0,none,none,2025-03-21T11:20:00Z,,0
S010816,train,1,0,none,none,2025-03-21T11:30:00Z,,0
S010817,train,1,0,none,none,2025-03-21T11:40:00Z,,0
S010818,train,1,0,none,none,2025-03-21T11:50:00Z,,0
S010819,train,1,0,none,none,2025-03-21T12:00:00Z,1,1
S010820,train,1,0,none,none,2025-03-21T12:10:00Z,1,1
S010821,train,1,0,none,none,2025-03-21T12:20:00Z,,0
S010822,train,1,0,none,none,2025-03-21T12:30:00Z,,0
S010823,train,1,0,none,none,2025-03-21T12:40:00Z,,0
S010824,train,1,0,none,none,2025-03-21T12:50:00Z,,0
S010825,train,1,0,none,none,2025-03-21T13:00:00Z,,0
S010826,train,1,0,none,none,2025-03-21T13:10:00Z,,0
S010827,train,1,0,none,none,2025-03-21T13:20:00Z,,0
S010828,train,1,0,none,none,2025-03-21T13:30:00Z,,0
S010829,train,1,0,none,none,2025-03-21T13:40:00Z,,0
S010830,train,1,0,none,none,2025-03-21T13:50:00Z,,0
S010831,train,1,0,none,none,2025-03-21T14:00:00Z,,0
S010832,train,1,0,none,none,2025-03-21T14:10:00Z,1,1
S010833,train,0,1,delamination,molding,2025-03-21T14:20:00Z,,0
S010834,train,1,0,none,none,2025-03-21T14:30:00Z,,0
S010835,train,1,0,none,none,2025-03-21T14:40:00Z,,0
S010836,train,1,0,none,none,2025-03-21T14:50:00Z,,0
S010837,train,1,0,none,none,2025-03-21T15:00:00Z,1,1
S010838,train,1,0,none,none,2025-03-21T15:10:00Z,,0
S010839,train,1,0,none,none,2025-03-21T15:20:00Z,,0
S010840,train,1,0,none,none,2025-03-21T15:30:00Z,,0
S010841,train,0,1,delamination,molding,2025-03-21T15:40:00Z,,0
S010842,train,1,0,none,none,2025-03-21T15:50:00Z,,0
S010843,train,1,0,none,none,2025-03-21T16:00:00Z,,0
S010844,train,1,0,none,none,2025-03-21T16:10:00Z,,0
S010845,train,1,0,none,none,2025-03-21T16:20:00Z,,0
S010846,train,1,0,none,none,2025-03-21T16:30:00Z,,0
S010847,train,1,0,none,none,2025-03-21T16:40:00Z,,0
S010848,train,1,0,none,none,2025-03-21T16:50:00Z,,0
S010849,train,1,0,none,none,2025-03-21T17:00:00Z,,0
S010850,train,1,0,none,none,2025-03-21T17:10:00Z,,0
S010851,train,1,0,none,none,2025-03-21T17:20:00Z,1,1
S010852,train,1,0,none,none,2025-03-21T17:30:00Z,,0
S010853,train,1,0,none,none,2025-03-21T17:40:00Z,,0
S010854,train,1,0,none,none,2025-03-21T17:50:00Z,1,1
S010855,train,0,1,warpage,assembly,2025-03-21T18:00:00Z,,0
S010856,train,1,0,none,none,2025-03-21T18:10:00Z,,0
S010857,train,0,1,warpage,assembly,2025-03-21T18:20:00Z,,0
S010858,train,1,0,none,none,2025-03-21T18:30:00Z,,0
S010859,train,1,0,none,none,2025-03-21T18:40:00Z,,0
S010860,train,1,0,none,none,2025-03-21T18:50:00Z,,0
S010861,train,1,0,none,none,2025-03-21T19:00:00Z,,0
S010862,train,1,0,none,none,2025-03-21T19:10:00Z,,0
S010863,train,1,0,none,none,2025-03-21T19:20:00Z,,0
S010864,train,1,0,none,none,2025-03-21T15:40:00Z,,0
S010865,train,1,0,none,none,2025-03-21T15:50:00Z,,0
S010866,train,1,0,none,none,2025-03-21T16:00:00Z,,0
S010867,train,1,0,none,none,2025-03-21T16:10:00Z,1,1
S010868,train,1,0,none,none,2025-03-21T16:20:00Z,,0
S010869,train,1,0,none,none,2025-03-21T16:30:00Z,,0
S010870,train,1,0,none,none,2025-03-21T16:40:00Z,,0
S010871,train,1,0,none,none,2025-03-21T16:50:00Z,,0
S010872,train,1,0,none,none,2025-03-21T17:00:00Z,,0
S010873,train,1,0,none,none,2025-03-21T17:10:00Z,,0
S010874,train,1,0,none,none,2025-03-21T17:20:00Z,,0
S010875,train,1,0,none,none,2025-03-21T17:30:00Z,,0
S010876,train,1,0,none,none,2025-03-21T17:40:00Z,1,1
S010877,train,1,0,none,none,2025-03-21T17:50:00Z,,0
S010878,train,1,0,none,none,2025-03-21T18:00:00Z,,0
S010879,train,1,0,none,none,2025-03-21T18:10:00Z,,0
S010880,train,1,0,none,none,2025-03-21T18:20:00Z,,0
S010881,train,1,0,none,none,2025-03-21T18:30:00Z,,0
S010882,train,1,0,none,none,2025-03-21T18:40:00Z,,0
S010883,train,1,0,none,none,2025-03-21T18:50:00Z,,0
S010884,train,1,0,none,none,2025-03-21T19:00:00Z,,0
S010885,train,1,0,none,none,2025-03-21T19:10:00Z,,0
S010886,train,1,0,none,none,2025-03-21T19:20:00Z,,0
S010887,train,1,0,none,none,2025-03-21T19:30:00Z,,0
S010888,train,1,0,none,none,2025-03-21T19:40:00Z,,0
S010889,train,1,0,none,none,2025-03-21T19:50:00Z,,0
S010890,train,0,1,warpage,assembly,2025-03-21T20:00:00Z,,0
S010891,train,1,0,none,none,2025-03-21T20:10:00Z,,0
S010892,train,1,0,none,none,2025-03-21T20:20:00Z,,0
S010893,train,1,0,none,none,2025-03-21T20:30:00Z,,0
S010894,train,1,0,none,none,2025-03-21T20:40:00Z,,0
S010895,train,1,0,none,none,2025-03-21T20:50:00Z,0,1
S010896,train,1,0,none,none,2025-03-21T21:00:00Z,,0
S010897,train,1,0,none,none,2025-03-21T21:10:00Z,,0
S010898,train,1,0,none,none,2025-03-21T21:20:00Z,,0
S010899,train,1,0,none,none,2025-03-21T21:30:00Z,,0
S010900,train,0,1,warpage,assembly,2025-03-21T21:40:00Z,,0
S010901,train,1,0,none,none,2025-03-21T21:50:00Z,1,1
S010902,train,1,0,none,none,2025-03-21T22:00:00Z,,0
S010903,train,1,0,none,none,2025-03-21T22:10:00Z,,0
S010904,train,1,0,none,none,2025-03-21T22:20:00Z,,0
S010905,train,0,1,tsv_open_short,tsv_or_interconnect,2025-03-21T22:30:00Z,,0
S010906,train,1,0,none,none,2025-03-21T22:40:00Z,1,1
S010907,train,1,0,none,none,2025-03-21T22:50:00Z,1,1
S010908,train,1,0,none,none,2025-03-21T23:00:00Z,,0
S010909,train,1,0,none,none,2025-03-21T23:10:00Z,1,1
S010910,train,1,0,none,none,2025-03-21T23:20:00Z,,0
S010911,train,1,0,none,none,2025-03-21T23:30:00Z,1,1
S010912,train,1,0,none,none,2025-03-21T23:40:00Z,,0
S010913,train,1,0,none,none,2025-03-21T23:50:00Z,,0
S010914,train,1,0,none,none,2025-03-22T00:00:00Z,,0
S010915,train,1,0,none,none,2025-03-22T00:10:00Z,,0
S010916,train,1,0,none,none,2025-03-22T00:20:00Z,,0
S010917,train,1,0,none,none,2025-03-22T00:30:00Z,,0
S010918,train,1,0,none,none,2025-03-22T00:40:00Z,,0
S010919,train,1,0,none,none,2025-03-22T00:50:00Z,1,1
S010920,train,1,0,none,none,2025-03-22T01:00:00Z,,0
S010921,train,1,0,none,none,2025-03-22T01:10:00Z,,0
S010922,train,1,0,none,none,2025-03-22T01:20:00Z,,0
S010923,train,1,0,none,none,2025-03-22T01:30:00Z,,0
S010924,train,0,1,warpage,assembly,2025-03-22T01:40:00Z,,0
S010925,train,1,0,none,none,2025-03-22T01:50:00Z,,0
S010926,train,1,0,none,none,2025-03-22T02:00:00Z,1,1
S010927,train,1,0,none,none,2025-03-22T02:10:00Z,1,1
S010928,train,1,0,none,none,2025-03-22T02:20:00Z,,0
S010929,train,1,0,none,none,2025-03-22T02:30:00Z,,0
S010930,train,1,0,none,none,2025-03-22T02:40:00Z,,0
S010931,train,1,0,none,none,2025-03-22T02:50:00Z,,0
S010932,train,1,0,none,none,2025-03-22T03:00:00Z,,0
S010933,train,1,0,none,none,2025-03-22T03:10:00Z,1,1
S010934,train,0,1,microbump_open_bridge,reflow,2025-03-22T03:20:00Z,,0
S010935,train,1,0,none,none,2025-03-22T03:30:00Z,,0
S010936,train,1,0,none,none,2025-03-22T03:40:00Z,,0
S010937,train,1,0,none,none,2025-03-22T03:50:00Z,1,1
S010938,train,0,1,tsv_open_short,tsv_or_interconnect,2025-03-22T04:00:00Z,,0
S010939,train,1,0,none,none,2025-03-22T04:10:00Z,,0
S010940,train,1,0,none,none,2025-03-22T04:20:00Z,,0
S010941,train,1,0,none,none,2025-03-22T04:30:00Z,1,1
S010942,train,1,0,none,none,2025-03-22T04:40:00Z,,0
S010943,train,1,0,none,none,2025-03-22T04:50:00Z,,0
S010944,train,1,0,none,none,2025-03-22T05:00:00Z,,0
S010945,train,1,0,none,none,2025-03-22T05:10:00Z,,0
S010946,train,1,0,none,none,2025-03-22T05:20:00Z,,0
S010947,train,1,0,none,none,2025-03-22T05:30:00Z,,0
S010948,train,1,0,none,none,2025-03-22T05:40:00Z,,0
S010949,train,0,1,tsv_open_short,tsv_or_interconnect,2025-03-22T05:50:00Z,,0
S010950,train,0,1,dram_electrical,dram_or_base,2025-03-22T06:00:00Z,,0
S010951,train,0,1,tsv_open_short,tsv_or_interconnect,2025-03-22T06:10:00Z,,0
S010952,train,1,0,none,none,2025-03-22T06:20:00Z,,0
S010953,train,0,1,delamination,molding,2025-03-22T06:30:00Z,,0
S010954,train,1,0,none,none,2025-03-22T06:40:00Z,,0
S010955,train,1,0,none,none,2025-03-22T06:50:00Z,,0
S010956,train,1,0,none,none,2025-03-22T07:00:00Z,1,1
S010957,train,1,0,none,none,2025-03-22T07:10:00Z,,0
S010958,train,1,0,none,none,2025-03-22T03:40:00Z,1,1
S010959,train,1,0,none,none,2025-03-22T03:50:00Z,1,1
S010960,train,1,0,none,none,2025-03-22T04:00:00Z,,0
S010961,train,1,0,none,none,2025-03-22T04:10:00Z,,0
S010962,train,1,0,none,none,2025-03-22T04:20:00Z,,0
S010963,train,1,0,none,none,2025-03-22T04:30:00Z,,0
S010964,train,1,0,none,none,2025-03-22T04:40:00Z,,0
S010965,train,0,1,underfill_void,molding,2025-03-22T04:50:00Z,,0
S010966,train,1,0,none,none,2025-03-22T05:00:00Z,1,1
S010967,train,1,0,none,none,2025-03-22T05:10:00Z,,0
S010968,train,1,0,none,none,2025-03-22T05:20:00Z,1,1
S010969,train,1,0,none,none,2025-03-22T05:30:00Z,,0
S010970,train,1,0,none,none,2025-03-22T05:40:00Z,,0
S010971,train,1,0,none,none,2025-03-22T05:50:00Z,1,1
S010972,train,1,0,none,none,2025-03-22T06:00:00Z,,0
S010973,train,1,0,none,none,2025-03-22T06:10:00Z,,0
S010974,train,1,0,none,none,2025-03-22T06:20:00Z,,0
S010975,train,1,0,none,none,2025-03-22T06:30:00Z,,0
S010976,train,1,0,none,none,2025-03-22T06:40:00Z,,0
S010977,train,1,0,none,none,2025-03-22T06:50:00Z,,0
S010978,train,1,0,none,none,2025-03-22T07:00:00Z,0,1
S010979,train,1,0,none,none,2025-03-22T07:10:00Z,,0
S010980,train,1,0,none,none,2025-03-22T07:20:00Z,,0
S010981,train,1,0,none,none,2025-03-22T07:30:00Z,,0
S010982,train,1,0,none,none,2025-03-22T07:40:00Z,,0
S010983,train,1,0,none,none,2025-03-22T07:50:00Z,,0
S010984,train,1,0,none,none,2025-03-22T08:00:00Z,,0
S010985,train,1,0,none,none,2025-03-22T08:10:00Z,,0
S010986,train,1,0,none,none,2025-03-22T08:20:00Z,,0
S010987,train,1,0,none,none,2025-03-22T08:30:00Z,,0
S010988,train,1,0,none,none,2025-03-22T08:40:00Z,,0
S010989,train,1,0,none,none,2025-03-22T08:50:00Z,,0
S010990,train,1,0,none,none,2025-03-22T09:00:00Z,,0
S010991,train,1,0,none,none,2025-03-22T09:10:00Z,,0
S010992,train,1,0,none,none,2025-03-22T09:20:00Z,,0
S010993,train,1,0,none,none,2025-03-22T09:30:00Z,1,1
S010994,train,1,0,none,none,2025-03-22T09:40:00Z,1,1
S010995,train,1,0,none,none,2025-03-22T09:50:00Z,,0
S010996,train,1,0,none,none,2025-03-22T10:00:00Z,,0
S010997,train,1,0,none,none,2025-03-22T10:10:00Z,1,1
S010998,train,1,0,none,none,2025-03-22T10:20:00Z,1,1
S010999,train,1,0,none,none,2025-03-22T10:30:00Z,,0
S011000,train,1,0,none,none,2025-03-22T10:40:00Z,,0
S011001,train,1,0,none,none,2025-03-22T10:50:00Z,1,1
S011002,train,1,0,none,none,2025-03-22T11:00:00Z,,0
S011003,train,1,0,none,none,2025-03-22T11:10:00Z,,0
S011004,train,1,0,none,none,2025-03-22T11:20:00Z,,0
S011005,train,1,0,none,none,2025-03-22T11:30:00Z,,0
S011006,train,1,0,none,none,2025-03-22T11:40:00Z,1,1
S011007,train,1,0,none,none,2025-03-22T11:50:00Z,,0
S011008,train,1,0,none,none,2025-03-22T12:00:00Z,,0
S011009,train,1,0,none,none,2025-03-22T12:10:00Z,,0
S011010,train,1,0,none,none,2025-03-22T12:20:00Z,,0
S011011,train,1,0,none,none,2025-03-22T12:30:00Z,,0
S011012,train,1,0,none,none,2025-03-22T12:40:00Z,,0
S011013,train,1,0,none,none,2025-03-22T12:50:00Z,,0
S011014,train,1,0,none,none,2025-03-22T13:00:00Z,1,1
S011015,train,1,0,none,none,2025-03-22T13:10:00Z,,0
S011016,train,0,1,delamination,molding,2025-03-22T13:20:00Z,,0
S011017,train,1,0,none,none,2025-03-22T13:30:00Z,1,1
S011018,train,1,0,none,none,2025-03-22T15:40:00Z,,0
S011019,train,1,0,none,none,2025-03-22T15:50:00Z,,0
S011020,train,1,0,none,none,2025-03-22T16:00:00Z,,0
S011021,train,1,0,none,none,2025-03-22T16:10:00Z,,0
S011022,train,1,0,none,none,2025-03-22T16:20:00Z,,0
S011023,train,1,0,none,none,2025-03-22T16:30:00Z,,0
S011024,train,1,0,none,none,2025-03-22T16:40:00Z,1,1
S011025,train,1,0,none,none,2025-03-22T16:50:00Z,,0
S011026,train,1,0,none,none,2025-03-22T17:00:00Z,1,1
S011027,train,1,0,none,none,2025-03-22T17:10:00Z,,0
S011028,train,1,0,none,none,2025-03-22T17:20:00Z,,0
S011029,train,1,0,none,none,2025-03-22T17:30:00Z,,0
S011030,train,1,0,none,none,2025-03-22T17:40:00Z,,0
S011031,train,1,0,none,none,2025-03-22T17:50:00Z,,0
S011032,train,1,0,none,none,2025-03-22T18:00:00Z,,0
S011033,train,1,0,none,none,2025-03-22T18:10:00Z,1,1
S011034,train,1,0,none,none,2025-03-22T18:20:00Z,,0
S011035,train,1,0,none,none,2025-03-22T18:30:00Z,,0
S011036,train,1,0,none,none,2025-03-22T18:40:00Z,1,1
S011037,train,1,0,none,none,2025-03-22T18:50:00Z,,0
S011038,train,1,0,none,none,2025-03-22T19:00:00Z,,0
S011039,train,1,0,none,none,2025-03-22T19:10:00Z,,0
S011040,train,1,0,none,none,2025-03-22T19:20:00Z,,0
S011041,train,1,0,none,none,2025-03-22T19:30:00Z,,0
S011042,train,1,0,none,none,2025-03-22T19:40:00Z,1,1
S011043,train,1,0,none,none,2025-03-22T19:50:00Z,1,1
S011044,train,1,0,none,none,2025-03-22T20:00:00Z,,0
S011045,train,1,0,none,none,2025-03-22T20:10:00Z,1,1
S011046,train,1,0,none,none,2025-03-22T20:20:00Z,,0
S011047,train,1,0,none,none,2025-03-22T20:30:00Z,1,1
S011048,train,1,0,none,none,2025-03-22T20:40:00Z,,0
S011049,train,1,0,none,none,2025-03-22T20:50:00Z,,0
S011050,train,1,0,none,none,2025-03-22T21:00:00Z,1,1
S011051,train,1,0,none,none,2025-03-22T21:10:00Z,,0
S011052,train,1,0,none,none,2025-03-22T21:20:00Z,,0
S011053,train,1,0,none,none,2025-03-22T21:30:00Z,,0
S011054,train,1,0,none,none,2025-03-22T21:40:00Z,1,1
S011055,train,1,0,none,none,2025-03-22T21:50:00Z,,0
S011056,train,1,0,none,none,2025-03-22T22:00:00Z,,0
S011057,train,1,0,none,none,2025-03-22T22:10:00Z,,0
S011058,train,1,0,none,none,2025-03-22T22:20:00Z,,0
S011059,train,1,0,none,none,2025-03-22T22:30:00Z,,0
S011060,train,1,0,none,none,2025-03-22T22:40:00Z,,0
S011061,train,1,0,none,none,2025-03-22T22:50:00Z,,0
S011062,train,1,0,none,none,2025-03-22T23:00:00Z,,0
S011063,train,1,0,none,none,2025-03-22T23:10:00Z,,0
S011064,train,1,0,none,none,2025-03-22T23:20:00Z,,0
S011065,train,1,0,none,none,2025-03-22T23:30:00Z,,0
S011066,train,1,0,none,none,2025-03-22T23:40:00Z,,0
S011067,train,1,0,none,none,2025-03-22T23:50:00Z,,0
S011068,train,1,0,none,none,2025-03-23T00:00:00Z,,0
S011069,train,1,0,none,none,2025-03-23T00:10:00Z,,0
S011070,train,1,0,none,none,2025-03-23T00:20:00Z,,0
S011071,train,1,0,none,none,2025-03-23T00:30:00Z,,0
S011072,train,1,0,none,none,2025-03-23T00:40:00Z,1,1
S011073,train,1,0,none,none,2025-03-23T00:50:00Z,,0
S011074,train,1,0,none,none,2025-03-23T01:00:00Z,1,1
S011075,train,1,0,none,none,2025-03-23T01:10:00Z,,0
S011076,train,1,0,none,none,2025-03-23T01:20:00Z,,0
S011077,train,1,0,none,none,2025-03-23T01:30:00Z,,0
S011078,train,1,0,none,none,2025-03-23T01:40:00Z,,0
S011079,train,1,0,none,none,2025-03-23T01:50:00Z,,0
S011080,train,1,0,none,none,2025-03-23T02:00:00Z,,0
S011081,train,1,0,none,none,2025-03-23T02:10:00Z,,0
S011082,train,1,0,none,none,2025-03-23T02:20:00Z,,0
S011083,train,1,0,none,none,2025-03-23T02:30:00Z,,0
S011084,train,1,0,none,none,2025-03-23T02:40:00Z,,0
S011085,train,1,0,none,none,2025-03-23T02:50:00Z,,0
S011086,train,1,0,none,none,2025-03-23T03:00:00Z,,0
S011087,train,1,0,none,none,2025-03-23T03:10:00Z,1,1
S011088,train,1,0,none,none,2025-03-23T03:20:00Z,,0
S011089,train,1,0,none,none,2025-03-23T03:30:00Z,,0
S011090,train,1,0,none,none,2025-03-23T03:40:00Z,,0
S011091,train,1,0,none,none,2025-03-23T03:50:00Z,1,1
S011092,train,1,0,none,none,2025-03-23T04:00:00Z,,0
S011093,train,1,0,none,none,2025-03-23T04:10:00Z,,0
S011094,train,1,0,none,none,2025-03-23T04:20:00Z,1,1
S011095,train,1,0,none,none,2025-03-23T04:30:00Z,,0
S011096,train,1,0,none,none,2025-03-23T04:40:00Z,1,1
S011097,train,1,0,none,none,2025-03-23T04:50:00Z,,0
S011098,train,1,0,none,none,2025-03-23T05:00:00Z,,0
S011099,train,1,0,none,none,2025-03-23T05:10:00Z,,0
S011100,train,1,0,none,none,2025-03-23T05:20:00Z,,0
S011101,train,1,0,none,none,2025-03-23T05:30:00Z,,0
S011102,train,1,0,none,none,2025-03-23T05:40:00Z,1,1
S011103,train,1,0,none,none,2025-03-23T05:50:00Z,,0
S011104,train,1,0,none,none,2025-03-23T06:00:00Z,,0
S011105,train,1,0,none,none,2025-03-23T06:10:00Z,,0
S011106,train,1,0,none,none,2025-03-23T06:20:00Z,,0
S011107,train,1,0,none,none,2025-03-23T06:30:00Z,,0
S011108,train,1,0,none,none,2025-03-23T06:40:00Z,1,1
S011109,train,1,0,none,none,2025-03-23T06:50:00Z,,0
S011110,train,1,0,none,none,2025-03-23T07:00:00Z,,0
S011111,train,1,0,none,none,2025-03-23T07:10:00Z,,0
S011112,train,1,0,none,none,2025-03-23T07:20:00Z,1,1
S011113,train,1,0,none,none,2025-03-23T03:40:00Z,,0
S011114,train,1,0,none,none,2025-03-23T03:50:00Z,,0
S011115,train,1,0,none,none,2025-03-23T04:00:00Z,,0
S011116,train,1,0,none,none,2025-03-23T04:10:00Z,,0
S011117,train,1,0,none,none,2025-03-23T04:20:00Z,,0
S011118,train,1,0,none,none,2025-03-23T04:30:00Z,,0
S011119,train,1,0,none,none,2025-03-23T04:40:00Z,,0
S011120,train,1,0,none,none,2025-03-23T04:50:00Z,,0
S011121,train,1,0,none,none,2025-03-23T05:00:00Z,,0
S011122,train,1,0,none,none,2025-03-23T05:10:00Z,,0
S011123,train,1,0,none,none,2025-03-23T05:20:00Z,,0
S011124,train,1,0,none,none,2025-03-23T05:30:00Z,1,1
S011125,train,1,0,none,none,2025-03-23T05:40:00Z,1,1
S011126,train,1,0,none,none,2025-03-23T05:50:00Z,,0
S011127,train,1,0,none,none,2025-03-23T06:00:00Z,,0
S011128,train,1,0,none,none,2025-03-23T06:10:00Z,,0
S011129,train,1,0,none,none,2025-03-23T06:20:00Z,,0
S011130,train,1,0,none,none,2025-03-23T06:30:00Z,,0
S011131,train,1,0,none,none,2025-03-23T06:40:00Z,,0
S011132,train,1,0,none,none,2025-03-23T06:50:00Z,1,1
S011133,train,1,0,none,none,2025-03-23T07:00:00Z,1,1
S011134,train,1,0,none,none,2025-03-23T07:10:00Z,,0
S011135,train,1,0,none,none,2025-03-23T07:20:00Z,,0
S011136,train,1,0,none,none,2025-03-23T07:30:00Z,,0
S011137,train,1,0,none,none,2025-03-23T07:40:00Z,,0
S011138,train,1,0,none,none,2025-03-23T07:50:00Z,,0
S011139,train,1,0,none,none,2025-03-23T08:00:00Z,1,1
S011140,train,1,0,none,none,2025-03-23T08:10:00Z,1,1
S011141,train,1,0,none,none,2025-03-23T08:20:00Z,,0
S011142,train,1,0,none,none,2025-03-23T08:30:00Z,,0
S011143,train,1,0,none,none,2025-03-23T08:40:00Z,,0
S011144,train,1,0,none,none,2025-03-23T08:50:00Z,,0
S011145,train,1,0,none,none,2025-03-23T09:00:00Z,,0
S011146,train,1,0,none,none,2025-03-23T09:10:00Z,1,1
S011147,train,1,0,none,none,2025-03-23T09:20:00Z,,0
S011148,train,1,0,none,none,2025-03-23T09:30:00Z,,0
S011149,train,1,0,none,none,2025-03-23T09:40:00Z,,0
S011150,train,1,0,none,none,2025-03-23T09:50:00Z,,0
S011151,train,1,0,none,none,2025-03-23T10:00:00Z,,0
S011152,train,1,0,none,none,2025-03-23T10:10:00Z,,0
S011153,train,1,0,none,none,2025-03-23T10:20:00Z,,0
S011154,train,1,0,none,none,2025-03-23T10:30:00Z,1,1
S011155,train,1,0,none,none,2025-03-23T10:40:00Z,,0
S011156,train,1,0,none,none,2025-03-23T10:50:00Z,,0
S011157,train,1,0,none,none,2025-03-23T11:00:00Z,1,1
S011158,train,1,0,none,none,2025-03-23T11:10:00Z,1,1
S011159,train,1,0,none,none,2025-03-23T11:20:00Z,,0
S011160,train,1,0,none,none,2025-03-23T11:30:00Z,,0
S011161,train,1,0,none,none,2025-03-23T11:40:00Z,,0
S011162,train,1,0,none,none,2025-03-23T11:50:00Z,,0
S011163,train,1,0,none,none,2025-03-23T12:00:00Z,,0
S011164,train,1,0,none,none,2025-03-23T12:10:00Z,,0
S011165,train,1,0,none,none,2025-03-23T12:20:00Z,,0
S011166,train,1,0,none,none,2025-03-23T12:30:00Z,,0
S011167,train,1,0,none,none,2025-03-23T12:40:00Z,,0
S011168,train,1,0,none,none,2025-03-23T12:50:00Z,,0
S011169,train,1,0,none,none,2025-03-23T13:00:00Z,,0
S011170,train,1,0,none,none,2025-03-23T13:10:00Z,,0
S011171,train,1,0,none,none,2025-03-23T13:20:00Z,,0
S011172,train,1,0,none,none,2025-03-23T13:30:00Z,1,1
S011173,train,1,0,none,none,2025-03-23T13:40:00Z,,0
S011174,train,1,0,none,none,2025-03-23T13:50:00Z,1,1
S011175,train,1,0,none,none,2025-03-23T14:00:00Z,,0
S011176,train,1,0,none,none,2025-03-23T14:10:00Z,,0
S011177,train,1,0,none,none,2025-03-23T14:20:00Z,,0
S011178,train,1,0,none,none,2025-03-23T14:30:00Z,,0
S011179,train,1,0,none,none,2025-03-23T14:40:00Z,,0
S011180,train,1,0,none,none,2025-03-23T14:50:00Z,,0
S011181,train,1,0,none,none,2025-03-23T15:00:00Z,,0
S011182,train,1,0,none,none,2025-03-23T15:10:00Z,,0
S011183,train,1,0,none,none,2025-03-23T15:20:00Z,1,1
S011184,train,1,0,none,none,2025-03-23T15:30:00Z,,0
S011185,train,1,0,none,none,2025-03-23T15:40:00Z,,0
S011186,train,1,0,none,none,2025-03-23T15:50:00Z,,0
S011187,train,1,0,none,none,2025-03-23T16:00:00Z,,0
S011188,train,1,0,none,none,2025-03-23T16:10:00Z,,0
S011189,train,1,0,none,none,2025-03-23T16:20:00Z,,0
S011190,train,1,0,none,none,2025-03-23T16:30:00Z,,0
S011191,train,1,0,none,none,2025-03-23T16:40:00Z,1,1
S011192,train,1,0,none,none,2025-03-23T16:50:00Z,,0
S011193,train,1,0,none,none,2025-03-23T17:00:00Z,,0
S011194,train,1,0,none,none,2025-03-23T17:10:00Z,,0
S011195,train,1,0,none,none,2025-03-23T17:20:00Z,,0
S011196,train,1,0,none,none,2025-03-23T17:30:00Z,,0
S011197,train,1,0,none,none,2025-03-23T17:40:00Z,,0
S011198,train,1,0,none,none,2025-03-23T17:50:00Z,1,1
S011199,train,1,0,none,none,2025-03-23T18:00:00Z,,0
S011200,train,1,0,none,none,2025-03-23T18:10:00Z,1,1
S011201,train,1,0,none,none,2025-03-23T18:20:00Z,,0
S011202,train,1,0,none,none,2025-03-23T18:30:00Z,,0
S011203,train,1,0,none,none,2025-03-23T18:40:00Z,1,1
S011204,train,1,0,none,none,2025-03-23T18:50:00Z,,0
S011205,train,1,0,none,none,2025-03-23T19:00:00Z,,0
S011206,train,1,0,none,none,2025-03-23T19:10:00Z,,0
S011207,train,1,0,none,none,2025-03-23T19:20:00Z,,0
S011208,train,1,0,none,none,2025-03-23T19:30:00Z,,0
S011209,train,1,0,none,none,2025-03-23T15:40:00Z,,0
S011210,train,1,0,none,none,2025-03-23T15:50:00Z,,0
S011211,train,1,0,none,none,2025-03-23T16:00:00Z,,0
S011212,train,1,0,none,none,2025-03-23T16:10:00Z,,0
S011213,train,1,0,none,none,2025-03-23T16:20:00Z,,0
S011214,train,1,0,none,none,2025-03-23T16:30:00Z,,0
S011215,train,1,0,none,none,2025-03-23T16:40:00Z,1,1
S011216,train,1,0,none,none,2025-03-23T16:50:00Z,,0
S011217,train,1,0,none,none,2025-03-23T17:00:00Z,1,1
S011218,train,1,0,none,none,2025-03-23T17:10:00Z,,0
S011219,train,1,0,none,none,2025-03-23T17:20:00Z,,0
S011220,train,1,0,none,none,2025-03-23T17:30:00Z,,0
S011221,train,1,0,none,none,2025-03-23T17:40:00Z,,0
S011222,train,1,0,none,none,2025-03-23T17:50:00Z,1,1
S011223,train,1,0,none,none,2025-03-23T18:00:00Z,,0
S011224,train,1,0,none,none,2025-03-23T18:10:00Z,,0
S011225,train,1,0,none,none,2025-03-23T18:20:00Z,1,1
S011226,train,0,1,die_crack,handling,2025-03-23T18:30:00Z,,0
S011227,train,1,0,none,none,2025-03-23T18:40:00Z,,0
S011228,train,1,0,none,none,2025-03-23T18:50:00Z,1,1
S011229,train,1,0,none,none,2025-03-23T19:00:00Z,1,1
S011230,train,1,0,none,none,2025-03-23T19:10:00Z,,0
S011231,train,1,0,none,none,2025-03-23T19:20:00Z,,0
S011232,train,1,0,none,none,2025-03-23T19:30:00Z,,0
S011233,train,1,0,none,none,2025-03-23T19:40:00Z,,0
S011234,train,1,0,none,none,2025-03-23T19:50:00Z,,0
S011235,train,1,0,none,none,2025-03-23T20:00:00Z,,0
S011236,train,1,0,none,none,2025-03-23T20:10:00Z,,0
S011237,train,1,0,none,none,2025-03-23T20:20:00Z,,0
S011238,train,1,0,none,none,2025-03-23T20:30:00Z,,0
S011239,train,1,0,none,none,2025-03-23T20:40:00Z,,0
S011240,train,1,0,none,none,2025-03-23T20:50:00Z,,0
S011241,train,1,0,none,none,2025-03-23T21:00:00Z,,0
S011242,train,1,0,none,none,2025-03-23T21:10:00Z,,0
S011243,train,1,0,none,none,2025-03-23T21:20:00Z,,0
S011244,train,0,1,tsv_open_short,tsv_or_interconnect,2025-03-23T21:30:00Z,,0
S011245,train,1,0,none,none,2025-03-23T21:40:00Z,,0
S011246,train,1,0,none,none,2025-03-23T21:50:00Z,,0
S011247,train,1,0,none,none,2025-03-23T22:00:00Z,,0
S011248,train,0,1,dram_electrical,dram_or_base,2025-03-23T22:10:00Z,,0
S011249,train,1,0,none,none,2025-03-23T22:20:00Z,,0
S011250,train,1,0,none,none,2025-03-23T22:30:00Z,1,1
S011251,train,1,0,none,none,2025-03-23T22:40:00Z,1,1
S011252,train,1,0,none,none,2025-03-23T22:50:00Z,,0
S011253,train,1,0,none,none,2025-03-23T23:00:00Z,,0
S011254,train,1,0,none,none,2025-03-23T23:10:00Z,,0
S011255,train,1,0,none,none,2025-03-23T23:20:00Z,,0
S011256,train,1,0,none,none,2025-03-23T23:30:00Z,1,1
S011257,train,1,0,none,none,2025-03-23T23:40:00Z,,0
S011258,train,1,0,none,none,2025-03-23T23:50:00Z,,0
S011259,train,1,0,none,none,2025-03-24T00:00:00Z,,0
S011260,train,1,0,none,none,2025-03-24T00:10:00Z,,0
S011261,train,1,0,none,none,2025-03-24T00:20:00Z,,0
S011262,train,1,0,none,none,2025-03-24T00:30:00Z,,0
S011263,train,1,0,none,none,2025-03-24T00:40:00Z,,0
S011264,train,1,0,none,none,2025-03-24T00:50:00Z,1,1
S011265,train,1,0,none,none,2025-03-24T01:00:00Z,,0
S011266,train,1,0,none,none,2025-03-24T01:10:00Z,1,1
S011267,train,1,0,none,none,2025-03-24T01:20:00Z,,0
S011268,train,1,0,none,none,2025-03-24T01:30:00Z,,0
S011269,train,1,0,none,none,2025-03-24T01:40:00Z,1,1
S011270,train,1,0,none,none,2025-03-24T01:50:00Z,,0
S011271,train,1,0,none,none,2025-03-24T02:00:00Z,,0
S011272,train,1,0,none,none,2025-03-24T03:40:00Z,,0
S011273,train,1,0,none,none,2025-03-24T03:50:00Z,,0
S011274,train,1,0,none,none,2025-03-24T04:00:00Z,,0
S011275,train,1,0,none,none,2025-03-24T04:10:00Z,,0
S011276,train,1,0,none,none,2025-03-24T04:20:00Z,1,1
S011277,train,1,0,none,none,2025-03-24T04:30:00Z,,0
S011278,train,1,0,none,none,2025-03-24T04:40:00Z,1,1
S011279,train,1,0,none,none,2025-03-24T04:50:00Z,,0
S011280,train,1,0,none,none,2025-03-24T05:00:00Z,,0
S011281,train,1,0,none,none,2025-03-24T05:10:00Z,,0
S011282,train,1,0,none,none,2025-03-24T05:20:00Z,,0
S011283,train,1,0,none,none,2025-03-24T05:30:00Z,1,1
S011284,train,1,0,none,none,2025-03-24T05:40:00Z,,0
S011285,train,1,0,none,none,2025-03-24T05:50:00Z,,0
S011286,train,1,0,none,none,2025-03-24T06:00:00Z,,0
S011287,train,1,0,none,none,2025-03-24T06:10:00Z,,0
S011288,train,1,0,none,none,2025-03-24T06:20:00Z,,0
S011289,train,1,0,none,none,2025-03-24T06:30:00Z,,0
S011290,train,1,0,none,none,2025-03-24T06:40:00Z,1,1
S011291,train,1,0,none,none,2025-03-24T06:50:00Z,1,1
S011292,train,1,0,none,none,2025-03-24T07:00:00Z,,0
S011293,train,1,0,none,none,2025-03-24T07:10:00Z,,0
S011294,train,1,0,none,none,2025-03-24T07:20:00Z,1,1
S011295,train,1,0,none,none,2025-03-24T07:30:00Z,,0
S011296,train,1,0,none,none,2025-03-24T07:40:00Z,,0
S011297,train,1,0,none,none,2025-03-24T07:50:00Z,,0
S011298,train,1,0,none,none,2025-03-24T08:00:00Z,,0
S011299,train,1,0,none,none,2025-03-24T08:10:00Z,,0
S011300,train,1,0,none,none,2025-03-24T08:20:00Z,,0
S011301,train,1,0,none,none,2025-03-24T08:30:00Z,,0
S011302,train,1,0,none,none,2025-03-24T08:40:00Z,1,1
S011303,train,1,0,none,none,2025-03-24T08:50:00Z,,0
S011304,train,1,0,none,none,2025-03-24T09:00:00Z,,0
S011305,train,1,0,none,none,2025-03-24T09:10:00Z,,0
S011306,train,1,0,none,none,2025-03-24T09:20:00Z,,0
S011307,train,1,0,none,none,2025-03-24T09:30:00Z,,0
S011308,train,1,0,none,none,2025-03-24T09:40:00Z,,0
S011309,train,1,0,none,none,2025-03-24T09:50:00Z,1,1
S011310,train,1,0,none,none,2025-03-24T10:00:00Z,,0
S011311,train,1,0,none,none,2025-03-24T10:10:00Z,,0
S011312,train,1,0,none,none,2025-03-24T10:20:00Z,,0
S011313,train,1,0,none,none,2025-03-24T10:30:00Z,,0
S011314,train,1,0,none,none,2025-03-24T10:40:00Z,,0
S011315,train,1,0,none,none,2025-03-24T10:50:00Z,,0
S011316,train,1,0,none,none,2025-03-24T11:00:00Z,,0
S011317,train,1,0,none,none,2025-03-24T11:10:00Z,,0
S011318,train,1,0,none,none,2025-03-24T11:20:00Z,,0
S011319,train,0,1,delamination,molding,2025-03-24T11:30:00Z,,0
S011320,train,1,0,none,none,2025-03-24T11:40:00Z,,0
S011321,train,1,0,none,none,2025-03-24T11:50:00Z,1,1
S011322,train,0,1,warpage,assembly,2025-03-24T12:00:00Z,,0
S011323,train,1,0,none,none,2025-03-24T12:10:00Z,,0
S011324,train,1,0,none,none,2025-03-24T12:20:00Z,1,1
S011325,train,1,0,none,none,2025-03-24T12:30:00Z,1,1
S011326,train,1,0,none,none,2025-03-24T12:40:00Z,1,1
S011327,train,1,0,none,none,2025-03-24T12:50:00Z,,0
S011328,train,1,0,none,none,2025-03-24T13:00:00Z,,0
S011329,train,1,0,none,none,2025-03-24T13:10:00Z,,0
S011330,train,1,0,none,none,2025-03-24T13:20:00Z,,0
S011331,train,1,0,none,none,2025-03-24T13:30:00Z,,0
S011332,train,1,0,none,none,2025-03-24T13:40:00Z,1,1
S011333,train,1,0,none,none,2025-03-24T13:50:00Z,1,1
S011334,train,1,0,none,none,2025-03-24T14:00:00Z,,0
S011335,train,1,0,none,none,2025-03-24T14:10:00Z,,0
S011336,train,1,0,none,none,2025-03-24T14:20:00Z,,0
S011337,train,1,0,none,none,2025-03-24T14:30:00Z,,0
S011338,train,1,0,none,none,2025-03-24T14:40:00Z,,0
S011339,train,1,0,none,none,2025-03-24T14:50:00Z,1,1
S011340,train,1,0,none,none,2025-03-24T15:00:00Z,,0
S011341,train,1,0,none,none,2025-03-24T15:10:00Z,,0
S011342,train,1,0,none,none,2025-03-24T15:20:00Z,,0
S011343,train,1,0,none,none,2025-03-24T15:30:00Z,,0
S011344,train,1,0,none,none,2025-03-24T15:40:00Z,,0
S011345,train,1,0,none,none,2025-03-24T15:50:00Z,1,1
S011346,train,1,0,none,none,2025-03-24T16:00:00Z,1,1
S011347,train,1,0,none,none,2025-03-24T16:10:00Z,,0
S011348,train,1,0,none,none,2025-03-24T16:20:00Z,,0
S011349,train,1,0,none,none,2025-03-24T16:30:00Z,,0
S011350,train,1,0,none,none,2025-03-24T16:40:00Z,1,1
S011351,train,1,0,none,none,2025-03-24T16:50:00Z,,0
S011352,train,1,0,none,none,2025-03-24T17:00:00Z,1,1
S011353,train,1,0,none,none,2025-03-24T17:10:00Z,,0
S011354,train,1,0,none,none,2025-03-24T17:20:00Z,,0
S011355,train,1,0,none,none,2025-03-24T17:30:00Z,,0
S011356,train,1,0,none,none,2025-03-24T17:40:00Z,,0
S011357,train,1,0,none,none,2025-03-24T17:50:00Z,,0
S011358,train,1,0,none,none,2025-03-24T18:00:00Z,,0
S011359,train,1,0,none,none,2025-03-24T18:10:00Z,1,1
S011360,train,1,0,none,none,2025-03-24T18:20:00Z,,0
S011361,train,1,0,none,none,2025-03-24T18:30:00Z,,0
S011362,train,1,0,none,none,2025-03-24T18:40:00Z,,0
S011363,train,0,1,dram_electrical,dram_or_base,2025-03-24T18:50:00Z,,0
S011364,train,1,0,none,none,2025-03-24T15:40:00Z,,0
S011365,train,0,1,die_crack,handling,2025-03-24T15:50:00Z,,0
S011366,train,1,0,none,none,2025-03-24T16:00:00Z,,0
S011367,train,1,0,none,none,2025-03-24T16:10:00Z,,0
S011368,train,0,1,die_crack,handling,2025-03-24T16:20:00Z,,0
S011369,train,1,0,none,none,2025-03-24T16:30:00Z,,0
S011370,train,1,0,none,none,2025-03-24T16:40:00Z,1,1
S011371,train,1,0,none,none,2025-03-24T16:50:00Z,,0
S011372,train,1,0,none,none,2025-03-24T17:00:00Z,,0
S011373,train,1,0,none,none,2025-03-24T17:10:00Z,,0
S011374,train,1,0,none,none,2025-03-24T17:20:00Z,,0
S011375,train,0,1,delamination,molding,2025-03-24T17:30:00Z,,0
S011376,train,1,0,none,none,2025-03-24T17:40:00Z,,0
S011377,train,1,0,none,none,2025-03-24T17:50:00Z,1,1
S011378,train,1,0,none,none,2025-03-24T18:00:00Z,,0
S011379,train,1,0,none,none,2025-03-24T18:10:00Z,,0
S011380,train,1,0,none,none,2025-03-24T18:20:00Z,1,1
S011381,train,1,0,none,none,2025-03-24T18:30:00Z,,0
S011382,train,1,0,none,none,2025-03-24T18:40:00Z,,0
S011383,train,1,0,none,none,2025-03-24T18:50:00Z,,0
S011384,train,1,0,none,none,2025-03-24T19:00:00Z,1,1
S011385,train,0,1,warpage,assembly,2025-03-24T19:10:00Z,,0
S011386,train,0,1,underfill_void,molding,2025-03-24T19:20:00Z,,0
S011387,train,1,0,none,none,2025-03-24T19:30:00Z,,0
S011388,train,1,0,none,none,2025-03-24T19:40:00Z,,0
S011389,train,1,0,none,none,2025-03-24T19:50:00Z,,0
S011390,train,1,0,none,none,2025-03-24T20:00:00Z,,0
S011391,train,1,0,none,none,2025-03-24T20:10:00Z,,0
S011392,train,1,0,none,none,2025-03-24T20:20:00Z,,0
S011393,train,1,0,none,none,2025-03-24T20:30:00Z,,0
S011394,train,1,0,none,none,2025-03-24T20:40:00Z,,0
S011395,train,1,0,none,none,2025-03-24T20:50:00Z,,0
S011396,train,1,0,none,none,2025-03-24T21:00:00Z,,0
S011397,train,1,0,none,none,2025-03-24T21:10:00Z,,0
S011398,train,1,0,none,none,2025-03-24T21:20:00Z,,0
S011399,train,1,0,none,none,2025-03-24T21:30:00Z,,0
S011400,train,1,0,none,none,2025-03-24T21:40:00Z,1,1
S011401,train,1,0,none,none,2025-03-24T21:50:00Z,,0
S011402,train,1,0,none,none,2025-03-24T22:00:00Z,,0
S011403,train,1,0,none,none,2025-03-24T22:10:00Z,,0
S011404,train,1,0,none,none,2025-03-24T22:20:00Z,1,1
S011405,train,1,0,none,none,2025-03-24T22:30:00Z,1,1
S011406,train,1,0,none,none,2025-03-24T22:40:00Z,,0
S011407,train,1,0,none,none,2025-03-24T22:50:00Z,,0
S011408,train,1,0,none,none,2025-03-24T23:00:00Z,,0
S011409,train,1,0,none,none,2025-03-24T23:10:00Z,1,1
S011410,train,1,0,none,none,2025-03-24T23:20:00Z,1,1
S011411,train,1,0,none,none,2025-03-24T23:30:00Z,,0
S011412,train,1,0,none,none,2025-03-24T23:40:00Z,,0
S011413,train,1,0,none,none,2025-03-24T23:50:00Z,,0
S011414,train,1,0,none,none,2025-03-25T00:00:00Z,,0
S011415,train,1,0,none,none,2025-03-25T00:10:00Z,,0
S011416,train,1,0,none,none,2025-03-25T00:20:00Z,1,1
S011417,train,1,0,none,none,2025-03-25T00:30:00Z,1,1
S011418,train,1,0,none,none,2025-03-25T00:40:00Z,,0
S011419,train,1,0,none,none,2025-03-25T00:50:00Z,,0
S011420,train,1,0,none,none,2025-03-25T01:00:00Z,1,1
S011421,train,1,0,none,none,2025-03-25T01:10:00Z,,0
S011422,train,1,0,none,none,2025-03-25T01:20:00Z,,0
S011423,train,1,0,none,none,2025-03-25T01:30:00Z,,0
S011424,train,1,0,none,none,2025-03-25T01:40:00Z,,0
S011425,train,1,0,none,none,2025-03-25T01:50:00Z,,0
S011426,train,1,0,none,none,2025-03-25T02:00:00Z,1,1
S011427,train,1,0,none,none,2025-03-25T03:40:00Z,,0
S011428,train,1,0,none,none,2025-03-25T03:50:00Z,,0
S011429,train,1,0,none,none,2025-03-25T04:00:00Z,,0
S011430,train,1,0,none,none,2025-03-25T04:10:00Z,,0
S011431,train,1,0,none,none,2025-03-25T04:20:00Z,,0
S011432,train,1,0,none,none,2025-03-25T04:30:00Z,,0
S011433,train,1,0,none,none,2025-03-25T04:40:00Z,,0
S011434,train,1,0,none,none,2025-03-25T04:50:00Z,1,1
S011435,train,1,0,none,none,2025-03-25T05:00:00Z,,0
S011436,train,1,0,none,none,2025-03-25T05:10:00Z,,0
S011437,train,1,0,none,none,2025-03-25T05:20:00Z,1,1
S011438,train,1,0,none,none,2025-03-25T05:30:00Z,,0
S011439,train,1,0,none,none,2025-03-25T05:40:00Z,,0
S011440,train,1,0,none,none,2025-03-25T05:50:00Z,,0
S011441,train,1,0,none,none,2025-03-25T06:00:00Z,,0
S011442,train,1,0,none,none,2025-03-25T06:10:00Z,,0
S011443,train,1,0,none,none,2025-03-25T06:20:00Z,1,1
S011444,train,1,0,none,none,2025-03-25T06:30:00Z,,0
S011445,train,1,0,none,none,2025-03-25T06:40:00Z,,0
S011446,train,1,0,none,none,2025-03-25T06:50:00Z,,0
S011447,train,1,0,none,none,2025-03-25T07:00:00Z,,0
S011448,train,1,0,none,none,2025-03-25T07:10:00Z,,0
S011449,train,1,0,none,none,2025-03-25T07:20:00Z,,0
S011450,train,1,0,none,none,2025-03-25T07:30:00Z,,0
S011451,train,1,0,none,none,2025-03-25T07:40:00Z,1,1
S011452,train,1,0,none,none,2025-03-25T07:50:00Z,,0
S011453,train,1,0,none,none,2025-03-25T08:00:00Z,,0
S011454,train,0,1,dram_electrical,dram_or_base,2025-03-25T08:10:00Z,,0
S011455,train,1,0,none,none,2025-03-25T08:20:00Z,,0
S011456,train,1,0,none,none,2025-03-25T08:30:00Z,,0
S011457,train,1,0,none,none,2025-03-25T08:40:00Z,,0
S011458,train,1,0,none,none,2025-03-25T08:50:00Z,,0
S011459,train,1,0,none,none,2025-03-25T09:00:00Z,1,1
S011460,train,1,0,none,none,2025-03-25T09:10:00Z,,0
S011461,train,1,0,none,none,2025-03-25T09:20:00Z,,0
S011462,train,1,0,none,none,2025-03-25T09:30:00Z,,0
S011463,train,1,0,none,none,2025-03-25T09:40:00Z,,0
S011464,train,1,0,none,none,2025-03-25T09:50:00Z,,0
S011465,train,0,1,underfill_void,molding,2025-03-25T10:00:00Z,,0
S011466,train,1,0,none,none,2025-03-25T10:10:00Z,,0
S011467,train,1,0,none,none,2025-03-25T10:20:00Z,,0
S011468,train,1,0,none,none,2025-03-25T10:30:00Z,1,1
S011469,train,1,0,none,none,2025-03-25T10:40:00Z,,0
S011470,train,1,0,none,none,2025-03-25T10:50:00Z,,0
S011471,train,1,0,none,none,2025-03-25T11:00:00Z,1,1
S011472,train,0,1,warpage,assembly,2025-03-25T11:10:00Z,,0
S011473,train,1,0,none,none,2025-03-25T11:20:00Z,,0
S011474,train,1,0,none,none,2025-03-25T11:30:00Z,1,1
S011475,train,1,0,none,none,2025-03-25T11:40:00Z,,0
S011476,train,1,0,none,none,2025-03-25T11:50:00Z,,0
S011477,train,1,0,none,none,2025-03-25T12:00:00Z,,0
S011478,train,1,0,none,none,2025-03-25T12:10:00Z,,0
S011479,train,0,1,delamination,molding,2025-03-25T12:20:00Z,,0
S011480,train,1,0,none,none,2025-03-25T12:30:00Z,,0
S011481,train,1,0,none,none,2025-03-25T12:40:00Z,1,1
S011482,train,1,0,none,none,2025-03-25T12:50:00Z,,0
S011483,train,1,0,none,none,2025-03-25T13:00:00Z,,0
S011484,train,1,0,none,none,2025-03-25T13:10:00Z,,0
S011485,train,1,0,none,none,2025-03-25T13:20:00Z,,0
S011486,train,1,0,none,none,2025-03-25T13:30:00Z,1,1
S011487,train,1,0,none,none,2025-03-25T13:40:00Z,,0
S011488,train,1,0,none,none,2025-03-25T13:50:00Z,,0
S011489,train,1,0,none,none,2025-03-25T14:00:00Z,,0
S011490,train,1,0,none,none,2025-03-25T15:40:00Z,,0
S011491,train,1,0,none,none,2025-03-25T15:50:00Z,,0
S011492,train,1,0,none,none,2025-03-25T16:00:00Z,,0
S011493,train,0,1,warpage,assembly,2025-03-25T16:10:00Z,,0
S011494,train,0,1,delamination,molding,2025-03-25T16:20:00Z,,0
S011495,train,1,0,none,none,2025-03-25T16:30:00Z,,0
S011496,train,1,0,none,none,2025-03-25T16:40:00Z,,0
S011497,train,1,0,none,none,2025-03-25T16:50:00Z,,0
S011498,train,1,0,none,none,2025-03-25T17:00:00Z,,0
S011499,train,1,0,none,none,2025-03-25T17:10:00Z,,0
S011500,train,1,0,none,none,2025-03-25T17:20:00Z,1,1
S011501,train,1,0,none,none,2025-03-25T17:30:00Z,,0
S011502,train,1,0,none,none,2025-03-25T17:40:00Z,,0
S011503,train,1,0,none,none,2025-03-25T17:50:00Z,,0
S011504,train,1,0,none,none,2025-03-25T18:00:00Z,0,1
S011505,train,1,0,none,none,2025-03-25T18:10:00Z,1,1
S011506,train,1,0,none,none,2025-03-25T18:20:00Z,,0
S011507,train,1,0,none,none,2025-03-25T18:30:00Z,1,1
S011508,train,0,1,underfill_void,molding,2025-03-25T18:40:00Z,,0
S011509,train,1,0,none,none,2025-03-25T18:50:00Z,,0
S011510,train,1,0,none,none,2025-03-25T19:00:00Z,,0
S011511,train,1,0,none,none,2025-03-25T19:10:00Z,,0
S011512,train,1,0,none,none,2025-03-25T19:20:00Z,,0
S011513,train,1,0,none,none,2025-03-25T19:30:00Z,,0
S011514,train,1,0,none,none,2025-03-25T19:40:00Z,1,1
S011515,train,1,0,none,none,2025-03-25T19:50:00Z,,0
S011516,train,1,0,none,none,2025-03-25T20:00:00Z,,0
S011517,train,1,0,none,none,2025-03-25T20:10:00Z,,0
S011518,train,0,1,warpage,assembly,2025-03-25T20:20:00Z,,0
S011519,train,1,0,none,none,2025-03-25T20:30:00Z,,0
S011520,train,1,0,none,none,2025-03-25T20:40:00Z,,0
S011521,train,1,0,none,none,2025-03-25T20:50:00Z,,0
S011522,train,1,0,none,none,2025-03-25T21:00:00Z,,0
S011523,train,1,0,none,none,2025-03-25T21:10:00Z,,0
S011524,train,1,0,none,none,2025-03-25T21:20:00Z,,0
S011525,train,1,0,none,none,2025-03-25T21:30:00Z,1,1
S011526,train,1,0,none,none,2025-03-25T21:40:00Z,,0
S011527,train,1,0,none,none,2025-03-25T21:50:00Z,,0
S011528,train,1,0,none,none,2025-03-25T22:00:00Z,,0
S011529,train,1,0,none,none,2025-03-25T22:10:00Z,,0
S011530,train,1,0,none,none,2025-03-25T22:20:00Z,,0
S011531,train,1,0,none,none,2025-03-25T22:30:00Z,1,1
S011532,train,1,0,none,none,2025-03-25T22:40:00Z,,0
S011533,train,1,0,none,none,2025-03-25T22:50:00Z,,0
S011534,train,1,0,none,none,2025-03-25T23:00:00Z,1,1
S011535,train,1,0,none,none,2025-03-25T23:10:00Z,,0
S011536,train,1,0,none,none,2025-03-25T23:20:00Z,,0
S011537,train,1,0,none,none,2025-03-25T23:30:00Z,,0
S011538,train,1,0,none,none,2025-03-25T23:40:00Z,,0
S011539,train,1,0,none,none,2025-03-25T23:50:00Z,,0
S011540,train,1,0,none,none,2025-03-26T00:00:00Z,1,1
S011541,train,1,0,none,none,2025-03-26T00:10:00Z,1,1
S011542,train,1,0,none,none,2025-03-26T00:20:00Z,,0
S011543,train,1,0,none,none,2025-03-26T00:30:00Z,,0
S011544,train,1,0,none,none,2025-03-26T00:40:00Z,,0
S011545,train,1,0,none,none,2025-03-26T00:50:00Z,,0
S011546,train,1,0,none,none,2025-03-26T01:00:00Z,1,1
S011547,train,1,0,none,none,2025-03-26T01:10:00Z,,0
S011548,train,0,1,underfill_void,molding,2025-03-26T01:20:00Z,,0
S011549,train,0,1,dram_electrical,dram_or_base,2025-03-26T01:30:00Z,,0
S011550,train,1,0,none,none,2025-03-26T01:40:00Z,,0
S011551,train,0,1,tsv_open_short,tsv_or_interconnect,2025-03-26T01:50:00Z,,0
S011552,train,1,0,none,none,2025-03-26T02:00:00Z,,0
S011553,train,1,0,none,none,2025-03-26T03:40:00Z,,0
S011554,train,1,0,none,none,2025-03-26T03:50:00Z,,0
S011555,train,1,0,none,none,2025-03-26T04:00:00Z,,0
S011556,train,1,0,none,none,2025-03-26T04:10:00Z,,0
S011557,train,1,0,none,none,2025-03-26T04:20:00Z,,0
S011558,train,1,0,none,none,2025-03-26T04:30:00Z,,0
S011559,train,1,0,none,none,2025-03-26T04:40:00Z,,0
S011560,train,1,0,none,none,2025-03-26T04:50:00Z,,0
S011561,train,1,0,none,none,2025-03-26T05:00:00Z,,0
S011562,train,1,0,none,none,2025-03-26T05:10:00Z,,0
S011563,train,1,0,none,none,2025-03-26T05:20:00Z,1,1
S011564,train,1,0,none,none,2025-03-26T05:30:00Z,,0
S011565,train,1,0,none,none,2025-03-26T05:40:00Z,,0
S011566,train,1,0,none,none,2025-03-26T05:50:00Z,0,1
S011567,train,1,0,none,none,2025-03-26T06:00:00Z,,0
S011568,train,1,0,none,none,2025-03-26T06:10:00Z,,0
S011569,train,1,0,none,none,2025-03-26T06:20:00Z,,0
S011570,train,1,0,none,none,2025-03-26T06:30:00Z,,0
S011571,train,1,0,none,none,2025-03-26T06:40:00Z,,0
S011572,train,1,0,none,none,2025-03-26T06:50:00Z,,0
S011573,train,1,0,none,none,2025-03-26T07:00:00Z,1,1
S011574,train,1,0,none,none,2025-03-26T07:10:00Z,,0
S011575,train,1,0,none,none,2025-03-26T07:20:00Z,,0
S011576,train,1,0,none,none,2025-03-26T07:30:00Z,,0
S011577,train,1,0,none,none,2025-03-26T07:40:00Z,,0
S011578,train,1,0,none,none,2025-03-26T07:50:00Z,,0
S011579,train,1,0,none,none,2025-03-26T08:00:00Z,,0
S011580,train,1,0,none,none,2025-03-26T08:10:00Z,,0
S011581,train,1,0,none,none,2025-03-26T08:20:00Z,,0
S011582,train,1,0,none,none,2025-03-26T08:30:00Z,,0
S011583,train,1,0,none,none,2025-03-26T08:40:00Z,1,1
S011584,train,1,0,none,none,2025-03-26T08:50:00Z,,0
S011585,train,1,0,none,none,2025-03-26T09:00:00Z,,0
S011586,train,1,0,none,none,2025-03-26T09:10:00Z,1,1
S011587,train,1,0,none,none,2025-03-26T09:20:00Z,,0
S011588,train,0,1,underfill_void,molding,2025-03-26T09:30:00Z,,0
S011589,train,1,0,none,none,2025-03-26T09:40:00Z,,0
S011590,train,1,0,none,none,2025-03-26T09:50:00Z,1,1
S011591,train,1,0,none,none,2025-03-26T10:00:00Z,,0
S011592,train,1,0,none,none,2025-03-26T10:10:00Z,1,1
S011593,train,1,0,none,none,2025-03-26T10:20:00Z,0,1
S011594,train,1,0,none,none,2025-03-26T10:30:00Z,,0
S011595,train,1,0,none,none,2025-03-26T10:40:00Z,,0
S011596,train,1,0,none,none,2025-03-26T10:50:00Z,1,1
S011597,train,1,0,none,none,2025-03-26T11:00:00Z,,0
S011598,train,1,0,none,none,2025-03-26T11:10:00Z,,0
S011599,train,1,0,none,none,2025-03-26T11:20:00Z,,0
S011600,train,1,0,none,none,2025-03-26T11:30:00Z,1,1
S011601,train,1,0,none,none,2025-03-26T11:40:00Z,,0
S011602,train,1,0,none,none,2025-03-26T11:50:00Z,1,1
S011603,train,1,0,none,none,2025-03-26T12:00:00Z,1,1
S011604,train,1,0,none,none,2025-03-26T12:10:00Z,,0
S011605,train,1,0,none,none,2025-03-26T12:20:00Z,,0
S011606,train,1,0,none,none,2025-03-26T12:30:00Z,,0
S011607,train,1,0,none,none,2025-03-26T12:40:00Z,,0
S011608,train,1,0,none,none,2025-03-26T12:50:00Z,1,1
S011609,train,1,0,none,none,2025-03-26T13:00:00Z,,0
S011610,train,1,0,none,none,2025-03-26T13:10:00Z,,0
S011611,train,1,0,none,none,2025-03-26T13:20:00Z,1,1
S011612,train,1,0,none,none,2025-03-26T13:30:00Z,1,1
S011613,train,1,0,none,none,2025-03-26T13:40:00Z,,0
S011614,train,1,0,none,none,2025-03-26T13:50:00Z,,0
S011615,train,1,0,none,none,2025-03-26T14:00:00Z,,0
S011616,train,1,0,none,none,2025-03-26T15:40:00Z,,0
S011617,train,1,0,none,none,2025-03-26T15:50:00Z,,0
S011618,train,1,0,none,none,2025-03-26T16:00:00Z,,0
S011619,train,1,0,none,none,2025-03-26T16:10:00Z,,0
S011620,train,1,0,none,none,2025-03-26T16:20:00Z,1,1
S011621,train,1,0,none,none,2025-03-26T16:30:00Z,,0
S011622,train,1,0,none,none,2025-03-26T16:40:00Z,1,1
S011623,train,1,0,none,none,2025-03-26T16:50:00Z,,0
S011624,train,1,0,none,none,2025-03-26T17:00:00Z,,0
S011625,train,1,0,none,none,2025-03-26T17:10:00Z,,0
S011626,train,1,0,none,none,2025-03-26T17:20:00Z,,0
S011627,train,1,0,none,none,2025-03-26T17:30:00Z,,0
S011628,train,1,0,none,none,2025-03-26T17:40:00Z,1,1
S011629,train,1,0,none,none,2025-03-26T17:50:00Z,,0
S011630,train,1,0,none,none,2025-03-26T18:00:00Z,,0
S011631,train,1,0,none,none,2025-03-26T18:10:00Z,,0
S011632,train,1,0,none,none,2025-03-26T18:20:00Z,,0
S011633,train,1,0,none,none,2025-03-26T18:30:00Z,,0
S011634,train,1,0,none,none,2025-03-26T18:40:00Z,,0
S011635,train,1,0,none,none,2025-03-26T18:50:00Z,,0
S011636,train,1,0,none,none,2025-03-26T19:00:00Z,,0
S011637,train,1,0,none,none,2025-03-26T19:10:00Z,,0
S011638,train,1,0,none,none,2025-03-26T19:20:00Z,,0
S011639,train,1,0,none,none,2025-03-26T19:30:00Z,,0
S011640,train,1,0,none,none,2025-03-26T19:40:00Z,,0
S011641,train,1,0,none,none,2025-03-26T19:50:00Z,,0
S011642,train,1,0,none,none,2025-03-26T20:00:00Z,1,1
S011643,train,1,0,none,none,2025-03-26T20:10:00Z,,0
S011644,train,1,0,none,none,2025-03-26T20:20:00Z,,0
S011645,train,1,0,none,none,2025-03-26T20:30:00Z,,0
S011646,train,0,1,warpage,assembly,2025-03-26T20:40:00Z,,0
S011647,train,1,0,none,none,2025-03-26T20:50:00Z,,0
S011648,train,1,0,none,none,2025-03-26T21:00:00Z,,0
S011649,train,1,0,none,none,2025-03-26T21:10:00Z,,0
S011650,train,1,0,none,none,2025-03-26T21:20:00Z,,0
S011651,train,1,0,none,none,2025-03-26T21:30:00Z,,0
S011652,train,1,0,none,none,2025-03-26T21:40:00Z,,0
S011653,train,1,0,none,none,2025-03-26T21:50:00Z,,0
S011654,train,1,0,none,none,2025-03-26T22:00:00Z,,0
S011655,train,1,0,none,none,2025-03-26T22:10:00Z,1,1
S011656,train,1,0,none,none,2025-03-26T22:20:00Z,,0
S011657,train,1,0,none,none,2025-03-26T22:30:00Z,1,1
S011658,train,1,0,none,none,2025-03-26T22:40:00Z,,0
S011659,train,1,0,none,none,2025-03-26T22:50:00Z,,0
S011660,train,1,0,none,none,2025-03-26T23:00:00Z,,0
S011661,train,1,0,none,none,2025-03-26T23:10:00Z,,0
S011662,train,1,0,none,none,2025-03-26T23:20:00Z,,0
S011663,train,1,0,none,none,2025-03-26T23:30:00Z,,0
S011664,train,1,0,none,none,2025-03-26T23:40:00Z,,0
S011665,train,1,0,none,none,2025-03-26T23:50:00Z,,0
S011666,train,1,0,none,none,2025-03-27T00:00:00Z,,0
S011667,train,1,0,none,none,2025-03-27T00:10:00Z,,0
S011668,train,1,0,none,none,2025-03-27T00:20:00Z,,0
S011669,train,1,0,none,none,2025-03-27T00:30:00Z,,0
S011670,train,1,0,none,none,2025-03-27T00:40:00Z,,0
S011671,train,1,0,none,none,2025-03-27T00:50:00Z,,0
S011672,train,1,0,none,none,2025-03-27T01:00:00Z,,0
S011673,train,1,0,none,none,2025-03-27T01:10:00Z,,0
S011674,train,1,0,none,none,2025-03-27T01:20:00Z,,0
S011675,train,1,0,none,none,2025-03-27T01:30:00Z,,0
S011676,train,1,0,none,none,2025-03-27T01:40:00Z,,0
S011677,train,1,0,none,none,2025-03-27T01:50:00Z,,0
S011678,train,1,0,none,none,2025-03-27T02:00:00Z,,0
S011679,train,1,0,none,none,2025-03-27T02:10:00Z,1,1
S011680,train,1,0,none,none,2025-03-27T02:20:00Z,,0
S011681,train,1,0,none,none,2025-03-27T02:30:00Z,,0
S011682,train,1,0,none,none,2025-03-27T02:40:00Z,,0
S011683,train,1,0,none,none,2025-03-27T02:50:00Z,,0
S011684,train,1,0,none,none,2025-03-27T03:00:00Z,,0
S011685,train,1,0,none,none,2025-03-27T03:10:00Z,1,1
S011686,train,1,0,none,none,2025-03-27T03:20:00Z,,0
S011687,train,1,0,none,none,2025-03-27T03:30:00Z,1,1
S011688,train,1,0,none,none,2025-03-27T03:40:00Z,,0
S011689,train,1,0,none,none,2025-03-27T03:50:00Z,,0
S011690,train,1,0,none,none,2025-03-27T04:00:00Z,,0
S011691,train,1,0,none,none,2025-03-27T04:10:00Z,,0
S011692,train,1,0,none,none,2025-03-27T04:20:00Z,,0
S011693,train,1,0,none,none,2025-03-27T04:30:00Z,,0
S011694,train,1,0,none,none,2025-03-27T04:40:00Z,,0
S011695,train,1,0,none,none,2025-03-27T04:50:00Z,,0
S011696,train,1,0,none,none,2025-03-27T05:00:00Z,,0
S011697,train,1,0,none,none,2025-03-27T05:10:00Z,,0
S011698,train,1,0,none,none,2025-03-27T05:20:00Z,,0
S011699,train,1,0,none,none,2025-03-27T05:30:00Z,,0
S011700,train,1,0,none,none,2025-03-27T05:40:00Z,1,1
S011701,train,1,0,none,none,2025-03-27T05:50:00Z,,0
S011702,train,1,0,none,none,2025-03-27T06:00:00Z,1,1
S011703,train,1,0,none,none,2025-03-27T06:10:00Z,,0
S011704,train,1,0,none,none,2025-03-27T06:20:00Z,,0
S011705,train,1,0,none,none,2025-03-27T06:30:00Z,1,1
S011706,train,1,0,none,none,2025-03-27T06:40:00Z,,0
S011707,train,1,0,none,none,2025-03-27T06:50:00Z,,0
S011708,train,0,1,tsv_open_short,tsv_or_interconnect,2025-03-27T07:00:00Z,,0
S011709,train,1,0,none,none,2025-03-27T07:10:00Z,,0
S011710,train,1,0,none,none,2025-03-27T07:20:00Z,,0
S011711,train,1,0,none,none,2025-03-27T03:40:00Z,1,1
S011712,train,1,0,none,none,2025-03-27T03:50:00Z,,0
S011713,train,1,0,none,none,2025-03-27T04:00:00Z,1,1
S011714,train,1,0,none,none,2025-03-27T04:10:00Z,,0
S011715,train,1,0,none,none,2025-03-27T04:20:00Z,,0
S011716,train,1,0,none,none,2025-03-27T04:30:00Z,,0
S011717,train,1,0,none,none,2025-03-27T04:40:00Z,,0
S011718,train,1,0,none,none,2025-03-27T04:50:00Z,,0
S011719,train,1,0,none,none,2025-03-27T05:00:00Z,,0
S011720,train,1,0,none,none,2025-03-27T05:10:00Z,,0
S011721,train,1,0,none,none,2025-03-27T05:20:00Z,,0
S011722,train,1,0,none,none,2025-03-27T05:30:00Z,,0
S011723,train,1,0,none,none,2025-03-27T05:40:00Z,1,1
S011724,train,0,1,warpage,assembly,2025-03-27T05:50:00Z,,0
S011725,train,1,0,none,none,2025-03-27T06:00:00Z,0,1
S011726,train,1,0,none,none,2025-03-27T06:10:00Z,,0
S011727,train,1,0,none,none,2025-03-27T06:20:00Z,,0
S011728,train,1,0,none,none,2025-03-27T06:30:00Z,,0
S011729,train,1,0,none,none,2025-03-27T06:40:00Z,,0
S011730,train,1,0,none,none,2025-03-27T06:50:00Z,,0
S011731,train,1,0,none,none,2025-03-27T07:00:00Z,1,1
S011732,train,1,0,none,none,2025-03-27T07:10:00Z,,0
S011733,train,1,0,none,none,2025-03-27T07:20:00Z,,0
S011734,train,1,0,none,none,2025-03-27T07:30:00Z,,0
S011735,train,1,0,none,none,2025-03-27T07:40:00Z,,0
S011736,train,0,1,warpage,assembly,2025-03-27T07:50:00Z,,0
S011737,train,1,0,none,none,2025-03-27T08:00:00Z,,0
S011738,train,1,0,none,none,2025-03-27T08:10:00Z,,0
S011739,train,1,0,none,none,2025-03-27T08:20:00Z,1,1
S011740,train,1,0,none,none,2025-03-27T08:30:00Z,,0
S011741,train,1,0,none,none,2025-03-27T08:40:00Z,,0
S011742,train,1,0,none,none,2025-03-27T08:50:00Z,,0
S011743,train,1,0,none,none,2025-03-27T09:00:00Z,,0
S011744,train,1,0,none,none,2025-03-27T09:10:00Z,,0
S011745,train,1,0,none,none,2025-03-27T09:20:00Z,,0
S011746,train,1,0,none,none,2025-03-27T09:30:00Z,,0
S011747,train,1,0,none,none,2025-03-27T09:40:00Z,,0
S011748,train,1,0,none,none,2025-03-27T09:50:00Z,1,1
S011749,train,1,0,none,none,2025-03-27T10:00:00Z,,0
S011750,train,1,0,none,none,2025-03-27T10:10:00Z,,0
S011751,train,0,1,underfill_void,molding,2025-03-27T10:20:00Z,,0
S011752,train,1,0,none,none,2025-03-27T10:30:00Z,1,1
S011753,train,1,0,none,none,2025-03-27T10:40:00Z,,0
S011754,train,1,0,none,none,2025-03-27T10:50:00Z,,0
S011755,train,1,0,none,none,2025-03-27T11:00:00Z,,0
S011756,train,1,0,none,none,2025-03-27T11:10:00Z,,0
S011757,train,1,0,none,none,2025-03-27T11:20:00Z,1,1
S011758,train,1,0,none,none,2025-03-27T11:30:00Z,,0
S011759,train,1,0,none,none,2025-03-27T11:40:00Z,,0
S011760,train,1,0,none,none,2025-03-27T11:50:00Z,,0
S011761,train,1,0,none,none,2025-03-27T12:00:00Z,,0
S011762,train,1,0,none,none,2025-03-27T12:10:00Z,,0
S011763,train,1,0,none,none,2025-03-27T12:20:00Z,1,1
S011764,train,1,0,none,none,2025-03-27T12:30:00Z,,0
S011765,train,1,0,none,none,2025-03-27T12:40:00Z,,0
S011766,train,1,0,none,none,2025-03-27T12:50:00Z,1,1
S011767,train,1,0,none,none,2025-03-27T13:00:00Z,,0
S011768,train,1,0,none,none,2025-03-27T13:10:00Z,,0
S011769,train,1,0,none,none,2025-03-27T13:20:00Z,,0
S011770,train,1,0,none,none,2025-03-27T13:30:00Z,,0
S011771,train,1,0,none,none,2025-03-27T13:40:00Z,1,1
S011772,train,1,0,none,none,2025-03-27T13:50:00Z,,0
S011773,train,0,1,warpage,assembly,2025-03-27T14:00:00Z,,0
S011774,train,1,0,none,none,2025-03-27T15:40:00Z,1,1
S011775,train,1,0,none,none,2025-03-27T15:50:00Z,,0
S011776,train,1,0,none,none,2025-03-27T16:00:00Z,,0
S011777,train,1,0,none,none,2025-03-27T16:10:00Z,1,1
S011778,train,1,0,none,none,2025-03-27T16:20:00Z,1,1
S011779,train,1,0,none,none,2025-03-27T16:30:00Z,1,1
S011780,train,1,0,none,none,2025-03-27T16:40:00Z,,0
S011781,train,1,0,none,none,2025-03-27T16:50:00Z,,0
S011782,train,1,0,none,none,2025-03-27T17:00:00Z,,0
S011783,train,1,0,none,none,2025-03-27T17:10:00Z,1,1
S011784,train,1,0,none,none,2025-03-27T17:20:00Z,,0
S011785,train,1,0,none,none,2025-03-27T17:30:00Z,,0
S011786,train,1,0,none,none,2025-03-27T17:40:00Z,1,1
S011787,train,1,0,none,none,2025-03-27T17:50:00Z,,0
S011788,train,1,0,none,none,2025-03-27T18:00:00Z,,0
S011789,train,1,0,none,none,2025-03-27T18:10:00Z,1,1
S011790,train,0,1,die_crack,handling,2025-03-27T18:20:00Z,,0
S011791,train,1,0,none,none,2025-03-27T18:30:00Z,,0
S011792,train,1,0,none,none,2025-03-27T18:40:00Z,1,1
S011793,train,1,0,none,none,2025-03-27T18:50:00Z,,0
S011794,train,1,0,none,none,2025-03-27T19:00:00Z,1,1
S011795,train,1,0,none,none,2025-03-27T19:10:00Z,,0
S011796,train,1,0,none,none,2025-03-27T19:20:00Z,,0
S011797,train,1,0,none,none,2025-03-27T19:30:00Z,,0
S011798,train,1,0,none,none,2025-03-27T19:40:00Z,1,1
S011799,train,1,0,none,none,2025-03-27T19:50:00Z,,0
S011800,train,1,0,none,none,2025-03-27T20:00:00Z,1,1
S011801,train,1,0,none,none,2025-03-27T20:10:00Z,,0
S011802,train,1,0,none,none,2025-03-27T20:20:00Z,,0
S011803,train,1,0,none,none,2025-03-27T20:30:00Z,,0
S011804,train,1,0,none,none,2025-03-27T20:40:00Z,,0
S011805,train,1,0,none,none,2025-03-27T20:50:00Z,,0
S011806,train,1,0,none,none,2025-03-27T21:00:00Z,1,1
S011807,train,1,0,none,none,2025-03-27T21:10:00Z,,0
S011808,train,1,0,none,none,2025-03-27T21:20:00Z,1,1
S011809,train,1,0,none,none,2025-03-27T21:30:00Z,,0
S011810,train,1,0,none,none,2025-03-27T21:40:00Z,,0
S011811,train,1,0,none,none,2025-03-27T21:50:00Z,,0
S011812,train,1,0,none,none,2025-03-27T22:00:00Z,,0
S011813,train,1,0,none,none,2025-03-27T22:10:00Z,1,1
S011814,train,1,0,none,none,2025-03-27T22:20:00Z,,0
S011815,train,1,0,none,none,2025-03-27T22:30:00Z,,0
S011816,train,1,0,none,none,2025-03-27T22:40:00Z,,0
S011817,train,1,0,none,none,2025-03-27T22:50:00Z,,0
S011818,train,1,0,none,none,2025-03-27T23:00:00Z,,0
S011819,train,1,0,none,none,2025-03-27T23:10:00Z,,0
S011820,train,1,0,none,none,2025-03-27T23:20:00Z,,0
S011821,train,1,0,none,none,2025-03-27T23:30:00Z,1,1
S011822,train,1,0,none,none,2025-03-27T23:40:00Z,,0
S011823,train,1,0,none,none,2025-03-27T23:50:00Z,,0
S011824,train,1,0,none,none,2025-03-28T00:00:00Z,,0
S011825,train,1,0,none,none,2025-03-28T00:10:00Z,,0
S011826,train,1,0,none,none,2025-03-28T00:20:00Z,,0
S011827,train,1,0,none,none,2025-03-28T00:30:00Z,,0
S011828,train,1,0,none,none,2025-03-28T00:40:00Z,,0
S011829,train,1,0,none,none,2025-03-28T00:50:00Z,,0
S011830,train,1,0,none,none,2025-03-28T01:00:00Z,,0
S011831,train,1,0,none,none,2025-03-28T01:10:00Z,,0
S011832,train,1,0,none,none,2025-03-28T01:20:00Z,,0
S011833,train,1,0,none,none,2025-03-28T01:30:00Z,1,1
S011834,train,1,0,none,none,2025-03-28T01:40:00Z,,0
S011835,train,1,0,none,none,2025-03-28T01:50:00Z,,0
S011836,train,1,0,none,none,2025-03-28T02:00:00Z,,0
S011837,train,1,0,none,none,2025-03-28T02:10:00Z,,0
S011838,train,1,0,none,none,2025-03-28T02:20:00Z,,0
S011839,train,1,0,none,none,2025-03-28T02:30:00Z,,0
S011840,train,1,0,none,none,2025-03-28T02:40:00Z,,0
S011841,train,1,0,none,none,2025-03-28T02:50:00Z,,0
S011842,train,1,0,none,none,2025-03-28T03:00:00Z,,0
S011843,train,1,0,none,none,2025-03-28T03:10:00Z,,0
S011844,train,1,0,none,none,2025-03-28T03:20:00Z,,0
S011845,train,1,0,none,none,2025-03-28T03:30:00Z,,0
S011846,train,1,0,none,none,2025-03-28T03:40:00Z,,0
S011847,train,1,0,none,none,2025-03-28T03:50:00Z,,0
S011848,train,1,0,none,none,2025-03-28T04:00:00Z,1,1
S011849,train,1,0,none,none,2025-03-28T04:10:00Z,,0
S011850,train,1,0,none,none,2025-03-28T04:20:00Z,1,1
S011851,train,1,0,none,none,2025-03-28T04:30:00Z,,0
S011852,train,1,0,none,none,2025-03-28T04:40:00Z,,0
S011853,train,1,0,none,none,2025-03-28T04:50:00Z,,0
S011854,train,1,0,none,none,2025-03-28T05:00:00Z,,0
S011855,train,1,0,none,none,2025-03-28T05:10:00Z,1,1
S011856,train,1,0,none,none,2025-03-28T05:20:00Z,,0
S011857,train,1,0,none,none,2025-03-28T05:30:00Z,,0
S011858,train,1,0,none,none,2025-03-28T05:40:00Z,,0
S011859,train,1,0,none,none,2025-03-28T05:50:00Z,,0
S011860,train,1,0,none,none,2025-03-28T06:00:00Z,,0
S011861,train,1,0,none,none,2025-03-28T06:10:00Z,,0
S011862,train,1,0,none,none,2025-03-28T06:20:00Z,,0
S011863,train,1,0,none,none,2025-03-28T06:30:00Z,,0
S011864,train,1,0,none,none,2025-03-28T06:40:00Z,,0
S011865,train,1,0,none,none,2025-03-28T06:50:00Z,,0
S011866,train,0,1,tsv_open_short,tsv_or_interconnect,2025-03-28T07:00:00Z,,0
S011867,train,1,0,none,none,2025-03-28T07:10:00Z,,0
S011868,train,1,0,none,none,2025-03-28T07:20:00Z,,0
S011869,train,1,0,none,none,2025-03-28T03:40:00Z,,0
S011870,train,1,0,none,none,2025-03-28T03:50:00Z,1,1
S011871,train,1,0,none,none,2025-03-28T04:00:00Z,,0
S011872,train,1,0,none,none,2025-03-28T04:10:00Z,,0
S011873,train,1,0,none,none,2025-03-28T04:20:00Z,,0
S011874,train,1,0,none,none,2025-03-28T04:30:00Z,,0
S011875,train,1,0,none,none,2025-03-28T04:40:00Z,,0
S011876,train,1,0,none,none,2025-03-28T04:50:00Z,1,1
S011877,train,1,0,none,none,2025-03-28T05:00:00Z,1,1
S011878,train,1,0,none,none,2025-03-28T05:10:00Z,,0
S011879,train,1,0,none,none,2025-03-28T05:20:00Z,,0
S011880,train,0,1,delamination,molding,2025-03-28T05:30:00Z,,0
S011881,train,0,1,dram_electrical,dram_or_base,2025-03-28T05:40:00Z,,0
S011882,train,1,0,none,none,2025-03-28T05:50:00Z,,0
S011883,train,1,0,none,none,2025-03-28T06:00:00Z,,0
S011884,train,1,0,none,none,2025-03-28T06:10:00Z,,0
S011885,train,1,0,none,none,2025-03-28T06:20:00Z,1,1
S011886,train,1,0,none,none,2025-03-28T06:30:00Z,0,1
S011887,train,1,0,none,none,2025-03-28T06:40:00Z,,0
S011888,train,1,0,none,none,2025-03-28T06:50:00Z,1,1
S011889,train,1,0,none,none,2025-03-28T07:00:00Z,,0
S011890,train,1,0,none,none,2025-03-28T07:10:00Z,,0
S011891,train,1,0,none,none,2025-03-28T07:20:00Z,,0
S011892,train,0,1,warpage,assembly,2025-03-28T07:30:00Z,,0
S011893,train,1,0,none,none,2025-03-28T07:40:00Z,,0
S011894,train,1,0,none,none,2025-03-28T07:50:00Z,,0
S011895,train,1,0,none,none,2025-03-28T08:00:00Z,,0
S011896,train,1,0,none,none,2025-03-28T08:10:00Z,1,1
S011897,train,0,1,microbump_open_bridge,reflow,2025-03-28T08:20:00Z,,0
S011898,train,1,0,none,none,2025-03-28T08:30:00Z,,0
S011899,train,1,0,none,none,2025-03-28T08:40:00Z,,0
S011900,train,1,0,none,none,2025-03-28T08:50:00Z,,0
S011901,train,1,0,none,none,2025-03-28T09:00:00Z,,0
S011902,train,1,0,none,none,2025-03-28T09:10:00Z,,0
S011903,train,1,0,none,none,2025-03-28T09:20:00Z,,0
S011904,train,1,0,none,none,2025-03-28T09:30:00Z,,0
S011905,train,1,0,none,none,2025-03-28T09:40:00Z,,0
S011906,train,1,0,none,none,2025-03-28T09:50:00Z,1,1
S011907,train,1,0,none,none,2025-03-28T10:00:00Z,,0
S011908,train,1,0,none,none,2025-03-28T10:10:00Z,,0
S011909,train,1,0,none,none,2025-03-28T10:20:00Z,,0
S011910,train,1,0,none,none,2025-03-28T10:30:00Z,,0
S011911,train,1,0,none,none,2025-03-28T10:40:00Z,,0
S011912,train,1,0,none,none,2025-03-28T10:50:00Z,1,1
S011913,train,1,0,none,none,2025-03-28T11:00:00Z,,0
S011914,train,1,0,none,none,2025-03-28T11:10:00Z,1,1
S011915,train,1,0,none,none,2025-03-28T11:20:00Z,,0
S011916,train,1,0,none,none,2025-03-28T11:30:00Z,,0
S011917,train,1,0,none,none,2025-03-28T11:40:00Z,,0
S011918,train,1,0,none,none,2025-03-28T11:50:00Z,,0
S011919,train,1,0,none,none,2025-03-28T12:00:00Z,1,1
S011920,train,1,0,none,none,2025-03-28T12:10:00Z,,0
S011921,train,1,0,none,none,2025-03-28T12:20:00Z,,0
S011922,train,1,0,none,none,2025-03-28T12:30:00Z,,0
S011923,train,1,0,none,none,2025-03-28T12:40:00Z,,0
S011924,train,1,0,none,none,2025-03-28T12:50:00Z,,0
S011925,train,1,0,none,none,2025-03-28T13:00:00Z,,0
S011926,train,1,0,none,none,2025-03-28T13:10:00Z,1,1
S011927,train,1,0,none,none,2025-03-28T13:20:00Z,,0
S011928,train,1,0,none,none,2025-03-28T13:30:00Z,,0
S011929,train,1,0,none,none,2025-03-28T13:40:00Z,,0
S011930,train,1,0,none,none,2025-03-28T13:50:00Z,,0
S011931,train,1,0,none,none,2025-03-28T14:00:00Z,,0
S011932,train,1,0,none,none,2025-03-28T15:40:00Z,,0
S011933,train,1,0,none,none,2025-03-28T15:50:00Z,1,1
S011934,train,1,0,none,none,2025-03-28T16:00:00Z,,0
S011935,train,1,0,none,none,2025-03-28T16:10:00Z,,0
S011936,train,1,0,none,none,2025-03-28T16:20:00Z,,0
S011937,train,1,0,none,none,2025-03-28T16:30:00Z,,0
S011938,train,1,0,none,none,2025-03-28T16:40:00Z,1,1
S011939,train,1,0,none,none,2025-03-28T16:50:00Z,1,1
S011940,train,1,0,none,none,2025-03-28T17:00:00Z,1,1
S011941,train,1,0,none,none,2025-03-28T17:10:00Z,1,1
S011942,train,1,0,none,none,2025-03-28T17:20:00Z,,0
S011943,train,1,0,none,none,2025-03-28T17:30:00Z,,0
S011944,train,1,0,none,none,2025-03-28T17:40:00Z,,0
S011945,train,1,0,none,none,2025-03-28T17:50:00Z,1,1
S011946,train,1,0,none,none,2025-03-28T18:00:00Z,1,1
S011947,train,1,0,none,none,2025-03-28T18:10:00Z,,0
S011948,train,0,1,underfill_void,molding,2025-03-28T18:20:00Z,,0
S011949,train,1,0,none,none,2025-03-28T18:30:00Z,,0
S011950,train,1,0,none,none,2025-03-28T18:40:00Z,,0
S011951,train,1,0,none,none,2025-03-28T18:50:00Z,,0
S011952,train,1,0,none,none,2025-03-28T19:00:00Z,1,1
S011953,train,1,0,none,none,2025-03-28T19:10:00Z,,0
S011954,train,1,0,none,none,2025-03-28T19:20:00Z,,0
S011955,train,1,0,none,none,2025-03-28T19:30:00Z,,0
S011956,train,1,0,none,none,2025-03-28T19:40:00Z,,0
S011957,train,1,0,none,none,2025-03-28T19:50:00Z,,0
S011958,train,1,0,none,none,2025-03-28T20:00:00Z,,0
S011959,train,1,0,none,none,2025-03-28T20:10:00Z,,0
S011960,train,0,1,underfill_void,molding,2025-03-28T20:20:00Z,,0
S011961,train,1,0,none,none,2025-03-28T20:30:00Z,,0
S011962,train,1,0,none,none,2025-03-28T20:40:00Z,1,1
S011963,train,1,0,none,none,2025-03-28T20:50:00Z,,0
S011964,train,1,0,none,none,2025-03-28T21:00:00Z,,0
S011965,train,1,0,none,none,2025-03-28T21:10:00Z,,0
S011966,train,1,0,none,none,2025-03-28T21:20:00Z,,0
S011967,train,1,0,none,none,2025-03-28T21:30:00Z,,0
S011968,train,1,0,none,none,2025-03-28T21:40:00Z,,0
S011969,train,1,0,none,none,2025-03-28T21:50:00Z,,0
S011970,train,1,0,none,none,2025-03-28T22:00:00Z,,0
S011971,train,1,0,none,none,2025-03-28T22:10:00Z,,0
S011972,train,1,0,none,none,2025-03-28T22:20:00Z,,0
S011973,train,1,0,none,none,2025-03-28T22:30:00Z,,0
S011974,train,0,1,dram_electrical,dram_or_base,2025-03-28T22:40:00Z,,0
S011975,train,1,0,none,none,2025-03-28T22:50:00Z,1,1
S011976,train,1,0,none,none,2025-03-28T23:00:00Z,1,1
S011977,train,1,0,none,none,2025-03-28T23:10:00Z,,0
S011978,train,1,0,none,none,2025-03-28T23:20:00Z,,0
S011979,train,0,1,warpage,assembly,2025-03-28T23:30:00Z,,0
S011980,train,1,0,none,none,2025-03-28T23:40:00Z,,0
S011981,train,1,0,none,none,2025-03-28T23:50:00Z,,0
S011982,train,1,0,none,none,2025-03-29T00:00:00Z,,0
S011983,train,1,0,none,none,2025-03-29T00:10:00Z,1,1
S011984,train,1,0,none,none,2025-03-29T00:20:00Z,0,1
S011985,train,1,0,none,none,2025-03-29T00:30:00Z,,0
S011986,train,1,0,none,none,2025-03-29T00:40:00Z,,0
S011987,train,1,0,none,none,2025-03-29T00:50:00Z,,0
S011988,train,1,0,none,none,2025-03-29T01:00:00Z,0,1
S011989,train,1,0,none,none,2025-03-29T01:10:00Z,,0
S011990,train,1,0,none,none,2025-03-29T01:20:00Z,,0
S011991,train,0,1,delamination,molding,2025-03-29T01:30:00Z,,0
S011992,train,1,0,none,none,2025-03-29T01:40:00Z,,0
S011993,train,1,0,none,none,2025-03-29T01:50:00Z,,0
S011994,train,1,0,none,none,2025-03-29T02:00:00Z,,0
S011995,train,1,0,none,none,2025-03-29T03:40:00Z,1,1
S011996,train,1,0,none,none,2025-03-29T03:50:00Z,,0
S011997,train,1,0,none,none,2025-03-29T04:00:00Z,,0
S011998,train,1,0,none,none,2025-03-29T04:10:00Z,,0
S011999,train,1,0,none,none,2025-03-29T04:20:00Z,1,1
S012000,train,1,0,none,none,2025-03-29T04:30:00Z,1,1
S012001,train,1,0,none,none,2025-03-29T04:40:00Z,,0
S012002,train,1,0,none,none,2025-03-29T04:50:00Z,,0
S012003,train,1,0,none,none,2025-03-29T05:00:00Z,,0
S012004,train,1,0,none,none,2025-03-29T05:10:00Z,1,1
S012005,train,1,0,none,none,2025-03-29T05:20:00Z,,0
S012006,train,1,0,none,none,2025-03-29T05:30:00Z,,0
S012007,train,1,0,none,none,2025-03-29T05:40:00Z,,0
S012008,train,1,0,none,none,2025-03-29T05:50:00Z,,0
S012009,train,1,0,none,none,2025-03-29T06:00:00Z,,0
S012010,train,1,0,none,none,2025-03-29T06:10:00Z,1,1
S012011,train,1,0,none,none,2025-03-29T06:20:00Z,,0
S012012,train,1,0,none,none,2025-03-29T06:30:00Z,,0
S012013,train,1,0,none,none,2025-03-29T06:40:00Z,1,1
S012014,train,1,0,none,none,2025-03-29T06:50:00Z,,0
S012015,train,0,1,tsv_open_short,tsv_or_interconnect,2025-03-29T07:00:00Z,,0
S012016,train,1,0,none,none,2025-03-29T07:10:00Z,,0
S012017,train,1,0,none,none,2025-03-29T07:20:00Z,,0
S012018,train,1,0,none,none,2025-03-29T07:30:00Z,1,1
S012019,train,1,0,none,none,2025-03-29T07:40:00Z,1,1
S012020,train,1,0,none,none,2025-03-29T07:50:00Z,1,1
S012021,train,1,0,none,none,2025-03-29T08:00:00Z,,0
S012022,train,1,0,none,none,2025-03-29T08:10:00Z,,0
S012023,train,1,0,none,none,2025-03-29T08:20:00Z,1,1
S012024,train,1,0,none,none,2025-03-29T08:30:00Z,1,1
S012025,train,1,0,none,none,2025-03-29T08:40:00Z,,0
S012026,train,1,0,none,none,2025-03-29T08:50:00Z,,0
S012027,train,1,0,none,none,2025-03-29T09:00:00Z,1,1
S012028,train,1,0,none,none,2025-03-29T09:10:00Z,,0
S012029,train,1,0,none,none,2025-03-29T09:20:00Z,,0
S012030,train,1,0,none,none,2025-03-29T09:30:00Z,,0
S012031,train,0,1,warpage,assembly,2025-03-29T09:40:00Z,,0
S012032,train,1,0,none,none,2025-03-29T09:50:00Z,1,1
S012033,train,1,0,none,none,2025-03-29T10:00:00Z,,0
S012034,train,1,0,none,none,2025-03-29T10:10:00Z,,0
S012035,train,1,0,none,none,2025-03-29T10:20:00Z,,0
S012036,train,1,0,none,none,2025-03-29T10:30:00Z,,0
S012037,train,1,0,none,none,2025-03-29T10:40:00Z,,0
S012038,train,0,1,microbump_open_bridge,reflow,2025-03-29T10:50:00Z,,0
S012039,train,0,1,underfill_void,molding,2025-03-29T11:00:00Z,,0
S012040,train,1,0,none,none,2025-03-29T11:10:00Z,1,1
S012041,train,0,1,tsv_open_short,tsv_or_interconnect,2025-03-29T11:20:00Z,,0
S012042,train,1,0,none,none,2025-03-29T11:30:00Z,,0
S012043,train,1,0,none,none,2025-03-29T11:40:00Z,1,1
S012044,train,1,0,none,none,2025-03-29T11:50:00Z,,0
S012045,train,0,1,dram_electrical,dram_or_base,2025-03-29T12:00:00Z,,0
S012046,train,1,0,none,none,2025-03-29T12:10:00Z,,0
S012047,train,1,0,none,none,2025-03-29T12:20:00Z,,0
S012048,train,1,0,none,none,2025-03-29T12:30:00Z,,0
S012049,train,1,0,none,none,2025-03-29T12:40:00Z,,0
S012050,train,1,0,none,none,2025-03-29T12:50:00Z,,0
S012051,train,1,0,none,none,2025-03-29T13:00:00Z,,0
S012052,train,1,0,none,none,2025-03-29T13:10:00Z,,0
S012053,train,1,0,none,none,2025-03-29T13:20:00Z,,0
S012054,train,1,0,none,none,2025-03-29T13:30:00Z,1,1
S012055,train,1,0,none,none,2025-03-29T13:40:00Z,,0
S012056,train,1,0,none,none,2025-03-29T13:50:00Z,,0
S012057,train,1,0,none,none,2025-03-29T14:00:00Z,,0
S012058,train,0,1,die_crack,handling,2025-03-29T14:10:00Z,,0
S012059,train,1,0,none,none,2025-03-29T15:40:00Z,,0
S012060,train,1,0,none,none,2025-03-29T15:50:00Z,1,1
S012061,train,1,0,none,none,2025-03-29T16:00:00Z,,0
S012062,train,1,0,none,none,2025-03-29T16:10:00Z,1,1
S012063,train,1,0,none,none,2025-03-29T16:20:00Z,,0
S012064,train,1,0,none,none,2025-03-29T16:30:00Z,,0
S012065,train,1,0,none,none,2025-03-29T16:40:00Z,,0
S012066,train,1,0,none,none,2025-03-29T16:50:00Z,,0
S012067,train,1,0,none,none,2025-03-29T17:00:00Z,,0
S012068,train,1,0,none,none,2025-03-29T17:10:00Z,1,1
S012069,train,1,0,none,none,2025-03-29T17:20:00Z,1,1
S012070,train,1,0,none,none,2025-03-29T17:30:00Z,,0
S012071,train,1,0,none,none,2025-03-29T17:40:00Z,,0
S012072,train,1,0,none,none,2025-03-29T17:50:00Z,1,1
S012073,train,1,0,none,none,2025-03-29T18:00:00Z,,0
S012074,train,1,0,none,none,2025-03-29T18:10:00Z,,0
S012075,train,1,0,none,none,2025-03-29T18:20:00Z,1,1
S012076,train,1,0,none,none,2025-03-29T18:30:00Z,,0
S012077,train,1,0,none,none,2025-03-29T18:40:00Z,,0
S012078,train,1,0,none,none,2025-03-29T18:50:00Z,,0
S012079,train,1,0,none,none,2025-03-29T19:00:00Z,,0
S012080,train,1,0,none,none,2025-03-29T19:10:00Z,,0
S012081,train,1,0,none,none,2025-03-29T19:20:00Z,1,1
S012082,train,1,0,none,none,2025-03-29T19:30:00Z,1,1
S012083,train,1,0,none,none,2025-03-29T19:40:00Z,,0
S012084,train,0,1,warpage,assembly,2025-03-29T19:50:00Z,,0
S012085,train,1,0,none,none,2025-03-29T20:00:00Z,,0
S012086,train,0,1,warpage,assembly,2025-03-29T20:10:00Z,,0
S012087,train,1,0,none,none,2025-03-29T20:20:00Z,,0
S012088,train,1,0,none,none,2025-03-29T20:30:00Z,,0
S012089,train,1,0,none,none,2025-03-29T20:40:00Z,,0
S012090,train,1,0,none,none,2025-03-29T20:50:00Z,,0
S012091,train,1,0,none,none,2025-03-29T21:00:00Z,,0
S012092,train,0,1,dram_electrical,dram_or_base,2025-03-29T21:10:00Z,,0
S012093,train,1,0,none,none,2025-03-29T21:20:00Z,,0
S012094,train,1,0,none,none,2025-03-29T21:30:00Z,1,1
S012095,train,1,0,none,none,2025-03-29T21:40:00Z,,0
S012096,train,1,0,none,none,2025-03-29T21:50:00Z,0,1
S012097,train,1,0,none,none,2025-03-29T22:00:00Z,1,1
S012098,train,1,0,none,none,2025-03-29T22:10:00Z,1,1
S012099,train,1,0,none,none,2025-03-29T22:20:00Z,,0
S012100,train,0,1,tsv_open_short,tsv_or_interconnect,2025-03-29T22:30:00Z,,0
S012101,train,1,0,none,none,2025-03-29T22:40:00Z,,0
S012102,train,1,0,none,none,2025-03-29T22:50:00Z,,0
S012103,train,1,0,none,none,2025-03-29T23:00:00Z,,0
S012104,train,1,0,none,none,2025-03-29T23:10:00Z,1,1
S012105,train,1,0,none,none,2025-03-29T23:20:00Z,,0
S012106,train,1,0,none,none,2025-03-29T23:30:00Z,,0
S012107,train,1,0,none,none,2025-03-29T23:40:00Z,,0
S012108,train,1,0,none,none,2025-03-29T23:50:00Z,,0
S012109,train,1,0,none,none,2025-03-30T00:00:00Z,,0
S012110,train,1,0,none,none,2025-03-30T00:10:00Z,,0
S012111,train,1,0,none,none,2025-03-30T00:20:00Z,,0
S012112,train,1,0,none,none,2025-03-30T00:30:00Z,1,1
S012113,train,1,0,none,none,2025-03-30T00:40:00Z,,0
S012114,train,1,0,none,none,2025-03-30T00:50:00Z,,0
S012115,train,1,0,none,none,2025-03-30T01:00:00Z,,0
S012116,train,1,0,none,none,2025-03-30T01:10:00Z,,0
S012117,train,1,0,none,none,2025-03-30T01:20:00Z,,0
S012118,train,1,0,none,none,2025-03-30T01:30:00Z,,0
S012119,train,1,0,none,none,2025-03-30T01:40:00Z,1,1
S012120,train,1,0,none,none,2025-03-30T01:50:00Z,,0
S012121,train,1,0,none,none,2025-03-30T02:00:00Z,,0
S012122,train,1,0,none,none,2025-03-30T03:40:00Z,,0
S012123,train,1,0,none,none,2025-03-30T03:50:00Z,,0
S012124,train,1,0,none,none,2025-03-30T04:00:00Z,1,1
S012125,train,1,0,none,none,2025-03-30T04:10:00Z,,0
S012126,train,1,0,none,none,2025-03-30T04:20:00Z,1,1
S012127,train,1,0,none,none,2025-03-30T04:30:00Z,,0
S012128,train,1,0,none,none,2025-03-30T04:40:00Z,,0
S012129,train,1,0,none,none,2025-03-30T04:50:00Z,0,1
S012130,train,1,0,none,none,2025-03-30T05:00:00Z,,0
S012131,train,1,0,none,none,2025-03-30T05:10:00Z,,0
S012132,train,1,0,none,none,2025-03-30T05:20:00Z,1,1
S012133,train,1,0,none,none,2025-03-30T05:30:00Z,,0
S012134,train,1,0,none,none,2025-03-30T05:40:00Z,1,1
S012135,train,1,0,none,none,2025-03-30T05:50:00Z,1,1
S012136,train,1,0,none,none,2025-03-30T06:00:00Z,,0
S012137,train,1,0,none,none,2025-03-30T06:10:00Z,,0
S012138,train,1,0,none,none,2025-03-30T06:20:00Z,1,1
S012139,train,1,0,none,none,2025-03-30T06:30:00Z,,0
S012140,train,1,0,none,none,2025-03-30T06:40:00Z,,0
S012141,train,1,0,none,none,2025-03-30T06:50:00Z,1,1
S012142,train,1,0,none,none,2025-03-30T07:00:00Z,,0
S012143,train,1,0,none,none,2025-03-30T07:10:00Z,,0
S012144,train,0,1,delamination,molding,2025-03-30T07:20:00Z,,0
S012145,train,1,0,none,none,2025-03-30T07:30:00Z,,0
S012146,train,1,0,none,none,2025-03-30T07:40:00Z,,0
S012147,train,1,0,none,none,2025-03-30T07:50:00Z,,0
S012148,train,1,0,none,none,2025-03-30T08:00:00Z,1,1
S012149,train,1,0,none,none,2025-03-30T08:10:00Z,,0
S012150,train,1,0,none,none,2025-03-30T08:20:00Z,,0
S012151,train,1,0,none,none,2025-03-30T08:30:00Z,1,1
S012152,train,1,0,none,none,2025-03-30T08:40:00Z,,0
S012153,train,1,0,none,none,2025-03-30T08:50:00Z,,0
S012154,train,1,0,none,none,2025-03-30T09:00:00Z,1,1
S012155,train,1,0,none,none,2025-03-30T09:10:00Z,1,1
S012156,train,1,0,none,none,2025-03-30T09:20:00Z,1,1
S012157,train,1,0,none,none,2025-03-30T09:30:00Z,,0
S012158,train,1,0,none,none,2025-03-30T09:40:00Z,,0
S012159,train,1,0,none,none,2025-03-30T09:50:00Z,,0
S012160,train,1,0,none,none,2025-03-30T10:00:00Z,,0
S012161,train,1,0,none,none,2025-03-30T10:10:00Z,,0
S012162,train,1,0,none,none,2025-03-30T10:20:00Z,,0
S012163,train,0,1,microbump_open_bridge,reflow,2025-03-30T10:30:00Z,,0
S012164,train,1,0,none,none,2025-03-30T10:40:00Z,,0
S012165,train,1,0,none,none,2025-03-30T10:50:00Z,1,1
S012166,train,1,0,none,none,2025-03-30T11:00:00Z,1,1
S012167,train,1,0,none,none,2025-03-30T11:10:00Z,,0
S012168,train,1,0,none,none,2025-03-30T11:20:00Z,,0
S012169,train,1,0,none,none,2025-03-30T11:30:00Z,,0
S012170,train,1,0,none,none,2025-03-30T11:40:00Z,0,1
S012171,train,0,1,dram_electrical,dram_or_base,2025-03-30T11:50:00Z,,0
S012172,train,1,0,none,none,2025-03-30T12:00:00Z,,0
S012173,train,1,0,none,none,2025-03-30T12:10:00Z,,0
S012174,train,1,0,none,none,2025-03-30T12:20:00Z,,0
S012175,train,1,0,none,none,2025-03-30T12:30:00Z,,0
S012176,train,1,0,none,none,2025-03-30T12:40:00Z,,0
S012177,train,1,0,none,none,2025-03-30T12:50:00Z,,0
S012178,train,1,0,none,none,2025-03-30T13:00:00Z,,0
S012179,train,1,0,none,none,2025-03-30T13:10:00Z,,0
S012180,train,1,0,none,none,2025-03-30T13:20:00Z,1,1
S012181,train,1,0,none,none,2025-03-30T13:30:00Z,1,1
S012182,train,1,0,none,none,2025-03-30T13:40:00Z,,0
S012183,train,0,1,dram_electrical,dram_or_base,2025-03-30T13:50:00Z,,0
S012184,train,1,0,none,none,2025-03-30T14:00:00Z,,0
S012185,train,1,0,none,none,2025-03-30T14:10:00Z,,0
S012186,train,1,0,none,none,2025-03-30T14:20:00Z,1,1
S012187,train,0,1,warpage,assembly,2025-03-30T14:30:00Z,,0
S012188,train,1,0,none,none,2025-03-30T14:40:00Z,1,1
S012189,train,1,0,none,none,2025-03-30T14:50:00Z,,0
S012190,train,1,0,none,none,2025-03-30T15:00:00Z,,0
S012191,train,0,1,delamination,molding,2025-03-30T15:10:00Z,,0
S012192,train,1,0,none,none,2025-03-30T15:20:00Z,,0
S012193,train,1,0,none,none,2025-03-30T15:30:00Z,1,1
S012194,train,1,0,none,none,2025-03-30T15:40:00Z,,0
S012195,train,1,0,none,none,2025-03-30T15:50:00Z,,0
S012196,train,1,0,none,none,2025-03-30T16:00:00Z,,0
S012197,train,1,0,none,none,2025-03-30T16:10:00Z,,0
S012198,train,1,0,none,none,2025-03-30T16:20:00Z,,0
S012199,train,1,0,none,none,2025-03-30T16:30:00Z,,0
S012200,train,1,0,none,none,2025-03-30T16:40:00Z,,0
S012201,train,1,0,none,none,2025-03-30T16:50:00Z,,0
S012202,train,1,0,none,none,2025-03-30T17:00:00Z,,0
S012203,train,1,0,none,none,2025-03-30T17:10:00Z,1,1
S012204,train,1,0,none,none,2025-03-30T17:20:00Z,,0
S012205,train,1,0,none,none,2025-03-30T17:30:00Z,,0
S012206,train,0,1,tsv_open_short,tsv_or_interconnect,2025-03-30T17:40:00Z,,0
S012207,train,1,0,none,none,2025-03-30T17:50:00Z,,0
S012208,train,1,0,none,none,2025-03-30T18:00:00Z,,0
S012209,train,1,0,none,none,2025-03-30T18:10:00Z,1,1
S012210,train,1,0,none,none,2025-03-30T18:20:00Z,,0
S012211,train,1,0,none,none,2025-03-30T18:30:00Z,,0
S012212,train,1,0,none,none,2025-03-30T18:40:00Z,,0
S012213,train,1,0,none,none,2025-03-30T18:50:00Z,1,1
S012214,train,1,0,none,none,2025-03-30T19:00:00Z,,0
S012215,train,1,0,none,none,2025-03-30T19:10:00Z,,0
S012216,train,1,0,none,none,2025-03-30T19:20:00Z,,0
S012217,train,1,0,none,none,2025-03-30T19:30:00Z,1,1
S012218,train,1,0,none,none,2025-03-30T15:40:00Z,1,1
S012219,train,1,0,none,none,2025-03-30T15:50:00Z,,0
S012220,train,1,0,none,none,2025-03-30T16:00:00Z,,0
S012221,train,1,0,none,none,2025-03-30T16:10:00Z,1,1
S012222,train,1,0,none,none,2025-03-30T16:20:00Z,,0
S012223,train,1,0,none,none,2025-03-30T16:30:00Z,,0
S012224,train,1,0,none,none,2025-03-30T16:40:00Z,,0
S012225,train,1,0,none,none,2025-03-30T16:50:00Z,,0
S012226,train,1,0,none,none,2025-03-30T17:00:00Z,,0
S012227,train,1,0,none,none,2025-03-30T17:10:00Z,,0
S012228,train,1,0,none,none,2025-03-30T17:20:00Z,,0
S012229,train,1,0,none,none,2025-03-30T17:30:00Z,,0
S012230,train,1,0,none,none,2025-03-30T17:40:00Z,,0
S012231,train,1,0,none,none,2025-03-30T17:50:00Z,1,1
S012232,train,1,0,none,none,2025-03-30T18:00:00Z,,0
S012233,train,1,0,none,none,2025-03-30T18:10:00Z,,0
S012234,train,1,0,none,none,2025-03-30T18:20:00Z,,0
S012235,train,1,0,none,none,2025-03-30T18:30:00Z,,0
S012236,train,1,0,none,none,2025-03-30T18:40:00Z,,0
S012237,train,1,0,none,none,2025-03-30T18:50:00Z,,0
S012238,train,1,0,none,none,2025-03-30T19:00:00Z,1,1
S012239,train,1,0,none,none,2025-03-30T19:10:00Z,1,1
S012240,train,1,0,none,none,2025-03-30T19:20:00Z,,0
S012241,train,0,1,warpage,assembly,2025-03-30T19:30:00Z,,0
S012242,train,1,0,none,none,2025-03-30T19:40:00Z,,0
S012243,train,1,0,none,none,2025-03-30T19:50:00Z,,0
S012244,train,1,0,none,none,2025-03-30T20:00:00Z,,0
S012245,train,1,0,none,none,2025-03-30T20:10:00Z,1,1
S012246,train,1,0,none,none,2025-03-30T20:20:00Z,,0
S012247,train,1,0,none,none,2025-03-30T20:30:00Z,,0
S012248,train,1,0,none,none,2025-03-30T20:40:00Z,,0
S012249,train,1,0,none,none,2025-03-30T20:50:00Z,,0
S012250,train,1,0,none,none,2025-03-30T21:00:00Z,,0
S012251,train,1,0,none,none,2025-03-30T21:10:00Z,,0
S012252,train,1,0,none,none,2025-03-30T21:20:00Z,,0
S012253,train,1,0,none,none,2025-03-30T21:30:00Z,1,1
S012254,train,1,0,none,none,2025-03-30T21:40:00Z,,0
S012255,train,1,0,none,none,2025-03-30T21:50:00Z,,0
S012256,train,1,0,none,none,2025-03-30T22:00:00Z,,0
S012257,train,1,0,none,none,2025-03-30T22:10:00Z,,0
S012258,train,1,0,none,none,2025-03-30T22:20:00Z,1,1
S012259,train,0,1,delamination,molding,2025-03-30T22:30:00Z,,0
S012260,train,1,0,none,none,2025-03-30T22:40:00Z,,0
S012261,train,1,0,none,none,2025-03-30T22:50:00Z,,0
S012262,train,1,0,none,none,2025-03-30T23:00:00Z,,0
S012263,train,1,0,none,none,2025-03-30T23:10:00Z,,0
S012264,train,1,0,none,none,2025-03-30T23:20:00Z,,0
S012265,train,1,0,none,none,2025-03-30T23:30:00Z,,0
S012266,train,1,0,none,none,2025-03-30T23:40:00Z,,0
S012267,train,0,1,warpage,assembly,2025-03-30T23:50:00Z,,0
S012268,train,1,0,none,none,2025-03-31T00:00:00Z,1,1
S012269,train,1,0,none,none,2025-03-31T00:10:00Z,,0
S012270,train,1,0,none,none,2025-03-31T00:20:00Z,1,1
S012271,train,1,0,none,none,2025-03-31T00:30:00Z,,0
S012272,train,1,0,none,none,2025-03-31T00:40:00Z,,0
S012273,train,1,0,none,none,2025-03-31T00:50:00Z,,0
S012274,train,1,0,none,none,2025-03-31T01:00:00Z,,0
S012275,train,1,0,none,none,2025-03-31T01:10:00Z,1,1
S012276,train,1,0,none,none,2025-03-31T01:20:00Z,,0
S012277,train,1,0,none,none,2025-03-31T01:30:00Z,,0
S012278,train,1,0,none,none,2025-03-31T01:40:00Z,,0
S012279,train,1,0,none,none,2025-03-31T01:50:00Z,,0
S012280,train,1,0,none,none,2025-03-31T02:00:00Z,,0
S012281,train,1,0,none,none,2025-03-31T02:10:00Z,,0
S012282,train,1,0,none,none,2025-03-31T02:20:00Z,,0
S012283,train,1,0,none,none,2025-03-31T02:30:00Z,,0
S012284,train,0,1,multiple,multiple,2025-03-31T02:40:00Z,,0
S012285,train,1,0,none,none,2025-03-31T02:50:00Z,,0
S012286,train,1,0,none,none,2025-03-31T03:00:00Z,,0
S012287,train,1,0,none,none,2025-03-31T03:10:00Z,1,1
S012288,train,1,0,none,none,2025-03-31T03:20:00Z,,0
S012289,train,1,0,none,none,2025-03-31T03:30:00Z,1,1
S012290,train,1,0,none,none,2025-03-31T03:40:00Z,,0
S012291,train,1,0,none,none,2025-03-31T03:50:00Z,,0
S012292,train,1,0,none,none,2025-03-31T04:00:00Z,,0
S012293,train,1,0,none,none,2025-03-31T04:10:00Z,,0
S012294,train,1,0,none,none,2025-03-31T04:20:00Z,,0
S012295,train,1,0,none,none,2025-03-31T04:30:00Z,,0
S012296,train,1,0,none,none,2025-03-31T04:40:00Z,,0
S012297,train,1,0,none,none,2025-03-31T04:50:00Z,1,1
S012298,train,1,0,none,none,2025-03-31T05:00:00Z,,0
S012299,train,1,0,none,none,2025-03-31T05:10:00Z,,0
S012300,train,1,0,none,none,2025-03-31T05:20:00Z,1,1
S012301,train,1,0,none,none,2025-03-31T05:30:00Z,,0
S012302,train,1,0,none,none,2025-03-31T05:40:00Z,,0
S012303,train,1,0,none,none,2025-03-31T05:50:00Z,,0
S012304,train,1,0,none,none,2025-03-31T06:00:00Z,1,1
S012305,train,1,0,none,none,2025-03-31T06:10:00Z,,0
S012306,train,1,0,none,none,2025-03-31T06:20:00Z,1,1
S012307,train,1,0,none,none,2025-03-31T06:30:00Z,,0
S012308,train,1,0,none,none,2025-03-31T06:40:00Z,,0
S012309,train,0,1,tsv_open_short,tsv_or_interconnect,2025-03-31T06:50:00Z,,0
S012310,train,1,0,none,none,2025-03-31T07:00:00Z,,0
S012311,train,1,0,none,none,2025-03-31T07:10:00Z,1,1
S012312,train,1,0,none,none,2025-03-31T03:40:00Z,,0
S012313,train,1,0,none,none,2025-03-31T03:50:00Z,,0
S012314,train,0,1,multiple,multiple,2025-03-31T04:00:00Z,,0
S012315,train,1,0,none,none,2025-03-31T04:10:00Z,,0
S012316,train,1,0,none,none,2025-03-31T04:20:00Z,,0
S012317,train,1,0,none,none,2025-03-31T04:30:00Z,,0
S012318,train,1,0,none,none,2025-03-31T04:40:00Z,,0
S012319,train,1,0,none,none,2025-03-31T04:50:00Z,1,1
S012320,train,1,0,none,none,2025-03-31T05:00:00Z,,0
S012321,train,0,1,microbump_open_bridge,reflow,2025-03-31T05:10:00Z,,0
S012322,train,0,1,microbump_open_bridge,reflow,2025-03-31T05:20:00Z,,0
S012323,train,1,0,none,none,2025-03-31T05:30:00Z,,0
S012324,train,1,0,none,none,2025-03-31T05:40:00Z,1,1
S012325,train,1,0,none,none,2025-03-31T05:50:00Z,,0
S012326,train,1,0,none,none,2025-03-31T06:00:00Z,1,1
S012327,train,1,0,none,none,2025-03-31T06:10:00Z,,0
S012328,train,1,0,none,none,2025-03-31T06:20:00Z,,0
S012329,train,1,0,none,none,2025-03-31T06:30:00Z,,0
S012330,train,1,0,none,none,2025-03-31T06:40:00Z,,0
S012331,train,1,0,none,none,2025-03-31T06:50:00Z,,0
S012332,train,1,0,none,none,2025-03-31T07:00:00Z,,0
S012333,train,1,0,none,none,2025-03-31T07:10:00Z,,0
S012334,train,1,0,none,none,2025-03-31T07:20:00Z,,0
S012335,train,1,0,none,none,2025-03-31T07:30:00Z,,0
S012336,train,1,0,none,none,2025-03-31T07:40:00Z,,0
S012337,train,1,0,none,none,2025-03-31T07:50:00Z,,0
S012338,train,1,0,none,none,2025-03-31T08:00:00Z,,0
S012339,train,1,0,none,none,2025-03-31T08:10:00Z,,0
S012340,train,1,0,none,none,2025-03-31T08:20:00Z,,0
S012341,train,1,0,none,none,2025-03-31T08:30:00Z,,0
S012342,train,1,0,none,none,2025-03-31T08:40:00Z,,0
S012343,train,1,0,none,none,2025-03-31T08:50:00Z,1,1
S012344,train,1,0,none,none,2025-03-31T09:00:00Z,,0
S012345,train,1,0,none,none,2025-03-31T09:10:00Z,,0
S012346,train,1,0,none,none,2025-03-31T09:20:00Z,,0
S012347,train,1,0,none,none,2025-03-31T09:30:00Z,,0
S012348,train,1,0,none,none,2025-03-31T09:40:00Z,1,1
S012349,train,1,0,none,none,2025-03-31T09:50:00Z,,0
S012350,train,1,0,none,none,2025-03-31T10:00:00Z,1,1
S012351,train,1,0,none,none,2025-03-31T10:10:00Z,,0
S012352,train,1,0,none,none,2025-03-31T10:20:00Z,1,1
S012353,train,1,0,none,none,2025-03-31T10:30:00Z,,0
S012354,train,1,0,none,none,2025-03-31T10:40:00Z,1,1
S012355,train,1,0,none,none,2025-03-31T10:50:00Z,1,1
S012356,train,1,0,none,none,2025-03-31T11:00:00Z,1,1
S012357,train,1,0,none,none,2025-03-31T11:10:00Z,,0
S012358,train,1,0,none,none,2025-03-31T11:20:00Z,,0
S012359,train,1,0,none,none,2025-03-31T11:30:00Z,,0
S012360,train,1,0,none,none,2025-03-31T11:40:00Z,1,1
S012361,train,1,0,none,none,2025-03-31T11:50:00Z,1,1
S012362,train,1,0,none,none,2025-03-31T12:00:00Z,,0
S012363,train,1,0,none,none,2025-03-31T12:10:00Z,1,1
S012364,train,1,0,none,none,2025-03-31T12:20:00Z,1,1
S012365,train,1,0,none,none,2025-03-31T12:30:00Z,,0
S012366,train,1,0,none,none,2025-03-31T12:40:00Z,1,1
S012367,train,1,0,none,none,2025-03-31T12:50:00Z,,0
S012368,train,1,0,none,none,2025-03-31T13:00:00Z,,0
S012369,train,1,0,none,none,2025-03-31T13:10:00Z,,0
S012370,train,1,0,none,none,2025-03-31T13:20:00Z,,0
S012371,train,1,0,none,none,2025-03-31T13:30:00Z,,0
S012372,train,1,0,none,none,2025-03-31T13:40:00Z,,0
S012373,train,1,0,none,none,2025-03-31T13:50:00Z,,0
S012374,train,1,0,none,none,2025-03-31T14:00:00Z,,0
S012375,train,1,0,none,none,2025-03-31T14:10:00Z,,0
S012376,train,1,0,none,none,2025-03-31T14:20:00Z,,0
S012377,train,1,0,none,none,2025-03-31T14:30:00Z,,0
S012378,train,1,0,none,none,2025-03-31T14:40:00Z,1,1
S012379,train,1,0,none,none,2025-03-31T14:50:00Z,,0
S012380,train,1,0,none,none,2025-03-31T15:00:00Z,,0
S012381,train,1,0,none,none,2025-03-31T15:10:00Z,,0
S012382,train,1,0,none,none,2025-03-31T15:20:00Z,,0
S012383,train,1,0,none,none,2025-03-31T15:30:00Z,,0
S012384,train,1,0,none,none,2025-03-31T15:40:00Z,1,1
S012385,train,1,0,none,none,2025-03-31T15:50:00Z,,0
S012386,train,1,0,none,none,2025-03-31T16:00:00Z,,0
S012387,train,1,0,none,none,2025-03-31T16:10:00Z,,0
S012388,train,1,0,none,none,2025-03-31T16:20:00Z,,0
S012389,train,1,0,none,none,2025-03-31T16:30:00Z,,0
S012390,train,1,0,none,none,2025-03-31T16:40:00Z,,0
S012391,train,1,0,none,none,2025-03-31T16:50:00Z,,0
S012392,train,1,0,none,none,2025-03-31T17:00:00Z,,0
S012393,train,1,0,none,none,2025-03-31T17:10:00Z,,0
S012394,train,1,0,none,none,2025-03-31T17:20:00Z,,0
S012395,train,1,0,none,none,2025-03-31T17:30:00Z,,0
S012396,train,1,0,none,none,2025-03-31T17:40:00Z,,0
S012397,train,1,0,none,none,2025-03-31T17:50:00Z,,0
S012398,train,1,0,none,none,2025-03-31T18:00:00Z,,0
S012399,train,1,0,none,none,2025-03-31T18:10:00Z,,0
S012400,train,1,0,none,none,2025-03-31T18:20:00Z,,0
S012401,train,1,0,none,none,2025-03-31T18:30:00Z,,0
S012402,train,1,0,none,none,2025-03-31T18:40:00Z,,0
S012403,train,1,0,none,none,2025-03-31T18:50:00Z,1,1
S012404,train,1,0,none,none,2025-03-31T19:00:00Z,,0
S012405,train,1,0,none,none,2025-03-31T15:40:00Z,,0
S012406,train,1,0,none,none,2025-03-31T15:50:00Z,,0
S012407,train,1,0,none,none,2025-03-31T16:00:00Z,1,1
S012408,train,1,0,none,none,2025-03-31T16:10:00Z,1,1
S012409,train,1,0,none,none,2025-03-31T16:20:00Z,,0
S012410,train,1,0,none,none,2025-03-31T16:30:00Z,1,1
S012411,train,1,0,none,none,2025-03-31T16:40:00Z,,0
S012412,train,1,0,none,none,2025-03-31T16:50:00Z,,0
S012413,train,1,0,none,none,2025-03-31T17:00:00Z,,0
S012414,train,1,0,none,none,2025-03-31T17:10:00Z,,0
S012415,train,1,0,none,none,2025-03-31T17:20:00Z,,0
S012416,train,1,0,none,none,2025-03-31T17:30:00Z,0,1
S012417,train,1,0,none,none,2025-03-31T17:40:00Z,,0
S012418,train,1,0,none,none,2025-03-31T17:50:00Z,1,1
S012419,train,1,0,none,none,2025-03-31T18:00:00Z,,0
S012420,train,1,0,none,none,2025-03-31T18:10:00Z,,0
S012421,train,1,0,none,none,2025-03-31T18:20:00Z,,0
S012422,train,1,0,none,none,2025-03-31T18:30:00Z,1,1
S012423,train,1,0,none,none,2025-03-31T18:40:00Z,,0
S012424,train,1,0,none,none,2025-03-31T18:50:00Z,,0
S012425,train,1,0,none,none,2025-03-31T19:00:00Z,1,1
S012426,train,1,0,none,none,2025-03-31T19:10:00Z,,0
S012427,train,1,0,none,none,2025-03-31T19:20:00Z,,0
S012428,train,1,0,none,none,2025-03-31T19:30:00Z,1,1
S012429,train,0,1,tsv_open_short,tsv_or_interconnect,2025-03-31T19:40:00Z,,0
S012430,train,1,0,none,none,2025-03-31T19:50:00Z,,0
S012431,train,1,0,none,none,2025-03-31T20:00:00Z,,0
S012432,train,1,0,none,none,2025-03-31T20:10:00Z,,0
S012433,train,0,1,dram_electrical,dram_or_base,2025-03-31T20:20:00Z,,0
S012434,train,1,0,none,none,2025-03-31T20:30:00Z,,0
S012435,train,1,0,none,none,2025-03-31T20:40:00Z,,0
S012436,train,1,0,none,none,2025-03-31T20:50:00Z,,0
S012437,train,1,0,none,none,2025-03-31T21:00:00Z,,0
S012438,train,1,0,none,none,2025-03-31T21:10:00Z,,0
S012439,train,1,0,none,none,2025-03-31T21:20:00Z,,0
S012440,train,1,0,none,none,2025-03-31T21:30:00Z,,0
S012441,train,1,0,none,none,2025-03-31T21:40:00Z,,0
S012442,train,1,0,none,none,2025-03-31T21:50:00Z,1,1
S012443,train,1,0,none,none,2025-03-31T22:00:00Z,1,1
S012444,train,0,1,underfill_void,molding,2025-03-31T22:10:00Z,,0
S012445,train,1,0,none,none,2025-03-31T22:20:00Z,,0
S012446,train,0,1,microbump_open_bridge,reflow,2025-03-31T22:30:00Z,,0
S012447,train,0,1,delamination,molding,2025-03-31T22:40:00Z,,0
S012448,train,1,0,none,none,2025-03-31T22:50:00Z,1,1
S012449,train,1,0,none,none,2025-03-31T23:00:00Z,,0
S012450,train,1,0,none,none,2025-03-31T23:10:00Z,,0
S012451,train,0,1,underfill_void,molding,2025-03-31T23:20:00Z,,0
S012452,train,1,0,none,none,2025-03-31T23:30:00Z,,0
S012453,train,1,0,none,none,2025-03-31T23:40:00Z,,0
S012454,train,1,0,none,none,2025-03-31T23:50:00Z,,0
S012455,train,0,1,delamination,molding,2025-04-01T00:00:00Z,,0
S012456,train,1,0,none,none,2025-04-01T00:10:00Z,,0
S012457,train,1,0,none,none,2025-04-01T00:20:00Z,,0
S012458,train,1,0,none,none,2025-04-01T00:30:00Z,,0
S012459,train,1,0,none,none,2025-04-01T00:40:00Z,,0
S012460,train,1,0,none,none,2025-04-01T00:50:00Z,,0
S012461,train,1,0,none,none,2025-04-01T01:00:00Z,1,1
S012462,train,1,0,none,none,2025-04-01T01:10:00Z,,0
S012463,train,0,1,tsv_open_short,tsv_or_interconnect,2025-04-01T01:20:00Z,,0
S012464,train,1,0,none,none,2025-04-01T01:30:00Z,,0
S012465,train,1,0,none,none,2025-04-01T01:40:00Z,,0
S012466,train,1,0,none,none,2025-04-01T01:50:00Z,,0
S012467,train,1,0,none,none,2025-04-01T02:00:00Z,,0
S012468,train,1,0,none,none,2025-04-01T02:10:00Z,,0
S012469,train,1,0,none,none,2025-04-01T02:20:00Z,,0
S012470,train,1,0,none,none,2025-04-01T02:30:00Z,,0
S012471,train,1,0,none,none,2025-04-01T02:40:00Z,,0
S012472,train,1,0,none,none,2025-04-01T02:50:00Z,1,1
S012473,train,1,0,none,none,2025-04-01T03:00:00Z,,0
S012474,train,1,0,none,none,2025-04-01T03:10:00Z,,0
S012475,train,0,1,warpage,assembly,2025-04-01T03:20:00Z,,0
S012476,train,1,0,none,none,2025-04-01T03:30:00Z,,0
S012477,train,1,0,none,none,2025-04-01T03:40:00Z,,0
S012478,train,1,0,none,none,2025-04-01T03:50:00Z,,0
S012479,train,1,0,none,none,2025-04-01T04:00:00Z,,0
S012480,train,1,0,none,none,2025-04-01T04:10:00Z,,0
S012481,train,1,0,none,none,2025-04-01T04:20:00Z,,0
S012482,train,1,0,none,none,2025-04-01T04:30:00Z,,0
S012483,train,1,0,none,none,2025-04-01T04:40:00Z,,0
S012484,train,1,0,none,none,2025-04-01T04:50:00Z,,0
S012485,train,1,0,none,none,2025-04-01T05:00:00Z,,0
S012486,train,1,0,none,none,2025-04-01T05:10:00Z,1,1
S012487,train,0,1,dram_electrical,dram_or_base,2025-04-01T05:20:00Z,,0
S012488,train,1,0,none,none,2025-04-01T05:30:00Z,,0
S012489,train,1,0,none,none,2025-04-01T05:40:00Z,,0
S012490,train,1,0,none,none,2025-04-01T05:50:00Z,,0
S012491,train,1,0,none,none,2025-04-01T06:00:00Z,,0
S012492,train,1,0,none,none,2025-04-01T06:10:00Z,,0
S012493,train,1,0,none,none,2025-04-01T06:20:00Z,0,1
S012494,train,1,0,none,none,2025-04-01T06:30:00Z,,0
S012495,train,1,0,none,none,2025-04-01T06:40:00Z,,0
S012496,train,1,0,none,none,2025-04-01T06:50:00Z,,0
S012497,train,1,0,none,none,2025-04-01T07:00:00Z,,0
S012498,train,1,0,none,none,2025-04-01T07:10:00Z,,0
S012499,train,1,0,none,none,2025-04-01T07:20:00Z,,0
S012500,train,1,0,none,none,2025-04-01T07:30:00Z,,0
S012501,train,1,0,none,none,2025-04-01T03:40:00Z,,0
S012502,train,1,0,none,none,2025-04-01T03:50:00Z,,0
S012503,train,1,0,none,none,2025-04-01T04:00:00Z,,0
S012504,train,1,0,none,none,2025-04-01T04:10:00Z,,0
S012505,train,1,0,none,none,2025-04-01T04:20:00Z,,0
S012506,train,1,0,none,none,2025-04-01T04:30:00Z,,0
S012507,train,1,0,none,none,2025-04-01T04:40:00Z,,0
S012508,train,1,0,none,none,2025-04-01T04:50:00Z,1,1
S012509,train,1,0,none,none,2025-04-01T05:00:00Z,,0
S012510,train,1,0,none,none,2025-04-01T05:10:00Z,,0
S012511,train,1,0,none,none,2025-04-01T05:20:00Z,,0
S012512,train,1,0,none,none,2025-04-01T05:30:00Z,,0
S012513,train,1,0,none,none,2025-04-01T05:40:00Z,,0
S012514,train,1,0,none,none,2025-04-01T05:50:00Z,,0
S012515,train,1,0,none,none,2025-04-01T06:00:00Z,,0
S012516,train,1,0,none,none,2025-04-01T06:10:00Z,0,1
S012517,train,1,0,none,none,2025-04-01T06:20:00Z,,0
S012518,train,1,0,none,none,2025-04-01T06:30:00Z,1,1
S012519,train,1,0,none,none,2025-04-01T06:40:00Z,,0
S012520,train,1,0,none,none,2025-04-01T06:50:00Z,,0
S012521,train,1,0,none,none,2025-04-01T07:00:00Z,,0
S012522,train,1,0,none,none,2025-04-01T07:10:00Z,,0
S012523,train,1,0,none,none,2025-04-01T07:20:00Z,,0
S012524,train,1,0,none,none,2025-04-01T07:30:00Z,,0
S012525,train,1,0,none,none,2025-04-01T07:40:00Z,,0
S012526,train,1,0,none,none,2025-04-01T07:50:00Z,,0
S012527,train,1,0,none,none,2025-04-01T08:00:00Z,,0
S012528,train,1,0,none,none,2025-04-01T08:10:00Z,1,1
S012529,train,1,0,none,none,2025-04-01T08:20:00Z,1,1
S012530,train,1,0,none,none,2025-04-01T08:30:00Z,,0
S012531,train,1,0,none,none,2025-04-01T08:40:00Z,1,1
S012532,train,1,0,none,none,2025-04-01T08:50:00Z,,0
S012533,train,1,0,none,none,2025-04-01T09:00:00Z,,0
S012534,train,1,0,none,none,2025-04-01T09:10:00Z,,0
S012535,train,1,0,none,none,2025-04-01T09:20:00Z,,0
S012536,train,1,0,none,none,2025-04-01T09:30:00Z,,0
S012537,train,1,0,none,none,2025-04-01T09:40:00Z,,0
S012538,train,1,0,none,none,2025-04-01T09:50:00Z,,0
S012539,train,1,0,none,none,2025-04-01T10:00:00Z,1,1
S012540,train,1,0,none,none,2025-04-01T10:10:00Z,,0
S012541,train,1,0,none,none,2025-04-01T10:20:00Z,,0
S012542,train,1,0,none,none,2025-04-01T10:30:00Z,,0
S012543,train,1,0,none,none,2025-04-01T10:40:00Z,,0
S012544,train,1,0,none,none,2025-04-01T10:50:00Z,,0
S012545,train,1,0,none,none,2025-04-01T11:00:00Z,,0
S012546,train,1,0,none,none,2025-04-01T11:10:00Z,,0
S012547,train,1,0,none,none,2025-04-01T11:20:00Z,,0
S012548,train,1,0,none,none,2025-04-01T11:30:00Z,,0
S012549,train,1,0,none,none,2025-04-01T11:40:00Z,,0
S012550,train,1,0,none,none,2025-04-01T11:50:00Z,,0
S012551,train,1,0,none,none,2025-04-01T12:00:00Z,1,1
S012552,train,1,0,none,none,2025-04-01T12:10:00Z,1,1
S012553,train,1,0,none,none,2025-04-01T12:20:00Z,,0
S012554,train,1,0,none,none,2025-04-01T12:30:00Z,1,1
S012555,train,1,0,none,none,2025-04-01T12:40:00Z,,0
S012556,train,1,0,none,none,2025-04-01T12:50:00Z,,0
S012557,train,1,0,none,none,2025-04-01T13:00:00Z,,0
S012558,train,1,0,none,none,2025-04-01T13:10:00Z,,0
S012559,train,1,0,none,none,2025-04-01T13:20:00Z,,0
S012560,train,1,0,none,none,2025-04-01T13:30:00Z,,0
S012561,train,1,0,none,none,2025-04-01T13:40:00Z,1,1
S012562,train,1,0,none,none,2025-04-01T13:50:00Z,,0
S012563,train,1,0,none,none,2025-04-01T14:00:00Z,1,1
S012564,train,0,1,warpage,assembly,2025-04-01T14:10:00Z,,0
S012565,validation,1,0,none,none,2025-04-22T15:40:00Z,,0
S012566,validation,1,0,none,none,2025-04-22T15:50:00Z,,0
S012567,validation,1,0,none,none,2025-04-22T16:00:00Z,,0
S012568,validation,1,0,none,none,2025-04-22T16:10:00Z,,0
S012569,validation,1,0,none,none,2025-04-22T16:20:00Z,1,1
S012570,validation,1,0,none,none,2025-04-22T16:30:00Z,,0
S012571,validation,1,0,none,none,2025-04-22T16:40:00Z,,0
S012572,validation,1,0,none,none,2025-04-22T16:50:00Z,,0
S012573,validation,1,0,none,none,2025-04-22T17:00:00Z,,0
S012574,validation,1,0,none,none,2025-04-22T17:10:00Z,,0
S012575,validation,1,0,none,none,2025-04-22T17:20:00Z,1,1
S012576,validation,1,0,none,none,2025-04-22T17:30:00Z,,0
S012577,validation,1,0,none,none,2025-04-22T17:40:00Z,1,1
S012578,validation,1,0,none,none,2025-04-22T17:50:00Z,1,1
S012579,validation,1,0,none,none,2025-04-22T18:00:00Z,,0
S012580,validation,1,0,none,none,2025-04-22T18:10:00Z,,0
S012581,validation,1,0,none,none,2025-04-22T18:20:00Z,,0
S012582,validation,1,0,none,none,2025-04-22T18:30:00Z,,0
S012583,validation,1,0,none,none,2025-04-22T18:40:00Z,,0
S012584,validation,1,0,none,none,2025-04-22T18:50:00Z,,0
S012585,validation,1,0,none,none,2025-04-22T19:00:00Z,,0
S012586,validation,1,0,none,none,2025-04-22T19:10:00Z,,0
S012587,validation,1,0,none,none,2025-04-22T19:20:00Z,,0
S012588,validation,0,1,microbump_open_bridge,reflow,2025-04-22T19:30:00Z,,0
S012589,validation,1,0,none,none,2025-04-22T19:40:00Z,,0
S012590,validation,1,0,none,none,2025-04-22T19:50:00Z,,0
S012591,validation,1,0,none,none,2025-04-22T20:00:00Z,1,1
S012592,validation,1,0,none,none,2025-04-22T20:10:00Z,,0
S012593,validation,1,0,none,none,2025-04-22T20:20:00Z,1,1
S012594,validation,1,0,none,none,2025-04-22T20:30:00Z,,0
S012595,validation,1,0,none,none,2025-04-22T20:40:00Z,,0
S012596,validation,1,0,none,none,2025-04-22T20:50:00Z,,0
S012597,validation,1,0,none,none,2025-04-22T21:00:00Z,,0
S012598,validation,1,0,none,none,2025-04-22T21:10:00Z,,0
S012599,validation,1,0,none,none,2025-04-22T21:20:00Z,,0
S012600,validation,1,0,none,none,2025-04-22T21:30:00Z,1,1
S012601,validation,1,0,none,none,2025-04-22T21:40:00Z,,0
S012602,validation,1,0,none,none,2025-04-22T21:50:00Z,,0
S012603,validation,1,0,none,none,2025-04-22T22:00:00Z,,0
S012604,validation,1,0,none,none,2025-04-22T22:10:00Z,,0
S012605,validation,1,0,none,none,2025-04-22T22:20:00Z,,0
S012606,validation,1,0,none,none,2025-04-22T22:30:00Z,,0
S012607,validation,1,0,none,none,2025-04-22T22:40:00Z,,0
S012608,validation,1,0,none,none,2025-04-22T22:50:00Z,,0
S012609,validation,0,1,warpage,assembly,2025-04-22T23:00:00Z,,0
S012610,validation,1,0,none,none,2025-04-22T23:10:00Z,1,1
S012611,validation,1,0,none,none,2025-04-22T23:20:00Z,,0
S012612,validation,1,0,none,none,2025-04-22T23:30:00Z,,0
S012613,validation,1,0,none,none,2025-04-22T23:40:00Z,,0
S012614,validation,1,0,none,none,2025-04-22T23:50:00Z,1,1
S012615,validation,1,0,none,none,2025-04-23T00:00:00Z,,0
S012616,validation,1,0,none,none,2025-04-23T00:10:00Z,1,1
S012617,validation,1,0,none,none,2025-04-23T00:20:00Z,,0
S012618,validation,1,0,none,none,2025-04-23T00:30:00Z,,0
S012619,validation,1,0,none,none,2025-04-23T00:40:00Z,,0
S012620,validation,1,0,none,none,2025-04-23T00:50:00Z,,0
S012621,validation,1,0,none,none,2025-04-23T01:00:00Z,,0
S012622,validation,1,0,none,none,2025-04-23T01:10:00Z,,0
S012623,validation,1,0,none,none,2025-04-23T01:20:00Z,,0
S012624,validation,1,0,none,none,2025-04-23T01:30:00Z,,0
S012625,validation,1,0,none,none,2025-04-23T01:40:00Z,1,1
S012626,validation,1,0,none,none,2025-04-23T01:50:00Z,,0
S012627,validation,1,0,none,none,2025-04-23T02:00:00Z,,0
S012628,validation,1,0,none,none,2025-04-23T02:10:00Z,,0
S012629,validation,0,1,warpage,assembly,2025-04-23T02:20:00Z,,0
S012630,validation,1,0,none,none,2025-04-23T02:30:00Z,,0
S012631,validation,1,0,none,none,2025-04-23T02:40:00Z,,0
S012632,validation,1,0,none,none,2025-04-23T02:50:00Z,,0
S012633,validation,1,0,none,none,2025-04-23T03:00:00Z,1,1
S012634,validation,1,0,none,none,2025-04-23T03:10:00Z,,0
S012635,validation,1,0,none,none,2025-04-23T03:20:00Z,,0
S012636,validation,1,0,none,none,2025-04-23T03:30:00Z,1,1
S012637,validation,1,0,none,none,2025-04-23T03:40:00Z,,0
S012638,validation,1,0,none,none,2025-04-23T03:50:00Z,1,1
S012639,validation,1,0,none,none,2025-04-23T04:00:00Z,,0
S012640,validation,1,0,none,none,2025-04-23T04:10:00Z,,0
S012641,validation,1,0,none,none,2025-04-23T04:20:00Z,,0
S012642,validation,1,0,none,none,2025-04-23T04:30:00Z,,0
S012643,validation,1,0,none,none,2025-04-23T04:40:00Z,,0
S012644,validation,1,0,none,none,2025-04-23T04:50:00Z,,0
S012645,validation,1,0,none,none,2025-04-23T05:00:00Z,,0
S012646,validation,1,0,none,none,2025-04-23T05:10:00Z,,0
S012647,validation,1,0,none,none,2025-04-23T05:20:00Z,1,1
S012648,validation,1,0,none,none,2025-04-23T05:30:00Z,,0
S012649,validation,1,0,none,none,2025-04-23T05:40:00Z,,0
S012650,validation,1,0,none,none,2025-04-23T05:50:00Z,,0
S012651,validation,1,0,none,none,2025-04-23T06:00:00Z,,0
S012652,validation,1,0,none,none,2025-04-23T06:10:00Z,1,1
S012653,validation,1,0,none,none,2025-04-23T06:20:00Z,1,1
S012654,validation,1,0,none,none,2025-04-23T06:30:00Z,1,1
S012655,validation,1,0,none,none,2025-04-23T06:40:00Z,,0
S012656,validation,1,0,none,none,2025-04-23T06:50:00Z,,0
S012657,validation,1,0,none,none,2025-04-23T07:00:00Z,,0
S012658,validation,1,0,none,none,2025-04-23T07:10:00Z,1,1
S012659,validation,1,0,none,none,2025-04-23T07:20:00Z,,0
S012660,validation,1,0,none,none,2025-04-23T07:30:00Z,,0
S012661,validation,1,0,none,none,2025-04-23T03:40:00Z,,0
S012662,validation,1,0,none,none,2025-04-23T03:50:00Z,,0
S012663,validation,1,0,none,none,2025-04-23T04:00:00Z,,0
S012664,validation,1,0,none,none,2025-04-23T04:10:00Z,,0
S012665,validation,1,0,none,none,2025-04-23T04:20:00Z,,0
S012666,validation,1,0,none,none,2025-04-23T04:30:00Z,,0
S012667,validation,1,0,none,none,2025-04-23T04:40:00Z,,0
S012668,validation,1,0,none,none,2025-04-23T04:50:00Z,1,1
S012669,validation,1,0,none,none,2025-04-23T05:00:00Z,,0
S012670,validation,1,0,none,none,2025-04-23T05:10:00Z,,0
S012671,validation,1,0,none,none,2025-04-23T05:20:00Z,,0
S012672,validation,1,0,none,none,2025-04-23T05:30:00Z,,0
S012673,validation,1,0,none,none,2025-04-23T05:40:00Z,1,1
S012674,validation,1,0,none,none,2025-04-23T05:50:00Z,,0
S012675,validation,0,1,dram_electrical,dram_or_base,2025-04-23T06:00:00Z,,0
S012676,validation,1,0,none,none,2025-04-23T06:10:00Z,,0
S012677,validation,1,0,none,none,2025-04-23T06:20:00Z,,0
S012678,validation,1,0,none,none,2025-04-23T06:30:00Z,,0
S012679,validation,1,0,none,none,2025-04-23T06:40:00Z,1,1
S012680,validation,1,0,none,none,2025-04-23T06:50:00Z,,0
S012681,validation,1,0,none,none,2025-04-23T07:00:00Z,,0
S012682,validation,1,0,none,none,2025-04-23T07:10:00Z,,0
S012683,validation,1,0,none,none,2025-04-23T07:20:00Z,,0
S012684,validation,1,0,none,none,2025-04-23T07:30:00Z,,0
S012685,validation,1,0,none,none,2025-04-23T07:40:00Z,,0
S012686,validation,1,0,none,none,2025-04-23T07:50:00Z,,0
S012687,validation,1,0,none,none,2025-04-23T08:00:00Z,,0
S012688,validation,1,0,none,none,2025-04-23T08:10:00Z,,0
S012689,validation,1,0,none,none,2025-04-23T08:20:00Z,,0
S012690,validation,1,0,none,none,2025-04-23T08:30:00Z,,0
S012691,validation,1,0,none,none,2025-04-23T08:40:00Z,1,1
S012692,validation,0,1,warpage,assembly,2025-04-23T08:50:00Z,,0
S012693,validation,1,0,none,none,2025-04-23T09:00:00Z,,0
S012694,validation,1,0,none,none,2025-04-23T09:10:00Z,1,1
S012695,validation,1,0,none,none,2025-04-23T09:20:00Z,,0
S012696,validation,1,0,none,none,2025-04-23T09:30:00Z,1,1
S012697,validation,1,0,none,none,2025-04-23T09:40:00Z,,0
S012698,validation,1,0,none,none,2025-04-23T09:50:00Z,,0
S012699,validation,1,0,none,none,2025-04-23T10:00:00Z,,0
S012700,validation,1,0,none,none,2025-04-23T10:10:00Z,1,1
S012701,validation,1,0,none,none,2025-04-23T10:20:00Z,,0
S012702,validation,1,0,none,none,2025-04-23T10:30:00Z,,0
S012703,validation,1,0,none,none,2025-04-23T10:40:00Z,1,1
S012704,validation,1,0,none,none,2025-04-23T10:50:00Z,1,1
S012705,validation,0,1,warpage,assembly,2025-04-23T11:00:00Z,,0
S012706,validation,1,0,none,none,2025-04-23T11:10:00Z,,0
S012707,validation,1,0,none,none,2025-04-23T11:20:00Z,1,1
S012708,validation,1,0,none,none,2025-04-23T11:30:00Z,,0
S012709,validation,1,0,none,none,2025-04-23T11:40:00Z,1,1
S012710,validation,0,1,warpage,assembly,2025-04-23T11:50:00Z,,0
S012711,validation,1,0,none,none,2025-04-23T12:00:00Z,,0
S012712,validation,1,0,none,none,2025-04-23T12:10:00Z,,0
S012713,validation,1,0,none,none,2025-04-23T12:20:00Z,,0
S012714,validation,1,0,none,none,2025-04-23T12:30:00Z,,0
S012715,validation,1,0,none,none,2025-04-23T12:40:00Z,,0
S012716,validation,1,0,none,none,2025-04-23T12:50:00Z,,0
S012717,validation,1,0,none,none,2025-04-23T13:00:00Z,,0
S012718,validation,1,0,none,none,2025-04-23T13:10:00Z,,0
S012719,validation,1,0,none,none,2025-04-23T13:20:00Z,,0
S012720,validation,1,0,none,none,2025-04-23T13:30:00Z,,0
S012721,validation,1,0,none,none,2025-04-23T13:40:00Z,,0
S012722,validation,1,0,none,none,2025-04-23T13:50:00Z,,0
S012723,validation,1,0,none,none,2025-04-23T14:00:00Z,,0
S012724,validation,1,0,none,none,2025-04-23T14:10:00Z,1,1
S012725,validation,1,0,none,none,2025-04-23T14:20:00Z,,0
S012726,validation,1,0,none,none,2025-04-23T14:30:00Z,,0
S012727,validation,0,1,underfill_void,molding,2025-04-23T14:40:00Z,,0
S012728,validation,1,0,none,none,2025-04-23T14:50:00Z,,0
S012729,validation,1,0,none,none,2025-04-23T15:00:00Z,,0
S012730,validation,1,0,none,none,2025-04-23T15:10:00Z,,0
S012731,validation,1,0,none,none,2025-04-23T15:20:00Z,,0
S012732,validation,1,0,none,none,2025-04-23T15:30:00Z,,0
S012733,validation,1,0,none,none,2025-04-23T15:40:00Z,,0
S012734,validation,1,0,none,none,2025-04-23T15:50:00Z,,0
S012735,validation,1,0,none,none,2025-04-23T16:00:00Z,,0
S012736,validation,1,0,none,none,2025-04-23T16:10:00Z,,0
S012737,validation,1,0,none,none,2025-04-23T16:20:00Z,,0
S012738,validation,1,0,none,none,2025-04-23T16:30:00Z,,0
S012739,validation,1,0,none,none,2025-04-23T16:40:00Z,,0
S012740,validation,1,0,none,none,2025-04-23T16:50:00Z,,0
S012741,validation,1,0,none,none,2025-04-23T17:00:00Z,,0
S012742,validation,1,0,none,none,2025-04-23T17:10:00Z,,0
S012743,validation,0,1,tsv_open_short,tsv_or_interconnect,2025-04-23T17:20:00Z,,0
S012744,validation,1,0,none,none,2025-04-23T17:30:00Z,,0
S012745,validation,1,0,none,none,2025-04-23T17:40:00Z,,0
S012746,validation,1,0,none,none,2025-04-23T17:50:00Z,1,1
S012747,validation,1,0,none,none,2025-04-23T18:00:00Z,,0
S012748,validation,1,0,none,none,2025-04-23T18:10:00Z,,0
S012749,validation,1,0,none,none,2025-04-23T18:20:00Z,,0
S012750,validation,1,0,none,none,2025-04-23T18:30:00Z,,0
S012751,validation,1,0,none,none,2025-04-23T18:40:00Z,,0
S012752,validation,1,0,none,none,2025-04-23T18:50:00Z,1,1
S012753,validation,1,0,none,none,2025-04-23T19:00:00Z,,0
S012754,validation,1,0,none,none,2025-04-23T19:10:00Z,,0
S012755,validation,1,0,none,none,2025-04-23T19:20:00Z,,0
S012756,validation,1,0,none,none,2025-04-23T19:30:00Z,,0
S012757,validation,0,1,underfill_void,molding,2025-04-23T15:40:00Z,,0
S012758,validation,0,1,delamination,molding,2025-04-23T15:50:00Z,,0
S012759,validation,1,0,none,none,2025-04-23T16:00:00Z,,0
S012760,validation,1,0,none,none,2025-04-23T16:10:00Z,,0
S012761,validation,1,0,none,none,2025-04-23T16:20:00Z,,0
S012762,validation,1,0,none,none,2025-04-23T16:30:00Z,,0
S012763,validation,1,0,none,none,2025-04-23T16:40:00Z,1,1
S012764,validation,1,0,none,none,2025-04-23T16:50:00Z,,0
S012765,validation,1,0,none,none,2025-04-23T17:00:00Z,,0
S012766,validation,0,1,warpage,assembly,2025-04-23T17:10:00Z,,0
S012767,validation,1,0,none,none,2025-04-23T17:20:00Z,,0
S012768,validation,0,1,underfill_void,molding,2025-04-23T17:30:00Z,,0
S012769,validation,1,0,none,none,2025-04-23T17:40:00Z,,0
S012770,validation,1,0,none,none,2025-04-23T17:50:00Z,,0
S012771,validation,1,0,none,none,2025-04-23T18:00:00Z,,0
S012772,validation,1,0,none,none,2025-04-23T18:10:00Z,,0
S012773,validation,1,0,none,none,2025-04-23T18:20:00Z,1,1
S012774,validation,1,0,none,none,2025-04-23T18:30:00Z,,0
S012775,validation,1,0,none,none,2025-04-23T18:40:00Z,,0
S012776,validation,1,0,none,none,2025-04-23T18:50:00Z,,0
S012777,validation,1,0,none,none,2025-04-23T19:00:00Z,,0
S012778,validation,0,1,tsv_open_short,tsv_or_interconnect,2025-04-23T19:10:00Z,,0
S012779,validation,1,0,none,none,2025-04-23T19:20:00Z,,0
S012780,validation,1,0,none,none,2025-04-23T19:30:00Z,1,1
S012781,validation,1,0,none,none,2025-04-23T19:40:00Z,,0
S012782,validation,1,0,none,none,2025-04-23T19:50:00Z,,0
S012783,validation,1,0,none,none,2025-04-23T20:00:00Z,,0
S012784,validation,1,0,none,none,2025-04-23T20:10:00Z,,0
S012785,validation,1,0,none,none,2025-04-23T20:20:00Z,1,1
S012786,validation,1,0,none,none,2025-04-23T20:30:00Z,1,1
S012787,validation,1,0,none,none,2025-04-23T20:40:00Z,,0
S012788,validation,1,0,none,none,2025-04-23T20:50:00Z,,0
S012789,validation,1,0,none,none,2025-04-23T21:00:00Z,1,1
S012790,validation,1,0,none,none,2025-04-23T21:10:00Z,,0
S012791,validation,1,0,none,none,2025-04-23T21:20:00Z,,0
S012792,validation,1,0,none,none,2025-04-23T21:30:00Z,,0
S012793,validation,1,0,none,none,2025-04-23T21:40:00Z,,0
S012794,validation,1,0,none,none,2025-04-23T21:50:00Z,,0
S012795,validation,1,0,none,none,2025-04-23T22:00:00Z,1,1
S012796,validation,0,1,microbump_open_bridge,reflow,2025-04-23T22:10:00Z,,0
S012797,validation,1,0,none,none,2025-04-23T22:20:00Z,,0
S012798,validation,1,0,none,none,2025-04-23T22:30:00Z,,0
S012799,validation,1,0,none,none,2025-04-23T22:40:00Z,1,1
S012800,validation,1,0,none,none,2025-04-23T22:50:00Z,,0
S012801,validation,1,0,none,none,2025-04-23T23:00:00Z,,0
S012802,validation,1,0,none,none,2025-04-23T23:10:00Z,,0
S012803,validation,1,0,none,none,2025-04-23T23:20:00Z,,0
S012804,validation,1,0,none,none,2025-04-23T23:30:00Z,,0
S012805,validation,1,0,none,none,2025-04-23T23:40:00Z,,0
S012806,validation,1,0,none,none,2025-04-23T23:50:00Z,,0
S012807,validation,1,0,none,none,2025-04-24T00:00:00Z,,0
S012808,validation,1,0,none,none,2025-04-24T00:10:00Z,,0
S012809,validation,1,0,none,none,2025-04-24T00:20:00Z,,0
S012810,validation,1,0,none,none,2025-04-24T00:30:00Z,,0
S012811,validation,1,0,none,none,2025-04-24T00:40:00Z,,0
S012812,validation,1,0,none,none,2025-04-24T00:50:00Z,,0
S012813,validation,1,0,none,none,2025-04-24T01:00:00Z,,0
S012814,validation,1,0,none,none,2025-04-24T01:10:00Z,,0
S012815,validation,1,0,none,none,2025-04-24T01:20:00Z,,0
S012816,validation,1,0,none,none,2025-04-24T01:30:00Z,,0
S012817,validation,1,0,none,none,2025-04-24T01:40:00Z,,0
S012818,validation,1,0,none,none,2025-04-24T01:50:00Z,1,1
S012819,validation,1,0,none,none,2025-04-24T02:00:00Z,,0
S012820,validation,1,0,none,none,2025-04-24T02:10:00Z,,0
S012821,validation,1,0,none,none,2025-04-24T02:20:00Z,1,1
S012822,validation,1,0,none,none,2025-04-24T02:30:00Z,,0
S012823,validation,1,0,none,none,2025-04-24T02:40:00Z,,0
S012824,validation,1,0,none,none,2025-04-24T02:50:00Z,1,1
S012825,validation,1,0,none,none,2025-04-24T03:00:00Z,,0
S012826,validation,1,0,none,none,2025-04-24T03:10:00Z,1,1
S012827,validation,1,0,none,none,2025-04-24T03:20:00Z,,0
S012828,validation,0,1,microbump_open_bridge,reflow,2025-04-24T03:30:00Z,,0
S012829,validation,0,1,underfill_void,molding,2025-04-24T03:40:00Z,,0
S012830,validation,1,0,none,none,2025-04-24T03:50:00Z,,0
S012831,validation,1,0,none,none,2025-04-24T04:00:00Z,,0
S012832,validation,1,0,none,none,2025-04-24T04:10:00Z,,0
S012833,validation,1,0,none,none,2025-04-24T04:20:00Z,,0
S012834,validation,1,0,none,none,2025-04-24T04:30:00Z,,0
S012835,validation,1,0,none,none,2025-04-24T04:40:00Z,,0
S012836,validation,1,0,none,none,2025-04-24T04:50:00Z,,0
S012837,validation,1,0,none,none,2025-04-24T05:00:00Z,1,1
S012838,validation,1,0,none,none,2025-04-24T05:10:00Z,,0
S012839,validation,1,0,none,none,2025-04-24T05:20:00Z,1,1
S012840,validation,1,0,none,none,2025-04-24T05:30:00Z,1,1
S012841,validation,1,0,none,none,2025-04-24T05:40:00Z,,0
S012842,validation,1,0,none,none,2025-04-24T05:50:00Z,,0
S012843,validation,1,0,none,none,2025-04-24T06:00:00Z,,0
S012844,validation,1,0,none,none,2025-04-24T06:10:00Z,,0
S012845,validation,1,0,none,none,2025-04-24T06:20:00Z,,0
S012846,validation,1,0,none,none,2025-04-24T06:30:00Z,1,1
S012847,validation,1,0,none,none,2025-04-24T06:40:00Z,,0
S012848,validation,1,0,none,none,2025-04-24T06:50:00Z,,0
S012849,validation,1,0,none,none,2025-04-24T07:00:00Z,,0
S012850,validation,1,0,none,none,2025-04-24T07:10:00Z,,0
S012851,validation,1,0,none,none,2025-04-24T07:20:00Z,,0
S012852,validation,1,0,none,none,2025-04-24T03:40:00Z,,0
S012853,validation,1,0,none,none,2025-04-24T03:50:00Z,,0
S012854,validation,1,0,none,none,2025-04-24T04:00:00Z,1,1
S012855,validation,1,0,none,none,2025-04-24T04:10:00Z,,0
S012856,validation,1,0,none,none,2025-04-24T04:20:00Z,,0
S012857,validation,1,0,none,none,2025-04-24T04:30:00Z,,0
S012858,validation,0,1,underfill_void,molding,2025-04-24T04:40:00Z,,0
S012859,validation,1,0,none,none,2025-04-24T04:50:00Z,,0
S012860,validation,1,0,none,none,2025-04-24T05:00:00Z,1,1
S012861,validation,1,0,none,none,2025-04-24T05:10:00Z,,0
S012862,validation,1,0,none,none,2025-04-24T05:20:00Z,,0
S012863,validation,1,0,none,none,2025-04-24T05:30:00Z,,0
S012864,validation,1,0,none,none,2025-04-24T05:40:00Z,,0
S012865,validation,1,0,none,none,2025-04-24T05:50:00Z,,0
S012866,validation,1,0,none,none,2025-04-24T06:00:00Z,,0
S012867,validation,1,0,none,none,2025-04-24T06:10:00Z,,0
S012868,validation,1,0,none,none,2025-04-24T06:20:00Z,,0
S012869,validation,1,0,none,none,2025-04-24T06:30:00Z,,0
S012870,validation,1,0,none,none,2025-04-24T06:40:00Z,1,1
S012871,validation,1,0,none,none,2025-04-24T06:50:00Z,,0
S012872,validation,1,0,none,none,2025-04-24T07:00:00Z,,0
S012873,validation,1,0,none,none,2025-04-24T07:10:00Z,,0
S012874,validation,1,0,none,none,2025-04-24T07:20:00Z,,0
S012875,validation,1,0,none,none,2025-04-24T07:30:00Z,,0
S012876,validation,1,0,none,none,2025-04-24T07:40:00Z,,0
S012877,validation,1,0,none,none,2025-04-24T07:50:00Z,,0
S012878,validation,1,0,none,none,2025-04-24T08:00:00Z,,0
S012879,validation,1,0,none,none,2025-04-24T08:10:00Z,,0
S012880,validation,1,0,none,none,2025-04-24T08:20:00Z,,0
S012881,validation,0,1,microbump_open_bridge,reflow,2025-04-24T08:30:00Z,,0
S012882,validation,1,0,none,none,2025-04-24T08:40:00Z,,0
S012883,validation,1,0,none,none,2025-04-24T08:50:00Z,1,1
S012884,validation,1,0,none,none,2025-04-24T09:00:00Z,,0
S012885,validation,1,0,none,none,2025-04-24T09:10:00Z,1,1
S012886,validation,1,0,none,none,2025-04-24T09:20:00Z,1,1
S012887,validation,1,0,none,none,2025-04-24T09:30:00Z,,0
S012888,validation,1,0,none,none,2025-04-24T09:40:00Z,,0
S012889,validation,1,0,none,none,2025-04-24T09:50:00Z,,0
S012890,validation,1,0,none,none,2025-04-24T10:00:00Z,,0
S012891,validation,1,0,none,none,2025-04-24T10:10:00Z,,0
S012892,validation,1,0,none,none,2025-04-24T10:20:00Z,1,1
S012893,validation,1,0,none,none,2025-04-24T10:30:00Z,,0
S012894,validation,1,0,none,none,2025-04-24T10:40:00Z,,0
S012895,validation,1,0,none,none,2025-04-24T10:50:00Z,,0
S012896,validation,1,0,none,none,2025-04-24T11:00:00Z,,0
S012897,validation,1,0,none,none,2025-04-24T11:10:00Z,,0
S012898,validation,1,0,none,none,2025-04-24T11:20:00Z,,0
S012899,validation,1,0,none,none,2025-04-24T11:30:00Z,1,1
S012900,validation,1,0,none,none,2025-04-24T11:40:00Z,1,1
S012901,validation,1,0,none,none,2025-04-24T11:50:00Z,,0
S012902,validation,0,1,tsv_open_short,tsv_or_interconnect,2025-04-24T12:00:00Z,,0
S012903,validation,1,0,none,none,2025-04-24T12:10:00Z,,0
S012904,validation,1,0,none,none,2025-04-24T12:20:00Z,,0
S012905,validation,1,0,none,none,2025-04-24T12:30:00Z,,0
S012906,validation,1,0,none,none,2025-04-24T12:40:00Z,,0
S012907,validation,1,0,none,none,2025-04-24T12:50:00Z,,0
S012908,validation,1,0,none,none,2025-04-24T13:00:00Z,,0
S012909,validation,1,0,none,none,2025-04-24T13:10:00Z,,0
S012910,validation,1,0,none,none,2025-04-24T13:20:00Z,,0
S012911,validation,1,0,none,none,2025-04-24T13:30:00Z,,0
S012912,validation,1,0,none,none,2025-04-24T13:40:00Z,,0
S012913,validation,1,0,none,none,2025-04-24T13:50:00Z,,0
S012914,validation,1,0,none,none,2025-04-24T15:40:00Z,,0
S012915,validation,1,0,none,none,2025-04-24T15:50:00Z,,0
S012916,validation,1,0,none,none,2025-04-24T16:00:00Z,,0
S012917,validation,1,0,none,none,2025-04-24T16:10:00Z,,0
S012918,validation,0,1,microbump_open_bridge,reflow,2025-04-24T16:20:00Z,,0
S012919,validation,1,0,none,none,2025-04-24T16:30:00Z,,0
S012920,validation,1,0,none,none,2025-04-24T16:40:00Z,,0
S012921,validation,1,0,none,none,2025-04-24T16:50:00Z,,0
S012922,validation,1,0,none,none,2025-04-24T17:00:00Z,,0
S012923,validation,1,0,none,none,2025-04-24T17:10:00Z,1,1
S012924,validation,1,0,none,none,2025-04-24T17:20:00Z,1,1
S012925,validation,1,0,none,none,2025-04-24T17:30:00Z,,0
S012926,validation,1,0,none,none,2025-04-24T17:40:00Z,,0
S012927,validation,1,0,none,none,2025-04-24T17:50:00Z,,0
S012928,validation,1,0,none,none,2025-04-24T18:00:00Z,1,1
S012929,validation,1,0,none,none,2025-04-24T18:10:00Z,,0
S012930,validation,1,0,none,none,2025-04-24T18:20:00Z,1,1
S012931,validation,1,0,none,none,2025-04-24T18:30:00Z,,0
S012932,validation,1,0,none,none,2025-04-24T18:40:00Z,,0
S012933,validation,1,0,none,none,2025-04-24T18:50:00Z,1,1
S012934,validation,1,0,none,none,2025-04-24T19:00:00Z,,0
S012935,validation,1,0,none,none,2025-04-24T19:10:00Z,,0
S012936,validation,1,0,none,none,2025-04-24T19:20:00Z,,0
S012937,validation,1,0,none,none,2025-04-24T19:30:00Z,,0
S012938,validation,1,0,none,none,2025-04-24T19:40:00Z,,0
S012939,validation,1,0,none,none,2025-04-24T19:50:00Z,,0
S012940,validation,1,0,none,none,2025-04-24T20:00:00Z,,0
S012941,validation,1,0,none,none,2025-04-24T20:10:00Z,,0
S012942,validation,1,0,none,none,2025-04-24T20:20:00Z,,0
S012943,validation,1,0,none,none,2025-04-24T20:30:00Z,,0
S012944,validation,1,0,none,none,2025-04-24T20:40:00Z,,0
S012945,validation,1,0,none,none,2025-04-24T20:50:00Z,,0
S012946,validation,1,0,none,none,2025-04-24T21:00:00Z,,0
S012947,validation,1,0,none,none,2025-04-24T21:10:00Z,,0
S012948,validation,1,0,none,none,2025-04-24T21:20:00Z,1,1
S012949,validation,1,0,none,none,2025-04-24T21:30:00Z,,0
S012950,validation,1,0,none,none,2025-04-24T21:40:00Z,,0
S012951,validation,1,0,none,none,2025-04-24T21:50:00Z,,0
S012952,validation,1,0,none,none,2025-04-24T22:00:00Z,,0
S012953,validation,1,0,none,none,2025-04-24T22:10:00Z,,0
S012954,validation,1,0,none,none,2025-04-24T22:20:00Z,,0
S012955,validation,1,0,none,none,2025-04-24T22:30:00Z,,0
S012956,validation,1,0,none,none,2025-04-24T22:40:00Z,1,1
S012957,validation,1,0,none,none,2025-04-24T22:50:00Z,,0
S012958,validation,1,0,none,none,2025-04-24T23:00:00Z,,0
S012959,validation,1,0,none,none,2025-04-24T23:10:00Z,,0
S012960,validation,1,0,none,none,2025-04-24T23:20:00Z,,0
S012961,validation,1,0,none,none,2025-04-24T23:30:00Z,,0
S012962,validation,1,0,none,none,2025-04-24T23:40:00Z,1,1
S012963,validation,1,0,none,none,2025-04-24T23:50:00Z,,0
S012964,validation,1,0,none,none,2025-04-25T00:00:00Z,,0
S012965,validation,1,0,none,none,2025-04-25T00:10:00Z,1,1
S012966,validation,1,0,none,none,2025-04-25T00:20:00Z,,0
S012967,validation,1,0,none,none,2025-04-25T00:30:00Z,,0
S012968,validation,1,0,none,none,2025-04-25T00:40:00Z,,0
S012969,validation,1,0,none,none,2025-04-25T00:50:00Z,1,1
S012970,validation,1,0,none,none,2025-04-25T01:00:00Z,,0
S012971,validation,1,0,none,none,2025-04-25T01:10:00Z,,0
S012972,validation,0,1,delamination,molding,2025-04-25T01:20:00Z,,0
S012973,validation,1,0,none,none,2025-04-25T01:30:00Z,1,1
S012974,validation,1,0,none,none,2025-04-25T01:40:00Z,,0
S012975,validation,1,0,none,none,2025-04-25T01:50:00Z,,0
S012976,validation,1,0,none,none,2025-04-25T02:00:00Z,,0
S012977,validation,1,0,none,none,2025-04-25T02:10:00Z,,0
S012978,validation,1,0,none,none,2025-04-25T02:20:00Z,,0
S012979,validation,1,0,none,none,2025-04-25T02:30:00Z,,0
S012980,validation,1,0,none,none,2025-04-25T02:40:00Z,1,1
S012981,validation,1,0,none,none,2025-04-25T02:50:00Z,1,1
S012982,validation,1,0,none,none,2025-04-25T03:00:00Z,,0
S012983,validation,1,0,none,none,2025-04-25T03:10:00Z,,0
S012984,validation,1,0,none,none,2025-04-25T03:20:00Z,,0
S012985,validation,1,0,none,none,2025-04-25T03:30:00Z,1,1
S012986,validation,1,0,none,none,2025-04-25T03:40:00Z,,0
S012987,validation,1,0,none,none,2025-04-25T03:50:00Z,,0
S012988,validation,1,0,none,none,2025-04-25T04:00:00Z,,0
S012989,validation,1,0,none,none,2025-04-25T04:10:00Z,,0
S012990,validation,1,0,none,none,2025-04-25T04:20:00Z,,0
S012991,validation,0,1,warpage,assembly,2025-04-25T04:30:00Z,,0
S012992,validation,1,0,none,none,2025-04-25T04:40:00Z,,0
S012993,validation,1,0,none,none,2025-04-25T04:50:00Z,,0
S012994,validation,1,0,none,none,2025-04-25T05:00:00Z,,0
S012995,validation,1,0,none,none,2025-04-25T05:10:00Z,,0
S012996,validation,1,0,none,none,2025-04-25T05:20:00Z,,0
S012997,validation,1,0,none,none,2025-04-25T05:30:00Z,,0
S012998,validation,1,0,none,none,2025-04-25T05:40:00Z,,0
S012999,validation,1,0,none,none,2025-04-25T05:50:00Z,,0
S013000,validation,1,0,none,none,2025-04-25T06:00:00Z,,0
S013001,validation,1,0,none,none,2025-04-25T06:10:00Z,,0
S013002,validation,1,0,none,none,2025-04-25T06:20:00Z,,0
S013003,validation,1,0,none,none,2025-04-25T06:30:00Z,,0
S013004,validation,1,0,none,none,2025-04-25T06:40:00Z,,0
S013005,validation,1,0,none,none,2025-04-25T06:50:00Z,,0
S013006,validation,1,0,none,none,2025-04-25T07:00:00Z,,0
S013007,validation,1,0,none,none,2025-04-25T07:10:00Z,,0
S013008,validation,1,0,none,none,2025-04-25T07:20:00Z,,0
S013009,validation,1,0,none,none,2025-04-25T03:40:00Z,,0
S013010,validation,1,0,none,none,2025-04-25T03:50:00Z,,0
S013011,validation,1,0,none,none,2025-04-25T04:00:00Z,,0
S013012,validation,1,0,none,none,2025-04-25T04:10:00Z,,0
S013013,validation,1,0,none,none,2025-04-25T04:20:00Z,,0
S013014,validation,1,0,none,none,2025-04-25T04:30:00Z,,0
S013015,validation,1,0,none,none,2025-04-25T04:40:00Z,,0
S013016,validation,1,0,none,none,2025-04-25T04:50:00Z,,0
S013017,validation,1,0,none,none,2025-04-25T05:00:00Z,1,1
S013018,validation,1,0,none,none,2025-04-25T05:10:00Z,0,1
S013019,validation,1,0,none,none,2025-04-25T05:20:00Z,,0
S013020,validation,1,0,none,none,2025-04-25T05:30:00Z,1,1
S013021,validation,1,0,none,none,2025-04-25T05:40:00Z,,0
S013022,validation,1,0,none,none,2025-04-25T05:50:00Z,1,1
S013023,validation,1,0,none,none,2025-04-25T06:00:00Z,1,1
S013024,validation,1,0,none,none,2025-04-25T06:10:00Z,1,1
S013025,validation,1,0,none,none,2025-04-25T06:20:00Z,,0
S013026,validation,1,0,none,none,2025-04-25T06:30:00Z,0,1
S013027,validation,1,0,none,none,2025-04-25T06:40:00Z,,0
S013028,validation,1,0,none,none,2025-04-25T06:50:00Z,0,1
S013029,validation,1,0,none,none,2025-04-25T07:00:00Z,0,1
S013030,validation,1,0,none,none,2025-04-25T07:10:00Z,,0
S013031,validation,1,0,none,none,2025-04-25T07:20:00Z,,0
S013032,validation,1,0,none,none,2025-04-25T07:30:00Z,1,1
S013033,validation,1,0,none,none,2025-04-25T07:40:00Z,,0
S013034,validation,1,0,none,none,2025-04-25T07:50:00Z,,0
S013035,validation,1,0,none,none,2025-04-25T08:00:00Z,,0
S013036,validation,1,0,none,none,2025-04-25T08:10:00Z,,0
S013037,validation,1,0,none,none,2025-04-25T08:20:00Z,1,1
S013038,validation,1,0,none,none,2025-04-25T08:30:00Z,1,1
S013039,validation,1,0,none,none,2025-04-25T08:40:00Z,,0
S013040,validation,1,0,none,none,2025-04-25T08:50:00Z,,0
S013041,validation,1,0,none,none,2025-04-25T09:00:00Z,,0
S013042,validation,1,0,none,none,2025-04-25T09:10:00Z,,0
S013043,validation,1,0,none,none,2025-04-25T09:20:00Z,,0
S013044,validation,1,0,none,none,2025-04-25T09:30:00Z,,0
S013045,validation,1,0,none,none,2025-04-25T09:40:00Z,,0
S013046,validation,1,0,none,none,2025-04-25T09:50:00Z,,0
S013047,validation,1,0,none,none,2025-04-25T10:00:00Z,,0
S013048,validation,1,0,none,none,2025-04-25T10:10:00Z,,0
S013049,validation,1,0,none,none,2025-04-25T10:20:00Z,,0
S013050,validation,1,0,none,none,2025-04-25T10:30:00Z,,0
S013051,validation,1,0,none,none,2025-04-25T10:40:00Z,,0
S013052,validation,1,0,none,none,2025-04-25T10:50:00Z,,0
S013053,validation,1,0,none,none,2025-04-25T11:00:00Z,,0
S013054,validation,1,0,none,none,2025-04-25T11:10:00Z,,0
S013055,validation,1,0,none,none,2025-04-25T11:20:00Z,1,1
S013056,validation,1,0,none,none,2025-04-25T11:30:00Z,0,1
S013057,validation,1,0,none,none,2025-04-25T11:40:00Z,,0
S013058,validation,1,0,none,none,2025-04-25T11:50:00Z,1,1
S013059,validation,1,0,none,none,2025-04-25T12:00:00Z,,0
S013060,validation,1,0,none,none,2025-04-25T12:10:00Z,1,1
S013061,validation,1,0,none,none,2025-04-25T12:20:00Z,,0
S013062,validation,1,0,none,none,2025-04-25T12:30:00Z,,0
S013063,validation,1,0,none,none,2025-04-25T12:40:00Z,1,1
S013064,validation,1,0,none,none,2025-04-25T12:50:00Z,,0
S013065,validation,1,0,none,none,2025-04-25T13:00:00Z,,0
S013066,validation,1,0,none,none,2025-04-25T13:10:00Z,,0
S013067,validation,1,0,none,none,2025-04-25T13:20:00Z,,0
S013068,validation,1,0,none,none,2025-04-25T13:30:00Z,,0
S013069,validation,1,0,none,none,2025-04-25T13:40:00Z,,0
S013070,validation,1,0,none,none,2025-04-25T13:50:00Z,1,1
S013071,validation,1,0,none,none,2025-04-25T14:00:00Z,1,1
S013072,validation,1,0,none,none,2025-04-25T14:10:00Z,,0
S013073,validation,0,1,delamination,molding,2025-04-25T15:40:00Z,,0
S013074,validation,1,0,none,none,2025-04-25T15:50:00Z,1,1
S013075,validation,1,0,none,none,2025-04-25T16:00:00Z,,0
S013076,validation,1,0,none,none,2025-04-25T16:10:00Z,1,1
S013077,validation,1,0,none,none,2025-04-25T16:20:00Z,,0
S013078,validation,1,0,none,none,2025-04-25T16:30:00Z,,0
S013079,validation,1,0,none,none,2025-04-25T16:40:00Z,,0
S013080,validation,1,0,none,none,2025-04-25T16:50:00Z,,0
S013081,validation,1,0,none,none,2025-04-25T17:00:00Z,,0
S013082,validation,0,1,tsv_open_short,tsv_or_interconnect,2025-04-25T17:10:00Z,,0
S013083,validation,0,1,tsv_open_short,tsv_or_interconnect,2025-04-25T17:20:00Z,,0
S013084,validation,1,0,none,none,2025-04-25T17:30:00Z,,0
S013085,validation,1,0,none,none,2025-04-25T17:40:00Z,,0
S013086,validation,1,0,none,none,2025-04-25T17:50:00Z,1,1
S013087,validation,1,0,none,none,2025-04-25T18:00:00Z,,0
S013088,validation,1,0,none,none,2025-04-25T18:10:00Z,,0
S013089,validation,1,0,none,none,2025-04-25T18:20:00Z,,0
S013090,validation,1,0,none,none,2025-04-25T18:30:00Z,,0
S013091,validation,1,0,none,none,2025-04-25T18:40:00Z,,0
S013092,validation,1,0,none,none,2025-04-25T18:50:00Z,,0
S013093,validation,1,0,none,none,2025-04-25T19:00:00Z,,0
S013094,validation,1,0,none,none,2025-04-25T19:10:00Z,,0
S013095,validation,1,0,none,none,2025-04-25T19:20:00Z,,0
S013096,validation,1,0,none,none,2025-04-25T19:30:00Z,,0
S013097,validation,1,0,none,none,2025-04-25T19:40:00Z,1,1
S013098,validation,1,0,none,none,2025-04-25T19:50:00Z,,0
S013099,validation,1,0,none,none,2025-04-25T20:00:00Z,,0
S013100,validation,1,0,none,none,2025-04-25T20:10:00Z,,0
S013101,validation,1,0,none,none,2025-04-25T20:20:00Z,1,1
S013102,validation,1,0,none,none,2025-04-25T20:30:00Z,,0
S013103,validation,1,0,none,none,2025-04-25T20:40:00Z,,0
S013104,validation,1,0,none,none,2025-04-25T20:50:00Z,,0
S013105,validation,1,0,none,none,2025-04-25T21:00:00Z,1,1
S013106,validation,1,0,none,none,2025-04-25T21:10:00Z,,0
S013107,validation,1,0,none,none,2025-04-25T21:20:00Z,,0
S013108,validation,1,0,none,none,2025-04-25T21:30:00Z,0,1
S013109,validation,1,0,none,none,2025-04-25T21:40:00Z,1,1
S013110,validation,1,0,none,none,2025-04-25T21:50:00Z,1,1
S013111,validation,1,0,none,none,2025-04-25T22:00:00Z,,0
S013112,validation,1,0,none,none,2025-04-25T22:10:00Z,1,1
S013113,validation,1,0,none,none,2025-04-25T22:20:00Z,,0
S013114,validation,1,0,none,none,2025-04-25T22:30:00Z,,0
S013115,validation,1,0,none,none,2025-04-25T22:40:00Z,,0
S013116,validation,1,0,none,none,2025-04-25T22:50:00Z,,0
S013117,validation,1,0,none,none,2025-04-25T23:00:00Z,,0
S013118,validation,1,0,none,none,2025-04-25T23:10:00Z,,0
S013119,validation,1,0,none,none,2025-04-25T23:20:00Z,1,1
S013120,validation,1,0,none,none,2025-04-25T23:30:00Z,,0
S013121,validation,1,0,none,none,2025-04-25T23:40:00Z,1,1
S013122,validation,1,0,none,none,2025-04-25T23:50:00Z,,0
S013123,validation,0,1,warpage,assembly,2025-04-26T00:00:00Z,,0
S013124,validation,0,1,tsv_open_short,tsv_or_interconnect,2025-04-26T00:10:00Z,,0
S013125,validation,1,0,none,none,2025-04-26T00:20:00Z,,0
S013126,validation,1,0,none,none,2025-04-26T00:30:00Z,1,1
S013127,validation,1,0,none,none,2025-04-26T00:40:00Z,,0
S013128,validation,1,0,none,none,2025-04-26T00:50:00Z,,0
S013129,validation,1,0,none,none,2025-04-26T01:00:00Z,,0
S013130,validation,1,0,none,none,2025-04-26T01:10:00Z,,0
S013131,validation,1,0,none,none,2025-04-26T01:20:00Z,,0
S013132,validation,1,0,none,none,2025-04-26T01:30:00Z,,0
S013133,validation,1,0,none,none,2025-04-26T01:40:00Z,,0
S013134,validation,1,0,none,none,2025-04-26T03:40:00Z,,0
S013135,validation,1,0,none,none,2025-04-26T03:50:00Z,,0
S013136,validation,1,0,none,none,2025-04-26T04:00:00Z,,0
S013137,validation,1,0,none,none,2025-04-26T04:10:00Z,1,1
S013138,validation,1,0,none,none,2025-04-26T04:20:00Z,,0
S013139,validation,1,0,none,none,2025-04-26T04:30:00Z,1,1
S013140,validation,1,0,none,none,2025-04-26T04:40:00Z,,0
S013141,validation,1,0,none,none,2025-04-26T04:50:00Z,,0
S013142,validation,1,0,none,none,2025-04-26T05:00:00Z,1,1
S013143,validation,1,0,none,none,2025-04-26T05:10:00Z,,0
S013144,validation,1,0,none,none,2025-04-26T05:20:00Z,,0
S013145,validation,1,0,none,none,2025-04-26T05:30:00Z,,0
S013146,validation,1,0,none,none,2025-04-26T05:40:00Z,1,1
S013147,validation,1,0,none,none,2025-04-26T05:50:00Z,,0
S013148,validation,1,0,none,none,2025-04-26T06:00:00Z,,0
S013149,validation,1,0,none,none,2025-04-26T06:10:00Z,,0
S013150,validation,1,0,none,none,2025-04-26T06:20:00Z,,0
S013151,validation,1,0,none,none,2025-04-26T06:30:00Z,,0
S013152,validation,1,0,none,none,2025-04-26T06:40:00Z,,0
S013153,validation,1,0,none,none,2025-04-26T06:50:00Z,1,1
S013154,validation,0,1,underfill_void,molding,2025-04-26T07:00:00Z,,0
S013155,validation,1,0,none,none,2025-04-26T07:10:00Z,,0
S013156,validation,1,0,none,none,2025-04-26T07:20:00Z,1,1
S013157,validation,1,0,none,none,2025-04-26T07:30:00Z,0,1
S013158,validation,1,0,none,none,2025-04-26T07:40:00Z,1,1
S013159,validation,1,0,none,none,2025-04-26T07:50:00Z,0,1
S013160,validation,1,0,none,none,2025-04-26T08:00:00Z,,0
S013161,validation,1,0,none,none,2025-04-26T08:10:00Z,,0
S013162,validation,1,0,none,none,2025-04-26T08:20:00Z,,0
S013163,validation,1,0,none,none,2025-04-26T08:30:00Z,,0
S013164,validation,1,0,none,none,2025-04-26T08:40:00Z,,0
S013165,validation,1,0,none,none,2025-04-26T08:50:00Z,0,1
S013166,validation,1,0,none,none,2025-04-26T09:00:00Z,,0
S013167,validation,1,0,none,none,2025-04-26T09:10:00Z,1,1
S013168,validation,1,0,none,none,2025-04-26T09:20:00Z,,0
S013169,validation,1,0,none,none,2025-04-26T09:30:00Z,1,1
S013170,validation,1,0,none,none,2025-04-26T09:40:00Z,,0
S013171,validation,1,0,none,none,2025-04-26T09:50:00Z,,0
S013172,validation,1,0,none,none,2025-04-26T10:00:00Z,,0
S013173,validation,1,0,none,none,2025-04-26T10:10:00Z,,0
S013174,validation,1,0,none,none,2025-04-26T10:20:00Z,1,1
S013175,validation,1,0,none,none,2025-04-26T10:30:00Z,,0
S013176,validation,1,0,none,none,2025-04-26T10:40:00Z,,0
S013177,validation,1,0,none,none,2025-04-26T10:50:00Z,,0
S013178,validation,1,0,none,none,2025-04-26T11:00:00Z,,0
S013179,validation,1,0,none,none,2025-04-26T11:10:00Z,1,1
S013180,validation,1,0,none,none,2025-04-26T11:20:00Z,,0
S013181,validation,1,0,none,none,2025-04-26T11:30:00Z,,0
S013182,validation,1,0,none,none,2025-04-26T11:40:00Z,,0
S013183,validation,1,0,none,none,2025-04-26T11:50:00Z,,0
S013184,validation,1,0,none,none,2025-04-26T12:00:00Z,,0
S013185,validation,1,0,none,none,2025-04-26T12:10:00Z,1,1
S013186,validation,1,0,none,none,2025-04-26T12:20:00Z,,0
S013187,validation,1,0,none,none,2025-04-26T12:30:00Z,,0
S013188,validation,1,0,none,none,2025-04-26T12:40:00Z,,0
S013189,validation,0,1,warpage,assembly,2025-04-26T12:50:00Z,,0
S013190,validation,1,0,none,none,2025-04-26T13:00:00Z,,0
S013191,validation,1,0,none,none,2025-04-26T13:10:00Z,1,1
S013192,validation,1,0,none,none,2025-04-26T13:20:00Z,,0
S013193,validation,1,0,none,none,2025-04-26T13:30:00Z,,0
S013194,validation,0,1,underfill_void,molding,2025-04-26T13:40:00Z,,0
S013195,validation,1,0,none,none,2025-04-26T13:50:00Z,,0
S013196,validation,1,0,none,none,2025-04-26T14:00:00Z,,0
S013197,validation,1,0,none,none,2025-04-26T14:10:00Z,,0
S013198,validation,1,0,none,none,2025-04-26T14:20:00Z,,0
S013199,validation,1,0,none,none,2025-04-26T14:30:00Z,,0
S013200,validation,1,0,none,none,2025-04-26T14:40:00Z,,0
S013201,validation,1,0,none,none,2025-04-26T14:50:00Z,,0
S013202,validation,1,0,none,none,2025-04-26T15:00:00Z,,0
S013203,validation,1,0,none,none,2025-04-26T15:10:00Z,,0
S013204,validation,1,0,none,none,2025-04-26T15:20:00Z,,0
S013205,validation,1,0,none,none,2025-04-26T15:30:00Z,,0
S013206,validation,0,1,die_crack,handling,2025-04-26T15:40:00Z,,0
S013207,validation,1,0,none,none,2025-04-26T15:50:00Z,,0
S013208,validation,1,0,none,none,2025-04-26T16:00:00Z,,0
S013209,validation,1,0,none,none,2025-04-26T16:10:00Z,,0
S013210,validation,1,0,none,none,2025-04-26T16:20:00Z,,0
S013211,validation,1,0,none,none,2025-04-26T16:30:00Z,,0
S013212,validation,1,0,none,none,2025-04-26T16:40:00Z,,0
S013213,validation,1,0,none,none,2025-04-26T16:50:00Z,,0
S013214,validation,1,0,none,none,2025-04-26T17:00:00Z,,0
S013215,validation,1,0,none,none,2025-04-26T17:10:00Z,,0
S013216,validation,1,0,none,none,2025-04-26T17:20:00Z,,0
S013217,validation,1,0,none,none,2025-04-26T17:30:00Z,,0
S013218,validation,1,0,none,none,2025-04-26T17:40:00Z,,0
S013219,validation,1,0,none,none,2025-04-26T17:50:00Z,,0
S013220,validation,1,0,none,none,2025-04-26T18:00:00Z,,0
S013221,validation,1,0,none,none,2025-04-26T18:10:00Z,,0
S013222,validation,1,0,none,none,2025-04-26T18:20:00Z,,0
S013223,validation,1,0,none,none,2025-04-26T18:30:00Z,,0
S013224,validation,1,0,none,none,2025-04-26T18:40:00Z,,0
S013225,validation,1,0,none,none,2025-04-26T18:50:00Z,,0
S013226,validation,1,0,none,none,2025-04-26T19:00:00Z,,0
S013227,validation,1,0,none,none,2025-04-26T19:10:00Z,,0
S013228,validation,1,0,none,none,2025-04-26T15:40:00Z,,0
S013229,validation,1,0,none,none,2025-04-26T15:50:00Z,,0
S013230,validation,1,0,none,none,2025-04-26T16:00:00Z,,0
S013231,validation,1,0,none,none,2025-04-26T16:10:00Z,,0
S013232,validation,1,0,none,none,2025-04-26T16:20:00Z,,0
S013233,validation,1,0,none,none,2025-04-26T16:30:00Z,1,1
S013234,validation,1,0,none,none,2025-04-26T16:40:00Z,1,1
S013235,validation,1,0,none,none,2025-04-26T16:50:00Z,1,1
S013236,validation,1,0,none,none,2025-04-26T17:00:00Z,1,1
S013237,validation,1,0,none,none,2025-04-26T17:10:00Z,,0
S013238,validation,1,0,none,none,2025-04-26T17:20:00Z,1,1
S013239,validation,1,0,none,none,2025-04-26T17:30:00Z,,0
S013240,validation,1,0,none,none,2025-04-26T17:40:00Z,1,1
S013241,validation,1,0,none,none,2025-04-26T17:50:00Z,,0
S013242,validation,1,0,none,none,2025-04-26T18:00:00Z,,0
S013243,validation,1,0,none,none,2025-04-26T18:10:00Z,,0
S013244,validation,1,0,none,none,2025-04-26T18:20:00Z,,0
S013245,validation,1,0,none,none,2025-04-26T18:30:00Z,,0
S013246,validation,1,0,none,none,2025-04-26T18:40:00Z,,0
S013247,validation,1,0,none,none,2025-04-26T18:50:00Z,,0
S013248,validation,1,0,none,none,2025-04-26T19:00:00Z,,0
S013249,validation,0,1,tsv_open_short,tsv_or_interconnect,2025-04-26T19:10:00Z,,0
S013250,validation,1,0,none,none,2025-04-26T19:20:00Z,,0
S013251,validation,1,0,none,none,2025-04-26T19:30:00Z,,0
S013252,validation,1,0,none,none,2025-04-26T19:40:00Z,,0
S013253,validation,1,0,none,none,2025-04-26T19:50:00Z,,0
S013254,validation,1,0,none,none,2025-04-26T20:00:00Z,,0
S013255,validation,1,0,none,none,2025-04-26T20:10:00Z,,0
S013256,validation,1,0,none,none,2025-04-26T20:20:00Z,,0
S013257,validation,1,0,none,none,2025-04-26T20:30:00Z,1,1
S013258,validation,1,0,none,none,2025-04-26T20:40:00Z,,0
S013259,validation,1,0,none,none,2025-04-26T20:50:00Z,,0
S013260,validation,1,0,none,none,2025-04-26T21:00:00Z,,0
S013261,validation,1,0,none,none,2025-04-26T21:10:00Z,1,1
S013262,validation,1,0,none,none,2025-04-26T21:20:00Z,1,1
S013263,validation,1,0,none,none,2025-04-26T21:30:00Z,,0
S013264,validation,1,0,none,none,2025-04-26T21:40:00Z,,0
S013265,validation,1,0,none,none,2025-04-26T21:50:00Z,,0
S013266,validation,1,0,none,none,2025-04-26T22:00:00Z,,0
S013267,validation,1,0,none,none,2025-04-26T22:10:00Z,,0
S013268,validation,1,0,none,none,2025-04-26T22:20:00Z,0,1
S013269,validation,1,0,none,none,2025-04-26T22:30:00Z,,0
S013270,validation,1,0,none,none,2025-04-26T22:40:00Z,1,1
S013271,validation,1,0,none,none,2025-04-26T22:50:00Z,,0
S013272,validation,1,0,none,none,2025-04-26T23:00:00Z,,0
S013273,validation,1,0,none,none,2025-04-26T23:10:00Z,1,1
S013274,validation,1,0,none,none,2025-04-26T23:20:00Z,,0
S013275,validation,1,0,none,none,2025-04-26T23:30:00Z,,0
S013276,validation,1,0,none,none,2025-04-26T23:40:00Z,,0
S013277,validation,1,0,none,none,2025-04-26T23:50:00Z,,0
S013278,validation,1,0,none,none,2025-04-27T00:00:00Z,,0
S013279,validation,1,0,none,none,2025-04-27T00:10:00Z,,0
S013280,validation,1,0,none,none,2025-04-27T00:20:00Z,1,1
S013281,validation,1,0,none,none,2025-04-27T00:30:00Z,,0
S013282,validation,1,0,none,none,2025-04-27T00:40:00Z,,0
S013283,validation,1,0,none,none,2025-04-27T00:50:00Z,,0
S013284,validation,1,0,none,none,2025-04-27T01:00:00Z,,0
S013285,validation,1,0,none,none,2025-04-27T01:10:00Z,,0
S013286,validation,1,0,none,none,2025-04-27T01:20:00Z,,0
S013287,validation,1,0,none,none,2025-04-27T01:30:00Z,,0
S013288,validation,1,0,none,none,2025-04-27T01:40:00Z,,0
S013289,validation,0,1,warpage,assembly,2025-04-27T01:50:00Z,,0
S013290,validation,1,0,none,none,2025-04-27T02:00:00Z,,0
S013291,validation,1,0,none,none,2025-04-27T03:40:00Z,,0
S013292,validation,1,0,none,none,2025-04-27T03:50:00Z,,0
S013293,validation,1,0,none,none,2025-04-27T04:00:00Z,,0
S013294,validation,1,0,none,none,2025-04-27T04:10:00Z,,0
S013295,validation,1,0,none,none,2025-04-27T04:20:00Z,1,1
S013296,validation,1,0,none,none,2025-04-27T04:30:00Z,,0
S013297,validation,0,1,underfill_void,molding,2025-04-27T04:40:00Z,,0
S013298,validation,1,0,none,none,2025-04-27T04:50:00Z,,0
S013299,validation,1,0,none,none,2025-04-27T05:00:00Z,,0
S013300,validation,0,1,tsv_open_short,tsv_or_interconnect,2025-04-27T05:10:00Z,,0
S013301,validation,1,0,none,none,2025-04-27T05:20:00Z,,0
S013302,validation,1,0,none,none,2025-04-27T05:30:00Z,1,1
S013303,validation,1,0,none,none,2025-04-27T05:40:00Z,1,1
S013304,validation,1,0,none,none,2025-04-27T05:50:00Z,,0
S013305,validation,1,0,none,none,2025-04-27T06:00:00Z,1,1
S013306,validation,1,0,none,none,2025-04-27T06:10:00Z,,0
S013307,validation,1,0,none,none,2025-04-27T06:20:00Z,,0
S013308,validation,1,0,none,none,2025-04-27T06:30:00Z,,0
S013309,validation,1,0,none,none,2025-04-27T06:40:00Z,,0
S013310,validation,1,0,none,none,2025-04-27T06:50:00Z,,0
S013311,validation,1,0,none,none,2025-04-27T07:00:00Z,,0
S013312,validation,1,0,none,none,2025-04-27T07:10:00Z,,0
S013313,validation,1,0,none,none,2025-04-27T07:20:00Z,,0
S013314,validation,1,0,none,none,2025-04-27T07:30:00Z,,0
S013315,validation,1,0,none,none,2025-04-27T07:40:00Z,1,1
S013316,validation,1,0,none,none,2025-04-27T07:50:00Z,1,1
S013317,validation,1,0,none,none,2025-04-27T08:00:00Z,1,1
S013318,validation,0,1,die_crack,handling,2025-04-27T08:10:00Z,,0
S013319,validation,1,0,none,none,2025-04-27T08:20:00Z,,0
S013320,validation,1,0,none,none,2025-04-27T08:30:00Z,,0
S013321,validation,0,1,warpage,assembly,2025-04-27T08:40:00Z,,0
S013322,validation,1,0,none,none,2025-04-27T08:50:00Z,1,1
S013323,validation,1,0,none,none,2025-04-27T09:00:00Z,1,1
S013324,validation,1,0,none,none,2025-04-27T09:10:00Z,,0
S013325,validation,1,0,none,none,2025-04-27T09:20:00Z,,0
S013326,validation,1,0,none,none,2025-04-27T09:30:00Z,,0
S013327,validation,1,0,none,none,2025-04-27T09:40:00Z,,0
S013328,validation,1,0,none,none,2025-04-27T09:50:00Z,,0
S013329,validation,1,0,none,none,2025-04-27T10:00:00Z,1,1
S013330,validation,1,0,none,none,2025-04-27T10:10:00Z,1,1
S013331,validation,1,0,none,none,2025-04-27T10:20:00Z,,0
S013332,validation,1,0,none,none,2025-04-27T10:30:00Z,,0
S013333,validation,1,0,none,none,2025-04-27T10:40:00Z,,0
S013334,validation,1,0,none,none,2025-04-27T10:50:00Z,1,1
S013335,validation,1,0,none,none,2025-04-27T11:00:00Z,,0
S013336,validation,1,0,none,none,2025-04-27T11:10:00Z,,0
S013337,validation,1,0,none,none,2025-04-27T11:20:00Z,,0
S013338,validation,0,1,warpage,assembly,2025-04-27T11:30:00Z,,0
S013339,validation,1,0,none,none,2025-04-27T11:40:00Z,,0
S013340,validation,1,0,none,none,2025-04-27T11:50:00Z,,0
S013341,validation,1,0,none,none,2025-04-27T12:00:00Z,,0
S013342,validation,1,0,none,none,2025-04-27T12:10:00Z,,0
S013343,validation,1,0,none,none,2025-04-27T12:20:00Z,,0
S013344,validation,1,0,none,none,2025-04-27T12:30:00Z,1,1
S013345,validation,1,0,none,none,2025-04-27T12:40:00Z,,0
S013346,validation,1,0,none,none,2025-04-27T12:50:00Z,,0
S013347,validation,1,0,none,none,2025-04-27T13:00:00Z,,0
S013348,validation,0,1,warpage,assembly,2025-04-27T13:10:00Z,,0
S013349,validation,1,0,none,none,2025-04-27T13:20:00Z,,0
S013350,validation,1,0,none,none,2025-04-27T13:30:00Z,,0
S013351,validation,1,0,none,none,2025-04-27T13:40:00Z,1,1
S013352,validation,1,0,none,none,2025-04-27T15:40:00Z,,0
S013353,validation,1,0,none,none,2025-04-27T15:50:00Z,,0
S013354,validation,1,0,none,none,2025-04-27T16:00:00Z,1,1
S013355,validation,0,1,warpage,assembly,2025-04-27T16:10:00Z,,0
S013356,validation,1,0,none,none,2025-04-27T16:20:00Z,,0
S013357,validation,1,0,none,none,2025-04-27T16:30:00Z,,0
S013358,validation,1,0,none,none,2025-04-27T16:40:00Z,,0
S013359,validation,1,0,none,none,2025-04-27T16:50:00Z,,0
S013360,validation,1,0,none,none,2025-04-27T17:00:00Z,,0
S013361,validation,1,0,none,none,2025-04-27T17:10:00Z,1,1
S013362,validation,1,0,none,none,2025-04-27T17:20:00Z,,0
S013363,validation,1,0,none,none,2025-04-27T17:30:00Z,,0
S013364,validation,1,0,none,none,2025-04-27T17:40:00Z,,0
S013365,validation,1,0,none,none,2025-04-27T17:50:00Z,,0
S013366,validation,1,0,none,none,2025-04-27T18:00:00Z,,0
S013367,validation,1,0,none,none,2025-04-27T18:10:00Z,1,1
S013368,validation,1,0,none,none,2025-04-27T18:20:00Z,,0
S013369,validation,1,0,none,none,2025-04-27T18:30:00Z,,0
S013370,validation,1,0,none,none,2025-04-27T18:40:00Z,,0
S013371,validation,1,0,none,none,2025-04-27T18:50:00Z,,0
S013372,validation,1,0,none,none,2025-04-27T19:00:00Z,,0
S013373,validation,1,0,none,none,2025-04-27T19:10:00Z,,0
S013374,validation,1,0,none,none,2025-04-27T19:20:00Z,,0
S013375,validation,1,0,none,none,2025-04-27T19:30:00Z,,0
S013376,validation,1,0,none,none,2025-04-27T19:40:00Z,,0
S013377,validation,1,0,none,none,2025-04-27T19:50:00Z,,0
S013378,validation,1,0,none,none,2025-04-27T20:00:00Z,1,1
S013379,validation,1,0,none,none,2025-04-27T20:10:00Z,,0
S013380,validation,1,0,none,none,2025-04-27T20:20:00Z,,0
S013381,validation,1,0,none,none,2025-04-27T20:30:00Z,,0
S013382,validation,1,0,none,none,2025-04-27T20:40:00Z,,0
S013383,validation,1,0,none,none,2025-04-27T20:50:00Z,,0
S013384,validation,1,0,none,none,2025-04-27T21:00:00Z,,0
S013385,validation,1,0,none,none,2025-04-27T21:10:00Z,,0
S013386,validation,1,0,none,none,2025-04-27T21:20:00Z,1,1
S013387,validation,1,0,none,none,2025-04-27T21:30:00Z,,0
S013388,validation,1,0,none,none,2025-04-27T21:40:00Z,1,1
S013389,validation,0,1,underfill_void,molding,2025-04-27T21:50:00Z,,0
S013390,validation,1,0,none,none,2025-04-27T22:00:00Z,,0
S013391,validation,1,0,none,none,2025-04-27T22:10:00Z,,0
S013392,validation,1,0,none,none,2025-04-27T22:20:00Z,,0
S013393,validation,1,0,none,none,2025-04-27T22:30:00Z,,0
S013394,validation,1,0,none,none,2025-04-27T22:40:00Z,,0
S013395,validation,1,0,none,none,2025-04-27T22:50:00Z,1,1
S013396,validation,1,0,none,none,2025-04-27T23:00:00Z,,0
S013397,validation,1,0,none,none,2025-04-27T23:10:00Z,,0
S013398,validation,1,0,none,none,2025-04-27T23:20:00Z,,0
S013399,validation,1,0,none,none,2025-04-27T23:30:00Z,1,1
S013400,validation,1,0,none,none,2025-04-27T23:40:00Z,,0
S013401,validation,1,0,none,none,2025-04-27T23:50:00Z,,0
S013402,validation,1,0,none,none,2025-04-28T00:00:00Z,1,1
S013403,validation,1,0,none,none,2025-04-28T00:10:00Z,,0
S013404,validation,1,0,none,none,2025-04-28T00:20:00Z,,0
S013405,validation,1,0,none,none,2025-04-28T00:30:00Z,,0
S013406,validation,1,0,none,none,2025-04-28T00:40:00Z,,0
S013407,validation,1,0,none,none,2025-04-28T00:50:00Z,,0
S013408,validation,1,0,none,none,2025-04-28T01:00:00Z,,0
S013409,validation,1,0,none,none,2025-04-28T01:10:00Z,,0
S013410,validation,1,0,none,none,2025-04-28T01:20:00Z,1,1
S013411,validation,1,0,none,none,2025-04-28T01:30:00Z,1,1
S013412,validation,1,0,none,none,2025-04-28T01:40:00Z,,0
S013413,validation,1,0,none,none,2025-04-28T01:50:00Z,1,1
S013414,validation,1,0,none,none,2025-04-28T02:00:00Z,,0
S013415,validation,1,0,none,none,2025-04-28T03:40:00Z,,0
S013416,validation,1,0,none,none,2025-04-28T03:50:00Z,,0
S013417,validation,1,0,none,none,2025-04-28T04:00:00Z,,0
S013418,validation,1,0,none,none,2025-04-28T04:10:00Z,,0
S013419,validation,1,0,none,none,2025-04-28T04:20:00Z,,0
S013420,validation,1,0,none,none,2025-04-28T04:30:00Z,,0
S013421,validation,1,0,none,none,2025-04-28T04:40:00Z,,0
S013422,validation,1,0,none,none,2025-04-28T04:50:00Z,,0
S013423,validation,1,0,none,none,2025-04-28T05:00:00Z,,0
S013424,validation,1,0,none,none,2025-04-28T05:10:00Z,,0
S013425,validation,1,0,none,none,2025-04-28T05:20:00Z,1,1
S013426,validation,1,0,none,none,2025-04-28T05:30:00Z,,0
S013427,validation,1,0,none,none,2025-04-28T05:40:00Z,,0
S013428,validation,1,0,none,none,2025-04-28T05:50:00Z,,0
S013429,validation,1,0,none,none,2025-04-28T06:00:00Z,,0
S013430,validation,1,0,none,none,2025-04-28T06:10:00Z,,0
S013431,validation,1,0,none,none,2025-04-28T06:20:00Z,,0
S013432,validation,1,0,none,none,2025-04-28T06:30:00Z,,0
S013433,validation,1,0,none,none,2025-04-28T06:40:00Z,,0
S013434,validation,1,0,none,none,2025-04-28T06:50:00Z,,0
S013435,validation,1,0,none,none,2025-04-28T07:00:00Z,,0
S013436,validation,1,0,none,none,2025-04-28T07:10:00Z,,0
S013437,validation,1,0,none,none,2025-04-28T07:20:00Z,,0
S013438,validation,1,0,none,none,2025-04-28T07:30:00Z,,0
S013439,validation,1,0,none,none,2025-04-28T07:40:00Z,,0
S013440,validation,1,0,none,none,2025-04-28T07:50:00Z,,0
S013441,validation,1,0,none,none,2025-04-28T08:00:00Z,,0
S013442,validation,1,0,none,none,2025-04-28T08:10:00Z,,0
S013443,validation,1,0,none,none,2025-04-28T08:20:00Z,,0
S013444,validation,1,0,none,none,2025-04-28T08:30:00Z,,0
S013445,validation,1,0,none,none,2025-04-28T08:40:00Z,,0
S013446,validation,1,0,none,none,2025-04-28T08:50:00Z,,0
S013447,validation,1,0,none,none,2025-04-28T09:00:00Z,,0
S013448,validation,1,0,none,none,2025-04-28T09:10:00Z,,0
S013449,validation,1,0,none,none,2025-04-28T09:20:00Z,,0
S013450,validation,1,0,none,none,2025-04-28T09:30:00Z,1,1
S013451,validation,1,0,none,none,2025-04-28T09:40:00Z,,0
S013452,validation,1,0,none,none,2025-04-28T09:50:00Z,,0
S013453,validation,1,0,none,none,2025-04-28T10:00:00Z,,0
S013454,validation,1,0,none,none,2025-04-28T10:10:00Z,,0
S013455,validation,0,1,underfill_void,molding,2025-04-28T10:20:00Z,,0
S013456,validation,1,0,none,none,2025-04-28T10:30:00Z,,0
S013457,validation,1,0,none,none,2025-04-28T10:40:00Z,,0
S013458,validation,1,0,none,none,2025-04-28T10:50:00Z,,0
S013459,validation,1,0,none,none,2025-04-28T11:00:00Z,0,1
S013460,validation,1,0,none,none,2025-04-28T11:10:00Z,,0
S013461,validation,1,0,none,none,2025-04-28T11:20:00Z,,0
S013462,validation,1,0,none,none,2025-04-28T11:30:00Z,,0
S013463,validation,1,0,none,none,2025-04-28T11:40:00Z,,0
S013464,validation,1,0,none,none,2025-04-28T11:50:00Z,1,1
S013465,validation,1,0,none,none,2025-04-28T12:00:00Z,,0
S013466,validation,1,0,none,none,2025-04-28T12:10:00Z,,0
S013467,validation,1,0,none,none,2025-04-28T12:20:00Z,,0
S013468,validation,1,0,none,none,2025-04-28T12:30:00Z,,0
S013469,validation,1,0,none,none,2025-04-28T12:40:00Z,,0
S013470,validation,1,0,none,none,2025-04-28T12:50:00Z,,0
S013471,validation,1,0,none,none,2025-04-28T13:00:00Z,1,1
S013472,validation,1,0,none,none,2025-04-28T13:10:00Z,,0
S013473,validation,1,0,none,none,2025-04-28T13:20:00Z,,0
S013474,validation,1,0,none,none,2025-04-28T13:30:00Z,,0
S013475,validation,1,0,none,none,2025-04-28T13:40:00Z,,0
S013476,validation,1,0,none,none,2025-04-28T15:40:00Z,1,1
S013477,validation,1,0,none,none,2025-04-28T15:50:00Z,,0
S013478,validation,1,0,none,none,2025-04-28T16:00:00Z,,0
S013479,validation,1,0,none,none,2025-04-28T16:10:00Z,,0
S013480,validation,1,0,none,none,2025-04-28T16:20:00Z,,0
S013481,validation,1,0,none,none,2025-04-28T16:30:00Z,,0
S013482,validation,1,0,none,none,2025-04-28T16:40:00Z,,0
S013483,validation,1,0,none,none,2025-04-28T16:50:00Z,1,1
S013484,validation,1,0,none,none,2025-04-28T17:00:00Z,,0
S013485,validation,1,0,none,none,2025-04-28T17:10:00Z,,0
S013486,validation,1,0,none,none,2025-04-28T17:20:00Z,,0
S013487,validation,0,1,underfill_void,molding,2025-04-28T17:30:00Z,,0
S013488,validation,1,0,none,none,2025-04-28T17:40:00Z,,0
S013489,validation,1,0,none,none,2025-04-28T17:50:00Z,,0
S013490,validation,1,0,none,none,2025-04-28T18:00:00Z,1,1
S013491,validation,1,0,none,none,2025-04-28T18:10:00Z,1,1
S013492,validation,1,0,none,none,2025-04-28T18:20:00Z,1,1
S013493,validation,1,0,none,none,2025-04-28T18:30:00Z,1,1
S013494,validation,1,0,none,none,2025-04-28T18:40:00Z,1,1
S013495,validation,1,0,none,none,2025-04-28T18:50:00Z,,0
S013496,validation,1,0,none,none,2025-04-28T19:00:00Z,,0
S013497,validation,1,0,none,none,2025-04-28T19:10:00Z,1,1
S013498,validation,1,0,none,none,2025-04-28T19:20:00Z,,0
S013499,validation,1,0,none,none,2025-04-28T19:30:00Z,,0
S013500,validation,1,0,none,none,2025-04-28T19:40:00Z,,0
S013501,validation,0,1,underfill_void,molding,2025-04-28T19:50:00Z,,0
S013502,validation,1,0,none,none,2025-04-28T20:00:00Z,0,1
S013503,validation,0,1,warpage,assembly,2025-04-28T20:10:00Z,,0
S013504,validation,1,0,none,none,2025-04-28T20:20:00Z,,0
S013505,validation,1,0,none,none,2025-04-28T20:30:00Z,,0
S013506,validation,0,1,microbump_open_bridge,reflow,2025-04-28T20:40:00Z,,0
S013507,validation,1,0,none,none,2025-04-28T20:50:00Z,,0
S013508,validation,1,0,none,none,2025-04-28T21:00:00Z,0,1
S013509,validation,1,0,none,none,2025-04-28T21:10:00Z,1,1
S013510,validation,1,0,none,none,2025-04-28T21:20:00Z,,0
S013511,validation,1,0,none,none,2025-04-28T21:30:00Z,1,1
S013512,validation,0,1,warpage,assembly,2025-04-28T21:40:00Z,,0
S013513,validation,1,0,none,none,2025-04-28T21:50:00Z,,0
S013514,validation,1,0,none,none,2025-04-28T22:00:00Z,1,1
S013515,validation,1,0,none,none,2025-04-28T22:10:00Z,1,1
S013516,validation,1,0,none,none,2025-04-28T22:20:00Z,,0
S013517,validation,0,1,microbump_open_bridge,reflow,2025-04-28T22:30:00Z,,0
S013518,validation,1,0,none,none,2025-04-28T22:40:00Z,,0
S013519,validation,1,0,none,none,2025-04-28T22:50:00Z,,0
S013520,validation,1,0,none,none,2025-04-28T23:00:00Z,,0
S013521,validation,1,0,none,none,2025-04-28T23:10:00Z,,0
S013522,validation,1,0,none,none,2025-04-28T23:20:00Z,,0
S013523,validation,1,0,none,none,2025-04-28T23:30:00Z,,0
S013524,validation,1,0,none,none,2025-04-28T23:40:00Z,1,1
S013525,validation,1,0,none,none,2025-04-28T23:50:00Z,,0
S013526,validation,1,0,none,none,2025-04-29T00:00:00Z,,0
S013527,validation,1,0,none,none,2025-04-29T00:10:00Z,,0
S013528,validation,1,0,none,none,2025-04-29T00:20:00Z,,0
S013529,validation,1,0,none,none,2025-04-29T00:30:00Z,,0
S013530,validation,1,0,none,none,2025-04-29T00:40:00Z,,0
S013531,validation,1,0,none,none,2025-04-29T00:50:00Z,,0
S013532,validation,1,0,none,none,2025-04-29T01:00:00Z,,0
S013533,validation,1,0,none,none,2025-04-29T01:10:00Z,,0
S013534,validation,1,0,none,none,2025-04-29T01:20:00Z,1,1
S013535,validation,1,0,none,none,2025-04-29T01:30:00Z,,0
S013536,validation,1,0,none,none,2025-04-29T01:40:00Z,,0
S013537,validation,1,0,none,none,2025-04-29T03:40:00Z,,0
S013538,validation,0,1,die_crack,handling,2025-04-29T03:50:00Z,,0
S013539,validation,1,0,none,none,2025-04-29T04:00:00Z,,0
S013540,validation,1,0,none,none,2025-04-29T04:10:00Z,,0
S013541,validation,1,0,none,none,2025-04-29T04:20:00Z,,0
S013542,validation,1,0,none,none,2025-04-29T04:30:00Z,1,1
S013543,validation,1,0,none,none,2025-04-29T04:40:00Z,,0
S013544,validation,1,0,none,none,2025-04-29T04:50:00Z,1,1
S013545,validation,1,0,none,none,2025-04-29T05:00:00Z,,0
S013546,validation,1,0,none,none,2025-04-29T05:10:00Z,,0
S013547,validation,0,1,warpage,assembly,2025-04-29T05:20:00Z,,0
S013548,validation,1,0,none,none,2025-04-29T05:30:00Z,,0
S013549,validation,1,0,none,none,2025-04-29T05:40:00Z,,0
S013550,validation,1,0,none,none,2025-04-29T05:50:00Z,,0
S013551,validation,1,0,none,none,2025-04-29T06:00:00Z,,0
S013552,validation,1,0,none,none,2025-04-29T06:10:00Z,,0
S013553,validation,1,0,none,none,2025-04-29T06:20:00Z,,0
S013554,validation,1,0,none,none,2025-04-29T06:30:00Z,,0
S013555,validation,1,0,none,none,2025-04-29T06:40:00Z,,0
S013556,validation,1,0,none,none,2025-04-29T06:50:00Z,,0
S013557,validation,1,0,none,none,2025-04-29T07:00:00Z,,0
S013558,validation,1,0,none,none,2025-04-29T07:10:00Z,,0
S013559,validation,1,0,none,none,2025-04-29T07:20:00Z,,0
S013560,validation,1,0,none,none,2025-04-29T07:30:00Z,,0
S013561,validation,1,0,none,none,2025-04-29T07:40:00Z,,0
S013562,validation,1,0,none,none,2025-04-29T07:50:00Z,,0
S013563,validation,0,1,dram_electrical,dram_or_base,2025-04-29T08:00:00Z,,0
S013564,validation,1,0,none,none,2025-04-29T08:10:00Z,1,1
S013565,validation,1,0,none,none,2025-04-29T08:20:00Z,,0
S013566,validation,1,0,none,none,2025-04-29T08:30:00Z,,0
S013567,validation,1,0,none,none,2025-04-29T08:40:00Z,,0
S013568,validation,1,0,none,none,2025-04-29T08:50:00Z,,0
S013569,validation,1,0,none,none,2025-04-29T09:00:00Z,,0
S013570,validation,1,0,none,none,2025-04-29T09:10:00Z,,0
S013571,validation,1,0,none,none,2025-04-29T09:20:00Z,,0
S013572,validation,1,0,none,none,2025-04-29T09:30:00Z,,0
S013573,validation,1,0,none,none,2025-04-29T09:40:00Z,,0
S013574,validation,1,0,none,none,2025-04-29T09:50:00Z,,0
S013575,validation,1,0,none,none,2025-04-29T10:00:00Z,,0
S013576,validation,1,0,none,none,2025-04-29T10:10:00Z,,0
S013577,validation,1,0,none,none,2025-04-29T10:20:00Z,1,1
S013578,validation,1,0,none,none,2025-04-29T10:30:00Z,,0
S013579,validation,1,0,none,none,2025-04-29T10:40:00Z,,0
S013580,validation,1,0,none,none,2025-04-29T10:50:00Z,,0
S013581,validation,1,0,none,none,2025-04-29T11:00:00Z,,0
S013582,validation,1,0,none,none,2025-04-29T11:10:00Z,,0
S013583,validation,1,0,none,none,2025-04-29T11:20:00Z,,0
S013584,validation,1,0,none,none,2025-04-29T11:30:00Z,,0
S013585,validation,1,0,none,none,2025-04-29T11:40:00Z,,0
S013586,validation,1,0,none,none,2025-04-29T11:50:00Z,,0
S013587,validation,1,0,none,none,2025-04-29T12:00:00Z,,0
S013588,validation,1,0,none,none,2025-04-29T12:10:00Z,,0
S013589,validation,1,0,none,none,2025-04-29T12:20:00Z,,0
S013590,validation,1,0,none,none,2025-04-29T12:30:00Z,,0
S013591,validation,1,0,none,none,2025-04-29T12:40:00Z,,0
S013592,validation,1,0,none,none,2025-04-29T12:50:00Z,,0
S013593,validation,1,0,none,none,2025-04-29T13:00:00Z,,0
S013594,validation,1,0,none,none,2025-04-29T13:10:00Z,,0
S013595,validation,1,0,none,none,2025-04-29T13:20:00Z,,0
S013596,validation,1,0,none,none,2025-04-29T13:30:00Z,,0
S013597,validation,1,0,none,none,2025-04-29T15:40:00Z,1,1
S013598,validation,1,0,none,none,2025-04-29T15:50:00Z,,0
S013599,validation,1,0,none,none,2025-04-29T16:00:00Z,,0
S013600,validation,1,0,none,none,2025-04-29T16:10:00Z,,0
S013601,validation,1,0,none,none,2025-04-29T16:20:00Z,1,1
S013602,validation,1,0,none,none,2025-04-29T16:30:00Z,,0
S013603,validation,1,0,none,none,2025-04-29T16:40:00Z,,0
S013604,validation,1,0,none,none,2025-04-29T16:50:00Z,1,1
S013605,validation,1,0,none,none,2025-04-29T17:00:00Z,,0
S013606,validation,1,0,none,none,2025-04-29T17:10:00Z,,0
S013607,validation,1,0,none,none,2025-04-29T17:20:00Z,1,1
S013608,validation,1,0,none,none,2025-04-29T17:30:00Z,1,1
S013609,validation,1,0,none,none,2025-04-29T17:40:00Z,1,1
S013610,validation,1,0,none,none,2025-04-29T17:50:00Z,,0
S013611,validation,1,0,none,none,2025-04-29T18:00:00Z,,0
S013612,validation,1,0,none,none,2025-04-29T18:10:00Z,1,1
S013613,validation,1,0,none,none,2025-04-29T18:20:00Z,,0
S013614,validation,1,0,none,none,2025-04-29T18:30:00Z,,0
S013615,validation,1,0,none,none,2025-04-29T18:40:00Z,,0
S013616,validation,1,0,none,none,2025-04-29T18:50:00Z,,0
S013617,validation,1,0,none,none,2025-04-29T19:00:00Z,,0
S013618,validation,1,0,none,none,2025-04-29T19:10:00Z,1,1
S013619,validation,1,0,none,none,2025-04-29T19:20:00Z,,0
S013620,validation,1,0,none,none,2025-04-29T19:30:00Z,,0
S013621,validation,1,0,none,none,2025-04-29T19:40:00Z,,0
S013622,validation,1,0,none,none,2025-04-29T19:50:00Z,,0
S013623,validation,1,0,none,none,2025-04-29T20:00:00Z,,0
S013624,validation,1,0,none,none,2025-04-29T20:10:00Z,,0
S013625,validation,1,0,none,none,2025-04-29T20:20:00Z,,0
S013626,validation,1,0,none,none,2025-04-29T20:30:00Z,,0
S013627,validation,1,0,none,none,2025-04-29T20:40:00Z,1,1
S013628,validation,1,0,none,none,2025-04-29T20:50:00Z,0,1
S013629,validation,1,0,none,none,2025-04-29T21:00:00Z,,0
S013630,validation,1,0,none,none,2025-04-29T21:10:00Z,,0
S013631,validation,1,0,none,none,2025-04-29T21:20:00Z,,0
S013632,validation,1,0,none,none,2025-04-29T21:30:00Z,,0
S013633,validation,1,0,none,none,2025-04-29T21:40:00Z,,0
S013634,validation,1,0,none,none,2025-04-29T21:50:00Z,,0
S013635,validation,1,0,none,none,2025-04-29T22:00:00Z,,0
S013636,validation,1,0,none,none,2025-04-29T22:10:00Z,,0
S013637,validation,1,0,none,none,2025-04-29T22:20:00Z,,0
S013638,validation,1,0,none,none,2025-04-29T22:30:00Z,1,1
S013639,validation,1,0,none,none,2025-04-29T22:40:00Z,,0
S013640,validation,1,0,none,none,2025-04-29T22:50:00Z,1,1
S013641,validation,1,0,none,none,2025-04-29T23:00:00Z,,0
S013642,validation,1,0,none,none,2025-04-29T23:10:00Z,,0
S013643,validation,1,0,none,none,2025-04-29T23:20:00Z,1,1
S013644,validation,1,0,none,none,2025-04-29T23:30:00Z,,0
S013645,validation,1,0,none,none,2025-04-29T23:40:00Z,,0
S013646,validation,1,0,none,none,2025-04-29T23:50:00Z,1,1
S013647,validation,1,0,none,none,2025-04-30T00:00:00Z,,0
S013648,validation,1,0,none,none,2025-04-30T00:10:00Z,,0
S013649,validation,1,0,none,none,2025-04-30T00:20:00Z,,0
S013650,validation,1,0,none,none,2025-04-30T00:30:00Z,,0
S013651,validation,1,0,none,none,2025-04-30T00:40:00Z,1,1
S013652,validation,1,0,none,none,2025-04-30T00:50:00Z,,0
S013653,validation,1,0,none,none,2025-04-30T01:00:00Z,,0
S013654,validation,1,0,none,none,2025-04-30T01:10:00Z,,0
S013655,validation,1,0,none,none,2025-04-30T01:20:00Z,,0
S013656,validation,1,0,none,none,2025-04-30T01:30:00Z,,0
S013657,validation,1,0,none,none,2025-04-30T01:40:00Z,,0
S013658,validation,1,0,none,none,2025-04-30T01:50:00Z,,0
S013659,validation,1,0,none,none,2025-04-30T02:00:00Z,,0
S013660,validation,1,0,none,none,2025-04-30T02:10:00Z,,0
S013661,validation,1,0,none,none,2025-04-30T02:20:00Z,,0
S013662,validation,1,0,none,none,2025-04-30T02:30:00Z,,0
S013663,validation,1,0,none,none,2025-04-30T02:40:00Z,,0
S013664,validation,1,0,none,none,2025-04-30T02:50:00Z,,0
S013665,validation,0,1,multiple,multiple,2025-04-30T03:00:00Z,,0
S013666,validation,1,0,none,none,2025-04-30T03:10:00Z,,0
S013667,validation,1,0,none,none,2025-04-30T03:20:00Z,1,1
S013668,validation,1,0,none,none,2025-04-30T03:30:00Z,,0
S013669,validation,1,0,none,none,2025-04-30T03:40:00Z,,0
S013670,validation,1,0,none,none,2025-04-30T03:50:00Z,,0
S013671,validation,1,0,none,none,2025-04-30T04:00:00Z,,0
S013672,validation,1,0,none,none,2025-04-30T04:10:00Z,,0
S013673,validation,1,0,none,none,2025-04-30T04:20:00Z,,0
S013674,validation,0,1,microbump_open_bridge,reflow,2025-04-30T04:30:00Z,,0
S013675,validation,1,0,none,none,2025-04-30T04:40:00Z,1,1
S013676,validation,1,0,none,none,2025-04-30T04:50:00Z,,0
S013677,validation,1,0,none,none,2025-04-30T05:00:00Z,,0
S013678,validation,1,0,none,none,2025-04-30T05:10:00Z,,0
S013679,validation,1,0,none,none,2025-04-30T05:20:00Z,,0
S013680,validation,1,0,none,none,2025-04-30T05:30:00Z,1,1
S013681,validation,1,0,none,none,2025-04-30T05:40:00Z,,0
S013682,validation,1,0,none,none,2025-04-30T05:50:00Z,,0
S013683,validation,1,0,none,none,2025-04-30T06:00:00Z,1,1
S013684,validation,1,0,none,none,2025-04-30T06:10:00Z,1,1
S013685,validation,1,0,none,none,2025-04-30T06:20:00Z,,0
S013686,validation,1,0,none,none,2025-04-30T06:30:00Z,,0
S013687,validation,1,0,none,none,2025-04-30T06:40:00Z,,0
S013688,validation,1,0,none,none,2025-04-30T06:50:00Z,,0
S013689,validation,1,0,none,none,2025-04-30T03:40:00Z,,0
S013690,validation,1,0,none,none,2025-04-30T03:50:00Z,,0
S013691,validation,1,0,none,none,2025-04-30T04:00:00Z,,0
S013692,validation,1,0,none,none,2025-04-30T04:10:00Z,,0
S013693,validation,1,0,none,none,2025-04-30T04:20:00Z,,0
S013694,validation,1,0,none,none,2025-04-30T04:30:00Z,1,1
S013695,validation,1,0,none,none,2025-04-30T04:40:00Z,,0
S013696,validation,1,0,none,none,2025-04-30T04:50:00Z,1,1
S013697,validation,1,0,none,none,2025-04-30T05:00:00Z,,0
S013698,validation,1,0,none,none,2025-04-30T05:10:00Z,,0
S013699,validation,1,0,none,none,2025-04-30T05:20:00Z,,0
S013700,validation,1,0,none,none,2025-04-30T05:30:00Z,,0
S013701,validation,1,0,none,none,2025-04-30T05:40:00Z,1,1
S013702,validation,1,0,none,none,2025-04-30T05:50:00Z,1,1
S013703,validation,1,0,none,none,2025-04-30T06:00:00Z,,0
S013704,validation,1,0,none,none,2025-04-30T06:10:00Z,1,1
S013705,validation,1,0,none,none,2025-04-30T06:20:00Z,1,1
S013706,validation,1,0,none,none,2025-04-30T06:30:00Z,,0
S013707,validation,1,0,none,none,2025-04-30T06:40:00Z,,0
S013708,validation,1,0,none,none,2025-04-30T06:50:00Z,,0
S013709,validation,1,0,none,none,2025-04-30T07:00:00Z,,0
S013710,validation,1,0,none,none,2025-04-30T07:10:00Z,,0
S013711,validation,1,0,none,none,2025-04-30T07:20:00Z,,0
S013712,validation,1,0,none,none,2025-04-30T07:30:00Z,,0
S013713,validation,1,0,none,none,2025-04-30T07:40:00Z,,0
S013714,validation,1,0,none,none,2025-04-30T07:50:00Z,,0
S013715,validation,1,0,none,none,2025-04-30T08:00:00Z,,0
S013716,validation,1,0,none,none,2025-04-30T08:10:00Z,,0
S013717,validation,1,0,none,none,2025-04-30T08:20:00Z,,0
S013718,validation,1,0,none,none,2025-04-30T08:30:00Z,,0
S013719,validation,0,1,warpage,assembly,2025-04-30T08:40:00Z,,0
S013720,validation,1,0,none,none,2025-04-30T08:50:00Z,1,1
S013721,validation,0,1,delamination,molding,2025-04-30T09:00:00Z,,0
S013722,validation,1,0,none,none,2025-04-30T09:10:00Z,1,1
S013723,validation,1,0,none,none,2025-04-30T09:20:00Z,,0
S013724,validation,1,0,none,none,2025-04-30T09:30:00Z,,0
S013725,validation,1,0,none,none,2025-04-30T09:40:00Z,,0
S013726,validation,1,0,none,none,2025-04-30T09:50:00Z,,0
S013727,validation,1,0,none,none,2025-04-30T10:00:00Z,,0
S013728,validation,1,0,none,none,2025-04-30T10:10:00Z,,0
S013729,validation,1,0,none,none,2025-04-30T10:20:00Z,,0
S013730,validation,1,0,none,none,2025-04-30T10:30:00Z,,0
S013731,validation,1,0,none,none,2025-04-30T10:40:00Z,,0
S013732,validation,1,0,none,none,2025-04-30T10:50:00Z,,0
S013733,validation,1,0,none,none,2025-04-30T11:00:00Z,,0
S013734,validation,1,0,none,none,2025-04-30T11:10:00Z,,0
S013735,validation,1,0,none,none,2025-04-30T11:20:00Z,1,1
S013736,validation,1,0,none,none,2025-04-30T11:30:00Z,,0
S013737,validation,1,0,none,none,2025-04-30T11:40:00Z,1,1
S013738,validation,1,0,none,none,2025-04-30T11:50:00Z,,0
S013739,validation,1,0,none,none,2025-04-30T12:00:00Z,1,1
S013740,validation,1,0,none,none,2025-04-30T12:10:00Z,,0
S013741,validation,1,0,none,none,2025-04-30T12:20:00Z,1,1
S013742,validation,1,0,none,none,2025-04-30T12:30:00Z,,0
S013743,validation,1,0,none,none,2025-04-30T12:40:00Z,,0
S013744,validation,1,0,none,none,2025-04-30T12:50:00Z,,0
S013745,validation,1,0,none,none,2025-04-30T13:00:00Z,,0
S013746,validation,1,0,none,none,2025-04-30T13:10:00Z,,0
S013747,validation,1,0,none,none,2025-04-30T13:20:00Z,,0
S013748,validation,1,0,none,none,2025-04-30T13:30:00Z,,0
S013749,validation,1,0,none,none,2025-04-30T13:40:00Z,,0
S013750,validation,1,0,none,none,2025-04-30T13:50:00Z,,0
S013751,validation,1,0,none,none,2025-04-30T14:00:00Z,1,1
S013752,validation,1,0,none,none,2025-04-30T14:10:00Z,,0
S013753,validation,1,0,none,none,2025-04-30T14:20:00Z,,0
S013754,validation,1,0,none,none,2025-04-30T14:30:00Z,,0
S013755,validation,1,0,none,none,2025-04-30T14:40:00Z,,0
S013756,validation,1,0,none,none,2025-04-30T14:50:00Z,,0
S013757,validation,1,0,none,none,2025-04-30T15:00:00Z,,0
S013758,validation,1,0,none,none,2025-04-30T15:10:00Z,,0
S013759,validation,1,0,none,none,2025-04-30T15:20:00Z,,0
S013760,validation,1,0,none,none,2025-04-30T15:30:00Z,1,1
S013761,validation,1,0,none,none,2025-04-30T15:40:00Z,,0
S013762,validation,1,0,none,none,2025-04-30T15:50:00Z,,0
S013763,validation,1,0,none,none,2025-04-30T16:00:00Z,,0
S013764,validation,1,0,none,none,2025-04-30T16:10:00Z,,0
S013765,validation,1,0,none,none,2025-04-30T16:20:00Z,1,1
S013766,validation,1,0,none,none,2025-04-30T16:30:00Z,,0
S013767,validation,1,0,none,none,2025-04-30T16:40:00Z,,0
S013768,validation,1,0,none,none,2025-04-30T16:50:00Z,,0
S013769,validation,1,0,none,none,2025-04-30T17:00:00Z,1,1
S013770,validation,1,0,none,none,2025-04-30T17:10:00Z,1,1
S013771,validation,1,0,none,none,2025-04-30T17:20:00Z,,0
S013772,validation,1,0,none,none,2025-04-30T17:30:00Z,,0
S013773,validation,0,1,tsv_open_short,tsv_or_interconnect,2025-04-30T17:40:00Z,,0
S013774,validation,1,0,none,none,2025-04-30T17:50:00Z,1,1
S013775,validation,1,0,none,none,2025-04-30T18:00:00Z,,0
S013776,validation,1,0,none,none,2025-04-30T18:10:00Z,1,1
S013777,validation,1,0,none,none,2025-04-30T18:20:00Z,1,1
S013778,validation,1,0,none,none,2025-04-30T18:30:00Z,,0
S013779,validation,1,0,none,none,2025-04-30T18:40:00Z,,0
S013780,validation,1,0,none,none,2025-04-30T18:50:00Z,1,1
S013781,validation,0,1,dram_electrical,dram_or_base,2025-04-30T15:40:00Z,,0
S013782,validation,1,0,none,none,2025-04-30T15:50:00Z,,0
S013783,validation,1,0,none,none,2025-04-30T16:00:00Z,,0
S013784,validation,1,0,none,none,2025-04-30T16:10:00Z,,0
S013785,validation,0,1,warpage,assembly,2025-04-30T16:20:00Z,,0
S013786,validation,1,0,none,none,2025-04-30T16:30:00Z,,0
S013787,validation,1,0,none,none,2025-04-30T16:40:00Z,,0
S013788,validation,1,0,none,none,2025-04-30T16:50:00Z,1,1
S013789,validation,1,0,none,none,2025-04-30T17:00:00Z,,0
S013790,validation,1,0,none,none,2025-04-30T17:10:00Z,,0
S013791,validation,1,0,none,none,2025-04-30T17:20:00Z,,0
S013792,validation,1,0,none,none,2025-04-30T17:30:00Z,1,1
S013793,validation,1,0,none,none,2025-04-30T17:40:00Z,,0
S013794,validation,0,1,microbump_open_bridge,reflow,2025-04-30T17:50:00Z,,0
S013795,validation,1,0,none,none,2025-04-30T18:00:00Z,,0
S013796,validation,1,0,none,none,2025-04-30T18:10:00Z,1,1
S013797,validation,1,0,none,none,2025-04-30T18:20:00Z,,0
S013798,validation,1,0,none,none,2025-04-30T18:30:00Z,,0
S013799,validation,1,0,none,none,2025-04-30T18:40:00Z,,0
S013800,validation,1,0,none,none,2025-04-30T18:50:00Z,,0
S013801,validation,1,0,none,none,2025-04-30T19:00:00Z,,0
S013802,validation,1,0,none,none,2025-04-30T19:10:00Z,,0
S013803,validation,1,0,none,none,2025-04-30T19:20:00Z,1,1
S013804,validation,1,0,none,none,2025-04-30T19:30:00Z,,0
S013805,validation,1,0,none,none,2025-04-30T19:40:00Z,1,1
S013806,validation,1,0,none,none,2025-04-30T19:50:00Z,,0
S013807,validation,1,0,none,none,2025-04-30T20:00:00Z,,0
S013808,validation,1,0,none,none,2025-04-30T20:10:00Z,,0
S013809,validation,1,0,none,none,2025-04-30T20:20:00Z,,0
S013810,validation,1,0,none,none,2025-04-30T20:30:00Z,,0
S013811,validation,1,0,none,none,2025-04-30T20:40:00Z,,0
S013812,validation,0,1,die_crack,handling,2025-04-30T20:50:00Z,,0
S013813,validation,1,0,none,none,2025-04-30T21:00:00Z,,0
S013814,validation,1,0,none,none,2025-04-30T21:10:00Z,1,1
S013815,validation,1,0,none,none,2025-04-30T21:20:00Z,,0
S013816,validation,1,0,none,none,2025-04-30T21:30:00Z,,0
S013817,validation,1,0,none,none,2025-04-30T21:40:00Z,,0
S013818,validation,1,0,none,none,2025-04-30T21:50:00Z,,0
S013819,validation,1,0,none,none,2025-04-30T22:00:00Z,,0
S013820,validation,1,0,none,none,2025-04-30T22:10:00Z,1,1
S013821,validation,1,0,none,none,2025-04-30T22:20:00Z,,0
S013822,validation,0,1,underfill_void,molding,2025-04-30T22:30:00Z,,0
S013823,validation,1,0,none,none,2025-04-30T22:40:00Z,,0
S013824,validation,1,0,none,none,2025-04-30T22:50:00Z,,0
S013825,validation,1,0,none,none,2025-04-30T23:00:00Z,,0
S013826,validation,1,0,none,none,2025-04-30T23:10:00Z,1,1
S013827,validation,1,0,none,none,2025-04-30T23:20:00Z,1,1
S013828,validation,1,0,none,none,2025-04-30T23:30:00Z,,0
S013829,validation,1,0,none,none,2025-04-30T23:40:00Z,,0
S013830,validation,1,0,none,none,2025-04-30T23:50:00Z,,0
S013831,validation,1,0,none,none,2025-05-01T00:00:00Z,,0
S013832,validation,1,0,none,none,2025-05-01T00:10:00Z,1,1
S013833,validation,1,0,none,none,2025-05-01T00:20:00Z,,0
S013834,validation,1,0,none,none,2025-05-01T00:30:00Z,1,1
S013835,validation,0,1,dram_electrical,dram_or_base,2025-05-01T00:40:00Z,,0
S013836,validation,1,0,none,none,2025-05-01T00:50:00Z,,0
S013837,validation,1,0,none,none,2025-05-01T01:00:00Z,1,1
S013838,validation,1,0,none,none,2025-05-01T01:10:00Z,1,1
S013839,validation,1,0,none,none,2025-05-01T01:20:00Z,,0
S013840,validation,1,0,none,none,2025-05-01T01:30:00Z,,0
S013841,validation,1,0,none,none,2025-05-01T01:40:00Z,,0
S013842,validation,1,0,none,none,2025-05-01T01:50:00Z,,0
S013843,validation,1,0,none,none,2025-05-01T03:40:00Z,,0
S013844,validation,1,0,none,none,2025-05-01T03:50:00Z,1,1
S013845,validation,1,0,none,none,2025-05-01T04:00:00Z,,0
S013846,validation,1,0,none,none,2025-05-01T04:10:00Z,,0
S013847,validation,1,0,none,none,2025-05-01T04:20:00Z,0,1
S013848,validation,1,0,none,none,2025-05-01T04:30:00Z,,0
S013849,validation,1,0,none,none,2025-05-01T04:40:00Z,,0
S013850,validation,1,0,none,none,2025-05-01T04:50:00Z,,0
S013851,validation,1,0,none,none,2025-05-01T05:00:00Z,1,1
S013852,validation,1,0,none,none,2025-05-01T05:10:00Z,,0
S013853,validation,1,0,none,none,2025-05-01T05:20:00Z,,0
S013854,validation,1,0,none,none,2025-05-01T05:30:00Z,,0
S013855,validation,1,0,none,none,2025-05-01T05:40:00Z,,0
S013856,validation,1,0,none,none,2025-05-01T05:50:00Z,,0
S013857,validation,1,0,none,none,2025-05-01T06:00:00Z,,0
S013858,validation,1,0,none,none,2025-05-01T06:10:00Z,,0
S013859,validation,1,0,none,none,2025-05-01T06:20:00Z,,0
S013860,validation,1,0,none,none,2025-05-01T06:30:00Z,,0
S013861,validation,1,0,none,none,2025-05-01T06:40:00Z,,0
S013862,validation,1,0,none,none,2025-05-01T06:50:00Z,,0
S013863,validation,1,0,none,none,2025-05-01T07:00:00Z,,0
S013864,validation,1,0,none,none,2025-05-01T07:10:00Z,0,1
S013865,validation,1,0,none,none,2025-05-01T07:20:00Z,1,1
S013866,validation,1,0,none,none,2025-05-01T07:30:00Z,,0
S013867,validation,1,0,none,none,2025-05-01T07:40:00Z,,0
S013868,validation,1,0,none,none,2025-05-01T07:50:00Z,,0
S013869,validation,1,0,none,none,2025-05-01T08:00:00Z,1,1
S013870,validation,1,0,none,none,2025-05-01T08:10:00Z,,0
S013871,validation,1,0,none,none,2025-05-01T08:20:00Z,1,1
S013872,validation,1,0,none,none,2025-05-01T08:30:00Z,,0
S013873,validation,1,0,none,none,2025-05-01T08:40:00Z,,0
S013874,validation,1,0,none,none,2025-05-01T08:50:00Z,1,1
S013875,validation,0,1,delamination,molding,2025-05-01T09:00:00Z,,0
S013876,validation,1,0,none,none,2025-05-01T09:10:00Z,,0
S013877,validation,1,0,none,none,2025-05-01T09:20:00Z,,0
S013878,validation,1,0,none,none,2025-05-01T09:30:00Z,,0
S013879,validation,1,0,none,none,2025-05-01T09:40:00Z,,0
S013880,validation,1,0,none,none,2025-05-01T09:50:00Z,,0
S013881,validation,1,0,none,none,2025-05-01T10:00:00Z,1,1
S013882,validation,1,0,none,none,2025-05-01T10:10:00Z,,0
S013883,validation,1,0,none,none,2025-05-01T10:20:00Z,,0
S013884,validation,1,0,none,none,2025-05-01T10:30:00Z,,0
S013885,validation,1,0,none,none,2025-05-01T10:40:00Z,,0
S013886,validation,1,0,none,none,2025-05-01T10:50:00Z,,0
S013887,validation,1,0,none,none,2025-05-01T11:00:00Z,1,1
S013888,validation,1,0,none,none,2025-05-01T11:10:00Z,,0
S013889,validation,1,0,none,none,2025-05-01T11:20:00Z,,0
S013890,validation,1,0,none,none,2025-05-01T11:30:00Z,1,1
S013891,validation,1,0,none,none,2025-05-01T11:40:00Z,,0
S013892,validation,1,0,none,none,2025-05-01T11:50:00Z,,0
S013893,validation,1,0,none,none,2025-05-01T12:00:00Z,,0
S013894,validation,1,0,none,none,2025-05-01T12:10:00Z,,0
S013895,validation,1,0,none,none,2025-05-01T12:20:00Z,,0
S013896,validation,1,0,none,none,2025-05-01T12:30:00Z,,0
S013897,validation,1,0,none,none,2025-05-01T12:40:00Z,,0
S013898,validation,1,0,none,none,2025-05-01T12:50:00Z,,0
S013899,validation,1,0,none,none,2025-05-01T13:00:00Z,,0
S013900,validation,1,0,none,none,2025-05-01T13:10:00Z,,0
S013901,validation,1,0,none,none,2025-05-01T13:20:00Z,,0
S013902,validation,1,0,none,none,2025-05-01T13:30:00Z,,0
S013903,validation,1,0,none,none,2025-05-01T13:40:00Z,,0
S013904,validation,0,1,warpage,assembly,2025-05-01T15:40:00Z,,0
S013905,validation,1,0,none,none,2025-05-01T15:50:00Z,,0
S013906,validation,1,0,none,none,2025-05-01T16:00:00Z,,0
S013907,validation,1,0,none,none,2025-05-01T16:10:00Z,1,1
S013908,validation,1,0,none,none,2025-05-01T16:20:00Z,,0
S013909,validation,1,0,none,none,2025-05-01T16:30:00Z,1,1
S013910,validation,1,0,none,none,2025-05-01T16:40:00Z,,0
S013911,validation,1,0,none,none,2025-05-01T16:50:00Z,,0
S013912,validation,1,0,none,none,2025-05-01T17:00:00Z,,0
S013913,validation,1,0,none,none,2025-05-01T17:10:00Z,1,1
S013914,validation,1,0,none,none,2025-05-01T17:20:00Z,,0
S013915,validation,1,0,none,none,2025-05-01T17:30:00Z,,0
S013916,validation,1,0,none,none,2025-05-01T17:40:00Z,,0
S013917,validation,1,0,none,none,2025-05-01T17:50:00Z,,0
S013918,validation,1,0,none,none,2025-05-01T18:00:00Z,,0
S013919,validation,1,0,none,none,2025-05-01T18:10:00Z,,0
S013920,validation,0,1,underfill_void,molding,2025-05-01T18:20:00Z,,0
S013921,validation,1,0,none,none,2025-05-01T18:30:00Z,,0
S013922,validation,1,0,none,none,2025-05-01T18:40:00Z,,0
S013923,validation,1,0,none,none,2025-05-01T18:50:00Z,,0
S013924,validation,1,0,none,none,2025-05-01T19:00:00Z,,0
S013925,validation,1,0,none,none,2025-05-01T19:10:00Z,,0
S013926,validation,1,0,none,none,2025-05-01T19:20:00Z,,0
S013927,validation,1,0,none,none,2025-05-01T19:30:00Z,,0
S013928,validation,1,0,none,none,2025-05-01T19:40:00Z,,0
S013929,validation,1,0,none,none,2025-05-01T19:50:00Z,,0
S013930,validation,1,0,none,none,2025-05-01T20:00:00Z,,0
S013931,validation,1,0,none,none,2025-05-01T20:10:00Z,,0
S013932,validation,0,1,dram_electrical,dram_or_base,2025-05-01T20:20:00Z,,0
S013933,validation,1,0,none,none,2025-05-01T20:30:00Z,,0
S013934,validation,1,0,none,none,2025-05-01T20:40:00Z,,0
S013935,validation,1,0,none,none,2025-05-01T20:50:00Z,,0
S013936,validation,1,0,none,none,2025-05-01T21:00:00Z,,0
S013937,validation,1,0,none,none,2025-05-01T21:10:00Z,,0
S013938,validation,1,0,none,none,2025-05-01T21:20:00Z,,0
S013939,validation,1,0,none,none,2025-05-01T21:30:00Z,,0
S013940,validation,1,0,none,none,2025-05-01T21:40:00Z,,0
S013941,validation,1,0,none,none,2025-05-01T21:50:00Z,1,1
S013942,validation,1,0,none,none,2025-05-01T22:00:00Z,1,1
S013943,validation,0,1,underfill_void,molding,2025-05-01T22:10:00Z,,0
S013944,validation,1,0,none,none,2025-05-01T22:20:00Z,,0
S013945,validation,1,0,none,none,2025-05-01T22:30:00Z,1,1
S013946,validation,1,0,none,none,2025-05-01T22:40:00Z,,0
S013947,validation,1,0,none,none,2025-05-01T22:50:00Z,,0
S013948,validation,1,0,none,none,2025-05-01T23:00:00Z,,0
S013949,validation,1,0,none,none,2025-05-01T23:10:00Z,,0
S013950,validation,1,0,none,none,2025-05-01T23:20:00Z,1,1
S013951,validation,1,0,none,none,2025-05-01T23:30:00Z,1,1
S013952,validation,1,0,none,none,2025-05-01T23:40:00Z,,0
S013953,validation,1,0,none,none,2025-05-01T23:50:00Z,,0
S013954,validation,1,0,none,none,2025-05-02T00:00:00Z,1,1
S013955,validation,1,0,none,none,2025-05-02T00:10:00Z,,0
S013956,validation,1,0,none,none,2025-05-02T00:20:00Z,,0
S013957,validation,1,0,none,none,2025-05-02T00:30:00Z,,0
S013958,validation,1,0,none,none,2025-05-02T00:40:00Z,1,1
S013959,validation,1,0,none,none,2025-05-02T00:50:00Z,,0
S013960,validation,1,0,none,none,2025-05-02T01:00:00Z,,0
S013961,validation,1,0,none,none,2025-05-02T01:10:00Z,,0
S013962,validation,1,0,none,none,2025-05-02T01:20:00Z,,0
S013963,validation,1,0,none,none,2025-05-02T01:30:00Z,,0
S013964,validation,1,0,none,none,2025-05-02T03:40:00Z,,0
S013965,validation,1,0,none,none,2025-05-02T03:50:00Z,1,1
S013966,validation,1,0,none,none,2025-05-02T04:00:00Z,,0
S013967,validation,1,0,none,none,2025-05-02T04:10:00Z,,0
S013968,validation,1,0,none,none,2025-05-02T04:20:00Z,,0
S013969,validation,1,0,none,none,2025-05-02T04:30:00Z,,0
S013970,validation,1,0,none,none,2025-05-02T04:40:00Z,,0
S013971,validation,1,0,none,none,2025-05-02T04:50:00Z,,0
S013972,validation,1,0,none,none,2025-05-02T05:00:00Z,,0
S013973,validation,1,0,none,none,2025-05-02T05:10:00Z,1,1
S013974,validation,1,0,none,none,2025-05-02T05:20:00Z,,0
S013975,validation,1,0,none,none,2025-05-02T05:30:00Z,,0
S013976,validation,0,1,microbump_open_bridge,reflow,2025-05-02T05:40:00Z,,0
S013977,validation,1,0,none,none,2025-05-02T05:50:00Z,,0
S013978,validation,0,1,microbump_open_bridge,reflow,2025-05-02T06:00:00Z,,0
S013979,validation,1,0,none,none,2025-05-02T06:10:00Z,,0
S013980,validation,1,0,none,none,2025-05-02T06:20:00Z,,0
S013981,validation,1,0,none,none,2025-05-02T06:30:00Z,1,1
S013982,validation,1,0,none,none,2025-05-02T06:40:00Z,,0
S013983,validation,1,0,none,none,2025-05-02T06:50:00Z,,0
S013984,validation,1,0,none,none,2025-05-02T07:00:00Z,,0
S013985,validation,1,0,none,none,2025-05-02T07:10:00Z,,0
S013986,validation,1,0,none,none,2025-05-02T07:20:00Z,,0
S013987,validation,1,0,none,none,2025-05-02T07:30:00Z,1,1
S013988,validation,1,0,none,none,2025-05-02T07:40:00Z,1,1
S013989,validation,1,0,none,none,2025-05-02T07:50:00Z,,0
S013990,validation,1,0,none,none,2025-05-02T08:00:00Z,,0
S013991,validation,1,0,none,none,2025-05-02T08:10:00Z,,0
S013992,validation,1,0,none,none,2025-05-02T08:20:00Z,,0
S013993,validation,1,0,none,none,2025-05-02T08:30:00Z,,0
S013994,validation,1,0,none,none,2025-05-02T08:40:00Z,,0
S013995,validation,1,0,none,none,2025-05-02T08:50:00Z,,0
S013996,validation,1,0,none,none,2025-05-02T09:00:00Z,,0
S013997,validation,1,0,none,none,2025-05-02T09:10:00Z,1,1
S013998,validation,1,0,none,none,2025-05-02T09:20:00Z,,0
S013999,validation,1,0,none,none,2025-05-02T09:30:00Z,1,1
S014000,validation,1,0,none,none,2025-05-02T09:40:00Z,,0
S014001,validation,1,0,none,none,2025-05-02T09:50:00Z,,0
S014002,validation,1,0,none,none,2025-05-02T10:00:00Z,,0
S014003,validation,1,0,none,none,2025-05-02T10:10:00Z,,0
S014004,validation,1,0,none,none,2025-05-02T10:20:00Z,1,1
S014005,validation,1,0,none,none,2025-05-02T10:30:00Z,,0
S014006,validation,1,0,none,none,2025-05-02T10:40:00Z,,0
S014007,validation,1,0,none,none,2025-05-02T10:50:00Z,,0
S014008,validation,1,0,none,none,2025-05-02T11:00:00Z,,0
S014009,validation,1,0,none,none,2025-05-02T11:10:00Z,,0
S014010,validation,1,0,none,none,2025-05-02T11:20:00Z,,0
S014011,validation,1,0,none,none,2025-05-02T11:30:00Z,,0
S014012,validation,1,0,none,none,2025-05-02T11:40:00Z,,0
S014013,validation,1,0,none,none,2025-05-02T11:50:00Z,,0
S014014,validation,1,0,none,none,2025-05-02T12:00:00Z,,0
S014015,validation,1,0,none,none,2025-05-02T12:10:00Z,,0
S014016,validation,1,0,none,none,2025-05-02T12:20:00Z,1,1
S014017,validation,0,1,tsv_open_short,tsv_or_interconnect,2025-05-02T12:30:00Z,,0
S014018,validation,1,0,none,none,2025-05-02T12:40:00Z,,0
S014019,validation,1,0,none,none,2025-05-02T12:50:00Z,1,1
S014020,validation,1,0,none,none,2025-05-02T13:00:00Z,,0
S014021,validation,1,0,none,none,2025-05-02T13:10:00Z,,0
S014022,validation,1,0,none,none,2025-05-02T13:20:00Z,,0
S014023,validation,1,0,none,none,2025-05-02T13:30:00Z,,0
S014024,validation,1,0,none,none,2025-05-02T13:40:00Z,,0
S014025,validation,1,0,none,none,2025-05-02T13:50:00Z,1,1
S014026,validation,1,0,none,none,2025-05-02T15:40:00Z,,0
S014027,validation,1,0,none,none,2025-05-02T15:50:00Z,,0
S014028,validation,1,0,none,none,2025-05-02T16:00:00Z,1,1
S014029,validation,1,0,none,none,2025-05-02T16:10:00Z,,0
S014030,validation,1,0,none,none,2025-05-02T16:20:00Z,,0
S014031,validation,1,0,none,none,2025-05-02T16:30:00Z,,0
S014032,validation,1,0,none,none,2025-05-02T16:40:00Z,,0
S014033,validation,1,0,none,none,2025-05-02T16:50:00Z,,0
S014034,validation,1,0,none,none,2025-05-02T17:00:00Z,,0
S014035,validation,1,0,none,none,2025-05-02T17:10:00Z,,0
S014036,validation,1,0,none,none,2025-05-02T17:20:00Z,,0
S014037,validation,1,0,none,none,2025-05-02T17:30:00Z,1,1
S014038,validation,1,0,none,none,2025-05-02T17:40:00Z,,0
S014039,validation,1,0,none,none,2025-05-02T17:50:00Z,,0
S014040,validation,1,0,none,none,2025-05-02T18:00:00Z,1,1
S014041,validation,1,0,none,none,2025-05-02T18:10:00Z,,0
S014042,validation,1,0,none,none,2025-05-02T18:20:00Z,,0
S014043,validation,1,0,none,none,2025-05-02T18:30:00Z,,0
S014044,validation,1,0,none,none,2025-05-02T18:40:00Z,,0
S014045,validation,1,0,none,none,2025-05-02T18:50:00Z,,0
S014046,validation,1,0,none,none,2025-05-02T19:00:00Z,1,1
S014047,validation,1,0,none,none,2025-05-02T19:10:00Z,,0
S014048,validation,1,0,none,none,2025-05-02T19:20:00Z,1,1
S014049,validation,1,0,none,none,2025-05-02T19:30:00Z,,0
S014050,validation,1,0,none,none,2025-05-02T19:40:00Z,,0
S014051,validation,1,0,none,none,2025-05-02T19:50:00Z,,0
S014052,validation,1,0,none,none,2025-05-02T20:00:00Z,1,1
S014053,validation,1,0,none,none,2025-05-02T20:10:00Z,1,1
S014054,validation,1,0,none,none,2025-05-02T20:20:00Z,,0
S014055,validation,1,0,none,none,2025-05-02T20:30:00Z,,0
S014056,validation,1,0,none,none,2025-05-02T20:40:00Z,,0
S014057,validation,1,0,none,none,2025-05-02T20:50:00Z,,0
S014058,validation,1,0,none,none,2025-05-02T21:00:00Z,,0
S014059,validation,1,0,none,none,2025-05-02T21:10:00Z,,0
S014060,validation,1,0,none,none,2025-05-02T21:20:00Z,,0
S014061,validation,1,0,none,none,2025-05-02T21:30:00Z,,0
S014062,validation,1,0,none,none,2025-05-02T21:40:00Z,,0
S014063,validation,1,0,none,none,2025-05-02T21:50:00Z,,0
S014064,validation,1,0,none,none,2025-05-02T22:00:00Z,,0
S014065,validation,1,0,none,none,2025-05-02T22:10:00Z,,0
S014066,validation,1,0,none,none,2025-05-02T22:20:00Z,,0
S014067,validation,1,0,none,none,2025-05-02T22:30:00Z,,0
S014068,validation,1,0,none,none,2025-05-02T22:40:00Z,1,1
S014069,validation,1,0,none,none,2025-05-02T22:50:00Z,1,1
S014070,validation,1,0,none,none,2025-05-02T23:00:00Z,,0
S014071,validation,1,0,none,none,2025-05-02T23:10:00Z,,0
S014072,validation,1,0,none,none,2025-05-02T23:20:00Z,1,1
S014073,validation,1,0,none,none,2025-05-02T23:30:00Z,,0
S014074,validation,1,0,none,none,2025-05-02T23:40:00Z,,0
S014075,validation,1,0,none,none,2025-05-02T23:50:00Z,,0
S014076,validation,1,0,none,none,2025-05-03T00:00:00Z,,0
S014077,validation,1,0,none,none,2025-05-03T00:10:00Z,,0
S014078,validation,1,0,none,none,2025-05-03T00:20:00Z,,0
S014079,validation,1,0,none,none,2025-05-03T00:30:00Z,,0
S014080,validation,1,0,none,none,2025-05-03T00:40:00Z,,0
S014081,validation,1,0,none,none,2025-05-03T00:50:00Z,,0
S014082,validation,1,0,none,none,2025-05-03T01:00:00Z,,0
S014083,validation,1,0,none,none,2025-05-03T01:10:00Z,,0
S014084,validation,0,1,underfill_void,molding,2025-05-03T01:20:00Z,,0
S014085,validation,1,0,none,none,2025-05-03T01:30:00Z,,0
S014086,validation,1,0,none,none,2025-05-03T01:40:00Z,,0
S014087,validation,1,0,none,none,2025-05-03T01:50:00Z,,0
S014088,validation,1,0,none,none,2025-05-03T02:00:00Z,,0
S014089,validation,1,0,none,none,2025-05-03T02:10:00Z,,0
S014090,validation,1,0,none,none,2025-05-03T02:20:00Z,,0
S014091,validation,0,1,underfill_void,molding,2025-05-03T02:30:00Z,,0
S014092,validation,0,1,underfill_void,molding,2025-05-03T02:40:00Z,,0
S014093,validation,1,0,none,none,2025-05-03T02:50:00Z,,0
S014094,validation,1,0,none,none,2025-05-03T03:00:00Z,,0
S014095,validation,1,0,none,none,2025-05-03T03:10:00Z,,0
S014096,validation,1,0,none,none,2025-05-03T03:20:00Z,,0
S014097,validation,1,0,none,none,2025-05-03T03:30:00Z,1,1
S014098,validation,1,0,none,none,2025-05-03T03:40:00Z,1,1
S014099,validation,1,0,none,none,2025-05-03T03:50:00Z,,0
S014100,validation,1,0,none,none,2025-05-03T04:00:00Z,,0
S014101,validation,1,0,none,none,2025-05-03T04:10:00Z,,0
S014102,validation,1,0,none,none,2025-05-03T04:20:00Z,,0
S014103,validation,1,0,none,none,2025-05-03T04:30:00Z,1,1
S014104,validation,1,0,none,none,2025-05-03T04:40:00Z,,0
S014105,validation,1,0,none,none,2025-05-03T04:50:00Z,,0
S014106,validation,1,0,none,none,2025-05-03T05:00:00Z,,0
S014107,validation,1,0,none,none,2025-05-03T05:10:00Z,,0
S014108,validation,1,0,none,none,2025-05-03T05:20:00Z,,0
S014109,validation,1,0,none,none,2025-05-03T05:30:00Z,,0
S014110,validation,1,0,none,none,2025-05-03T05:40:00Z,,0
S014111,validation,1,0,none,none,2025-05-03T05:50:00Z,,0
S014112,validation,1,0,none,none,2025-05-03T06:00:00Z,,0
S014113,validation,1,0,none,none,2025-05-03T06:10:00Z,,0
S014114,validation,1,0,none,none,2025-05-03T06:20:00Z,,0
S014115,validation,1,0,none,none,2025-05-03T06:30:00Z,,0
S014116,validation,1,0,none,none,2025-05-03T06:40:00Z,,0
S014117,validation,1,0,none,none,2025-05-03T06:50:00Z,,0
S014118,validation,1,0,none,none,2025-05-03T07:00:00Z,,0
S014119,validation,1,0,none,none,2025-05-03T07:10:00Z,1,1
S014120,validation,1,0,none,none,2025-05-03T07:20:00Z,,0
S014121,validation,0,1,delamination,molding,2025-05-03T03:40:00Z,,0
S014122,validation,1,0,none,none,2025-05-03T03:50:00Z,,0
S014123,validation,1,0,none,none,2025-05-03T04:00:00Z,,0
S014124,validation,1,0,none,none,2025-05-03T04:10:00Z,,0
S014125,validation,1,0,none,none,2025-05-03T04:20:00Z,,0
S014126,validation,1,0,none,none,2025-05-03T04:30:00Z,,0
S014127,validation,1,0,none,none,2025-05-03T04:40:00Z,,0
S014128,validation,1,0,none,none,2025-05-03T04:50:00Z,,0
S014129,validation,1,0,none,none,2025-05-03T05:00:00Z,,0
S014130,validation,1,0,none,none,2025-05-03T05:10:00Z,1,1
S014131,validation,1,0,none,none,2025-05-03T05:20:00Z,,0
S014132,validation,1,0,none,none,2025-05-03T05:30:00Z,,0
S014133,validation,1,0,none,none,2025-05-03T05:40:00Z,,0
S014134,validation,1,0,none,none,2025-05-03T05:50:00Z,,0
S014135,validation,1,0,none,none,2025-05-03T06:00:00Z,,0
S014136,validation,1,0,none,none,2025-05-03T06:10:00Z,,0
S014137,validation,1,0,none,none,2025-05-03T06:20:00Z,,0
S014138,validation,1,0,none,none,2025-05-03T06:30:00Z,,0
S014139,validation,1,0,none,none,2025-05-03T06:40:00Z,,0
S014140,validation,1,0,none,none,2025-05-03T06:50:00Z,,0
S014141,validation,1,0,none,none,2025-05-03T07:00:00Z,,0
S014142,validation,1,0,none,none,2025-05-03T07:10:00Z,,0
S014143,validation,1,0,none,none,2025-05-03T07:20:00Z,,0
S014144,validation,1,0,none,none,2025-05-03T07:30:00Z,1,1
S014145,validation,1,0,none,none,2025-05-03T07:40:00Z,,0
S014146,validation,1,0,none,none,2025-05-03T07:50:00Z,,0
S014147,validation,1,0,none,none,2025-05-03T08:00:00Z,,0
S014148,validation,1,0,none,none,2025-05-03T08:10:00Z,,0
S014149,validation,1,0,none,none,2025-05-03T08:20:00Z,,0
S014150,validation,1,0,none,none,2025-05-03T08:30:00Z,,0
S014151,validation,1,0,none,none,2025-05-03T08:40:00Z,,0
S014152,validation,1,0,none,none,2025-05-03T08:50:00Z,0,1
S014153,validation,1,0,none,none,2025-05-03T09:00:00Z,,0
S014154,validation,1,0,none,none,2025-05-03T09:10:00Z,1,1
S014155,validation,1,0,none,none,2025-05-03T09:20:00Z,,0
S014156,validation,1,0,none,none,2025-05-03T09:30:00Z,,0
S014157,validation,0,1,delamination,molding,2025-05-03T09:40:00Z,,0
S014158,validation,1,0,none,none,2025-05-03T09:50:00Z,,0
S014159,validation,1,0,none,none,2025-05-03T10:00:00Z,1,1
S014160,validation,1,0,none,none,2025-05-03T10:10:00Z,1,1
S014161,validation,1,0,none,none,2025-05-03T10:20:00Z,,0
S014162,validation,1,0,none,none,2025-05-03T10:30:00Z,1,1
S014163,validation,1,0,none,none,2025-05-03T10:40:00Z,,0
S014164,validation,1,0,none,none,2025-05-03T10:50:00Z,,0
S014165,validation,1,0,none,none,2025-05-03T11:00:00Z,,0
S014166,validation,1,0,none,none,2025-05-03T11:10:00Z,1,1
S014167,validation,1,0,none,none,2025-05-03T11:20:00Z,,0
S014168,validation,1,0,none,none,2025-05-03T11:30:00Z,,0
S014169,validation,1,0,none,none,2025-05-03T11:40:00Z,,0
S014170,validation,1,0,none,none,2025-05-03T11:50:00Z,,0
S014171,validation,1,0,none,none,2025-05-03T12:00:00Z,,0
S014172,validation,1,0,none,none,2025-05-03T12:10:00Z,,0
S014173,validation,1,0,none,none,2025-05-03T12:20:00Z,,0
S014174,validation,1,0,none,none,2025-05-03T12:30:00Z,,0
S014175,validation,1,0,none,none,2025-05-03T12:40:00Z,,0
S014176,validation,1,0,none,none,2025-05-03T12:50:00Z,,0
S014177,validation,1,0,none,none,2025-05-03T13:00:00Z,,0
S014178,validation,1,0,none,none,2025-05-03T13:10:00Z,,0
S014179,validation,1,0,none,none,2025-05-03T13:20:00Z,,0
S014180,validation,1,0,none,none,2025-05-03T13:30:00Z,,0
S014181,validation,1,0,none,none,2025-05-03T13:40:00Z,,0
S014182,validation,1,0,none,none,2025-05-03T13:50:00Z,,0
S014183,validation,1,0,none,none,2025-05-03T15:40:00Z,1,1
S014184,validation,1,0,none,none,2025-05-03T15:50:00Z,,0
S014185,validation,1,0,none,none,2025-05-03T16:00:00Z,,0
S014186,validation,1,0,none,none,2025-05-03T16:10:00Z,,0
S014187,validation,1,0,none,none,2025-05-03T16:20:00Z,1,1
S014188,validation,1,0,none,none,2025-05-03T16:30:00Z,,0
S014189,validation,1,0,none,none,2025-05-03T16:40:00Z,,0
S014190,validation,1,0,none,none,2025-05-03T16:50:00Z,1,1
S014191,validation,1,0,none,none,2025-05-03T17:00:00Z,1,1
S014192,validation,1,0,none,none,2025-05-03T17:10:00Z,,0
S014193,validation,1,0,none,none,2025-05-03T17:20:00Z,1,1
S014194,validation,1,0,none,none,2025-05-03T17:30:00Z,,0
S014195,validation,1,0,none,none,2025-05-03T17:40:00Z,1,1
S014196,validation,1,0,none,none,2025-05-03T17:50:00Z,,0
S014197,validation,1,0,none,none,2025-05-03T18:00:00Z,1,1
S014198,validation,1,0,none,none,2025-05-03T18:10:00Z,,0
S014199,validation,1,0,none,none,2025-05-03T18:20:00Z,,0
S014200,validation,1,0,none,none,2025-05-03T18:30:00Z,,0
S014201,validation,1,0,none,none,2025-05-03T18:40:00Z,1,1
S014202,validation,1,0,none,none,2025-05-03T18:50:00Z,,0
S014203,validation,1,0,none,none,2025-05-03T19:00:00Z,,0
S014204,validation,1,0,none,none,2025-05-03T19:10:00Z,,0
S014205,validation,1,0,none,none,2025-05-03T19:20:00Z,1,1
S014206,validation,1,0,none,none,2025-05-03T19:30:00Z,,0
S014207,validation,1,0,none,none,2025-05-03T19:40:00Z,,0
S014208,validation,1,0,none,none,2025-05-03T19:50:00Z,,0
S014209,validation,1,0,none,none,2025-05-03T20:00:00Z,1,1
S014210,validation,1,0,none,none,2025-05-03T20:10:00Z,,0
S014211,validation,1,0,none,none,2025-05-03T20:20:00Z,,0
S014212,validation,1,0,none,none,2025-05-03T20:30:00Z,,0
S014213,validation,1,0,none,none,2025-05-03T20:40:00Z,,0
S014214,validation,1,0,none,none,2025-05-03T20:50:00Z,,0
S014215,validation,0,1,warpage,assembly,2025-05-03T21:00:00Z,,0
S014216,validation,1,0,none,none,2025-05-03T21:10:00Z,,0
S014217,validation,1,0,none,none,2025-05-03T21:20:00Z,,0
S014218,validation,1,0,none,none,2025-05-03T21:30:00Z,,0
S014219,validation,1,0,none,none,2025-05-03T21:40:00Z,,0
S014220,validation,1,0,none,none,2025-05-03T21:50:00Z,,0
S014221,validation,1,0,none,none,2025-05-03T22:00:00Z,,0
S014222,validation,1,0,none,none,2025-05-03T22:10:00Z,,0
S014223,validation,1,0,none,none,2025-05-03T22:20:00Z,1,1
S014224,validation,1,0,none,none,2025-05-03T22:30:00Z,1,1
S014225,validation,1,0,none,none,2025-05-03T22:40:00Z,,0
S014226,validation,1,0,none,none,2025-05-03T22:50:00Z,1,1
S014227,validation,1,0,none,none,2025-05-03T23:00:00Z,1,1
S014228,validation,1,0,none,none,2025-05-03T23:10:00Z,,0
S014229,validation,1,0,none,none,2025-05-03T23:20:00Z,,0
S014230,validation,1,0,none,none,2025-05-03T23:30:00Z,,0
S014231,validation,1,0,none,none,2025-05-03T23:40:00Z,,0
S014232,validation,1,0,none,none,2025-05-03T23:50:00Z,,0
S014233,validation,1,0,none,none,2025-05-04T00:00:00Z,,0
S014234,validation,1,0,none,none,2025-05-04T00:10:00Z,,0
S014235,validation,0,1,warpage,assembly,2025-05-04T00:20:00Z,,0
S014236,validation,1,0,none,none,2025-05-04T00:30:00Z,,0
S014237,validation,1,0,none,none,2025-05-04T00:40:00Z,,0
S014238,validation,1,0,none,none,2025-05-04T00:50:00Z,,0
S014239,validation,1,0,none,none,2025-05-04T01:00:00Z,,0
S014240,validation,1,0,none,none,2025-05-04T01:10:00Z,1,1
S014241,validation,1,0,none,none,2025-05-04T01:20:00Z,,0
S014242,validation,1,0,none,none,2025-05-04T01:30:00Z,,0
S014243,validation,1,0,none,none,2025-05-04T01:40:00Z,,0
S014244,validation,1,0,none,none,2025-05-04T01:50:00Z,,0
S014245,validation,1,0,none,none,2025-05-04T02:00:00Z,,0
S014246,validation,1,0,none,none,2025-05-04T02:10:00Z,,0
S014247,validation,1,0,none,none,2025-05-04T02:20:00Z,,0
S014248,validation,1,0,none,none,2025-05-04T02:30:00Z,1,1
S014249,validation,1,0,none,none,2025-05-04T02:40:00Z,,0
S014250,validation,1,0,none,none,2025-05-04T02:50:00Z,1,1
S014251,validation,1,0,none,none,2025-05-04T03:00:00Z,,0
S014252,validation,1,0,none,none,2025-05-04T03:10:00Z,,0
S014253,validation,1,0,none,none,2025-05-04T03:20:00Z,,0
S014254,validation,1,0,none,none,2025-05-04T03:30:00Z,,0
S014255,validation,1,0,none,none,2025-05-04T03:40:00Z,,0
S014256,validation,1,0,none,none,2025-05-04T03:50:00Z,,0
S014257,validation,1,0,none,none,2025-05-04T04:00:00Z,1,1
S014258,validation,1,0,none,none,2025-05-04T04:10:00Z,,0
S014259,validation,1,0,none,none,2025-05-04T04:20:00Z,,0
S014260,validation,1,0,none,none,2025-05-04T04:30:00Z,,0
S014261,validation,1,0,none,none,2025-05-04T04:40:00Z,,0
S014262,validation,0,1,warpage,assembly,2025-05-04T04:50:00Z,,0
S014263,validation,1,0,none,none,2025-05-04T05:00:00Z,,0
S014264,validation,1,0,none,none,2025-05-04T05:10:00Z,,0
S014265,validation,1,0,none,none,2025-05-04T05:20:00Z,,0
S014266,validation,1,0,none,none,2025-05-04T05:30:00Z,,0
S014267,validation,1,0,none,none,2025-05-04T05:40:00Z,,0
S014268,validation,1,0,none,none,2025-05-04T05:50:00Z,1,1
S014269,validation,1,0,none,none,2025-05-04T06:00:00Z,,0
S014270,validation,1,0,none,none,2025-05-04T06:10:00Z,,0
S014271,validation,1,0,none,none,2025-05-04T06:20:00Z,,0
S014272,validation,1,0,none,none,2025-05-04T06:30:00Z,,0
S014273,validation,1,0,none,none,2025-05-04T06:40:00Z,,0
S014274,validation,1,0,none,none,2025-05-04T03:40:00Z,,0
S014275,validation,1,0,none,none,2025-05-04T03:50:00Z,,0
S014276,validation,1,0,none,none,2025-05-04T04:00:00Z,,0
S014277,validation,1,0,none,none,2025-05-04T04:10:00Z,,0
S014278,validation,1,0,none,none,2025-05-04T04:20:00Z,,0
S014279,validation,1,0,none,none,2025-05-04T04:30:00Z,,0
S014280,validation,1,0,none,none,2025-05-04T04:40:00Z,1,1
S014281,validation,1,0,none,none,2025-05-04T04:50:00Z,,0
S014282,validation,1,0,none,none,2025-05-04T05:00:00Z,,0
S014283,validation,1,0,none,none,2025-05-04T05:10:00Z,,0
S014284,validation,1,0,none,none,2025-05-04T05:20:00Z,,0
S014285,validation,1,0,none,none,2025-05-04T05:30:00Z,,0
S014286,validation,1,0,none,none,2025-05-04T05:40:00Z,,0
S014287,validation,1,0,none,none,2025-05-04T05:50:00Z,,0
S014288,validation,1,0,none,none,2025-05-04T06:00:00Z,,0
S014289,validation,1,0,none,none,2025-05-04T06:10:00Z,1,1
S014290,validation,1,0,none,none,2025-05-04T06:20:00Z,1,1
S014291,validation,0,1,dram_electrical,dram_or_base,2025-05-04T06:30:00Z,,0
S014292,validation,1,0,none,none,2025-05-04T06:40:00Z,,0
S014293,validation,1,0,none,none,2025-05-04T06:50:00Z,1,1
S014294,validation,1,0,none,none,2025-05-04T07:00:00Z,,0
S014295,validation,1,0,none,none,2025-05-04T07:10:00Z,,0
S014296,validation,1,0,none,none,2025-05-04T07:20:00Z,1,1
S014297,validation,1,0,none,none,2025-05-04T07:30:00Z,,0
S014298,validation,1,0,none,none,2025-05-04T07:40:00Z,,0
S014299,validation,1,0,none,none,2025-05-04T07:50:00Z,,0
S014300,validation,1,0,none,none,2025-05-04T08:00:00Z,,0
S014301,validation,1,0,none,none,2025-05-04T08:10:00Z,,0
S014302,validation,1,0,none,none,2025-05-04T08:20:00Z,,0
S014303,validation,1,0,none,none,2025-05-04T08:30:00Z,,0
S014304,validation,1,0,none,none,2025-05-04T08:40:00Z,,0
S014305,validation,1,0,none,none,2025-05-04T08:50:00Z,,0
S014306,validation,1,0,none,none,2025-05-04T09:00:00Z,,0
S014307,validation,1,0,none,none,2025-05-04T09:10:00Z,,0
S014308,validation,1,0,none,none,2025-05-04T09:20:00Z,,0
S014309,validation,1,0,none,none,2025-05-04T09:30:00Z,,0
S014310,validation,1,0,none,none,2025-05-04T09:40:00Z,,0
S014311,validation,1,0,none,none,2025-05-04T09:50:00Z,,0
S014312,validation,1,0,none,none,2025-05-04T10:00:00Z,,0
S014313,validation,1,0,none,none,2025-05-04T10:10:00Z,,0
S014314,validation,1,0,none,none,2025-05-04T10:20:00Z,,0
S014315,validation,1,0,none,none,2025-05-04T10:30:00Z,1,1
S014316,validation,1,0,none,none,2025-05-04T10:40:00Z,,0
S014317,validation,1,0,none,none,2025-05-04T10:50:00Z,,0
S014318,validation,1,0,none,none,2025-05-04T11:00:00Z,,0
S014319,validation,1,0,none,none,2025-05-04T11:10:00Z,,0
S014320,validation,0,1,delamination,molding,2025-05-04T11:20:00Z,,0
S014321,validation,1,0,none,none,2025-05-04T11:30:00Z,,0
S014322,validation,1,0,none,none,2025-05-04T11:40:00Z,1,1
S014323,validation,1,0,none,none,2025-05-04T11:50:00Z,,0
S014324,validation,1,0,none,none,2025-05-04T12:00:00Z,,0
S014325,validation,1,0,none,none,2025-05-04T12:10:00Z,,0
S014326,validation,1,0,none,none,2025-05-04T12:20:00Z,,0
S014327,validation,0,1,tsv_open_short,tsv_or_interconnect,2025-05-04T12:30:00Z,,0
S014328,validation,1,0,none,none,2025-05-04T12:40:00Z,,0
S014329,validation,1,0,none,none,2025-05-04T12:50:00Z,,0
S014330,validation,1,0,none,none,2025-05-04T13:00:00Z,,0
S014331,validation,1,0,none,none,2025-05-04T13:10:00Z,0,1
S014332,validation,1,0,none,none,2025-05-04T13:20:00Z,0,1
S014333,validation,1,0,none,none,2025-05-04T13:30:00Z,,0
S014334,validation,1,0,none,none,2025-05-04T13:40:00Z,,0
S014335,validation,1,0,none,none,2025-05-04T13:50:00Z,,0
S014336,validation,1,0,none,none,2025-05-04T15:40:00Z,,0
S014337,validation,1,0,none,none,2025-05-04T15:50:00Z,,0
S014338,validation,1,0,none,none,2025-05-04T16:00:00Z,,0
S014339,validation,1,0,none,none,2025-05-04T16:10:00Z,,0
S014340,validation,1,0,none,none,2025-05-04T16:20:00Z,1,1
S014341,validation,1,0,none,none,2025-05-04T16:30:00Z,,0
S014342,validation,1,0,none,none,2025-05-04T16:40:00Z,,0
S014343,validation,1,0,none,none,2025-05-04T16:50:00Z,1,1
S014344,validation,1,0,none,none,2025-05-04T17:00:00Z,,0
S014345,validation,1,0,none,none,2025-05-04T17:10:00Z,1,1
S014346,validation,1,0,none,none,2025-05-04T17:20:00Z,1,1
S014347,validation,1,0,none,none,2025-05-04T17:30:00Z,,0
S014348,validation,1,0,none,none,2025-05-04T17:40:00Z,1,1
S014349,validation,1,0,none,none,2025-05-04T17:50:00Z,,0
S014350,validation,1,0,none,none,2025-05-04T18:00:00Z,,0
S014351,validation,1,0,none,none,2025-05-04T18:10:00Z,1,1
S014352,validation,1,0,none,none,2025-05-04T18:20:00Z,1,1
S014353,validation,1,0,none,none,2025-05-04T18:30:00Z,,0
S014354,validation,1,0,none,none,2025-05-04T18:40:00Z,,0
S014355,validation,1,0,none,none,2025-05-04T18:50:00Z,,0
S014356,validation,1,0,none,none,2025-05-04T19:00:00Z,0,1
S014357,validation,1,0,none,none,2025-05-04T19:10:00Z,1,1
S014358,validation,1,0,none,none,2025-05-04T19:20:00Z,,0
S014359,validation,1,0,none,none,2025-05-04T19:30:00Z,1,1
S014360,validation,1,0,none,none,2025-05-04T19:40:00Z,,0
S014361,validation,1,0,none,none,2025-05-04T19:50:00Z,,0
S014362,validation,1,0,none,none,2025-05-04T20:00:00Z,1,1
S014363,validation,1,0,none,none,2025-05-04T20:10:00Z,,0
S014364,validation,1,0,none,none,2025-05-04T20:20:00Z,,0
S014365,validation,1,0,none,none,2025-05-04T20:30:00Z,,0
S014366,validation,1,0,none,none,2025-05-04T20:40:00Z,,0
S014367,validation,1,0,none,none,2025-05-04T20:50:00Z,,0
S014368,validation,1,0,none,none,2025-05-04T21:00:00Z,,0
S014369,validation,1,0,none,none,2025-05-04T21:10:00Z,,0
S014370,validation,1,0,none,none,2025-05-04T21:20:00Z,,0
S014371,validation,1,0,none,none,2025-05-04T21:30:00Z,,0
S014372,validation,1,0,none,none,2025-05-04T21:40:00Z,,0
S014373,validation,0,1,delamination,molding,2025-05-04T21:50:00Z,,0
S014374,validation,1,0,none,none,2025-05-04T22:00:00Z,,0
S014375,validation,1,0,none,none,2025-05-04T22:10:00Z,,0
S014376,validation,1,0,none,none,2025-05-04T22:20:00Z,1,1
S014377,validation,1,0,none,none,2025-05-04T22:30:00Z,,0
S014378,validation,1,0,none,none,2025-05-04T22:40:00Z,,0
S014379,validation,1,0,none,none,2025-05-04T22:50:00Z,,0
S014380,validation,1,0,none,none,2025-05-04T23:00:00Z,,0
S014381,validation,1,0,none,none,2025-05-04T23:10:00Z,,0
S014382,validation,1,0,none,none,2025-05-04T23:20:00Z,1,1
S014383,validation,1,0,none,none,2025-05-04T23:30:00Z,,0
S014384,validation,1,0,none,none,2025-05-04T23:40:00Z,,0
S014385,validation,1,0,none,none,2025-05-04T23:50:00Z,1,1
S014386,validation,1,0,none,none,2025-05-05T00:00:00Z,,0
S014387,validation,1,0,none,none,2025-05-05T00:10:00Z,,0
S014388,validation,1,0,none,none,2025-05-05T00:20:00Z,,0
S014389,validation,1,0,none,none,2025-05-05T00:30:00Z,,0
S014390,validation,1,0,none,none,2025-05-05T00:40:00Z,1,1
S014391,validation,1,0,none,none,2025-05-05T00:50:00Z,,0
S014392,validation,1,0,none,none,2025-05-05T01:00:00Z,1,1
S014393,validation,1,0,none,none,2025-05-05T01:10:00Z,1,1
S014394,validation,1,0,none,none,2025-05-05T01:20:00Z,,0
S014395,validation,1,0,none,none,2025-05-05T01:30:00Z,,0
S014396,validation,1,0,none,none,2025-05-05T01:40:00Z,,0
S014397,validation,1,0,none,none,2025-05-05T01:50:00Z,,0
S014398,validation,1,0,none,none,2025-05-05T02:00:00Z,,0
S014399,validation,1,0,none,none,2025-05-05T02:10:00Z,,0
S014400,validation,1,0,none,none,2025-05-05T02:20:00Z,,0
S014401,validation,1,0,none,none,2025-05-05T02:30:00Z,1,1
S014402,validation,1,0,none,none,2025-05-05T02:40:00Z,,0
S014403,validation,1,0,none,none,2025-05-05T02:50:00Z,1,1
S014404,validation,1,0,none,none,2025-05-05T03:00:00Z,,0
S014405,validation,1,0,none,none,2025-05-05T03:10:00Z,,0
S014406,validation,1,0,none,none,2025-05-05T03:20:00Z,,0
S014407,validation,1,0,none,none,2025-05-05T03:30:00Z,,0
S014408,validation,1,0,none,none,2025-05-05T03:40:00Z,,0
S014409,validation,1,0,none,none,2025-05-05T03:50:00Z,,0
S014410,validation,1,0,none,none,2025-05-05T04:00:00Z,,0
S014411,validation,1,0,none,none,2025-05-05T04:10:00Z,,0
S014412,validation,1,0,none,none,2025-05-05T04:20:00Z,,0
S014413,validation,1,0,none,none,2025-05-05T04:30:00Z,,0
S014414,validation,1,0,none,none,2025-05-05T04:40:00Z,,0
S014415,validation,1,0,none,none,2025-05-05T04:50:00Z,,0
S014416,validation,1,0,none,none,2025-05-05T05:00:00Z,1,1
S014417,validation,1,0,none,none,2025-05-05T05:10:00Z,,0
S014418,validation,0,1,dram_electrical,dram_or_base,2025-05-05T05:20:00Z,,0
S014419,validation,1,0,none,none,2025-05-05T05:30:00Z,,0
S014420,validation,1,0,none,none,2025-05-05T05:40:00Z,,0
S014421,validation,1,0,none,none,2025-05-05T05:50:00Z,1,1
S014422,validation,1,0,none,none,2025-05-05T06:00:00Z,,0
S014423,validation,1,0,none,none,2025-05-05T06:10:00Z,1,1
S014424,validation,1,0,none,none,2025-05-05T06:20:00Z,,0
S014425,validation,1,0,none,none,2025-05-05T06:30:00Z,1,1
S014426,validation,1,0,none,none,2025-05-05T06:40:00Z,1,1
S014427,validation,1,0,none,none,2025-05-05T03:40:00Z,1,1
S014428,validation,1,0,none,none,2025-05-05T03:50:00Z,,0
S014429,validation,1,0,none,none,2025-05-05T04:00:00Z,1,1
S014430,validation,1,0,none,none,2025-05-05T04:10:00Z,,0
S014431,validation,1,0,none,none,2025-05-05T04:20:00Z,,0
S014432,validation,1,0,none,none,2025-05-05T04:30:00Z,,0
S014433,validation,1,0,none,none,2025-05-05T04:40:00Z,1,1
S014434,validation,1,0,none,none,2025-05-05T04:50:00Z,1,1
S014435,validation,1,0,none,none,2025-05-05T05:00:00Z,,0
S014436,validation,1,0,none,none,2025-05-05T05:10:00Z,,0
S014437,validation,1,0,none,none,2025-05-05T05:20:00Z,1,1
S014438,validation,1,0,none,none,2025-05-05T05:30:00Z,,0
S014439,validation,1,0,none,none,2025-05-05T05:40:00Z,,0
S014440,validation,1,0,none,none,2025-05-05T05:50:00Z,,0
S014441,validation,1,0,none,none,2025-05-05T06:00:00Z,,0
S014442,validation,1,0,none,none,2025-05-05T06:10:00Z,,0
S014443,validation,1,0,none,none,2025-05-05T06:20:00Z,,0
S014444,validation,1,0,none,none,2025-05-05T06:30:00Z,1,1
S014445,validation,1,0,none,none,2025-05-05T06:40:00Z,,0
S014446,validation,1,0,none,none,2025-05-05T06:50:00Z,,0
S014447,validation,1,0,none,none,2025-05-05T07:00:00Z,1,1
S014448,validation,1,0,none,none,2025-05-05T07:10:00Z,,0
S014449,validation,1,0,none,none,2025-05-05T07:20:00Z,,0
S014450,validation,1,0,none,none,2025-05-05T07:30:00Z,,0
S014451,validation,1,0,none,none,2025-05-05T07:40:00Z,1,1
S014452,validation,1,0,none,none,2025-05-05T07:50:00Z,,0
S014453,validation,0,1,underfill_void,molding,2025-05-05T08:00:00Z,,0
S014454,validation,1,0,none,none,2025-05-05T08:10:00Z,,0
S014455,validation,1,0,none,none,2025-05-05T08:20:00Z,,0
S014456,validation,1,0,none,none,2025-05-05T08:30:00Z,1,1
S014457,validation,1,0,none,none,2025-05-05T08:40:00Z,,0
S014458,validation,1,0,none,none,2025-05-05T08:50:00Z,,0
S014459,validation,1,0,none,none,2025-05-05T09:00:00Z,,0
S014460,validation,1,0,none,none,2025-05-05T09:10:00Z,1,1
S014461,validation,1,0,none,none,2025-05-05T09:20:00Z,,0
S014462,validation,1,0,none,none,2025-05-05T09:30:00Z,1,1
S014463,validation,1,0,none,none,2025-05-05T09:40:00Z,,0
S014464,validation,1,0,none,none,2025-05-05T09:50:00Z,,0
S014465,validation,1,0,none,none,2025-05-05T10:00:00Z,1,1
S014466,validation,1,0,none,none,2025-05-05T10:10:00Z,,0
S014467,validation,1,0,none,none,2025-05-05T10:20:00Z,,0
S014468,validation,0,1,underfill_void,molding,2025-05-05T10:30:00Z,,0
S014469,validation,1,0,none,none,2025-05-05T10:40:00Z,,0
S014470,validation,1,0,none,none,2025-05-05T10:50:00Z,,0
S014471,validation,1,0,none,none,2025-05-05T11:00:00Z,,0
S014472,validation,1,0,none,none,2025-05-05T11:10:00Z,,0
S014473,validation,1,0,none,none,2025-05-05T11:20:00Z,,0
S014474,validation,0,1,dram_electrical,dram_or_base,2025-05-05T11:30:00Z,,0
S014475,validation,1,0,none,none,2025-05-05T11:40:00Z,,0
S014476,validation,1,0,none,none,2025-05-05T11:50:00Z,1,1
S014477,validation,1,0,none,none,2025-05-05T12:00:00Z,,0
S014478,validation,1,0,none,none,2025-05-05T12:10:00Z,,0
S014479,validation,1,0,none,none,2025-05-05T12:20:00Z,,0
S014480,validation,1,0,none,none,2025-05-05T12:30:00Z,,0
S014481,validation,1,0,none,none,2025-05-05T12:40:00Z,,0
S014482,validation,0,1,warpage,assembly,2025-05-05T12:50:00Z,,0
S014483,validation,1,0,none,none,2025-05-05T13:00:00Z,1,1
S014484,validation,1,0,none,none,2025-05-05T13:10:00Z,,0
S014485,validation,1,0,none,none,2025-05-05T13:20:00Z,,0
S014486,validation,1,0,none,none,2025-05-05T13:30:00Z,1,1
S014487,validation,1,0,none,none,2025-05-05T13:40:00Z,,0
S014488,validation,1,0,none,none,2025-05-05T13:50:00Z,,0
S014489,validation,1,0,none,none,2025-05-05T15:40:00Z,,0
S014490,validation,1,0,none,none,2025-05-05T15:50:00Z,,0
S014491,validation,1,0,none,none,2025-05-05T16:00:00Z,,0
S014492,validation,1,0,none,none,2025-05-05T16:10:00Z,1,1
S014493,validation,1,0,none,none,2025-05-05T16:20:00Z,1,1
S014494,validation,1,0,none,none,2025-05-05T16:30:00Z,1,1
S014495,validation,1,0,none,none,2025-05-05T16:40:00Z,,0
S014496,validation,1,0,none,none,2025-05-05T16:50:00Z,,0
S014497,validation,1,0,none,none,2025-05-05T17:00:00Z,,0
S014498,validation,1,0,none,none,2025-05-05T17:10:00Z,,0
S014499,validation,1,0,none,none,2025-05-05T17:20:00Z,1,1
S014500,validation,1,0,none,none,2025-05-05T17:30:00Z,,0
S014501,validation,1,0,none,none,2025-05-05T17:40:00Z,,0
S014502,validation,1,0,none,none,2025-05-05T17:50:00Z,,0
S014503,validation,1,0,none,none,2025-05-05T18:00:00Z,1,1
S014504,validation,1,0,none,none,2025-05-05T18:10:00Z,,0
S014505,validation,1,0,none,none,2025-05-05T18:20:00Z,,0
S014506,validation,1,0,none,none,2025-05-05T18:30:00Z,,0
S014507,validation,0,1,underfill_void,molding,2025-05-05T18:40:00Z,,0
S014508,validation,1,0,none,none,2025-05-05T18:50:00Z,1,1
S014509,validation,1,0,none,none,2025-05-05T19:00:00Z,,0
S014510,validation,1,0,none,none,2025-05-05T19:10:00Z,,0
S014511,validation,1,0,none,none,2025-05-05T19:20:00Z,1,1
S014512,validation,1,0,none,none,2025-05-05T19:30:00Z,,0
S014513,validation,1,0,none,none,2025-05-05T19:40:00Z,,0
S014514,validation,1,0,none,none,2025-05-05T19:50:00Z,1,1
S014515,validation,1,0,none,none,2025-05-05T20:00:00Z,,0
S014516,validation,1,0,none,none,2025-05-05T20:10:00Z,,0
S014517,validation,1,0,none,none,2025-05-05T20:20:00Z,,0
S014518,validation,1,0,none,none,2025-05-05T20:30:00Z,,0
S014519,validation,1,0,none,none,2025-05-05T20:40:00Z,,0
S014520,validation,1,0,none,none,2025-05-05T20:50:00Z,,0
S014521,validation,1,0,none,none,2025-05-05T21:00:00Z,,0
S014522,validation,1,0,none,none,2025-05-05T21:10:00Z,,0
S014523,validation,1,0,none,none,2025-05-05T21:20:00Z,,0
S014524,validation,1,0,none,none,2025-05-05T21:30:00Z,,0
S014525,validation,1,0,none,none,2025-05-05T21:40:00Z,1,1
S014526,validation,1,0,none,none,2025-05-05T21:50:00Z,,0
S014527,validation,1,0,none,none,2025-05-05T22:00:00Z,,0
S014528,validation,1,0,none,none,2025-05-05T22:10:00Z,,0
S014529,validation,1,0,none,none,2025-05-05T22:20:00Z,,0
S014530,validation,1,0,none,none,2025-05-05T22:30:00Z,,0
S014531,validation,1,0,none,none,2025-05-05T22:40:00Z,,0
S014532,validation,0,1,dram_electrical,dram_or_base,2025-05-05T22:50:00Z,,0
S014533,validation,1,0,none,none,2025-05-05T23:00:00Z,,0
S014534,validation,1,0,none,none,2025-05-05T23:10:00Z,,0
S014535,validation,1,0,none,none,2025-05-05T23:20:00Z,1,1
S014536,validation,1,0,none,none,2025-05-05T23:30:00Z,,0
S014537,validation,1,0,none,none,2025-05-05T23:40:00Z,,0
S014538,validation,1,0,none,none,2025-05-05T23:50:00Z,,0
S014539,validation,1,0,none,none,2025-05-06T00:00:00Z,,0
S014540,validation,1,0,none,none,2025-05-06T00:10:00Z,,0
S014541,validation,1,0,none,none,2025-05-06T00:20:00Z,,0
S014542,validation,1,0,none,none,2025-05-06T00:30:00Z,1,1
S014543,validation,1,0,none,none,2025-05-06T00:40:00Z,,0
S014544,validation,1,0,none,none,2025-05-06T00:50:00Z,,0
S014545,validation,1,0,none,none,2025-05-06T01:00:00Z,,0
S014546,validation,1,0,none,none,2025-05-06T01:10:00Z,1,1
S014547,validation,1,0,none,none,2025-05-06T01:20:00Z,,0
S014548,validation,1,0,none,none,2025-05-06T01:30:00Z,,0
S014549,validation,1,0,none,none,2025-05-06T01:40:00Z,,0
S014550,validation,1,0,none,none,2025-05-06T01:50:00Z,,0
S014551,validation,1,0,none,none,2025-05-06T02:00:00Z,,0
S014552,validation,1,0,none,none,2025-05-06T02:10:00Z,1,1
S014553,validation,1,0,none,none,2025-05-06T02:20:00Z,,0
S014554,validation,1,0,none,none,2025-05-06T02:30:00Z,,0
S014555,validation,1,0,none,none,2025-05-06T02:40:00Z,,0
S014556,validation,1,0,none,none,2025-05-06T02:50:00Z,,0
S014557,validation,1,0,none,none,2025-05-06T03:00:00Z,1,1
S014558,validation,1,0,none,none,2025-05-06T03:10:00Z,,0
S014559,validation,1,0,none,none,2025-05-06T03:20:00Z,,0
S014560,validation,1,0,none,none,2025-05-06T03:30:00Z,,0
S014561,validation,1,0,none,none,2025-05-06T03:40:00Z,,0
S014562,validation,1,0,none,none,2025-05-06T03:50:00Z,,0
S014563,validation,1,0,none,none,2025-05-06T04:00:00Z,,0
S014564,validation,1,0,none,none,2025-05-06T04:10:00Z,1,1
S014565,validation,1,0,none,none,2025-05-06T04:20:00Z,,0
S014566,validation,1,0,none,none,2025-05-06T04:30:00Z,,0
S014567,validation,1,0,none,none,2025-05-06T04:40:00Z,,0
S014568,validation,1,0,none,none,2025-05-06T04:50:00Z,,0
S014569,validation,1,0,none,none,2025-05-06T05:00:00Z,,0
S014570,validation,1,0,none,none,2025-05-06T05:10:00Z,,0
S014571,validation,1,0,none,none,2025-05-06T05:20:00Z,,0
S014572,validation,1,0,none,none,2025-05-06T05:30:00Z,1,1
S014573,validation,0,1,underfill_void,molding,2025-05-06T05:40:00Z,,0
S014574,validation,1,0,none,none,2025-05-06T05:50:00Z,,0
S014575,validation,1,0,none,none,2025-05-06T06:00:00Z,,0
S014576,validation,1,0,none,none,2025-05-06T06:10:00Z,,0
S014577,validation,1,0,none,none,2025-05-06T06:20:00Z,,0
S014578,validation,1,0,none,none,2025-05-06T06:30:00Z,,0
S014579,validation,1,0,none,none,2025-05-06T06:40:00Z,,0
S014580,validation,1,0,none,none,2025-05-06T06:50:00Z,1,1
S014581,validation,1,0,none,none,2025-05-06T07:00:00Z,,0
S014582,validation,1,0,none,none,2025-05-06T07:10:00Z,,0
S014583,validation,1,0,none,none,2025-05-06T07:20:00Z,1,1
S014584,validation,1,0,none,none,2025-05-06T03:40:00Z,,0
S014585,validation,1,0,none,none,2025-05-06T03:50:00Z,,0
S014586,validation,1,0,none,none,2025-05-06T04:00:00Z,,0
S014587,validation,1,0,none,none,2025-05-06T04:10:00Z,,0
S014588,validation,1,0,none,none,2025-05-06T04:20:00Z,,0
S014589,validation,1,0,none,none,2025-05-06T04:30:00Z,1,1
S014590,validation,1,0,none,none,2025-05-06T04:40:00Z,,0
S014591,validation,1,0,none,none,2025-05-06T04:50:00Z,,0
S014592,validation,1,0,none,none,2025-05-06T05:00:00Z,,0
S014593,validation,1,0,none,none,2025-05-06T05:10:00Z,,0
S014594,validation,1,0,none,none,2025-05-06T05:20:00Z,,0
S014595,validation,1,0,none,none,2025-05-06T05:30:00Z,,0
S014596,validation,1,0,none,none,2025-05-06T05:40:00Z,,0
S014597,validation,1,0,none,none,2025-05-06T05:50:00Z,,0
S014598,validation,1,0,none,none,2025-05-06T06:00:00Z,,0
S014599,validation,1,0,none,none,2025-05-06T06:10:00Z,,0
S014600,validation,1,0,none,none,2025-05-06T06:20:00Z,1,1
S014601,validation,1,0,none,none,2025-05-06T06:30:00Z,,0
S014602,validation,1,0,none,none,2025-05-06T06:40:00Z,,0
S014603,validation,1,0,none,none,2025-05-06T06:50:00Z,,0
S014604,validation,1,0,none,none,2025-05-06T07:00:00Z,1,1
S014605,validation,1,0,none,none,2025-05-06T07:10:00Z,,0
S014606,validation,1,0,none,none,2025-05-06T07:20:00Z,,0
S014607,validation,1,0,none,none,2025-05-06T07:30:00Z,,0
S014608,validation,1,0,none,none,2025-05-06T07:40:00Z,,0
S014609,validation,1,0,none,none,2025-05-06T07:50:00Z,,0
S014610,validation,1,0,none,none,2025-05-06T08:00:00Z,,0
S014611,validation,1,0,none,none,2025-05-06T08:10:00Z,1,1
S014612,validation,1,0,none,none,2025-05-06T08:20:00Z,,0
S014613,validation,1,0,none,none,2025-05-06T08:30:00Z,,0
S014614,validation,1,0,none,none,2025-05-06T08:40:00Z,,0
S014615,validation,1,0,none,none,2025-05-06T08:50:00Z,1,1
S014616,validation,1,0,none,none,2025-05-06T09:00:00Z,,0
S014617,validation,1,0,none,none,2025-05-06T09:10:00Z,,0
S014618,validation,1,0,none,none,2025-05-06T09:20:00Z,,0
S014619,validation,1,0,none,none,2025-05-06T09:30:00Z,,0
S014620,validation,1,0,none,none,2025-05-06T09:40:00Z,,0
S014621,validation,1,0,none,none,2025-05-06T09:50:00Z,1,1
S014622,validation,1,0,none,none,2025-05-06T10:00:00Z,,0
S014623,validation,1,0,none,none,2025-05-06T10:10:00Z,,0
S014624,validation,1,0,none,none,2025-05-06T10:20:00Z,1,1
S014625,validation,1,0,none,none,2025-05-06T10:30:00Z,1,1
S014626,validation,1,0,none,none,2025-05-06T10:40:00Z,,0
S014627,validation,1,0,none,none,2025-05-06T10:50:00Z,,0
S014628,validation,1,0,none,none,2025-05-06T11:00:00Z,,0
S014629,validation,1,0,none,none,2025-05-06T11:10:00Z,1,1
S014630,validation,1,0,none,none,2025-05-06T11:20:00Z,,0
S014631,validation,1,0,none,none,2025-05-06T11:30:00Z,,0
S014632,validation,1,0,none,none,2025-05-06T11:40:00Z,,0
S014633,validation,1,0,none,none,2025-05-06T11:50:00Z,,0
S014634,validation,1,0,none,none,2025-05-06T12:00:00Z,,0
S014635,validation,1,0,none,none,2025-05-06T12:10:00Z,,0
S014636,validation,1,0,none,none,2025-05-06T12:20:00Z,,0
S014637,validation,1,0,none,none,2025-05-06T12:30:00Z,,0
S014638,validation,1,0,none,none,2025-05-06T12:40:00Z,,0
S014639,validation,1,0,none,none,2025-05-06T12:50:00Z,,0
S014640,validation,1,0,none,none,2025-05-06T13:00:00Z,1,1
S014641,validation,1,0,none,none,2025-05-06T13:10:00Z,,0
S014642,validation,1,0,none,none,2025-05-06T13:20:00Z,,0
S014643,validation,1,0,none,none,2025-05-06T13:30:00Z,0,1
S014644,validation,1,0,none,none,2025-05-06T13:40:00Z,,0
S014645,validation,1,0,none,none,2025-05-06T13:50:00Z,,0
S014646,validation,1,0,none,none,2025-05-06T14:00:00Z,,0
S014647,validation,1,0,none,none,2025-05-06T14:10:00Z,,0
S014648,validation,1,0,none,none,2025-05-06T15:40:00Z,,0
S014649,validation,1,0,none,none,2025-05-06T15:50:00Z,,0
S014650,validation,1,0,none,none,2025-05-06T16:00:00Z,1,1
S014651,validation,1,0,none,none,2025-05-06T16:10:00Z,,0
S014652,validation,1,0,none,none,2025-05-06T16:20:00Z,1,1
S014653,validation,1,0,none,none,2025-05-06T16:30:00Z,,0
S014654,validation,1,0,none,none,2025-05-06T16:40:00Z,,0
S014655,validation,1,0,none,none,2025-05-06T16:50:00Z,,0
S014656,validation,1,0,none,none,2025-05-06T17:00:00Z,,0
S014657,validation,1,0,none,none,2025-05-06T17:10:00Z,,0
S014658,validation,1,0,none,none,2025-05-06T17:20:00Z,,0
S014659,validation,1,0,none,none,2025-05-06T17:30:00Z,,0
S014660,validation,1,0,none,none,2025-05-06T17:40:00Z,,0
S014661,validation,1,0,none,none,2025-05-06T17:50:00Z,,0
S014662,validation,1,0,none,none,2025-05-06T18:00:00Z,,0
S014663,validation,1,0,none,none,2025-05-06T18:10:00Z,,0
S014664,validation,1,0,none,none,2025-05-06T18:20:00Z,,0
S014665,validation,1,0,none,none,2025-05-06T18:30:00Z,,0
S014666,validation,0,1,dram_electrical,dram_or_base,2025-05-06T18:40:00Z,,0
S014667,validation,1,0,none,none,2025-05-06T18:50:00Z,,0
S014668,validation,1,0,none,none,2025-05-06T19:00:00Z,,0
S014669,validation,1,0,none,none,2025-05-06T19:10:00Z,,0
S014670,validation,1,0,none,none,2025-05-06T19:20:00Z,,0
S014671,validation,1,0,none,none,2025-05-06T19:30:00Z,1,1
S014672,validation,1,0,none,none,2025-05-06T19:40:00Z,,0
S014673,validation,1,0,none,none,2025-05-06T19:50:00Z,,0
S014674,validation,1,0,none,none,2025-05-06T20:00:00Z,,0
S014675,validation,1,0,none,none,2025-05-06T20:10:00Z,,0
S014676,validation,1,0,none,none,2025-05-06T20:20:00Z,,0
S014677,validation,1,0,none,none,2025-05-06T20:30:00Z,,0
S014678,validation,1,0,none,none,2025-05-06T20:40:00Z,,0
S014679,validation,1,0,none,none,2025-05-06T20:50:00Z,,0
S014680,validation,1,0,none,none,2025-05-06T21:00:00Z,,0
S014681,validation,1,0,none,none,2025-05-06T21:10:00Z,,0
S014682,validation,1,0,none,none,2025-05-06T21:20:00Z,1,1
S014683,validation,1,0,none,none,2025-05-06T21:30:00Z,,0
S014684,validation,1,0,none,none,2025-05-06T21:40:00Z,,0
S014685,validation,1,0,none,none,2025-05-06T21:50:00Z,1,1
S014686,validation,0,1,dram_electrical,dram_or_base,2025-05-06T22:00:00Z,,0
S014687,validation,1,0,none,none,2025-05-06T22:10:00Z,1,1
S014688,validation,1,0,none,none,2025-05-06T22:20:00Z,1,1
S014689,validation,1,0,none,none,2025-05-06T22:30:00Z,,0
S014690,validation,1,0,none,none,2025-05-06T22:40:00Z,,0
S014691,validation,1,0,none,none,2025-05-06T22:50:00Z,,0
S014692,validation,1,0,none,none,2025-05-06T23:00:00Z,1,1
S014693,validation,1,0,none,none,2025-05-06T23:10:00Z,,0
S014694,validation,1,0,none,none,2025-05-06T23:20:00Z,,0
S014695,validation,1,0,none,none,2025-05-06T23:30:00Z,1,1
S014696,validation,1,0,none,none,2025-05-06T23:40:00Z,,0
S014697,validation,1,0,none,none,2025-05-06T23:50:00Z,,0
S014698,validation,1,0,none,none,2025-05-07T00:00:00Z,,0
S014699,validation,1,0,none,none,2025-05-07T00:10:00Z,,0
S014700,validation,1,0,none,none,2025-05-07T00:20:00Z,1,1
S014701,validation,1,0,none,none,2025-05-07T00:30:00Z,,0
S014702,validation,1,0,none,none,2025-05-07T00:40:00Z,,0
S014703,validation,1,0,none,none,2025-05-07T00:50:00Z,,0
S014704,validation,1,0,none,none,2025-05-07T01:00:00Z,,0
S014705,validation,1,0,none,none,2025-05-07T01:10:00Z,1,1
S014706,validation,1,0,none,none,2025-05-07T01:20:00Z,,0
S014707,validation,1,0,none,none,2025-05-07T01:30:00Z,,0
S014708,validation,1,0,none,none,2025-05-07T01:40:00Z,,0
S014709,validation,1,0,none,none,2025-05-07T01:50:00Z,,0
S014710,validation,1,0,none,none,2025-05-07T03:40:00Z,,0
S014711,validation,0,1,multiple,multiple,2025-05-07T03:50:00Z,,0
S014712,validation,1,0,none,none,2025-05-07T04:00:00Z,,0
S014713,validation,1,0,none,none,2025-05-07T04:10:00Z,,0
S014714,validation,1,0,none,none,2025-05-07T04:20:00Z,,0
S014715,validation,1,0,none,none,2025-05-07T04:30:00Z,,0
S014716,validation,1,0,none,none,2025-05-07T04:40:00Z,,0
S014717,validation,1,0,none,none,2025-05-07T04:50:00Z,1,1
S014718,validation,1,0,none,none,2025-05-07T05:00:00Z,,0
S014719,validation,1,0,none,none,2025-05-07T05:10:00Z,,0
S014720,validation,1,0,none,none,2025-05-07T05:20:00Z,1,1
S014721,validation,1,0,none,none,2025-05-07T05:30:00Z,,0
S014722,validation,1,0,none,none,2025-05-07T05:40:00Z,,0
S014723,validation,1,0,none,none,2025-05-07T05:50:00Z,,0
S014724,validation,1,0,none,none,2025-05-07T06:00:00Z,,0
S014725,validation,1,0,none,none,2025-05-07T06:10:00Z,,0
S014726,validation,1,0,none,none,2025-05-07T06:20:00Z,,0
S014727,validation,1,0,none,none,2025-05-07T06:30:00Z,,0
S014728,validation,1,0,none,none,2025-05-07T06:40:00Z,,0
S014729,validation,1,0,none,none,2025-05-07T06:50:00Z,,0
S014730,validation,1,0,none,none,2025-05-07T07:00:00Z,,0
S014731,validation,1,0,none,none,2025-05-07T07:10:00Z,,0
S014732,validation,1,0,none,none,2025-05-07T07:20:00Z,,0
S014733,validation,1,0,none,none,2025-05-07T07:30:00Z,,0
S014734,validation,1,0,none,none,2025-05-07T07:40:00Z,,0
S014735,validation,1,0,none,none,2025-05-07T07:50:00Z,,0
S014736,validation,1,0,none,none,2025-05-07T08:00:00Z,,0
S014737,validation,1,0,none,none,2025-05-07T08:10:00Z,,0
S014738,validation,1,0,none,none,2025-05-07T08:20:00Z,,0
S014739,validation,0,1,delamination,molding,2025-05-07T08:30:00Z,,0
S014740,validation,1,0,none,none,2025-05-07T08:40:00Z,,0
S014741,validation,1,0,none,none,2025-05-07T08:50:00Z,1,1
S014742,validation,1,0,none,none,2025-05-07T09:00:00Z,,0
S014743,validation,1,0,none,none,2025-05-07T09:10:00Z,1,1
S014744,validation,1,0,none,none,2025-05-07T09:20:00Z,,0
S014745,validation,1,0,none,none,2025-05-07T09:30:00Z,,0
S014746,validation,1,0,none,none,2025-05-07T09:40:00Z,,0
S014747,validation,1,0,none,none,2025-05-07T09:50:00Z,,0
S014748,validation,1,0,none,none,2025-05-07T10:00:00Z,,0
S014749,validation,1,0,none,none,2025-05-07T10:10:00Z,,0
S014750,validation,1,0,none,none,2025-05-07T10:20:00Z,,0
S014751,validation,1,0,none,none,2025-05-07T10:30:00Z,,0
S014752,validation,0,1,delamination,molding,2025-05-07T10:40:00Z,,0
S014753,validation,1,0,none,none,2025-05-07T10:50:00Z,,0
S014754,validation,1,0,none,none,2025-05-07T11:00:00Z,,0
S014755,validation,1,0,none,none,2025-05-07T11:10:00Z,1,1
S014756,validation,1,0,none,none,2025-05-07T11:20:00Z,,0
S014757,validation,1,0,none,none,2025-05-07T11:30:00Z,,0
S014758,validation,1,0,none,none,2025-05-07T11:40:00Z,,0
S014759,validation,1,0,none,none,2025-05-07T11:50:00Z,,0
S014760,validation,1,0,none,none,2025-05-07T12:00:00Z,,0
S014761,validation,1,0,none,none,2025-05-07T12:10:00Z,,0
S014762,validation,1,0,none,none,2025-05-07T12:20:00Z,,0
S014763,validation,1,0,none,none,2025-05-07T12:30:00Z,,0
S014764,validation,1,0,none,none,2025-05-07T12:40:00Z,,0
S014765,validation,1,0,none,none,2025-05-07T12:50:00Z,,0
S014766,validation,1,0,none,none,2025-05-07T13:00:00Z,,0
S014767,validation,1,0,none,none,2025-05-07T13:10:00Z,1,1
S014768,validation,1,0,none,none,2025-05-07T13:20:00Z,1,1
S014769,validation,1,0,none,none,2025-05-07T13:30:00Z,,0
S014770,validation,1,0,none,none,2025-05-07T13:40:00Z,,0
S014771,validation,1,0,none,none,2025-05-07T13:50:00Z,,0
S014772,validation,1,0,none,none,2025-05-07T14:00:00Z,0,1
S014773,validation,1,0,none,none,2025-05-07T14:10:00Z,,0
S014774,validation,1,0,none,none,2025-05-07T14:20:00Z,,0
S014775,validation,1,0,none,none,2025-05-07T14:30:00Z,,0
S014776,validation,1,0,none,none,2025-05-07T14:40:00Z,1,1
S014777,validation,1,0,none,none,2025-05-07T14:50:00Z,1,1
S014778,validation,1,0,none,none,2025-05-07T15:00:00Z,,0
S014779,validation,1,0,none,none,2025-05-07T15:10:00Z,,0
S014780,validation,1,0,none,none,2025-05-07T15:20:00Z,,0
S014781,validation,1,0,none,none,2025-05-07T15:30:00Z,,0
S014782,validation,1,0,none,none,2025-05-07T15:40:00Z,,0
S014783,validation,1,0,none,none,2025-05-07T15:50:00Z,,0
S014784,validation,1,0,none,none,2025-05-07T16:00:00Z,,0
S014785,validation,1,0,none,none,2025-05-07T16:10:00Z,1,1
S014786,validation,1,0,none,none,2025-05-07T16:20:00Z,,0
S014787,validation,1,0,none,none,2025-05-07T16:30:00Z,,0
S014788,validation,1,0,none,none,2025-05-07T16:40:00Z,,0
S014789,validation,1,0,none,none,2025-05-07T16:50:00Z,,0
S014790,validation,1,0,none,none,2025-05-07T17:00:00Z,,0
S014791,validation,1,0,none,none,2025-05-07T17:10:00Z,1,1
S014792,validation,1,0,none,none,2025-05-07T17:20:00Z,,0
S014793,validation,1,0,none,none,2025-05-07T17:30:00Z,,0
S014794,validation,1,0,none,none,2025-05-07T17:40:00Z,,0
S014795,validation,1,0,none,none,2025-05-07T17:50:00Z,,0
S014796,validation,1,0,none,none,2025-05-07T18:00:00Z,,0
S014797,validation,1,0,none,none,2025-05-07T18:10:00Z,1,1
S014798,validation,1,0,none,none,2025-05-07T18:20:00Z,1,1
S014799,validation,1,0,none,none,2025-05-07T18:30:00Z,,0
S014800,validation,1,0,none,none,2025-05-07T18:40:00Z,1,1
S014801,validation,1,0,none,none,2025-05-07T18:50:00Z,,0
S014802,validation,1,0,none,none,2025-05-07T19:00:00Z,,0
S014803,validation,1,0,none,none,2025-05-07T19:10:00Z,1,1
S014804,validation,1,0,none,none,2025-05-07T19:20:00Z,,0
S014805,validation,1,0,none,none,2025-05-07T19:30:00Z,1,1
S014806,validation,1,0,none,none,2025-05-07T15:40:00Z,,0
S014807,validation,1,0,none,none,2025-05-07T15:50:00Z,,0
S014808,validation,1,0,none,none,2025-05-07T16:00:00Z,,0
S014809,validation,1,0,none,none,2025-05-07T16:10:00Z,,0
S014810,validation,1,0,none,none,2025-05-07T16:20:00Z,1,1
S014811,validation,1,0,none,none,2025-05-07T16:30:00Z,,0
S014812,validation,1,0,none,none,2025-05-07T16:40:00Z,,0
S014813,validation,1,0,none,none,2025-05-07T16:50:00Z,1,1
S014814,validation,1,0,none,none,2025-05-07T17:00:00Z,,0
S014815,validation,1,0,none,none,2025-05-07T17:10:00Z,0,1
S014816,validation,1,0,none,none,2025-05-07T17:20:00Z,,0
S014817,validation,1,0,none,none,2025-05-07T17:30:00Z,,0
S014818,validation,1,0,none,none,2025-05-07T17:40:00Z,,0
S014819,validation,1,0,none,none,2025-05-07T17:50:00Z,,0
S014820,validation,1,0,none,none,2025-05-07T18:00:00Z,1,1
S014821,validation,1,0,none,none,2025-05-07T18:10:00Z,,0
S014822,validation,1,0,none,none,2025-05-07T18:20:00Z,,0
S014823,validation,1,0,none,none,2025-05-07T18:30:00Z,,0
S014824,validation,1,0,none,none,2025-05-07T18:40:00Z,,0
S014825,validation,1,0,none,none,2025-05-07T18:50:00Z,,0
S014826,validation,1,0,none,none,2025-05-07T19:00:00Z,1,1
S014827,validation,1,0,none,none,2025-05-07T19:10:00Z,,0
S014828,validation,1,0,none,none,2025-05-07T19:20:00Z,,0
S014829,validation,1,0,none,none,2025-05-07T19:30:00Z,,0
S014830,validation,1,0,none,none,2025-05-07T19:40:00Z,,0
S014831,validation,1,0,none,none,2025-05-07T19:50:00Z,,0
S014832,validation,1,0,none,none,2025-05-07T20:00:00Z,,0
S014833,validation,1,0,none,none,2025-05-07T20:10:00Z,,0
S014834,validation,1,0,none,none,2025-05-07T20:20:00Z,1,1
S014835,validation,1,0,none,none,2025-05-07T20:30:00Z,,0
S014836,validation,1,0,none,none,2025-05-07T20:40:00Z,,0
S014837,validation,1,0,none,none,2025-05-07T20:50:00Z,,0
S014838,validation,1,0,none,none,2025-05-07T21:00:00Z,,0
S014839,validation,1,0,none,none,2025-05-07T21:10:00Z,,0
S014840,validation,1,0,none,none,2025-05-07T21:20:00Z,,0
S014841,validation,1,0,none,none,2025-05-07T21:30:00Z,,0
S014842,validation,1,0,none,none,2025-05-07T21:40:00Z,,0
S014843,validation,1,0,none,none,2025-05-07T21:50:00Z,,0
S014844,validation,1,0,none,none,2025-05-07T22:00:00Z,,0
S014845,validation,0,1,underfill_void,molding,2025-05-07T22:10:00Z,,0
S014846,validation,1,0,none,none,2025-05-07T22:20:00Z,1,1
S014847,validation,1,0,none,none,2025-05-07T22:30:00Z,,0
S014848,validation,1,0,none,none,2025-05-07T22:40:00Z,,0
S014849,validation,0,1,die_crack,handling,2025-05-07T22:50:00Z,,0
S014850,validation,1,0,none,none,2025-05-07T23:00:00Z,1,1
S014851,validation,1,0,none,none,2025-05-07T23:10:00Z,,0
S014852,validation,1,0,none,none,2025-05-07T23:20:00Z,,0
S014853,validation,1,0,none,none,2025-05-07T23:30:00Z,,0
S014854,validation,1,0,none,none,2025-05-07T23:40:00Z,,0
S014855,validation,1,0,none,none,2025-05-07T23:50:00Z,,0
S014856,validation,1,0,none,none,2025-05-08T00:00:00Z,1,1
S014857,validation,1,0,none,none,2025-05-08T00:10:00Z,,0
S014858,validation,1,0,none,none,2025-05-08T00:20:00Z,1,1
S014859,validation,1,0,none,none,2025-05-08T00:30:00Z,1,1
S014860,validation,0,1,warpage,assembly,2025-05-08T00:40:00Z,,0
S014861,validation,1,0,none,none,2025-05-08T00:50:00Z,,0
S014862,validation,1,0,none,none,2025-05-08T01:00:00Z,,0
S014863,validation,1,0,none,none,2025-05-08T01:10:00Z,,0
S014864,validation,1,0,none,none,2025-05-08T01:20:00Z,,0
S014865,validation,1,0,none,none,2025-05-08T01:30:00Z,,0
S014866,validation,1,0,none,none,2025-05-08T01:40:00Z,,0
S014867,validation,1,0,none,none,2025-05-08T01:50:00Z,,0
S014868,validation,1,0,none,none,2025-05-08T03:40:00Z,,0
S014869,validation,1,0,none,none,2025-05-08T03:50:00Z,,0
S014870,validation,1,0,none,none,2025-05-08T04:00:00Z,1,1
S014871,validation,1,0,none,none,2025-05-08T04:10:00Z,,0
S014872,validation,1,0,none,none,2025-05-08T04:20:00Z,,0
S014873,validation,1,0,none,none,2025-05-08T04:30:00Z,,0
S014874,validation,1,0,none,none,2025-05-08T04:40:00Z,,0
S014875,validation,1,0,none,none,2025-05-08T04:50:00Z,,0
S014876,validation,1,0,none,none,2025-05-08T05:00:00Z,1,1
S014877,validation,0,1,dram_electrical,dram_or_base,2025-05-08T05:10:00Z,,0
S014878,validation,1,0,none,none,2025-05-08T05:20:00Z,,0
S014879,validation,1,0,none,none,2025-05-08T05:30:00Z,,0
S014880,validation,1,0,none,none,2025-05-08T05:40:00Z,,0
S014881,validation,1,0,none,none,2025-05-08T05:50:00Z,,0
S014882,validation,0,1,dram_electrical,dram_or_base,2025-05-08T06:00:00Z,,0
S014883,validation,1,0,none,none,2025-05-08T06:10:00Z,1,1
S014884,validation,1,0,none,none,2025-05-08T06:20:00Z,1,1
S014885,validation,1,0,none,none,2025-05-08T06:30:00Z,,0
S014886,validation,1,0,none,none,2025-05-08T06:40:00Z,,0
S014887,validation,0,1,underfill_void,molding,2025-05-08T06:50:00Z,,0
S014888,validation,1,0,none,none,2025-05-08T07:00:00Z,,0
S014889,validation,1,0,none,none,2025-05-08T07:10:00Z,1,1
S014890,validation,1,0,none,none,2025-05-08T07:20:00Z,1,1
S014891,validation,1,0,none,none,2025-05-08T07:30:00Z,1,1
S014892,validation,1,0,none,none,2025-05-08T07:40:00Z,,0
S014893,validation,1,0,none,none,2025-05-08T07:50:00Z,,0
S014894,validation,0,1,dram_electrical,dram_or_base,2025-05-08T08:00:00Z,,0
S014895,validation,1,0,none,none,2025-05-08T08:10:00Z,,0
S014896,validation,1,0,none,none,2025-05-08T08:20:00Z,1,1
S014897,validation,1,0,none,none,2025-05-08T08:30:00Z,1,1
S014898,validation,1,0,none,none,2025-05-08T08:40:00Z,,0
S014899,validation,1,0,none,none,2025-05-08T08:50:00Z,,0
S014900,validation,1,0,none,none,2025-05-08T09:00:00Z,,0
S014901,validation,1,0,none,none,2025-05-08T09:10:00Z,,0
S014902,validation,1,0,none,none,2025-05-08T09:20:00Z,1,1
S014903,validation,1,0,none,none,2025-05-08T09:30:00Z,,0
S014904,validation,1,0,none,none,2025-05-08T09:40:00Z,1,1
S014905,validation,1,0,none,none,2025-05-08T09:50:00Z,,0
S014906,validation,1,0,none,none,2025-05-08T10:00:00Z,1,1
S014907,validation,1,0,none,none,2025-05-08T10:10:00Z,,0
S014908,validation,1,0,none,none,2025-05-08T10:20:00Z,,0
S014909,validation,0,1,dram_electrical,dram_or_base,2025-05-08T10:30:00Z,,0
S014910,validation,0,1,delamination,molding,2025-05-08T10:40:00Z,,0
S014911,validation,1,0,none,none,2025-05-08T10:50:00Z,,0
S014912,validation,1,0,none,none,2025-05-08T11:00:00Z,,0
S014913,validation,1,0,none,none,2025-05-08T11:10:00Z,,0
S014914,validation,1,0,none,none,2025-05-08T11:20:00Z,1,1
S014915,validation,1,0,none,none,2025-05-08T11:30:00Z,,0
S014916,validation,1,0,none,none,2025-05-08T11:40:00Z,,0
S014917,validation,1,0,none,none,2025-05-08T11:50:00Z,1,1
S014918,validation,1,0,none,none,2025-05-08T12:00:00Z,,0
S014919,validation,1,0,none,none,2025-05-08T12:10:00Z,,0
S014920,validation,1,0,none,none,2025-05-08T12:20:00Z,,0
S014921,validation,1,0,none,none,2025-05-08T12:30:00Z,,0
S014922,validation,1,0,none,none,2025-05-08T12:40:00Z,,0
S014923,validation,1,0,none,none,2025-05-08T12:50:00Z,,0
S014924,validation,0,1,microbump_open_bridge,reflow,2025-05-08T13:00:00Z,,0
S014925,validation,0,1,underfill_void,molding,2025-05-08T13:10:00Z,,0
S014926,validation,1,0,none,none,2025-05-08T13:20:00Z,,0
S014927,validation,1,0,none,none,2025-05-08T13:30:00Z,,0
S014928,validation,1,0,none,none,2025-05-08T15:40:00Z,1,1
S014929,validation,1,0,none,none,2025-05-08T15:50:00Z,1,1
S014930,validation,1,0,none,none,2025-05-08T16:00:00Z,,0
S014931,validation,1,0,none,none,2025-05-08T16:10:00Z,,0
S014932,validation,1,0,none,none,2025-05-08T16:20:00Z,,0
S014933,validation,1,0,none,none,2025-05-08T16:30:00Z,1,1
S014934,validation,1,0,none,none,2025-05-08T16:40:00Z,,0
S014935,validation,1,0,none,none,2025-05-08T16:50:00Z,,0
S014936,validation,1,0,none,none,2025-05-08T17:00:00Z,1,1
S014937,validation,0,1,dram_electrical,dram_or_base,2025-05-08T17:10:00Z,,0
S014938,validation,1,0,none,none,2025-05-08T17:20:00Z,,0
S014939,validation,1,0,none,none,2025-05-08T17:30:00Z,,0
S014940,validation,1,0,none,none,2025-05-08T17:40:00Z,,0
S014941,validation,1,0,none,none,2025-05-08T17:50:00Z,,0
S014942,validation,1,0,none,none,2025-05-08T18:00:00Z,1,1
S014943,validation,1,0,none,none,2025-05-08T18:10:00Z,,0
S014944,validation,1,0,none,none,2025-05-08T18:20:00Z,,0
S014945,validation,1,0,none,none,2025-05-08T18:30:00Z,,0
S014946,validation,0,1,delamination,molding,2025-05-08T18:40:00Z,,0
S014947,validation,1,0,none,none,2025-05-08T18:50:00Z,1,1
S014948,validation,0,1,tsv_open_short,tsv_or_interconnect,2025-05-08T19:00:00Z,,0
S014949,validation,1,0,none,none,2025-05-08T19:10:00Z,,0
S014950,validation,1,0,none,none,2025-05-08T19:20:00Z,,0
S014951,validation,1,0,none,none,2025-05-08T19:30:00Z,,0
S014952,validation,1,0,none,none,2025-05-08T19:40:00Z,,0
S014953,validation,1,0,none,none,2025-05-08T19:50:00Z,,0
S014954,validation,1,0,none,none,2025-05-08T20:00:00Z,,0
S014955,validation,1,0,none,none,2025-05-08T20:10:00Z,,0
S014956,validation,1,0,none,none,2025-05-08T20:20:00Z,,0
S014957,validation,1,0,none,none,2025-05-08T20:30:00Z,1,1
S014958,validation,1,0,none,none,2025-05-08T20:40:00Z,,0
S014959,validation,1,0,none,none,2025-05-08T20:50:00Z,1,1
S014960,validation,1,0,none,none,2025-05-08T21:00:00Z,1,1
S014961,validation,1,0,none,none,2025-05-08T21:10:00Z,1,1
S014962,validation,1,0,none,none,2025-05-08T21:20:00Z,,0
S014963,validation,1,0,none,none,2025-05-08T21:30:00Z,,0
S014964,validation,1,0,none,none,2025-05-08T21:40:00Z,,0
S014965,validation,1,0,none,none,2025-05-08T21:50:00Z,,0
S014966,validation,1,0,none,none,2025-05-08T22:00:00Z,,0
S014967,validation,1,0,none,none,2025-05-08T22:10:00Z,1,1
S014968,validation,1,0,none,none,2025-05-08T22:20:00Z,,0
S014969,validation,1,0,none,none,2025-05-08T22:30:00Z,,0
S014970,validation,1,0,none,none,2025-05-08T22:40:00Z,,0
S014971,validation,1,0,none,none,2025-05-08T22:50:00Z,1,1
S014972,validation,1,0,none,none,2025-05-08T23:00:00Z,,0
S014973,validation,0,1,tsv_open_short,tsv_or_interconnect,2025-05-08T23:10:00Z,,0
S014974,validation,1,0,none,none,2025-05-08T23:20:00Z,,0
S014975,validation,1,0,none,none,2025-05-08T23:30:00Z,,0
S014976,validation,1,0,none,none,2025-05-08T23:40:00Z,,0
S014977,validation,1,0,none,none,2025-05-08T23:50:00Z,,0
S014978,validation,1,0,none,none,2025-05-09T00:00:00Z,1,1
S014979,validation,1,0,none,none,2025-05-09T00:10:00Z,1,1
S014980,validation,1,0,none,none,2025-05-09T00:20:00Z,,0
S014981,validation,1,0,none,none,2025-05-09T00:30:00Z,,0
S014982,validation,1,0,none,none,2025-05-09T00:40:00Z,1,1
S014983,validation,1,0,none,none,2025-05-09T00:50:00Z,,0
S014984,validation,1,0,none,none,2025-05-09T01:00:00Z,,0
S014985,validation,1,0,none,none,2025-05-09T01:10:00Z,1,1
S014986,validation,1,0,none,none,2025-05-09T01:20:00Z,,0
S014987,validation,1,0,none,none,2025-05-09T01:30:00Z,,0
S014988,validation,1,0,none,none,2025-05-09T01:40:00Z,1,1
S014989,validation,1,0,none,none,2025-05-09T03:40:00Z,,0
S014990,validation,1,0,none,none,2025-05-09T03:50:00Z,,0
S014991,validation,1,0,none,none,2025-05-09T04:00:00Z,1,1
S014992,validation,1,0,none,none,2025-05-09T04:10:00Z,,0
S014993,validation,1,0,none,none,2025-05-09T04:20:00Z,,0
S014994,validation,0,1,microbump_open_bridge,reflow,2025-05-09T04:30:00Z,,0
S014995,validation,1,0,none,none,2025-05-09T04:40:00Z,,0
S014996,validation,1,0,none,none,2025-05-09T04:50:00Z,,0
S014997,validation,1,0,none,none,2025-05-09T05:00:00Z,,0
S014998,validation,1,0,none,none,2025-05-09T05:10:00Z,,0
S014999,validation,1,0,none,none,2025-05-09T05:20:00Z,,0
S015000,validation,1,0,none,none,2025-05-09T05:30:00Z,1,1
S015001,validation,1,0,none,none,2025-05-09T05:40:00Z,,0
S015002,validation,0,1,dram_electrical,dram_or_base,2025-05-09T05:50:00Z,,0
S015003,validation,1,0,none,none,2025-05-09T06:00:00Z,1,1
S015004,validation,1,0,none,none,2025-05-09T06:10:00Z,,0
S015005,validation,1,0,none,none,2025-05-09T06:20:00Z,,0
S015006,validation,1,0,none,none,2025-05-09T06:30:00Z,,0
S015007,validation,1,0,none,none,2025-05-09T06:40:00Z,,0
S015008,validation,1,0,none,none,2025-05-09T06:50:00Z,,0
S015009,validation,0,1,dram_electrical,dram_or_base,2025-05-09T07:00:00Z,,0
S015010,validation,1,0,none,none,2025-05-09T07:10:00Z,,0
S015011,validation,1,0,none,none,2025-05-09T07:20:00Z,,0
S015012,validation,1,0,none,none,2025-05-09T07:30:00Z,,0
S015013,validation,1,0,none,none,2025-05-09T07:40:00Z,,0
S015014,validation,1,0,none,none,2025-05-09T07:50:00Z,,0
S015015,validation,1,0,none,none,2025-05-09T08:00:00Z,1,1
S015016,validation,1,0,none,none,2025-05-09T08:10:00Z,,0
S015017,validation,1,0,none,none,2025-05-09T08:20:00Z,,0
S015018,validation,1,0,none,none,2025-05-09T08:30:00Z,,0
S015019,validation,1,0,none,none,2025-05-09T08:40:00Z,,0
S015020,validation,1,0,none,none,2025-05-09T08:50:00Z,,0
S015021,validation,1,0,none,none,2025-05-09T09:00:00Z,,0
S015022,validation,1,0,none,none,2025-05-09T09:10:00Z,,0
S015023,validation,1,0,none,none,2025-05-09T09:20:00Z,,0
S015024,validation,0,1,dram_electrical,dram_or_base,2025-05-09T09:30:00Z,,0
S015025,validation,1,0,none,none,2025-05-09T09:40:00Z,,0
S015026,validation,1,0,none,none,2025-05-09T09:50:00Z,,0
S015027,validation,1,0,none,none,2025-05-09T10:00:00Z,,0
S015028,validation,1,0,none,none,2025-05-09T10:10:00Z,,0
S015029,validation,1,0,none,none,2025-05-09T10:20:00Z,,0
S015030,validation,1,0,none,none,2025-05-09T10:30:00Z,1,1
S015031,validation,1,0,none,none,2025-05-09T10:40:00Z,,0
S015032,validation,1,0,none,none,2025-05-09T10:50:00Z,,0
S015033,validation,1,0,none,none,2025-05-09T11:00:00Z,,0
S015034,validation,1,0,none,none,2025-05-09T11:10:00Z,,0
S015035,validation,1,0,none,none,2025-05-09T11:20:00Z,,0
S015036,validation,1,0,none,none,2025-05-09T11:30:00Z,,0
S015037,validation,1,0,none,none,2025-05-09T11:40:00Z,,0
S015038,validation,1,0,none,none,2025-05-09T11:50:00Z,,0
S015039,validation,1,0,none,none,2025-05-09T12:00:00Z,,0
S015040,validation,1,0,none,none,2025-05-09T12:10:00Z,,0
S015041,validation,1,0,none,none,2025-05-09T12:20:00Z,,0
S015042,validation,1,0,none,none,2025-05-09T12:30:00Z,,0
S015043,validation,1,0,none,none,2025-05-09T12:40:00Z,,0
S015044,validation,1,0,none,none,2025-05-09T12:50:00Z,,0
S015045,validation,1,0,none,none,2025-05-09T13:00:00Z,,0
S015046,validation,1,0,none,none,2025-05-09T13:10:00Z,,0
S015047,validation,1,0,none,none,2025-05-09T13:20:00Z,,0
S015048,validation,1,0,none,none,2025-05-09T13:30:00Z,,0
S015049,validation,1,0,none,none,2025-05-09T13:40:00Z,1,1
S015050,validation,1,0,none,none,2025-05-09T13:50:00Z,,0
S015051,validation,1,0,none,none,2025-05-09T14:00:00Z,,0
S015052,validation,0,1,warpage,assembly,2025-05-09T14:10:00Z,,0
S015053,validation,1,0,none,none,2025-05-09T14:20:00Z,,0
S015054,validation,1,0,none,none,2025-05-09T14:30:00Z,,0
S015055,validation,1,0,none,none,2025-05-09T14:40:00Z,,0
S015056,validation,1,0,none,none,2025-05-09T14:50:00Z,,0
S015057,validation,1,0,none,none,2025-05-09T15:00:00Z,,0
S015058,validation,1,0,none,none,2025-05-09T15:10:00Z,,0
S015059,validation,1,0,none,none,2025-05-09T15:20:00Z,,0
S015060,validation,0,1,microbump_open_bridge,reflow,2025-05-09T15:30:00Z,,0
S015061,validation,0,1,dram_electrical,dram_or_base,2025-05-09T15:40:00Z,,0
S015062,validation,1,0,none,none,2025-05-09T15:50:00Z,,0
S015063,validation,1,0,none,none,2025-05-09T16:00:00Z,1,1
S015064,validation,1,0,none,none,2025-05-09T16:10:00Z,1,1
S015065,validation,1,0,none,none,2025-05-09T16:20:00Z,,0
S015066,validation,1,0,none,none,2025-05-09T16:30:00Z,,0
S015067,validation,1,0,none,none,2025-05-09T16:40:00Z,,0
S015068,validation,1,0,none,none,2025-05-09T16:50:00Z,,0
S015069,validation,1,0,none,none,2025-05-09T17:00:00Z,,0
S015070,validation,1,0,none,none,2025-05-09T17:10:00Z,,0
S015071,validation,1,0,none,none,2025-05-09T17:20:00Z,,0
S015072,validation,1,0,none,none,2025-05-09T17:30:00Z,,0
S015073,validation,1,0,none,none,2025-05-09T17:40:00Z,,0
S015074,validation,1,0,none,none,2025-05-09T17:50:00Z,,0
S015075,validation,1,0,none,none,2025-05-09T18:00:00Z,,0
S015076,validation,1,0,none,none,2025-05-09T18:10:00Z,,0
S015077,validation,1,0,none,none,2025-05-09T18:20:00Z,,0
S015078,validation,1,0,none,none,2025-05-09T18:30:00Z,,0
S015079,validation,1,0,none,none,2025-05-09T18:40:00Z,,0
S015080,validation,1,0,none,none,2025-05-09T18:50:00Z,,0
S015081,validation,1,0,none,none,2025-05-09T19:00:00Z,1,1
S015082,validation,1,0,none,none,2025-05-09T15:40:00Z,,0
S015083,validation,1,0,none,none,2025-05-09T15:50:00Z,,0
S015084,validation,1,0,none,none,2025-05-09T16:00:00Z,,0
S015085,validation,1,0,none,none,2025-05-09T16:10:00Z,,0
S015086,validation,1,0,none,none,2025-05-09T16:20:00Z,,0
S015087,validation,1,0,none,none,2025-05-09T16:30:00Z,1,1
S015088,validation,1,0,none,none,2025-05-09T16:40:00Z,0,1
S015089,validation,1,0,none,none,2025-05-09T16:50:00Z,1,1
S015090,validation,1,0,none,none,2025-05-09T17:00:00Z,,0
S015091,validation,1,0,none,none,2025-05-09T17:10:00Z,,0
S015092,validation,1,0,none,none,2025-05-09T17:20:00Z,,0
S015093,validation,1,0,none,none,2025-05-09T17:30:00Z,,0
S015094,validation,1,0,none,none,2025-05-09T17:40:00Z,1,1
S015095,validation,1,0,none,none,2025-05-09T17:50:00Z,,0
S015096,validation,0,1,warpage,assembly,2025-05-09T18:00:00Z,,0
S015097,validation,1,0,none,none,2025-05-09T18:10:00Z,,0
S015098,validation,1,0,none,none,2025-05-09T18:20:00Z,1,1
S015099,validation,1,0,none,none,2025-05-09T18:30:00Z,,0
S015100,validation,1,0,none,none,2025-05-09T18:40:00Z,,0
S015101,validation,1,0,none,none,2025-05-09T18:50:00Z,,0
S015102,validation,0,1,microbump_open_bridge,reflow,2025-05-09T19:00:00Z,,0
S015103,validation,1,0,none,none,2025-05-09T19:10:00Z,,0
S015104,validation,0,1,microbump_open_bridge,reflow,2025-05-09T19:20:00Z,,0
S015105,validation,1,0,none,none,2025-05-09T19:30:00Z,,0
S015106,validation,1,0,none,none,2025-05-09T19:40:00Z,,0
S015107,validation,1,0,none,none,2025-05-09T19:50:00Z,,0
S015108,validation,1,0,none,none,2025-05-09T20:00:00Z,,0
S015109,validation,1,0,none,none,2025-05-09T20:10:00Z,,0
S015110,validation,1,0,none,none,2025-05-09T20:20:00Z,1,1
S015111,validation,1,0,none,none,2025-05-09T20:30:00Z,1,1
S015112,validation,1,0,none,none,2025-05-09T20:40:00Z,,0
S015113,validation,1,0,none,none,2025-05-09T20:50:00Z,,0
S015114,validation,1,0,none,none,2025-05-09T21:00:00Z,1,1
S015115,validation,1,0,none,none,2025-05-09T21:10:00Z,,0
S015116,validation,1,0,none,none,2025-05-09T21:20:00Z,,0
S015117,validation,1,0,none,none,2025-05-09T21:30:00Z,,0
S015118,validation,1,0,none,none,2025-05-09T21:40:00Z,,0
S015119,validation,0,1,microbump_open_bridge,reflow,2025-05-09T21:50:00Z,,0
S015120,validation,0,1,delamination,molding,2025-05-09T22:00:00Z,,0
S015121,validation,1,0,none,none,2025-05-09T22:10:00Z,1,1
S015122,validation,1,0,none,none,2025-05-09T22:20:00Z,,0
S015123,validation,1,0,none,none,2025-05-09T22:30:00Z,,0
S015124,validation,1,0,none,none,2025-05-09T22:40:00Z,,0
S015125,validation,1,0,none,none,2025-05-09T22:50:00Z,,0
S015126,validation,1,0,none,none,2025-05-09T23:00:00Z,,0
S015127,validation,1,0,none,none,2025-05-09T23:10:00Z,1,1
S015128,validation,1,0,none,none,2025-05-09T23:20:00Z,0,1
S015129,validation,1,0,none,none,2025-05-09T23:30:00Z,,0
S015130,validation,1,0,none,none,2025-05-09T23:40:00Z,,0
S015131,validation,1,0,none,none,2025-05-09T23:50:00Z,,0
S015132,validation,1,0,none,none,2025-05-10T00:00:00Z,,0
S015133,validation,1,0,none,none,2025-05-10T00:10:00Z,,0
S015134,validation,1,0,none,none,2025-05-10T00:20:00Z,1,1
S015135,validation,1,0,none,none,2025-05-10T00:30:00Z,,0
S015136,validation,1,0,none,none,2025-05-10T00:40:00Z,,0
S015137,validation,1,0,none,none,2025-05-10T00:50:00Z,1,1
S015138,validation,1,0,none,none,2025-05-10T01:00:00Z,0,1
S015139,validation,1,0,none,none,2025-05-10T01:10:00Z,,0
S015140,validation,1,0,none,none,2025-05-10T01:20:00Z,,0
S015141,validation,1,0,none,none,2025-05-10T01:30:00Z,,0
S015142,validation,1,0,none,none,2025-05-10T01:40:00Z,,0
S015143,validation,0,1,warpage,assembly,2025-05-10T03:40:00Z,,0
S015144,validation,1,0,none,none,2025-05-10T03:50:00Z,1,1
S015145,validation,1,0,none,none,2025-05-10T04:00:00Z,,0
S015146,validation,1,0,none,none,2025-05-10T04:10:00Z,,0
S015147,validation,1,0,none,none,2025-05-10T04:20:00Z,,0
S015148,validation,1,0,none,none,2025-05-10T04:30:00Z,,0
S015149,validation,1,0,none,none,2025-05-10T04:40:00Z,1,1
S015150,validation,1,0,none,none,2025-05-10T04:50:00Z,,0
S015151,validation,0,1,tsv_open_short,tsv_or_interconnect,2025-05-10T05:00:00Z,,0
S015152,validation,1,0,none,none,2025-05-10T05:10:00Z,,0
S015153,validation,1,0,none,none,2025-05-10T05:20:00Z,,0
S015154,validation,1,0,none,none,2025-05-10T05:30:00Z,,0
S015155,validation,1,0,none,none,2025-05-10T05:40:00Z,,0
S015156,validation,1,0,none,none,2025-05-10T05:50:00Z,,0
S015157,validation,1,0,none,none,2025-05-10T06:00:00Z,,0
S015158,validation,1,0,none,none,2025-05-10T06:10:00Z,,0
S015159,validation,1,0,none,none,2025-05-10T06:20:00Z,,0
S015160,validation,1,0,none,none,2025-05-10T06:30:00Z,,0
S015161,validation,1,0,none,none,2025-05-10T06:40:00Z,,0
S015162,validation,1,0,none,none,2025-05-10T06:50:00Z,1,1
S015163,validation,1,0,none,none,2025-05-10T07:00:00Z,,0
S015164,validation,1,0,none,none,2025-05-10T07:10:00Z,,0
S015165,validation,1,0,none,none,2025-05-10T07:20:00Z,,0
S015166,validation,1,0,none,none,2025-05-10T07:30:00Z,,0
S015167,validation,1,0,none,none,2025-05-10T07:40:00Z,,0
S015168,validation,1,0,none,none,2025-05-10T07:50:00Z,,0
S015169,validation,1,0,none,none,2025-05-10T08:00:00Z,,0
S015170,validation,1,0,none,none,2025-05-10T08:10:00Z,,0
S015171,validation,1,0,none,none,2025-05-10T08:20:00Z,1,1
S015172,validation,1,0,none,none,2025-05-10T08:30:00Z,,0
S015173,validation,1,0,none,none,2025-05-10T08:40:00Z,,0
S015174,validation,1,0,none,none,2025-05-10T08:50:00Z,,0
S015175,validation,1,0,none,none,2025-05-10T09:00:00Z,,0
S015176,validation,1,0,none,none,2025-05-10T09:10:00Z,,0
S015177,validation,1,0,none,none,2025-05-10T09:20:00Z,,0
S015178,validation,1,0,none,none,2025-05-10T09:30:00Z,1,1
S015179,validation,1,0,none,none,2025-05-10T09:40:00Z,,0
S015180,validation,1,0,none,none,2025-05-10T09:50:00Z,,0
S015181,validation,1,0,none,none,2025-05-10T10:00:00Z,,0
S015182,validation,1,0,none,none,2025-05-10T10:10:00Z,1,1
S015183,validation,1,0,none,none,2025-05-10T10:20:00Z,,0
S015184,validation,1,0,none,none,2025-05-10T10:30:00Z,,0
S015185,validation,1,0,none,none,2025-05-10T10:40:00Z,1,1
S015186,validation,1,0,none,none,2025-05-10T10:50:00Z,1,1
S015187,validation,1,0,none,none,2025-05-10T11:00:00Z,,0
S015188,validation,1,0,none,none,2025-05-10T11:10:00Z,,0
S015189,validation,1,0,none,none,2025-05-10T11:20:00Z,,0
S015190,validation,1,0,none,none,2025-05-10T11:30:00Z,,0
S015191,validation,1,0,none,none,2025-05-10T11:40:00Z,1,1
S015192,validation,1,0,none,none,2025-05-10T11:50:00Z,,0
S015193,validation,1,0,none,none,2025-05-10T12:00:00Z,1,1
S015194,validation,1,0,none,none,2025-05-10T12:10:00Z,,0
S015195,validation,1,0,none,none,2025-05-10T12:20:00Z,1,1
S015196,validation,0,1,microbump_open_bridge,reflow,2025-05-10T12:30:00Z,,0
S015197,validation,1,0,none,none,2025-05-10T12:40:00Z,,0
S015198,validation,1,0,none,none,2025-05-10T12:50:00Z,,0
S015199,validation,1,0,none,none,2025-05-10T13:00:00Z,,0
S015200,validation,1,0,none,none,2025-05-10T13:10:00Z,,0
S015201,validation,1,0,none,none,2025-05-10T13:20:00Z,,0
S015202,validation,1,0,none,none,2025-05-10T13:30:00Z,,0
S015203,validation,1,0,none,none,2025-05-10T13:40:00Z,,0
S015204,validation,1,0,none,none,2025-05-10T13:50:00Z,,0
S015205,test,1,0,none,none,2025-05-31T15:40:00Z,,0
S015206,test,1,0,none,none,2025-05-31T15:50:00Z,,0
S015207,test,1,0,none,none,2025-05-31T16:00:00Z,,0
S015208,test,1,0,none,none,2025-05-31T16:10:00Z,,0
S015209,test,1,0,none,none,2025-05-31T16:20:00Z,1,1
S015210,test,1,0,none,none,2025-05-31T16:30:00Z,1,1
S015211,test,1,0,none,none,2025-05-31T16:40:00Z,,0
S015212,test,1,0,none,none,2025-05-31T16:50:00Z,1,1
S015213,test,1,0,none,none,2025-05-31T17:00:00Z,,0
S015214,test,1,0,none,none,2025-05-31T17:10:00Z,,0
S015215,test,1,0,none,none,2025-05-31T17:20:00Z,,0
S015216,test,1,0,none,none,2025-05-31T17:30:00Z,1,1
S015217,test,1,0,none,none,2025-05-31T17:40:00Z,,0
S015218,test,1,0,none,none,2025-05-31T17:50:00Z,,0
S015219,test,1,0,none,none,2025-05-31T18:00:00Z,,0
S015220,test,1,0,none,none,2025-05-31T18:10:00Z,,0
S015221,test,1,0,none,none,2025-05-31T18:20:00Z,,0
S015222,test,1,0,none,none,2025-05-31T18:30:00Z,,0
S015223,test,1,0,none,none,2025-05-31T18:40:00Z,,0
S015224,test,1,0,none,none,2025-05-31T18:50:00Z,,0
S015225,test,1,0,none,none,2025-05-31T19:00:00Z,1,1
S015226,test,1,0,none,none,2025-05-31T19:10:00Z,,0
S015227,test,1,0,none,none,2025-05-31T19:20:00Z,,0
S015228,test,1,0,none,none,2025-05-31T19:30:00Z,,0
S015229,test,1,0,none,none,2025-05-31T19:40:00Z,,0
S015230,test,1,0,none,none,2025-05-31T19:50:00Z,,0
S015231,test,1,0,none,none,2025-05-31T20:00:00Z,,0
S015232,test,1,0,none,none,2025-05-31T20:10:00Z,,0
S015233,test,0,1,warpage,assembly,2025-05-31T20:20:00Z,,0
S015234,test,1,0,none,none,2025-05-31T20:30:00Z,1,1
S015235,test,1,0,none,none,2025-05-31T20:40:00Z,,0
S015236,test,1,0,none,none,2025-05-31T20:50:00Z,,0
S015237,test,1,0,none,none,2025-05-31T21:00:00Z,,0
S015238,test,1,0,none,none,2025-05-31T21:10:00Z,,0
S015239,test,1,0,none,none,2025-05-31T21:20:00Z,,0
S015240,test,0,1,warpage,assembly,2025-05-31T21:30:00Z,,0
S015241,test,1,0,none,none,2025-05-31T21:40:00Z,,0
S015242,test,1,0,none,none,2025-05-31T21:50:00Z,,0
S015243,test,1,0,none,none,2025-05-31T22:00:00Z,,0
S015244,test,1,0,none,none,2025-05-31T22:10:00Z,,0
S015245,test,1,0,none,none,2025-05-31T22:20:00Z,,0
S015246,test,1,0,none,none,2025-05-31T22:30:00Z,,0
S015247,test,1,0,none,none,2025-05-31T22:40:00Z,,0
S015248,test,1,0,none,none,2025-05-31T22:50:00Z,,0
S015249,test,1,0,none,none,2025-05-31T23:00:00Z,,0
S015250,test,1,0,none,none,2025-05-31T23:10:00Z,,0
S015251,test,1,0,none,none,2025-05-31T23:20:00Z,,0
S015252,test,1,0,none,none,2025-05-31T23:30:00Z,,0
S015253,test,1,0,none,none,2025-05-31T23:40:00Z,,0
S015254,test,1,0,none,none,2025-05-31T23:50:00Z,,0
S015255,test,1,0,none,none,2025-06-01T00:00:00Z,,0
S015256,test,1,0,none,none,2025-06-01T00:10:00Z,1,1
S015257,test,1,0,none,none,2025-06-01T00:20:00Z,1,1
S015258,test,1,0,none,none,2025-06-01T00:30:00Z,1,1
S015259,test,1,0,none,none,2025-06-01T00:40:00Z,,0
S015260,test,1,0,none,none,2025-06-01T00:50:00Z,,0
S015261,test,1,0,none,none,2025-06-01T01:00:00Z,,0
S015262,test,1,0,none,none,2025-06-01T01:10:00Z,,0
S015263,test,1,0,none,none,2025-06-01T01:20:00Z,1,1
S015264,test,1,0,none,none,2025-06-01T01:30:00Z,,0
S015265,test,1,0,none,none,2025-06-01T01:40:00Z,,0
S015266,test,1,0,none,none,2025-06-01T01:50:00Z,,0
S015267,test,1,0,none,none,2025-06-01T02:00:00Z,,0
S015268,test,1,0,none,none,2025-06-01T02:10:00Z,,0
S015269,test,1,0,none,none,2025-06-01T02:20:00Z,,0
S015270,test,1,0,none,none,2025-06-01T02:30:00Z,,0
S015271,test,1,0,none,none,2025-06-01T02:40:00Z,1,1
S015272,test,1,0,none,none,2025-06-01T02:50:00Z,,0
S015273,test,1,0,none,none,2025-06-01T03:00:00Z,,0
S015274,test,1,0,none,none,2025-06-01T03:10:00Z,,0
S015275,test,1,0,none,none,2025-06-01T03:20:00Z,,0
S015276,test,1,0,none,none,2025-06-01T03:30:00Z,1,1
S015277,test,1,0,none,none,2025-06-01T03:40:00Z,,0
S015278,test,0,1,microbump_open_bridge,reflow,2025-06-01T03:50:00Z,,0
S015279,test,1,0,none,none,2025-06-01T04:00:00Z,,0
S015280,test,1,0,none,none,2025-06-01T04:10:00Z,,0
S015281,test,1,0,none,none,2025-06-01T04:20:00Z,1,1
S015282,test,1,0,none,none,2025-06-01T04:30:00Z,1,1
S015283,test,1,0,none,none,2025-06-01T04:40:00Z,,0
S015284,test,1,0,none,none,2025-06-01T04:50:00Z,,0
S015285,test,1,0,none,none,2025-06-01T05:00:00Z,,0
S015286,test,1,0,none,none,2025-06-01T05:10:00Z,,0
S015287,test,1,0,none,none,2025-06-01T05:20:00Z,1,1
S015288,test,1,0,none,none,2025-06-01T05:30:00Z,,0
S015289,test,1,0,none,none,2025-06-01T05:40:00Z,,0
S015290,test,1,0,none,none,2025-06-01T05:50:00Z,,0
S015291,test,1,0,none,none,2025-06-01T06:00:00Z,,0
S015292,test,0,1,tsv_open_short,tsv_or_interconnect,2025-06-01T06:10:00Z,,0
S015293,test,1,0,none,none,2025-06-01T06:20:00Z,1,1
S015294,test,1,0,none,none,2025-06-01T06:30:00Z,,0
S015295,test,1,0,none,none,2025-06-01T06:40:00Z,,0
S015296,test,1,0,none,none,2025-06-01T06:50:00Z,,0
S015297,test,1,0,none,none,2025-06-01T07:00:00Z,1,1
S015298,test,1,0,none,none,2025-06-01T07:10:00Z,,0
S015299,test,1,0,none,none,2025-06-01T03:40:00Z,,0
S015300,test,1,0,none,none,2025-06-01T03:50:00Z,,0
S015301,test,1,0,none,none,2025-06-01T04:00:00Z,,0
S015302,test,1,0,none,none,2025-06-01T04:10:00Z,,0
S015303,test,1,0,none,none,2025-06-01T04:20:00Z,,0
S015304,test,1,0,none,none,2025-06-01T04:30:00Z,,0
S015305,test,1,0,none,none,2025-06-01T04:40:00Z,,0
S015306,test,1,0,none,none,2025-06-01T04:50:00Z,,0
S015307,test,1,0,none,none,2025-06-01T05:00:00Z,,0
S015308,test,1,0,none,none,2025-06-01T05:10:00Z,,0
S015309,test,1,0,none,none,2025-06-01T05:20:00Z,,0
S015310,test,1,0,none,none,2025-06-01T05:30:00Z,,0
S015311,test,1,0,none,none,2025-06-01T05:40:00Z,,0
S015312,test,1,0,none,none,2025-06-01T05:50:00Z,,0
S015313,test,1,0,none,none,2025-06-01T06:00:00Z,1,1
S015314,test,1,0,none,none,2025-06-01T06:10:00Z,,0
S015315,test,1,0,none,none,2025-06-01T06:20:00Z,,0
S015316,test,0,1,microbump_open_bridge,reflow,2025-06-01T06:30:00Z,,0
S015317,test,1,0,none,none,2025-06-01T06:40:00Z,,0
S015318,test,1,0,none,none,2025-06-01T06:50:00Z,,0
S015319,test,1,0,none,none,2025-06-01T07:00:00Z,,0
S015320,test,1,0,none,none,2025-06-01T07:10:00Z,,0
S015321,test,1,0,none,none,2025-06-01T07:20:00Z,,0
S015322,test,1,0,none,none,2025-06-01T07:30:00Z,1,1
S015323,test,1,0,none,none,2025-06-01T07:40:00Z,,0
S015324,test,1,0,none,none,2025-06-01T07:50:00Z,1,1
S015325,test,1,0,none,none,2025-06-01T08:00:00Z,1,1
S015326,test,1,0,none,none,2025-06-01T08:10:00Z,1,1
S015327,test,1,0,none,none,2025-06-01T08:20:00Z,1,1
S015328,test,1,0,none,none,2025-06-01T08:30:00Z,1,1
S015329,test,1,0,none,none,2025-06-01T08:40:00Z,,0
S015330,test,1,0,none,none,2025-06-01T08:50:00Z,,0
S015331,test,1,0,none,none,2025-06-01T09:00:00Z,,0
S015332,test,1,0,none,none,2025-06-01T09:10:00Z,,0
S015333,test,1,0,none,none,2025-06-01T09:20:00Z,,0
S015334,test,1,0,none,none,2025-06-01T09:30:00Z,,0
S015335,test,1,0,none,none,2025-06-01T09:40:00Z,1,1
S015336,test,0,1,underfill_void,molding,2025-06-01T09:50:00Z,,0
S015337,test,1,0,none,none,2025-06-01T10:00:00Z,,0
S015338,test,1,0,none,none,2025-06-01T10:10:00Z,1,1
S015339,test,1,0,none,none,2025-06-01T10:20:00Z,,0
S015340,test,1,0,none,none,2025-06-01T10:30:00Z,,0
S015341,test,1,0,none,none,2025-06-01T10:40:00Z,1,1
S015342,test,1,0,none,none,2025-06-01T10:50:00Z,,0
S015343,test,1,0,none,none,2025-06-01T11:00:00Z,,0
S015344,test,1,0,none,none,2025-06-01T11:10:00Z,,0
S015345,test,1,0,none,none,2025-06-01T11:20:00Z,,0
S015346,test,1,0,none,none,2025-06-01T11:30:00Z,,0
S015347,test,1,0,none,none,2025-06-01T11:40:00Z,,0
S015348,test,1,0,none,none,2025-06-01T11:50:00Z,,0
S015349,test,1,0,none,none,2025-06-01T12:00:00Z,,0
S015350,test,1,0,none,none,2025-06-01T12:10:00Z,,0
S015351,test,1,0,none,none,2025-06-01T12:20:00Z,,0
S015352,test,1,0,none,none,2025-06-01T12:30:00Z,,0
S015353,test,1,0,none,none,2025-06-01T12:40:00Z,,0
S015354,test,1,0,none,none,2025-06-01T12:50:00Z,,0
S015355,test,1,0,none,none,2025-06-01T13:00:00Z,,0
S015356,test,1,0,none,none,2025-06-01T13:10:00Z,1,1
S015357,test,1,0,none,none,2025-06-01T13:20:00Z,1,1
S015358,test,1,0,none,none,2025-06-01T13:30:00Z,1,1
S015359,test,1,0,none,none,2025-06-01T13:40:00Z,,0
S015360,test,1,0,none,none,2025-06-01T13:50:00Z,1,1
S015361,test,1,0,none,none,2025-06-01T14:00:00Z,,0
S015362,test,1,0,none,none,2025-06-01T14:10:00Z,1,1
S015363,test,1,0,none,none,2025-06-01T14:20:00Z,1,1
S015364,test,1,0,none,none,2025-06-01T14:30:00Z,,0
S015365,test,1,0,none,none,2025-06-01T14:40:00Z,,0
S015366,test,1,0,none,none,2025-06-01T14:50:00Z,,0
S015367,test,1,0,none,none,2025-06-01T15:00:00Z,,0
S015368,test,1,0,none,none,2025-06-01T15:10:00Z,,0
S015369,test,1,0,none,none,2025-06-01T15:20:00Z,1,1
S015370,test,1,0,none,none,2025-06-01T15:30:00Z,1,1
S015371,test,1,0,none,none,2025-06-01T15:40:00Z,,0
S015372,test,1,0,none,none,2025-06-01T15:50:00Z,,0
S015373,test,1,0,none,none,2025-06-01T16:00:00Z,,0
S015374,test,1,0,none,none,2025-06-01T16:10:00Z,,0
S015375,test,1,0,none,none,2025-06-01T16:20:00Z,1,1
S015376,test,1,0,none,none,2025-06-01T16:30:00Z,1,1
S015377,test,1,0,none,none,2025-06-01T16:40:00Z,,0
S015378,test,1,0,none,none,2025-06-01T16:50:00Z,1,1
S015379,test,1,0,none,none,2025-06-01T17:00:00Z,1,1
S015380,test,1,0,none,none,2025-06-01T17:10:00Z,,0
S015381,test,1,0,none,none,2025-06-01T17:20:00Z,,0
S015382,test,0,1,underfill_void,molding,2025-06-01T17:30:00Z,,0
S015383,test,1,0,none,none,2025-06-01T17:40:00Z,,0
S015384,test,1,0,none,none,2025-06-01T17:50:00Z,1,1
S015385,test,1,0,none,none,2025-06-01T18:00:00Z,,0
S015386,test,0,1,underfill_void,molding,2025-06-01T18:10:00Z,,0
S015387,test,1,0,none,none,2025-06-01T18:20:00Z,1,1
S015388,test,1,0,none,none,2025-06-01T18:30:00Z,,0
S015389,test,1,0,none,none,2025-06-01T18:40:00Z,,0
S015390,test,1,0,none,none,2025-06-01T18:50:00Z,1,1
S015391,test,1,0,none,none,2025-06-01T19:00:00Z,,0
S015392,test,1,0,none,none,2025-06-01T19:10:00Z,,0
S015393,test,1,0,none,none,2025-06-01T15:40:00Z,,0
S015394,test,1,0,none,none,2025-06-01T15:50:00Z,,0
S015395,test,1,0,none,none,2025-06-01T16:00:00Z,,0
S015396,test,1,0,none,none,2025-06-01T16:10:00Z,,0
S015397,test,1,0,none,none,2025-06-01T16:20:00Z,,0
S015398,test,1,0,none,none,2025-06-01T16:30:00Z,,0
S015399,test,0,1,delamination,molding,2025-06-01T16:40:00Z,,0
S015400,test,1,0,none,none,2025-06-01T16:50:00Z,,0
S015401,test,1,0,none,none,2025-06-01T17:00:00Z,,0
S015402,test,1,0,none,none,2025-06-01T17:10:00Z,,0
S015403,test,1,0,none,none,2025-06-01T17:20:00Z,,0
S015404,test,1,0,none,none,2025-06-01T17:30:00Z,,0
S015405,test,1,0,none,none,2025-06-01T17:40:00Z,,0
S015406,test,1,0,none,none,2025-06-01T17:50:00Z,,0
S015407,test,1,0,none,none,2025-06-01T18:00:00Z,,0
S015408,test,1,0,none,none,2025-06-01T18:10:00Z,,0
S015409,test,1,0,none,none,2025-06-01T18:20:00Z,1,1
S015410,test,1,0,none,none,2025-06-01T18:30:00Z,0,1
S015411,test,1,0,none,none,2025-06-01T18:40:00Z,,0
S015412,test,1,0,none,none,2025-06-01T18:50:00Z,1,1
S015413,test,1,0,none,none,2025-06-01T19:00:00Z,,0
S015414,test,1,0,none,none,2025-06-01T19:10:00Z,,0
S015415,test,1,0,none,none,2025-06-01T19:20:00Z,,0
S015416,test,1,0,none,none,2025-06-01T19:30:00Z,,0
S015417,test,1,0,none,none,2025-06-01T19:40:00Z,1,1
S015418,test,1,0,none,none,2025-06-01T19:50:00Z,,0
S015419,test,1,0,none,none,2025-06-01T20:00:00Z,,0
S015420,test,1,0,none,none,2025-06-01T20:10:00Z,,0
S015421,test,1,0,none,none,2025-06-01T20:20:00Z,,0
S015422,test,1,0,none,none,2025-06-01T20:30:00Z,,0
S015423,test,1,0,none,none,2025-06-01T20:40:00Z,,0
S015424,test,1,0,none,none,2025-06-01T20:50:00Z,,0
S015425,test,1,0,none,none,2025-06-01T21:00:00Z,,0
S015426,test,1,0,none,none,2025-06-01T21:10:00Z,,0
S015427,test,1,0,none,none,2025-06-01T21:20:00Z,1,1
S015428,test,1,0,none,none,2025-06-01T21:30:00Z,,0
S015429,test,1,0,none,none,2025-06-01T21:40:00Z,,0
S015430,test,1,0,none,none,2025-06-01T21:50:00Z,0,1
S015431,test,1,0,none,none,2025-06-01T22:00:00Z,1,1
S015432,test,1,0,none,none,2025-06-01T22:10:00Z,,0
S015433,test,1,0,none,none,2025-06-01T22:20:00Z,,0
S015434,test,1,0,none,none,2025-06-01T22:30:00Z,,0
S015435,test,1,0,none,none,2025-06-01T22:40:00Z,1,1
S015436,test,1,0,none,none,2025-06-01T22:50:00Z,,0
S015437,test,1,0,none,none,2025-06-01T23:00:00Z,,0
S015438,test,1,0,none,none,2025-06-01T23:10:00Z,,0
S015439,test,1,0,none,none,2025-06-01T23:20:00Z,,0
S015440,test,1,0,none,none,2025-06-01T23:30:00Z,1,1
S015441,test,1,0,none,none,2025-06-01T23:40:00Z,1,1
S015442,test,1,0,none,none,2025-06-01T23:50:00Z,,0
S015443,test,1,0,none,none,2025-06-02T00:00:00Z,1,1
S015444,test,1,0,none,none,2025-06-02T00:10:00Z,,0
S015445,test,1,0,none,none,2025-06-02T00:20:00Z,,0
S015446,test,1,0,none,none,2025-06-02T00:30:00Z,,0
S015447,test,1,0,none,none,2025-06-02T00:40:00Z,,0
S015448,test,1,0,none,none,2025-06-02T00:50:00Z,1,1
S015449,test,1,0,none,none,2025-06-02T01:00:00Z,,0
S015450,test,1,0,none,none,2025-06-02T01:10:00Z,,0
S015451,test,1,0,none,none,2025-06-02T01:20:00Z,,0
S015452,test,1,0,none,none,2025-06-02T01:30:00Z,,0
S015453,test,1,0,none,none,2025-06-02T01:40:00Z,1,1
S015454,test,1,0,none,none,2025-06-02T01:50:00Z,,0
S015455,test,1,0,none,none,2025-06-02T02:00:00Z,1,1
S015456,test,1,0,none,none,2025-06-02T02:10:00Z,,0
S015457,test,1,0,none,none,2025-06-02T03:40:00Z,1,1
S015458,test,1,0,none,none,2025-06-02T03:50:00Z,1,1
S015459,test,1,0,none,none,2025-06-02T04:00:00Z,,0
S015460,test,1,0,none,none,2025-06-02T04:10:00Z,,0
S015461,test,1,0,none,none,2025-06-02T04:20:00Z,1,1
S015462,test,1,0,none,none,2025-06-02T04:30:00Z,,0
S015463,test,1,0,none,none,2025-06-02T04:40:00Z,,0
S015464,test,1,0,none,none,2025-06-02T04:50:00Z,,0
S015465,test,1,0,none,none,2025-06-02T05:00:00Z,,0
S015466,test,1,0,none,none,2025-06-02T05:10:00Z,,0
S015467,test,1,0,none,none,2025-06-02T05:20:00Z,,0
S015468,test,1,0,none,none,2025-06-02T05:30:00Z,,0
S015469,test,1,0,none,none,2025-06-02T05:40:00Z,,0
S015470,test,1,0,none,none,2025-06-02T05:50:00Z,,0
S015471,test,1,0,none,none,2025-06-02T06:00:00Z,,0
S015472,test,1,0,none,none,2025-06-02T06:10:00Z,,0
S015473,test,1,0,none,none,2025-06-02T06:20:00Z,,0
S015474,test,1,0,none,none,2025-06-02T06:30:00Z,,0
S015475,test,1,0,none,none,2025-06-02T06:40:00Z,,0
S015476,test,1,0,none,none,2025-06-02T06:50:00Z,,0
S015477,test,1,0,none,none,2025-06-02T07:00:00Z,1,1
S015478,test,1,0,none,none,2025-06-02T07:10:00Z,,0
S015479,test,1,0,none,none,2025-06-02T07:20:00Z,,0
S015480,test,1,0,none,none,2025-06-02T07:30:00Z,1,1
S015481,test,1,0,none,none,2025-06-02T07:40:00Z,,0
S015482,test,1,0,none,none,2025-06-02T07:50:00Z,,0
S015483,test,1,0,none,none,2025-06-02T08:00:00Z,,0
S015484,test,1,0,none,none,2025-06-02T08:10:00Z,,0
S015485,test,1,0,none,none,2025-06-02T08:20:00Z,,0
S015486,test,1,0,none,none,2025-06-02T08:30:00Z,,0
S015487,test,1,0,none,none,2025-06-02T08:40:00Z,,0
S015488,test,1,0,none,none,2025-06-02T08:50:00Z,,0
S015489,test,1,0,none,none,2025-06-02T09:00:00Z,,0
S015490,test,1,0,none,none,2025-06-02T09:10:00Z,,0
S015491,test,1,0,none,none,2025-06-02T09:20:00Z,,0
S015492,test,1,0,none,none,2025-06-02T09:30:00Z,1,1
S015493,test,1,0,none,none,2025-06-02T09:40:00Z,,0
S015494,test,1,0,none,none,2025-06-02T09:50:00Z,,0
S015495,test,1,0,none,none,2025-06-02T10:00:00Z,,0
S015496,test,1,0,none,none,2025-06-02T10:10:00Z,,0
S015497,test,1,0,none,none,2025-06-02T10:20:00Z,,0
S015498,test,1,0,none,none,2025-06-02T10:30:00Z,,0
S015499,test,1,0,none,none,2025-06-02T10:40:00Z,,0
S015500,test,1,0,none,none,2025-06-02T10:50:00Z,,0
S015501,test,1,0,none,none,2025-06-02T11:00:00Z,,0
S015502,test,1,0,none,none,2025-06-02T11:10:00Z,,0
S015503,test,1,0,none,none,2025-06-02T11:20:00Z,,0
S015504,test,1,0,none,none,2025-06-02T11:30:00Z,1,1
S015505,test,1,0,none,none,2025-06-02T11:40:00Z,,0
S015506,test,1,0,none,none,2025-06-02T11:50:00Z,,0
S015507,test,1,0,none,none,2025-06-02T12:00:00Z,,0
S015508,test,1,0,none,none,2025-06-02T12:10:00Z,,0
S015509,test,1,0,none,none,2025-06-02T12:20:00Z,,0
S015510,test,1,0,none,none,2025-06-02T12:30:00Z,,0
S015511,test,1,0,none,none,2025-06-02T12:40:00Z,1,1
S015512,test,1,0,none,none,2025-06-02T12:50:00Z,1,1
S015513,test,1,0,none,none,2025-06-02T13:00:00Z,,0
S015514,test,1,0,none,none,2025-06-02T13:10:00Z,,0
S015515,test,0,1,warpage,assembly,2025-06-02T13:20:00Z,,0
S015516,test,1,0,none,none,2025-06-02T13:30:00Z,,0
S015517,test,1,0,none,none,2025-06-02T13:40:00Z,,0
S015518,test,1,0,none,none,2025-06-02T13:50:00Z,1,1
S015519,test,1,0,none,none,2025-06-02T15:40:00Z,,0
S015520,test,1,0,none,none,2025-06-02T15:50:00Z,1,1
S015521,test,1,0,none,none,2025-06-02T16:00:00Z,,0
S015522,test,1,0,none,none,2025-06-02T16:10:00Z,,0
S015523,test,1,0,none,none,2025-06-02T16:20:00Z,,0
S015524,test,1,0,none,none,2025-06-02T16:30:00Z,1,1
S015525,test,1,0,none,none,2025-06-02T16:40:00Z,,0
S015526,test,1,0,none,none,2025-06-02T16:50:00Z,,0
S015527,test,1,0,none,none,2025-06-02T17:00:00Z,,0
S015528,test,1,0,none,none,2025-06-02T17:10:00Z,1,1
S015529,test,1,0,none,none,2025-06-02T17:20:00Z,,0
S015530,test,1,0,none,none,2025-06-02T17:30:00Z,,0
S015531,test,1,0,none,none,2025-06-02T17:40:00Z,,0
S015532,test,1,0,none,none,2025-06-02T17:50:00Z,,0
S015533,test,1,0,none,none,2025-06-02T18:00:00Z,,0
S015534,test,1,0,none,none,2025-06-02T18:10:00Z,,0
S015535,test,1,0,none,none,2025-06-02T18:20:00Z,1,1
S015536,test,1,0,none,none,2025-06-02T18:30:00Z,,0
S015537,test,1,0,none,none,2025-06-02T18:40:00Z,,0
S015538,test,1,0,none,none,2025-06-02T18:50:00Z,,0
S015539,test,1,0,none,none,2025-06-02T19:00:00Z,,0
S015540,test,1,0,none,none,2025-06-02T19:10:00Z,,0
S015541,test,1,0,none,none,2025-06-02T19:20:00Z,,0
S015542,test,1,0,none,none,2025-06-02T19:30:00Z,,0
S015543,test,1,0,none,none,2025-06-02T19:40:00Z,,0
S015544,test,1,0,none,none,2025-06-02T19:50:00Z,1,1
S015545,test,1,0,none,none,2025-06-02T20:00:00Z,,0
S015546,test,1,0,none,none,2025-06-02T20:10:00Z,,0
S015547,test,1,0,none,none,2025-06-02T20:20:00Z,,0
S015548,test,1,0,none,none,2025-06-02T20:30:00Z,,0
S015549,test,1,0,none,none,2025-06-02T20:40:00Z,,0
S015550,test,1,0,none,none,2025-06-02T20:50:00Z,,0
S015551,test,1,0,none,none,2025-06-02T21:00:00Z,,0
S015552,test,1,0,none,none,2025-06-02T21:10:00Z,,0
S015553,test,1,0,none,none,2025-06-02T21:20:00Z,,0
S015554,test,1,0,none,none,2025-06-02T21:30:00Z,1,1
S015555,test,1,0,none,none,2025-06-02T21:40:00Z,,0
S015556,test,1,0,none,none,2025-06-02T21:50:00Z,,0
S015557,test,1,0,none,none,2025-06-02T22:00:00Z,,0
S015558,test,1,0,none,none,2025-06-02T22:10:00Z,1,1
S015559,test,1,0,none,none,2025-06-02T22:20:00Z,,0
S015560,test,1,0,none,none,2025-06-02T22:30:00Z,1,1
S015561,test,1,0,none,none,2025-06-02T22:40:00Z,,0
S015562,test,1,0,none,none,2025-06-02T22:50:00Z,1,1
S015563,test,0,1,underfill_void,molding,2025-06-02T23:00:00Z,,0
S015564,test,1,0,none,none,2025-06-02T23:10:00Z,,0
S015565,test,1,0,none,none,2025-06-02T23:20:00Z,,0
S015566,test,1,0,none,none,2025-06-02T23:30:00Z,,0
S015567,test,1,0,none,none,2025-06-02T23:40:00Z,1,1
S015568,test,1,0,none,none,2025-06-02T23:50:00Z,1,1
S015569,test,1,0,none,none,2025-06-03T00:00:00Z,,0
S015570,test,1,0,none,none,2025-06-03T00:10:00Z,,0
S015571,test,1,0,none,none,2025-06-03T00:20:00Z,,0
S015572,test,1,0,none,none,2025-06-03T00:30:00Z,,0
S015573,test,1,0,none,none,2025-06-03T00:40:00Z,,0
S015574,test,1,0,none,none,2025-06-03T00:50:00Z,,0
S015575,test,1,0,none,none,2025-06-03T01:00:00Z,1,1
S015576,test,1,0,none,none,2025-06-03T01:10:00Z,,0
S015577,test,0,1,tsv_open_short,tsv_or_interconnect,2025-06-03T01:20:00Z,,0
S015578,test,1,0,none,none,2025-06-03T01:30:00Z,,0
S015579,test,1,0,none,none,2025-06-03T01:40:00Z,,0
S015580,test,1,0,none,none,2025-06-03T01:50:00Z,1,1
S015581,test,1,0,none,none,2025-06-03T02:00:00Z,,0
S015582,test,1,0,none,none,2025-06-03T02:10:00Z,,0
S015583,test,1,0,none,none,2025-06-03T03:40:00Z,,0
S015584,test,1,0,none,none,2025-06-03T03:50:00Z,,0
S015585,test,1,0,none,none,2025-06-03T04:00:00Z,1,1
S015586,test,0,1,warpage,assembly,2025-06-03T04:10:00Z,,0
S015587,test,1,0,none,none,2025-06-03T04:20:00Z,1,1
S015588,test,1,0,none,none,2025-06-03T04:30:00Z,1,1
S015589,test,1,0,none,none,2025-06-03T04:40:00Z,,0
S015590,test,1,0,none,none,2025-06-03T04:50:00Z,,0
S015591,test,1,0,none,none,2025-06-03T05:00:00Z,,0
S015592,test,1,0,none,none,2025-06-03T05:10:00Z,,0
S015593,test,0,1,underfill_void,molding,2025-06-03T05:20:00Z,,0
S015594,test,1,0,none,none,2025-06-03T05:30:00Z,,0
S015595,test,1,0,none,none,2025-06-03T05:40:00Z,,0
S015596,test,1,0,none,none,2025-06-03T05:50:00Z,,0
S015597,test,1,0,none,none,2025-06-03T06:00:00Z,,0
S015598,test,1,0,none,none,2025-06-03T06:10:00Z,,0
S015599,test,1,0,none,none,2025-06-03T06:20:00Z,,0
S015600,test,1,0,none,none,2025-06-03T06:30:00Z,1,1
S015601,test,1,0,none,none,2025-06-03T06:40:00Z,,0
S015602,test,1,0,none,none,2025-06-03T06:50:00Z,,0
S015603,test,1,0,none,none,2025-06-03T07:00:00Z,1,1
S015604,test,1,0,none,none,2025-06-03T07:10:00Z,,0
S015605,test,1,0,none,none,2025-06-03T07:20:00Z,1,1
S015606,test,1,0,none,none,2025-06-03T07:30:00Z,,0
S015607,test,1,0,none,none,2025-06-03T07:40:00Z,,0
S015608,test,1,0,none,none,2025-06-03T07:50:00Z,,0
S015609,test,1,0,none,none,2025-06-03T08:00:00Z,,0
S015610,test,1,0,none,none,2025-06-03T08:10:00Z,,0
S015611,test,1,0,none,none,2025-06-03T08:20:00Z,1,1
S015612,test,1,0,none,none,2025-06-03T08:30:00Z,,0
S015613,test,1,0,none,none,2025-06-03T08:40:00Z,1,1
S015614,test,1,0,none,none,2025-06-03T08:50:00Z,,0
S015615,test,1,0,none,none,2025-06-03T09:00:00Z,,0
S015616,test,1,0,none,none,2025-06-03T09:10:00Z,,0
S015617,test,1,0,none,none,2025-06-03T09:20:00Z,,0
S015618,test,1,0,none,none,2025-06-03T09:30:00Z,1,1
S015619,test,1,0,none,none,2025-06-03T09:40:00Z,,0
S015620,test,1,0,none,none,2025-06-03T09:50:00Z,1,1
S015621,test,1,0,none,none,2025-06-03T10:00:00Z,,0
S015622,test,1,0,none,none,2025-06-03T10:10:00Z,1,1
S015623,test,1,0,none,none,2025-06-03T10:20:00Z,,0
S015624,test,1,0,none,none,2025-06-03T10:30:00Z,,0
S015625,test,1,0,none,none,2025-06-03T10:40:00Z,,0
S015626,test,1,0,none,none,2025-06-03T10:50:00Z,,0
S015627,test,1,0,none,none,2025-06-03T11:00:00Z,,0
S015628,test,1,0,none,none,2025-06-03T11:10:00Z,,0
S015629,test,1,0,none,none,2025-06-03T11:20:00Z,1,1
S015630,test,1,0,none,none,2025-06-03T11:30:00Z,,0
S015631,test,1,0,none,none,2025-06-03T11:40:00Z,,0
S015632,test,1,0,none,none,2025-06-03T11:50:00Z,,0
S015633,test,1,0,none,none,2025-06-03T12:00:00Z,,0
S015634,test,1,0,none,none,2025-06-03T12:10:00Z,0,1
S015635,test,1,0,none,none,2025-06-03T12:20:00Z,,0
S015636,test,1,0,none,none,2025-06-03T12:30:00Z,1,1
S015637,test,1,0,none,none,2025-06-03T12:40:00Z,,0
S015638,test,1,0,none,none,2025-06-03T12:50:00Z,,0
S015639,test,1,0,none,none,2025-06-03T13:00:00Z,1,1
S015640,test,1,0,none,none,2025-06-03T13:10:00Z,,0
S015641,test,1,0,none,none,2025-06-03T13:20:00Z,,0
S015642,test,1,0,none,none,2025-06-03T13:30:00Z,,0
S015643,test,1,0,none,none,2025-06-03T13:40:00Z,,0
S015644,test,1,0,none,none,2025-06-03T13:50:00Z,,0
S015645,test,1,0,none,none,2025-06-03T14:00:00Z,1,1
S015646,test,1,0,none,none,2025-06-03T14:10:00Z,,0
S015647,test,1,0,none,none,2025-06-03T15:40:00Z,,0
S015648,test,1,0,none,none,2025-06-03T15:50:00Z,,0
S015649,test,1,0,none,none,2025-06-03T16:00:00Z,0,1
S015650,test,1,0,none,none,2025-06-03T16:10:00Z,,0
S015651,test,1,0,none,none,2025-06-03T16:20:00Z,,0
S015652,test,1,0,none,none,2025-06-03T16:30:00Z,,0
S015653,test,1,0,none,none,2025-06-03T16:40:00Z,,0
S015654,test,1,0,none,none,2025-06-03T16:50:00Z,,0
S015655,test,1,0,none,none,2025-06-03T17:00:00Z,,0
S015656,test,1,0,none,none,2025-06-03T17:10:00Z,,0
S015657,test,1,0,none,none,2025-06-03T17:20:00Z,,0
S015658,test,1,0,none,none,2025-06-03T17:30:00Z,,0
S015659,test,1,0,none,none,2025-06-03T17:40:00Z,,0
S015660,test,1,0,none,none,2025-06-03T17:50:00Z,,0
S015661,test,1,0,none,none,2025-06-03T18:00:00Z,1,1
S015662,test,1,0,none,none,2025-06-03T18:10:00Z,1,1
S015663,test,1,0,none,none,2025-06-03T18:20:00Z,,0
S015664,test,1,0,none,none,2025-06-03T18:30:00Z,,0
S015665,test,1,0,none,none,2025-06-03T18:40:00Z,,0
S015666,test,1,0,none,none,2025-06-03T18:50:00Z,,0
S015667,test,1,0,none,none,2025-06-03T19:00:00Z,1,1
S015668,test,1,0,none,none,2025-06-03T19:10:00Z,1,1
S015669,test,1,0,none,none,2025-06-03T19:20:00Z,,0
S015670,test,1,0,none,none,2025-06-03T19:30:00Z,,0
S015671,test,1,0,none,none,2025-06-03T19:40:00Z,,0
S015672,test,1,0,none,none,2025-06-03T19:50:00Z,1,1
S015673,test,0,1,warpage,assembly,2025-06-03T20:00:00Z,,0
S015674,test,1,0,none,none,2025-06-03T20:10:00Z,,0
S015675,test,1,0,none,none,2025-06-03T20:20:00Z,,0
S015676,test,1,0,none,none,2025-06-03T20:30:00Z,,0
S015677,test,0,1,warpage,assembly,2025-06-03T20:40:00Z,,0
S015678,test,1,0,none,none,2025-06-03T20:50:00Z,,0
S015679,test,1,0,none,none,2025-06-03T21:00:00Z,,0
S015680,test,1,0,none,none,2025-06-03T21:10:00Z,1,1
S015681,test,1,0,none,none,2025-06-03T21:20:00Z,,0
S015682,test,1,0,none,none,2025-06-03T21:30:00Z,1,1
S015683,test,1,0,none,none,2025-06-03T21:40:00Z,,0
S015684,test,1,0,none,none,2025-06-03T21:50:00Z,1,1
S015685,test,1,0,none,none,2025-06-03T22:00:00Z,1,1
S015686,test,1,0,none,none,2025-06-03T22:10:00Z,1,1
S015687,test,1,0,none,none,2025-06-03T22:20:00Z,,0
S015688,test,1,0,none,none,2025-06-03T22:30:00Z,,0
S015689,test,1,0,none,none,2025-06-03T22:40:00Z,0,1
S015690,test,1,0,none,none,2025-06-03T22:50:00Z,,0
S015691,test,1,0,none,none,2025-06-03T23:00:00Z,,0
S015692,test,1,0,none,none,2025-06-03T23:10:00Z,,0
S015693,test,1,0,none,none,2025-06-03T23:20:00Z,,0
S015694,test,1,0,none,none,2025-06-03T23:30:00Z,,0
S015695,test,1,0,none,none,2025-06-03T23:40:00Z,,0
S015696,test,1,0,none,none,2025-06-03T23:50:00Z,,0
S015697,test,0,1,warpage,assembly,2025-06-04T00:00:00Z,,0
S015698,test,1,0,none,none,2025-06-04T00:10:00Z,1,1
S015699,test,1,0,none,none,2025-06-04T00:20:00Z,,0
S015700,test,1,0,none,none,2025-06-04T00:30:00Z,,0
S015701,test,1,0,none,none,2025-06-04T00:40:00Z,0,1
S015702,test,1,0,none,none,2025-06-04T00:50:00Z,,0
S015703,test,1,0,none,none,2025-06-04T01:00:00Z,1,1
S015704,test,1,0,none,none,2025-06-04T01:10:00Z,,0
S015705,test,1,0,none,none,2025-06-04T01:20:00Z,,0
S015706,test,1,0,none,none,2025-06-04T01:30:00Z,,0
S015707,test,1,0,none,none,2025-06-04T01:40:00Z,1,1
S015708,test,1,0,none,none,2025-06-04T01:50:00Z,,0
S015709,test,1,0,none,none,2025-06-04T02:00:00Z,,0
S015710,test,1,0,none,none,2025-06-04T02:10:00Z,,0
S015711,test,1,0,none,none,2025-06-04T03:40:00Z,,0
S015712,test,1,0,none,none,2025-06-04T03:50:00Z,,0
S015713,test,1,0,none,none,2025-06-04T04:00:00Z,,0
S015714,test,1,0,none,none,2025-06-04T04:10:00Z,,0
S015715,test,1,0,none,none,2025-06-04T04:20:00Z,,0
S015716,test,1,0,none,none,2025-06-04T04:30:00Z,,0
S015717,test,1,0,none,none,2025-06-04T04:40:00Z,1,1
S015718,test,1,0,none,none,2025-06-04T04:50:00Z,,0
S015719,test,1,0,none,none,2025-06-04T05:00:00Z,,0
S015720,test,1,0,none,none,2025-06-04T05:10:00Z,,0
S015721,test,1,0,none,none,2025-06-04T05:20:00Z,1,1
S015722,test,1,0,none,none,2025-06-04T05:30:00Z,,0
S015723,test,1,0,none,none,2025-06-04T05:40:00Z,,0
S015724,test,1,0,none,none,2025-06-04T05:50:00Z,1,1
S015725,test,1,0,none,none,2025-06-04T06:00:00Z,,0
S015726,test,1,0,none,none,2025-06-04T06:10:00Z,,0
S015727,test,1,0,none,none,2025-06-04T06:20:00Z,,0
S015728,test,1,0,none,none,2025-06-04T06:30:00Z,0,1
S015729,test,1,0,none,none,2025-06-04T06:40:00Z,,0
S015730,test,1,0,none,none,2025-06-04T06:50:00Z,,0
S015731,test,1,0,none,none,2025-06-04T07:00:00Z,,0
S015732,test,1,0,none,none,2025-06-04T07:10:00Z,1,1
S015733,test,1,0,none,none,2025-06-04T07:20:00Z,,0
S015734,test,1,0,none,none,2025-06-04T07:30:00Z,,0
S015735,test,1,0,none,none,2025-06-04T07:40:00Z,,0
S015736,test,1,0,none,none,2025-06-04T07:50:00Z,1,1
S015737,test,1,0,none,none,2025-06-04T08:00:00Z,,0
S015738,test,1,0,none,none,2025-06-04T08:10:00Z,,0
S015739,test,1,0,none,none,2025-06-04T08:20:00Z,1,1
S015740,test,1,0,none,none,2025-06-04T08:30:00Z,1,1
S015741,test,1,0,none,none,2025-06-04T08:40:00Z,,0
S015742,test,1,0,none,none,2025-06-04T08:50:00Z,,0
S015743,test,1,0,none,none,2025-06-04T09:00:00Z,,0
S015744,test,1,0,none,none,2025-06-04T09:10:00Z,,0
S015745,test,1,0,none,none,2025-06-04T09:20:00Z,,0
S015746,test,1,0,none,none,2025-06-04T09:30:00Z,,0
S015747,test,1,0,none,none,2025-06-04T09:40:00Z,,0
S015748,test,1,0,none,none,2025-06-04T09:50:00Z,1,1
S015749,test,1,0,none,none,2025-06-04T10:00:00Z,,0
S015750,test,0,1,tsv_open_short,tsv_or_interconnect,2025-06-04T10:10:00Z,,0
S015751,test,1,0,none,none,2025-06-04T10:20:00Z,,0
S015752,test,1,0,none,none,2025-06-04T10:30:00Z,,0
S015753,test,1,0,none,none,2025-06-04T10:40:00Z,,0
S015754,test,1,0,none,none,2025-06-04T10:50:00Z,,0
S015755,test,1,0,none,none,2025-06-04T11:00:00Z,,0
S015756,test,1,0,none,none,2025-06-04T11:10:00Z,,0
S015757,test,1,0,none,none,2025-06-04T11:20:00Z,,0
S015758,test,1,0,none,none,2025-06-04T11:30:00Z,,0
S015759,test,1,0,none,none,2025-06-04T11:40:00Z,,0
S015760,test,1,0,none,none,2025-06-04T11:50:00Z,,0
S015761,test,1,0,none,none,2025-06-04T12:00:00Z,,0
S015762,test,1,0,none,none,2025-06-04T12:10:00Z,,0
S015763,test,1,0,none,none,2025-06-04T12:20:00Z,,0
S015764,test,1,0,none,none,2025-06-04T12:30:00Z,,0
S015765,test,1,0,none,none,2025-06-04T12:40:00Z,1,1
S015766,test,1,0,none,none,2025-06-04T12:50:00Z,,0
S015767,test,1,0,none,none,2025-06-04T13:00:00Z,,0
S015768,test,0,1,warpage,assembly,2025-06-04T13:10:00Z,,0
S015769,test,1,0,none,none,2025-06-04T13:20:00Z,,0
S015770,test,1,0,none,none,2025-06-04T13:30:00Z,1,1
S015771,test,1,0,none,none,2025-06-04T13:40:00Z,,0
S015772,test,1,0,none,none,2025-06-04T13:50:00Z,1,1
S015773,test,1,0,none,none,2025-06-04T14:00:00Z,,0
S015774,test,1,0,none,none,2025-06-04T14:10:00Z,1,1
S015775,test,1,0,none,none,2025-06-04T14:20:00Z,,0
S015776,test,1,0,none,none,2025-06-04T14:30:00Z,1,1
S015777,test,1,0,none,none,2025-06-04T14:40:00Z,,0
S015778,test,1,0,none,none,2025-06-04T14:50:00Z,,0
S015779,test,1,0,none,none,2025-06-04T15:00:00Z,,0
S015780,test,1,0,none,none,2025-06-04T15:10:00Z,,0
S015781,test,0,1,microbump_open_bridge,reflow,2025-06-04T15:20:00Z,,0
S015782,test,1,0,none,none,2025-06-04T15:30:00Z,,0
S015783,test,1,0,none,none,2025-06-04T15:40:00Z,1,1
S015784,test,1,0,none,none,2025-06-04T15:50:00Z,,0
S015785,test,0,1,dram_electrical,dram_or_base,2025-06-04T16:00:00Z,,0
S015786,test,1,0,none,none,2025-06-04T16:10:00Z,,0
S015787,test,1,0,none,none,2025-06-04T16:20:00Z,1,1
S015788,test,1,0,none,none,2025-06-04T16:30:00Z,,0
S015789,test,0,1,multiple,multiple,2025-06-04T16:40:00Z,,0
S015790,test,1,0,none,none,2025-06-04T16:50:00Z,,0
S015791,test,1,0,none,none,2025-06-04T17:00:00Z,1,1
S015792,test,1,0,none,none,2025-06-04T17:10:00Z,,0
S015793,test,1,0,none,none,2025-06-04T17:20:00Z,,0
S015794,test,1,0,none,none,2025-06-04T17:30:00Z,,0
S015795,test,1,0,none,none,2025-06-04T17:40:00Z,,0
S015796,test,1,0,none,none,2025-06-04T17:50:00Z,,0
S015797,test,1,0,none,none,2025-06-04T18:00:00Z,,0
S015798,test,1,0,none,none,2025-06-04T18:10:00Z,,0
S015799,test,1,0,none,none,2025-06-04T18:20:00Z,,0
S015800,test,1,0,none,none,2025-06-04T18:30:00Z,1,1
S015801,test,1,0,none,none,2025-06-04T18:40:00Z,1,1
S015802,test,0,1,microbump_open_bridge,reflow,2025-06-04T18:50:00Z,,0
S015803,test,1,0,none,none,2025-06-04T15:40:00Z,,0
S015804,test,1,0,none,none,2025-06-04T15:50:00Z,,0
S015805,test,1,0,none,none,2025-06-04T16:00:00Z,,0
S015806,test,1,0,none,none,2025-06-04T16:10:00Z,1,1
S015807,test,1,0,none,none,2025-06-04T16:20:00Z,,0
S015808,test,1,0,none,none,2025-06-04T16:30:00Z,,0
S015809,test,1,0,none,none,2025-06-04T16:40:00Z,1,1
S015810,test,1,0,none,none,2025-06-04T16:50:00Z,,0
S015811,test,1,0,none,none,2025-06-04T17:00:00Z,1,1
S015812,test,1,0,none,none,2025-06-04T17:10:00Z,,0
S015813,test,1,0,none,none,2025-06-04T17:20:00Z,,0
S015814,test,1,0,none,none,2025-06-04T17:30:00Z,,0
S015815,test,1,0,none,none,2025-06-04T17:40:00Z,,0
S015816,test,1,0,none,none,2025-06-04T17:50:00Z,,0
S015817,test,1,0,none,none,2025-06-04T18:00:00Z,,0
S015818,test,0,1,underfill_void,molding,2025-06-04T18:10:00Z,,0
S015819,test,1,0,none,none,2025-06-04T18:20:00Z,,0
S015820,test,0,1,microbump_open_bridge,reflow,2025-06-04T18:30:00Z,,0
S015821,test,1,0,none,none,2025-06-04T18:40:00Z,,0
S015822,test,1,0,none,none,2025-06-04T18:50:00Z,1,1
S015823,test,1,0,none,none,2025-06-04T19:00:00Z,,0
S015824,test,0,1,tsv_open_short,tsv_or_interconnect,2025-06-04T19:10:00Z,,0
S015825,test,1,0,none,none,2025-06-04T19:20:00Z,,0
S015826,test,1,0,none,none,2025-06-04T19:30:00Z,,0
S015827,test,1,0,none,none,2025-06-04T19:40:00Z,,0
S015828,test,1,0,none,none,2025-06-04T19:50:00Z,,0
S015829,test,0,1,die_crack,handling,2025-06-04T20:00:00Z,,0
S015830,test,1,0,none,none,2025-06-04T20:10:00Z,1,1
S015831,test,1,0,none,none,2025-06-04T20:20:00Z,,0
S015832,test,1,0,none,none,2025-06-04T20:30:00Z,,0
S015833,test,1,0,none,none,2025-06-04T20:40:00Z,,0
S015834,test,1,0,none,none,2025-06-04T20:50:00Z,,0
S015835,test,1,0,none,none,2025-06-04T21:00:00Z,,0
S015836,test,1,0,none,none,2025-06-04T21:10:00Z,,0
S015837,test,1,0,none,none,2025-06-04T21:20:00Z,,0
S015838,test,1,0,none,none,2025-06-04T21:30:00Z,,0
S015839,test,1,0,none,none,2025-06-04T21:40:00Z,,0
S015840,test,1,0,none,none,2025-06-04T21:50:00Z,,0
S015841,test,1,0,none,none,2025-06-04T22:00:00Z,,0
S015842,test,0,1,warpage,assembly,2025-06-04T22:10:00Z,,0
S015843,test,1,0,none,none,2025-06-04T22:20:00Z,,0
S015844,test,1,0,none,none,2025-06-04T22:30:00Z,1,1
S015845,test,1,0,none,none,2025-06-04T22:40:00Z,,0
S015846,test,1,0,none,none,2025-06-04T22:50:00Z,,0
S015847,test,1,0,none,none,2025-06-04T23:00:00Z,,0
S015848,test,1,0,none,none,2025-06-04T23:10:00Z,,0
S015849,test,1,0,none,none,2025-06-04T23:20:00Z,1,1
S015850,test,1,0,none,none,2025-06-04T23:30:00Z,,0
S015851,test,1,0,none,none,2025-06-04T23:40:00Z,,0
S015852,test,1,0,none,none,2025-06-04T23:50:00Z,,0
S015853,test,1,0,none,none,2025-06-05T00:00:00Z,,0
S015854,test,1,0,none,none,2025-06-05T00:10:00Z,,0
S015855,test,1,0,none,none,2025-06-05T00:20:00Z,,0
S015856,test,1,0,none,none,2025-06-05T00:30:00Z,,0
S015857,test,1,0,none,none,2025-06-05T00:40:00Z,,0
S015858,test,1,0,none,none,2025-06-05T00:50:00Z,,0
S015859,test,1,0,none,none,2025-06-05T01:00:00Z,,0
S015860,test,1,0,none,none,2025-06-05T01:10:00Z,,0
S015861,test,1,0,none,none,2025-06-05T01:20:00Z,,0
S015862,test,1,0,none,none,2025-06-05T01:30:00Z,,0
S015863,test,1,0,none,none,2025-06-05T01:40:00Z,,0
S015864,test,1,0,none,none,2025-06-05T01:50:00Z,,0
S015865,test,1,0,none,none,2025-06-05T02:00:00Z,,0
S015866,test,1,0,none,none,2025-06-05T02:10:00Z,,0
S015867,test,1,0,none,none,2025-06-05T03:40:00Z,,0
S015868,test,1,0,none,none,2025-06-05T03:50:00Z,1,1
S015869,test,1,0,none,none,2025-06-05T04:00:00Z,,0
S015870,test,1,0,none,none,2025-06-05T04:10:00Z,,0
S015871,test,1,0,none,none,2025-06-05T04:20:00Z,,0
S015872,test,1,0,none,none,2025-06-05T04:30:00Z,,0
S015873,test,1,0,none,none,2025-06-05T04:40:00Z,1,1
S015874,test,1,0,none,none,2025-06-05T04:50:00Z,,0
S015875,test,1,0,none,none,2025-06-05T05:00:00Z,1,1
S015876,test,1,0,none,none,2025-06-05T05:10:00Z,,0
S015877,test,1,0,none,none,2025-06-05T05:20:00Z,1,1
S015878,test,0,1,underfill_void,molding,2025-06-05T05:30:00Z,,0
S015879,test,1,0,none,none,2025-06-05T05:40:00Z,,0
S015880,test,1,0,none,none,2025-06-05T05:50:00Z,,0
S015881,test,1,0,none,none,2025-06-05T06:00:00Z,,0
S015882,test,1,0,none,none,2025-06-05T06:10:00Z,,0
S015883,test,1,0,none,none,2025-06-05T06:20:00Z,,0
S015884,test,1,0,none,none,2025-06-05T06:30:00Z,,0
S015885,test,1,0,none,none,2025-06-05T06:40:00Z,,0
S015886,test,1,0,none,none,2025-06-05T06:50:00Z,,0
S015887,test,1,0,none,none,2025-06-05T07:00:00Z,1,1
S015888,test,1,0,none,none,2025-06-05T07:10:00Z,1,1
S015889,test,1,0,none,none,2025-06-05T07:20:00Z,,0
S015890,test,1,0,none,none,2025-06-05T07:30:00Z,,0
S015891,test,1,0,none,none,2025-06-05T07:40:00Z,,0
S015892,test,1,0,none,none,2025-06-05T07:50:00Z,,0
S015893,test,1,0,none,none,2025-06-05T08:00:00Z,,0
S015894,test,1,0,none,none,2025-06-05T08:10:00Z,,0
S015895,test,1,0,none,none,2025-06-05T08:20:00Z,,0
S015896,test,1,0,none,none,2025-06-05T08:30:00Z,,0
S015897,test,1,0,none,none,2025-06-05T08:40:00Z,,0
S015898,test,1,0,none,none,2025-06-05T08:50:00Z,,0
S015899,test,1,0,none,none,2025-06-05T09:00:00Z,1,1
S015900,test,1,0,none,none,2025-06-05T09:10:00Z,,0
S015901,test,1,0,none,none,2025-06-05T09:20:00Z,,0
S015902,test,0,1,microbump_open_bridge,reflow,2025-06-05T09:30:00Z,,0
S015903,test,1,0,none,none,2025-06-05T09:40:00Z,,0
S015904,test,1,0,none,none,2025-06-05T09:50:00Z,,0
S015905,test,1,0,none,none,2025-06-05T10:00:00Z,1,1
S015906,test,1,0,none,none,2025-06-05T10:10:00Z,1,1
S015907,test,1,0,none,none,2025-06-05T10:20:00Z,,0
S015908,test,1,0,none,none,2025-06-05T10:30:00Z,1,1
S015909,test,1,0,none,none,2025-06-05T10:40:00Z,,0
S015910,test,1,0,none,none,2025-06-05T10:50:00Z,,0
S015911,test,1,0,none,none,2025-06-05T11:00:00Z,,0
S015912,test,1,0,none,none,2025-06-05T11:10:00Z,,0
S015913,test,1,0,none,none,2025-06-05T11:20:00Z,,0
S015914,test,1,0,none,none,2025-06-05T11:30:00Z,,0
S015915,test,1,0,none,none,2025-06-05T11:40:00Z,,0
S015916,test,0,1,tsv_open_short,tsv_or_interconnect,2025-06-05T11:50:00Z,,0
S015917,test,1,0,none,none,2025-06-05T12:00:00Z,,0
S015918,test,0,1,tsv_open_short,tsv_or_interconnect,2025-06-05T12:10:00Z,,0
S015919,test,1,0,none,none,2025-06-05T12:20:00Z,,0
S015920,test,1,0,none,none,2025-06-05T12:30:00Z,1,1
S015921,test,1,0,none,none,2025-06-05T12:40:00Z,,0
S015922,test,1,0,none,none,2025-06-05T12:50:00Z,,0
S015923,test,1,0,none,none,2025-06-05T13:00:00Z,,0
S015924,test,1,0,none,none,2025-06-05T13:10:00Z,,0
S015925,test,1,0,none,none,2025-06-05T13:20:00Z,,0
S015926,test,1,0,none,none,2025-06-05T13:30:00Z,,0
S015927,test,1,0,none,none,2025-06-05T13:40:00Z,1,1
S015928,test,1,0,none,none,2025-06-05T13:50:00Z,,0
S015929,test,1,0,none,none,2025-06-05T14:00:00Z,,0
S015930,test,1,0,none,none,2025-06-05T14:10:00Z,,0
S015931,test,0,1,delamination,molding,2025-06-05T14:20:00Z,,0
S015932,test,1,0,none,none,2025-06-05T14:30:00Z,,0
S015933,test,1,0,none,none,2025-06-05T14:40:00Z,1,1
S015934,test,1,0,none,none,2025-06-05T14:50:00Z,,0
S015935,test,1,0,none,none,2025-06-05T15:00:00Z,,0
S015936,test,1,0,none,none,2025-06-05T15:10:00Z,,0
S015937,test,1,0,none,none,2025-06-05T15:20:00Z,,0
S015938,test,1,0,none,none,2025-06-05T15:30:00Z,,0
S015939,test,1,0,none,none,2025-06-05T15:40:00Z,,0
S015940,test,1,0,none,none,2025-06-05T15:50:00Z,,0
S015941,test,1,0,none,none,2025-06-05T16:00:00Z,1,1
S015942,test,1,0,none,none,2025-06-05T16:10:00Z,0,1
S015943,test,1,0,none,none,2025-06-05T16:20:00Z,,0
S015944,test,1,0,none,none,2025-06-05T16:30:00Z,,0
S015945,test,0,1,microbump_open_bridge,reflow,2025-06-05T16:40:00Z,,0
S015946,test,1,0,none,none,2025-06-05T16:50:00Z,,0
S015947,test,1,0,none,none,2025-06-05T17:00:00Z,,0
S015948,test,1,0,none,none,2025-06-05T17:10:00Z,,0
S015949,test,1,0,none,none,2025-06-05T17:20:00Z,,0
S015950,test,1,0,none,none,2025-06-05T17:30:00Z,,0
S015951,test,0,1,delamination,molding,2025-06-05T17:40:00Z,,0
S015952,test,1,0,none,none,2025-06-05T17:50:00Z,,0
S015953,test,1,0,none,none,2025-06-05T18:00:00Z,,0
S015954,test,1,0,none,none,2025-06-05T18:10:00Z,,0
S015955,test,1,0,none,none,2025-06-05T18:20:00Z,,0
S015956,test,1,0,none,none,2025-06-05T18:30:00Z,,0
S015957,test,1,0,none,none,2025-06-05T18:40:00Z,,0
S015958,test,1,0,none,none,2025-06-05T18:50:00Z,,0
S015959,test,1,0,none,none,2025-06-05T19:00:00Z,,0
S015960,test,1,0,none,none,2025-06-05T15:40:00Z,,0
S015961,test,1,0,none,none,2025-06-05T15:50:00Z,,0
S015962,test,1,0,none,none,2025-06-05T16:00:00Z,,0
S015963,test,1,0,none,none,2025-06-05T16:10:00Z,,0
S015964,test,1,0,none,none,2025-06-05T16:20:00Z,,0
S015965,test,1,0,none,none,2025-06-05T16:30:00Z,,0
S015966,test,1,0,none,none,2025-06-05T16:40:00Z,,0
S015967,test,1,0,none,none,2025-06-05T16:50:00Z,,0
S015968,test,1,0,none,none,2025-06-05T17:00:00Z,,0
S015969,test,1,0,none,none,2025-06-05T17:10:00Z,,0
S015970,test,1,0,none,none,2025-06-05T17:20:00Z,1,1
S015971,test,1,0,none,none,2025-06-05T17:30:00Z,1,1
S015972,test,1,0,none,none,2025-06-05T17:40:00Z,,0
S015973,test,1,0,none,none,2025-06-05T17:50:00Z,,0
S015974,test,1,0,none,none,2025-06-05T18:00:00Z,1,1
S015975,test,1,0,none,none,2025-06-05T18:10:00Z,,0
S015976,test,1,0,none,none,2025-06-05T18:20:00Z,1,1
S015977,test,1,0,none,none,2025-06-05T18:30:00Z,,0
S015978,test,1,0,none,none,2025-06-05T18:40:00Z,,0
S015979,test,1,0,none,none,2025-06-05T18:50:00Z,,0
S015980,test,1,0,none,none,2025-06-05T19:00:00Z,,0
S015981,test,1,0,none,none,2025-06-05T19:10:00Z,1,1
S015982,test,1,0,none,none,2025-06-05T19:20:00Z,,0
S015983,test,1,0,none,none,2025-06-05T19:30:00Z,,0
S015984,test,1,0,none,none,2025-06-05T19:40:00Z,1,1
S015985,test,1,0,none,none,2025-06-05T19:50:00Z,,0
S015986,test,1,0,none,none,2025-06-05T20:00:00Z,,0
S015987,test,1,0,none,none,2025-06-05T20:10:00Z,,0
S015988,test,1,0,none,none,2025-06-05T20:20:00Z,,0
S015989,test,1,0,none,none,2025-06-05T20:30:00Z,,0
S015990,test,1,0,none,none,2025-06-05T20:40:00Z,,0
S015991,test,1,0,none,none,2025-06-05T20:50:00Z,1,1
S015992,test,1,0,none,none,2025-06-05T21:00:00Z,,0
S015993,test,1,0,none,none,2025-06-05T21:10:00Z,1,1
S015994,test,1,0,none,none,2025-06-05T21:20:00Z,,0
S015995,test,1,0,none,none,2025-06-05T21:30:00Z,,0
S015996,test,1,0,none,none,2025-06-05T21:40:00Z,,0
S015997,test,1,0,none,none,2025-06-05T21:50:00Z,,0
S015998,test,1,0,none,none,2025-06-05T22:00:00Z,,0
S015999,test,1,0,none,none,2025-06-05T22:10:00Z,,0
S016000,test,1,0,none,none,2025-06-05T22:20:00Z,,0
S016001,test,1,0,none,none,2025-06-05T22:30:00Z,,0
S016002,test,1,0,none,none,2025-06-05T22:40:00Z,1,1
S016003,test,1,0,none,none,2025-06-05T22:50:00Z,,0
S016004,test,1,0,none,none,2025-06-05T23:00:00Z,1,1
S016005,test,1,0,none,none,2025-06-05T23:10:00Z,1,1
S016006,test,1,0,none,none,2025-06-05T23:20:00Z,,0
S016007,test,1,0,none,none,2025-06-05T23:30:00Z,,0
S016008,test,1,0,none,none,2025-06-05T23:40:00Z,,0
S016009,test,1,0,none,none,2025-06-05T23:50:00Z,,0
S016010,test,1,0,none,none,2025-06-06T00:00:00Z,,0
S016011,test,1,0,none,none,2025-06-06T00:10:00Z,1,1
S016012,test,1,0,none,none,2025-06-06T00:20:00Z,,0
S016013,test,1,0,none,none,2025-06-06T00:30:00Z,,0
S016014,test,1,0,none,none,2025-06-06T00:40:00Z,1,1
S016015,test,1,0,none,none,2025-06-06T00:50:00Z,1,1
S016016,test,1,0,none,none,2025-06-06T01:00:00Z,,0
S016017,test,1,0,none,none,2025-06-06T01:10:00Z,1,1
S016018,test,1,0,none,none,2025-06-06T01:20:00Z,,0
S016019,test,1,0,none,none,2025-06-06T01:30:00Z,,0
S016020,test,1,0,none,none,2025-06-06T01:40:00Z,,0
S016021,test,1,0,none,none,2025-06-06T01:50:00Z,,0
S016022,test,0,1,underfill_void,molding,2025-06-06T02:00:00Z,,0
S016023,test,1,0,none,none,2025-06-06T02:10:00Z,,0
S016024,test,1,0,none,none,2025-06-06T02:20:00Z,1,1
S016025,test,0,1,underfill_void,molding,2025-06-06T02:30:00Z,,0
S016026,test,1,0,none,none,2025-06-06T02:40:00Z,1,1
S016027,test,1,0,none,none,2025-06-06T02:50:00Z,,0
S016028,test,1,0,none,none,2025-06-06T03:00:00Z,1,1
S016029,test,1,0,none,none,2025-06-06T03:10:00Z,,0
S016030,test,0,1,dram_electrical,dram_or_base,2025-06-06T03:20:00Z,,0
S016031,test,1,0,none,none,2025-06-06T03:30:00Z,,0
S016032,test,1,0,none,none,2025-06-06T03:40:00Z,1,1
S016033,test,1,0,none,none,2025-06-06T03:50:00Z,,0
S016034,test,1,0,none,none,2025-06-06T04:00:00Z,1,1
S016035,test,1,0,none,none,2025-06-06T04:10:00Z,,0
S016036,test,1,0,none,none,2025-06-06T04:20:00Z,,0
S016037,test,1,0,none,none,2025-06-06T04:30:00Z,1,1
S016038,test,1,0,none,none,2025-06-06T04:40:00Z,,0
S016039,test,1,0,none,none,2025-06-06T04:50:00Z,1,1
S016040,test,1,0,none,none,2025-06-06T05:00:00Z,,0
S016041,test,1,0,none,none,2025-06-06T05:10:00Z,,0
S016042,test,1,0,none,none,2025-06-06T05:20:00Z,,0
S016043,test,1,0,none,none,2025-06-06T05:30:00Z,,0
S016044,test,1,0,none,none,2025-06-06T05:40:00Z,,0
S016045,test,1,0,none,none,2025-06-06T05:50:00Z,,0
S016046,test,1,0,none,none,2025-06-06T06:00:00Z,,0
S016047,test,1,0,none,none,2025-06-06T06:10:00Z,,0
S016048,test,0,1,tsv_open_short,tsv_or_interconnect,2025-06-06T06:20:00Z,,0
S016049,test,1,0,none,none,2025-06-06T06:30:00Z,,0
S016050,test,1,0,none,none,2025-06-06T06:40:00Z,,0
S016051,test,1,0,none,none,2025-06-06T06:50:00Z,,0
S016052,test,1,0,none,none,2025-06-06T03:40:00Z,,0
S016053,test,1,0,none,none,2025-06-06T03:50:00Z,,0
S016054,test,1,0,none,none,2025-06-06T04:00:00Z,1,1
S016055,test,1,0,none,none,2025-06-06T04:10:00Z,1,1
S016056,test,1,0,none,none,2025-06-06T04:20:00Z,,0
S016057,test,1,0,none,none,2025-06-06T04:30:00Z,,0
S016058,test,1,0,none,none,2025-06-06T04:40:00Z,1,1
S016059,test,1,0,none,none,2025-06-06T04:50:00Z,,0
S016060,test,1,0,none,none,2025-06-06T05:00:00Z,,0
S016061,test,1,0,none,none,2025-06-06T05:10:00Z,,0
S016062,test,1,0,none,none,2025-06-06T05:20:00Z,,0
S016063,test,1,0,none,none,2025-06-06T05:30:00Z,,0
S016064,test,1,0,none,none,2025-06-06T05:40:00Z,,0
S016065,test,1,0,none,none,2025-06-06T05:50:00Z,,0
S016066,test,1,0,none,none,2025-06-06T06:00:00Z,1,1
S016067,test,1,0,none,none,2025-06-06T06:10:00Z,1,1
S016068,test,1,0,none,none,2025-06-06T06:20:00Z,,0
S016069,test,1,0,none,none,2025-06-06T06:30:00Z,1,1
S016070,test,0,1,dram_electrical,dram_or_base,2025-06-06T06:40:00Z,,0
S016071,test,1,0,none,none,2025-06-06T06:50:00Z,,0
S016072,test,1,0,none,none,2025-06-06T07:00:00Z,,0
S016073,test,1,0,none,none,2025-06-06T07:10:00Z,1,1
S016074,test,1,0,none,none,2025-06-06T07:20:00Z,1,1
S016075,test,1,0,none,none,2025-06-06T07:30:00Z,,0
S016076,test,1,0,none,none,2025-06-06T07:40:00Z,,0
S016077,test,1,0,none,none,2025-06-06T07:50:00Z,,0
S016078,test,1,0,none,none,2025-06-06T08:00:00Z,,0
S016079,test,1,0,none,none,2025-06-06T08:10:00Z,,0
S016080,test,1,0,none,none,2025-06-06T08:20:00Z,,0
S016081,test,1,0,none,none,2025-06-06T08:30:00Z,1,1
S016082,test,1,0,none,none,2025-06-06T08:40:00Z,,0
S016083,test,1,0,none,none,2025-06-06T08:50:00Z,1,1
S016084,test,1,0,none,none,2025-06-06T09:00:00Z,1,1
S016085,test,1,0,none,none,2025-06-06T09:10:00Z,,0
S016086,test,1,0,none,none,2025-06-06T09:20:00Z,,0
S016087,test,1,0,none,none,2025-06-06T09:30:00Z,1,1
S016088,test,1,0,none,none,2025-06-06T09:40:00Z,,0
S016089,test,1,0,none,none,2025-06-06T09:50:00Z,,0
S016090,test,1,0,none,none,2025-06-06T10:00:00Z,1,1
S016091,test,1,0,none,none,2025-06-06T10:10:00Z,,0
S016092,test,1,0,none,none,2025-06-06T10:20:00Z,,0
S016093,test,1,0,none,none,2025-06-06T10:30:00Z,,0
S016094,test,1,0,none,none,2025-06-06T10:40:00Z,1,1
S016095,test,1,0,none,none,2025-06-06T10:50:00Z,1,1
S016096,test,1,0,none,none,2025-06-06T11:00:00Z,,0
S016097,test,1,0,none,none,2025-06-06T11:10:00Z,1,1
S016098,test,1,0,none,none,2025-06-06T11:20:00Z,,0
S016099,test,1,0,none,none,2025-06-06T11:30:00Z,,0
S016100,test,1,0,none,none,2025-06-06T11:40:00Z,,0
S016101,test,1,0,none,none,2025-06-06T11:50:00Z,,0
S016102,test,1,0,none,none,2025-06-06T12:00:00Z,,0
S016103,test,1,0,none,none,2025-06-06T12:10:00Z,,0
S016104,test,1,0,none,none,2025-06-06T12:20:00Z,,0
S016105,test,1,0,none,none,2025-06-06T12:30:00Z,,0
S016106,test,1,0,none,none,2025-06-06T12:40:00Z,1,1
S016107,test,1,0,none,none,2025-06-06T12:50:00Z,,0
S016108,test,1,0,none,none,2025-06-06T13:00:00Z,,0
S016109,test,1,0,none,none,2025-06-06T13:10:00Z,,0
S016110,test,1,0,none,none,2025-06-06T13:20:00Z,1,1
S016111,test,1,0,none,none,2025-06-06T13:30:00Z,,0
S016112,test,1,0,none,none,2025-06-06T13:40:00Z,,0
S016113,test,1,0,none,none,2025-06-06T13:50:00Z,,0
S016114,test,1,0,none,none,2025-06-06T15:40:00Z,1,1
S016115,test,1,0,none,none,2025-06-06T15:50:00Z,,0
S016116,test,1,0,none,none,2025-06-06T16:00:00Z,,0
S016117,test,1,0,none,none,2025-06-06T16:10:00Z,,0
S016118,test,1,0,none,none,2025-06-06T16:20:00Z,1,1
S016119,test,1,0,none,none,2025-06-06T16:30:00Z,,0
S016120,test,1,0,none,none,2025-06-06T16:40:00Z,,0
S016121,test,1,0,none,none,2025-06-06T16:50:00Z,,0
S016122,test,1,0,none,none,2025-06-06T17:00:00Z,1,1
S016123,test,1,0,none,none,2025-06-06T17:10:00Z,,0
S016124,test,1,0,none,none,2025-06-06T17:20:00Z,,0
S016125,test,1,0,none,none,2025-06-06T17:30:00Z,1,1
S016126,test,1,0,none,none,2025-06-06T17:40:00Z,,0
S016127,test,0,1,underfill_void,molding,2025-06-06T17:50:00Z,,0
S016128,test,1,0,none,none,2025-06-06T18:00:00Z,1,1
S016129,test,1,0,none,none,2025-06-06T18:10:00Z,,0
S016130,test,1,0,none,none,2025-06-06T18:20:00Z,,0
S016131,test,1,0,none,none,2025-06-06T18:30:00Z,1,1
S016132,test,1,0,none,none,2025-06-06T18:40:00Z,,0
S016133,test,0,1,warpage,assembly,2025-06-06T18:50:00Z,,0
S016134,test,1,0,none,none,2025-06-06T19:00:00Z,,0
S016135,test,1,0,none,none,2025-06-06T19:10:00Z,,0
S016136,test,1,0,none,none,2025-06-06T19:20:00Z,1,1
S016137,test,1,0,none,none,2025-06-06T19:30:00Z,,0
S016138,test,1,0,none,none,2025-06-06T19:40:00Z,,0
S016139,test,1,0,none,none,2025-06-06T19:50:00Z,,0
S016140,test,1,0,none,none,2025-06-06T20:00:00Z,,0
S016141,test,1,0,none,none,2025-06-06T20:10:00Z,,0
S016142,test,1,0,none,none,2025-06-06T20:20:00Z,,0
S016143,test,1,0,none,none,2025-06-06T20:30:00Z,1,1
S016144,test,1,0,none,none,2025-06-06T20:40:00Z,,0
S016145,test,1,0,none,none,2025-06-06T20:50:00Z,1,1
S016146,test,1,0,none,none,2025-06-06T21:00:00Z,1,1
S016147,test,1,0,none,none,2025-06-06T21:10:00Z,,0
S016148,test,1,0,none,none,2025-06-06T21:20:00Z,1,1
S016149,test,1,0,none,none,2025-06-06T21:30:00Z,,0
S016150,test,1,0,none,none,2025-06-06T21:40:00Z,,0
S016151,test,1,0,none,none,2025-06-06T21:50:00Z,,0
S016152,test,1,0,none,none,2025-06-06T22:00:00Z,,0
S016153,test,1,0,none,none,2025-06-06T22:10:00Z,,0
S016154,test,1,0,none,none,2025-06-06T22:20:00Z,,0
S016155,test,1,0,none,none,2025-06-06T22:30:00Z,,0
S016156,test,1,0,none,none,2025-06-06T22:40:00Z,1,1
S016157,test,1,0,none,none,2025-06-06T22:50:00Z,0,1
S016158,test,1,0,none,none,2025-06-06T23:00:00Z,,0
S016159,test,1,0,none,none,2025-06-06T23:10:00Z,,0
S016160,test,1,0,none,none,2025-06-06T23:20:00Z,,0
S016161,test,1,0,none,none,2025-06-06T23:30:00Z,,0
S016162,test,1,0,none,none,2025-06-06T23:40:00Z,,0
S016163,test,1,0,none,none,2025-06-06T23:50:00Z,,0
S016164,test,1,0,none,none,2025-06-07T00:00:00Z,,0
S016165,test,1,0,none,none,2025-06-07T00:10:00Z,,0
S016166,test,1,0,none,none,2025-06-07T00:20:00Z,,0
S016167,test,1,0,none,none,2025-06-07T00:30:00Z,,0
S016168,test,1,0,none,none,2025-06-07T00:40:00Z,,0
S016169,test,1,0,none,none,2025-06-07T00:50:00Z,,0
S016170,test,0,1,dram_electrical,dram_or_base,2025-06-07T01:00:00Z,,0
S016171,test,1,0,none,none,2025-06-07T01:10:00Z,,0
S016172,test,1,0,none,none,2025-06-07T01:20:00Z,1,1
S016173,test,1,0,none,none,2025-06-07T01:30:00Z,1,1
S016174,test,1,0,none,none,2025-06-07T01:40:00Z,,0
S016175,test,1,0,none,none,2025-06-07T01:50:00Z,1,1
S016176,test,1,0,none,none,2025-06-07T02:00:00Z,,0
S016177,test,1,0,none,none,2025-06-07T03:40:00Z,1,1
S016178,test,1,0,none,none,2025-06-07T03:50:00Z,,0
S016179,test,1,0,none,none,2025-06-07T04:00:00Z,,0
S016180,test,1,0,none,none,2025-06-07T04:10:00Z,,0
S016181,test,0,1,warpage,assembly,2025-06-07T04:20:00Z,,0
S016182,test,1,0,none,none,2025-06-07T04:30:00Z,,0
S016183,test,1,0,none,none,2025-06-07T04:40:00Z,,0
S016184,test,1,0,none,none,2025-06-07T04:50:00Z,,0
S016185,test,1,0,none,none,2025-06-07T05:00:00Z,,0
S016186,test,1,0,none,none,2025-06-07T05:10:00Z,,0
S016187,test,1,0,none,none,2025-06-07T05:20:00Z,1,1
S016188,test,1,0,none,none,2025-06-07T05:30:00Z,,0
S016189,test,1,0,none,none,2025-06-07T05:40:00Z,,0
S016190,test,1,0,none,none,2025-06-07T05:50:00Z,1,1
S016191,test,1,0,none,none,2025-06-07T06:00:00Z,,0
S016192,test,1,0,none,none,2025-06-07T06:10:00Z,1,1
S016193,test,1,0,none,none,2025-06-07T06:20:00Z,,0
S016194,test,1,0,none,none,2025-06-07T06:30:00Z,,0
S016195,test,1,0,none,none,2025-06-07T06:40:00Z,,0
S016196,test,1,0,none,none,2025-06-07T06:50:00Z,,0
S016197,test,1,0,none,none,2025-06-07T07:00:00Z,,0
S016198,test,1,0,none,none,2025-06-07T07:10:00Z,,0
S016199,test,1,0,none,none,2025-06-07T07:20:00Z,,0
S016200,test,1,0,none,none,2025-06-07T07:30:00Z,,0
S016201,test,1,0,none,none,2025-06-07T07:40:00Z,,0
S016202,test,1,0,none,none,2025-06-07T07:50:00Z,1,1
S016203,test,1,0,none,none,2025-06-07T08:00:00Z,,0
S016204,test,1,0,none,none,2025-06-07T08:10:00Z,,0
S016205,test,1,0,none,none,2025-06-07T08:20:00Z,1,1
S016206,test,1,0,none,none,2025-06-07T08:30:00Z,,0
S016207,test,1,0,none,none,2025-06-07T08:40:00Z,1,1
S016208,test,1,0,none,none,2025-06-07T08:50:00Z,,0
S016209,test,1,0,none,none,2025-06-07T09:00:00Z,,0
S016210,test,0,1,underfill_void,molding,2025-06-07T09:10:00Z,,0
S016211,test,1,0,none,none,2025-06-07T09:20:00Z,,0
S016212,test,1,0,none,none,2025-06-07T09:30:00Z,,0
S016213,test,1,0,none,none,2025-06-07T09:40:00Z,,0
S016214,test,1,0,none,none,2025-06-07T09:50:00Z,,0
S016215,test,1,0,none,none,2025-06-07T10:00:00Z,,0
S016216,test,1,0,none,none,2025-06-07T10:10:00Z,,0
S016217,test,1,0,none,none,2025-06-07T10:20:00Z,,0
S016218,test,1,0,none,none,2025-06-07T10:30:00Z,1,1
S016219,test,1,0,none,none,2025-06-07T10:40:00Z,,0
S016220,test,1,0,none,none,2025-06-07T10:50:00Z,,0
S016221,test,1,0,none,none,2025-06-07T11:00:00Z,,0
S016222,test,1,0,none,none,2025-06-07T11:10:00Z,,0
S016223,test,1,0,none,none,2025-06-07T11:20:00Z,,0
S016224,test,1,0,none,none,2025-06-07T11:30:00Z,1,1
S016225,test,1,0,none,none,2025-06-07T11:40:00Z,,0
S016226,test,1,0,none,none,2025-06-07T11:50:00Z,,0
S016227,test,1,0,none,none,2025-06-07T12:00:00Z,,0
S016228,test,1,0,none,none,2025-06-07T12:10:00Z,,0
S016229,test,1,0,none,none,2025-06-07T12:20:00Z,,0
S016230,test,1,0,none,none,2025-06-07T12:30:00Z,,0
S016231,test,0,1,underfill_void,molding,2025-06-07T12:40:00Z,,0
S016232,test,1,0,none,none,2025-06-07T12:50:00Z,,0
S016233,test,1,0,none,none,2025-06-07T13:00:00Z,,0
S016234,test,1,0,none,none,2025-06-07T13:10:00Z,,0
S016235,test,1,0,none,none,2025-06-07T13:20:00Z,,0
S016236,test,1,0,none,none,2025-06-07T13:30:00Z,1,1
S016237,test,1,0,none,none,2025-06-07T13:40:00Z,,0
S016238,test,1,0,none,none,2025-06-07T13:50:00Z,,0
S016239,test,1,0,none,none,2025-06-07T14:00:00Z,,0
S016240,test,1,0,none,none,2025-06-07T14:10:00Z,,0
S016241,test,1,0,none,none,2025-06-07T14:20:00Z,1,1
S016242,test,1,0,none,none,2025-06-07T14:30:00Z,,0
S016243,test,1,0,none,none,2025-06-07T14:40:00Z,,0
S016244,test,1,0,none,none,2025-06-07T14:50:00Z,,0
S016245,test,1,0,none,none,2025-06-07T15:00:00Z,,0
S016246,test,1,0,none,none,2025-06-07T15:10:00Z,1,1
S016247,test,1,0,none,none,2025-06-07T15:20:00Z,,0
S016248,test,1,0,none,none,2025-06-07T15:30:00Z,,0
S016249,test,1,0,none,none,2025-06-07T15:40:00Z,1,1
S016250,test,1,0,none,none,2025-06-07T15:50:00Z,,0
S016251,test,1,0,none,none,2025-06-07T16:00:00Z,1,1
S016252,test,1,0,none,none,2025-06-07T16:10:00Z,,0
S016253,test,1,0,none,none,2025-06-07T16:20:00Z,,0
S016254,test,1,0,none,none,2025-06-07T16:30:00Z,,0
S016255,test,1,0,none,none,2025-06-07T16:40:00Z,,0
S016256,test,1,0,none,none,2025-06-07T16:50:00Z,1,1
S016257,test,1,0,none,none,2025-06-07T17:00:00Z,,0
S016258,test,1,0,none,none,2025-06-07T17:10:00Z,,0
S016259,test,1,0,none,none,2025-06-07T17:20:00Z,1,1
S016260,test,1,0,none,none,2025-06-07T17:30:00Z,,0
S016261,test,1,0,none,none,2025-06-07T17:40:00Z,,0
S016262,test,1,0,none,none,2025-06-07T17:50:00Z,,0
S016263,test,1,0,none,none,2025-06-07T18:00:00Z,,0
S016264,test,1,0,none,none,2025-06-07T18:10:00Z,,0
S016265,test,1,0,none,none,2025-06-07T18:20:00Z,,0
S016266,test,1,0,none,none,2025-06-07T18:30:00Z,,0
S016267,test,1,0,none,none,2025-06-07T18:40:00Z,,0
S016268,test,1,0,none,none,2025-06-07T15:40:00Z,,0
S016269,test,1,0,none,none,2025-06-07T15:50:00Z,1,1
S016270,test,1,0,none,none,2025-06-07T16:00:00Z,,0
S016271,test,1,0,none,none,2025-06-07T16:10:00Z,,0
S016272,test,1,0,none,none,2025-06-07T16:20:00Z,,0
S016273,test,1,0,none,none,2025-06-07T16:30:00Z,,0
S016274,test,1,0,none,none,2025-06-07T16:40:00Z,,0
S016275,test,1,0,none,none,2025-06-07T16:50:00Z,,0
S016276,test,1,0,none,none,2025-06-07T17:00:00Z,,0
S016277,test,1,0,none,none,2025-06-07T17:10:00Z,1,1
S016278,test,1,0,none,none,2025-06-07T17:20:00Z,,0
S016279,test,1,0,none,none,2025-06-07T17:30:00Z,,0
S016280,test,1,0,none,none,2025-06-07T17:40:00Z,1,1
S016281,test,1,0,none,none,2025-06-07T17:50:00Z,,0
S016282,test,1,0,none,none,2025-06-07T18:00:00Z,,0
S016283,test,1,0,none,none,2025-06-07T18:10:00Z,,0
S016284,test,1,0,none,none,2025-06-07T18:20:00Z,,0
S016285,test,1,0,none,none,2025-06-07T18:30:00Z,,0
S016286,test,1,0,none,none,2025-06-07T18:40:00Z,,0
S016287,test,0,1,tsv_open_short,tsv_or_interconnect,2025-06-07T18:50:00Z,,0
S016288,test,1,0,none,none,2025-06-07T19:00:00Z,,0
S016289,test,1,0,none,none,2025-06-07T19:10:00Z,,0
S016290,test,0,1,warpage,assembly,2025-06-07T19:20:00Z,,0
S016291,test,1,0,none,none,2025-06-07T19:30:00Z,,0
S016292,test,1,0,none,none,2025-06-07T19:40:00Z,,0
S016293,test,1,0,none,none,2025-06-07T19:50:00Z,,0
S016294,test,1,0,none,none,2025-06-07T20:00:00Z,,0
S016295,test,1,0,none,none,2025-06-07T20:10:00Z,,0
S016296,test,1,0,none,none,2025-06-07T20:20:00Z,,0
S016297,test,1,0,none,none,2025-06-07T20:30:00Z,,0
S016298,test,1,0,none,none,2025-06-07T20:40:00Z,1,1
S016299,test,1,0,none,none,2025-06-07T20:50:00Z,,0
S016300,test,1,0,none,none,2025-06-07T21:00:00Z,,0
S016301,test,1,0,none,none,2025-06-07T21:10:00Z,1,1
S016302,test,1,0,none,none,2025-06-07T21:20:00Z,,0
S016303,test,1,0,none,none,2025-06-07T21:30:00Z,,0
S016304,test,1,0,none,none,2025-06-07T21:40:00Z,1,1
S016305,test,1,0,none,none,2025-06-07T21:50:00Z,,0
S016306,test,1,0,none,none,2025-06-07T22:00:00Z,,0
S016307,test,1,0,none,none,2025-06-07T22:10:00Z,1,1
S016308,test,1,0,none,none,2025-06-07T22:20:00Z,,0
S016309,test,1,0,none,none,2025-06-07T22:30:00Z,,0
S016310,test,1,0,none,none,2025-06-07T22:40:00Z,,0
S016311,test,1,0,none,none,2025-06-07T22:50:00Z,,0
S016312,test,1,0,none,none,2025-06-07T23:00:00Z,1,1
S016313,test,1,0,none,none,2025-06-07T23:10:00Z,1,1
S016314,test,1,0,none,none,2025-06-07T23:20:00Z,,0
S016315,test,1,0,none,none,2025-06-07T23:30:00Z,,0
S016316,test,1,0,none,none,2025-06-07T23:40:00Z,,0
S016317,test,1,0,none,none,2025-06-07T23:50:00Z,1,1
S016318,test,1,0,none,none,2025-06-08T00:00:00Z,1,1
S016319,test,1,0,none,none,2025-06-08T00:10:00Z,,0
S016320,test,1,0,none,none,2025-06-08T00:20:00Z,,0
S016321,test,1,0,none,none,2025-06-08T00:30:00Z,,0
S016322,test,1,0,none,none,2025-06-08T00:40:00Z,,0
S016323,test,1,0,none,none,2025-06-08T00:50:00Z,,0
S016324,test,1,0,none,none,2025-06-08T01:00:00Z,,0
S016325,test,1,0,none,none,2025-06-08T01:10:00Z,,0
S016326,test,1,0,none,none,2025-06-08T01:20:00Z,,0
S016327,test,1,0,none,none,2025-06-08T01:30:00Z,,0
S016328,test,1,0,none,none,2025-06-08T01:40:00Z,,0
S016329,test,0,1,die_crack,handling,2025-06-08T03:40:00Z,,0
S016330,test,1,0,none,none,2025-06-08T03:50:00Z,,0
S016331,test,1,0,none,none,2025-06-08T04:00:00Z,,0
S016332,test,1,0,none,none,2025-06-08T04:10:00Z,,0
S016333,test,0,1,warpage,assembly,2025-06-08T04:20:00Z,,0
S016334,test,1,0,none,none,2025-06-08T04:30:00Z,,0
S016335,test,1,0,none,none,2025-06-08T04:40:00Z,1,1
S016336,test,1,0,none,none,2025-06-08T04:50:00Z,1,1
S016337,test,1,0,none,none,2025-06-08T05:00:00Z,1,1
S016338,test,1,0,none,none,2025-06-08T05:10:00Z,1,1
S016339,test,1,0,none,none,2025-06-08T05:20:00Z,1,1
S016340,test,1,0,none,none,2025-06-08T05:30:00Z,,0
S016341,test,1,0,none,none,2025-06-08T05:40:00Z,,0
S016342,test,1,0,none,none,2025-06-08T05:50:00Z,,0
S016343,test,1,0,none,none,2025-06-08T06:00:00Z,,0
S016344,test,1,0,none,none,2025-06-08T06:10:00Z,,0
S016345,test,1,0,none,none,2025-06-08T06:20:00Z,,0
S016346,test,1,0,none,none,2025-06-08T06:30:00Z,1,1
S016347,test,1,0,none,none,2025-06-08T06:40:00Z,,0
S016348,test,1,0,none,none,2025-06-08T06:50:00Z,,0
S016349,test,1,0,none,none,2025-06-08T07:00:00Z,1,1
S016350,test,1,0,none,none,2025-06-08T07:10:00Z,,0
S016351,test,1,0,none,none,2025-06-08T07:20:00Z,,0
S016352,test,1,0,none,none,2025-06-08T07:30:00Z,,0
S016353,test,1,0,none,none,2025-06-08T07:40:00Z,,0
S016354,test,1,0,none,none,2025-06-08T07:50:00Z,1,1
S016355,test,1,0,none,none,2025-06-08T08:00:00Z,,0
S016356,test,1,0,none,none,2025-06-08T08:10:00Z,,0
S016357,test,1,0,none,none,2025-06-08T08:20:00Z,,0
S016358,test,1,0,none,none,2025-06-08T08:30:00Z,,0
S016359,test,1,0,none,none,2025-06-08T08:40:00Z,,0
S016360,test,0,1,warpage,assembly,2025-06-08T08:50:00Z,,0
S016361,test,1,0,none,none,2025-06-08T09:00:00Z,,0
S016362,test,1,0,none,none,2025-06-08T09:10:00Z,,0
S016363,test,1,0,none,none,2025-06-08T09:20:00Z,,0
S016364,test,1,0,none,none,2025-06-08T09:30:00Z,1,1
S016365,test,1,0,none,none,2025-06-08T09:40:00Z,,0
S016366,test,1,0,none,none,2025-06-08T09:50:00Z,,0
S016367,test,1,0,none,none,2025-06-08T10:00:00Z,1,1
S016368,test,1,0,none,none,2025-06-08T10:10:00Z,,0
S016369,test,1,0,none,none,2025-06-08T10:20:00Z,,0
S016370,test,1,0,none,none,2025-06-08T10:30:00Z,,0
S016371,test,1,0,none,none,2025-06-08T10:40:00Z,,0
S016372,test,1,0,none,none,2025-06-08T10:50:00Z,,0
S016373,test,1,0,none,none,2025-06-08T11:00:00Z,,0
S016374,test,1,0,none,none,2025-06-08T11:10:00Z,,0
S016375,test,1,0,none,none,2025-06-08T11:20:00Z,,0
S016376,test,1,0,none,none,2025-06-08T11:30:00Z,,0
S016377,test,1,0,none,none,2025-06-08T11:40:00Z,,0
S016378,test,1,0,none,none,2025-06-08T11:50:00Z,,0
S016379,test,1,0,none,none,2025-06-08T12:00:00Z,,0
S016380,test,1,0,none,none,2025-06-08T12:10:00Z,,0
S016381,test,1,0,none,none,2025-06-08T12:20:00Z,,0
S016382,test,1,0,none,none,2025-06-08T12:30:00Z,,0
S016383,test,1,0,none,none,2025-06-08T12:40:00Z,,0
S016384,test,1,0,none,none,2025-06-08T12:50:00Z,,0
S016385,test,1,0,none,none,2025-06-08T13:00:00Z,,0
S016386,test,1,0,none,none,2025-06-08T13:10:00Z,,0
S016387,test,1,0,none,none,2025-06-08T13:20:00Z,1,1
S016388,test,1,0,none,none,2025-06-08T13:30:00Z,,0
S016389,test,1,0,none,none,2025-06-08T13:40:00Z,,0
S016390,test,1,0,none,none,2025-06-08T13:50:00Z,,0
S016391,test,1,0,none,none,2025-06-08T15:40:00Z,1,1
S016392,test,1,0,none,none,2025-06-08T15:50:00Z,,0
S016393,test,1,0,none,none,2025-06-08T16:00:00Z,,0
S016394,test,1,0,none,none,2025-06-08T16:10:00Z,,0
S016395,test,1,0,none,none,2025-06-08T16:20:00Z,,0
S016396,test,1,0,none,none,2025-06-08T16:30:00Z,,0
S016397,test,1,0,none,none,2025-06-08T16:40:00Z,,0
S016398,test,1,0,none,none,2025-06-08T16:50:00Z,,0
S016399,test,0,1,die_crack,handling,2025-06-08T17:00:00Z,,0
S016400,test,1,0,none,none,2025-06-08T17:10:00Z,,0
S016401,test,0,1,underfill_void,molding,2025-06-08T17:20:00Z,,0
S016402,test,1,0,none,none,2025-06-08T17:30:00Z,,0
S016403,test,1,0,none,none,2025-06-08T17:40:00Z,,0
S016404,test,1,0,none,none,2025-06-08T17:50:00Z,,0
S016405,test,1,0,none,none,2025-06-08T18:00:00Z,1,1
S016406,test,1,0,none,none,2025-06-08T18:10:00Z,,0
S016407,test,1,0,none,none,2025-06-08T18:20:00Z,,0
S016408,test,1,0,none,none,2025-06-08T18:30:00Z,,0
S016409,test,1,0,none,none,2025-06-08T18:40:00Z,1,1
S016410,test,1,0,none,none,2025-06-08T18:50:00Z,,0
S016411,test,1,0,none,none,2025-06-08T19:00:00Z,1,1
S016412,test,1,0,none,none,2025-06-08T19:10:00Z,,0
S016413,test,1,0,none,none,2025-06-08T19:20:00Z,,0
S016414,test,1,0,none,none,2025-06-08T19:30:00Z,,0
S016415,test,1,0,none,none,2025-06-08T19:40:00Z,,0
S016416,test,1,0,none,none,2025-06-08T19:50:00Z,,0
S016417,test,1,0,none,none,2025-06-08T20:00:00Z,,0
S016418,test,0,1,delamination,molding,2025-06-08T20:10:00Z,,0
S016419,test,1,0,none,none,2025-06-08T20:20:00Z,,0
S016420,test,1,0,none,none,2025-06-08T20:30:00Z,,0
S016421,test,1,0,none,none,2025-06-08T20:40:00Z,,0
S016422,test,1,0,none,none,2025-06-08T20:50:00Z,,0
S016423,test,1,0,none,none,2025-06-08T21:00:00Z,,0
S016424,test,0,1,delamination,molding,2025-06-08T21:10:00Z,,0
S016425,test,1,0,none,none,2025-06-08T21:20:00Z,,0
S016426,test,1,0,none,none,2025-06-08T21:30:00Z,,0
S016427,test,1,0,none,none,2025-06-08T21:40:00Z,,0
S016428,test,1,0,none,none,2025-06-08T21:50:00Z,,0
S016429,test,1,0,none,none,2025-06-08T22:00:00Z,1,1
S016430,test,1,0,none,none,2025-06-08T22:10:00Z,1,1
S016431,test,1,0,none,none,2025-06-08T22:20:00Z,,0
S016432,test,1,0,none,none,2025-06-08T22:30:00Z,,0
S016433,test,1,0,none,none,2025-06-08T22:40:00Z,,0
S016434,test,1,0,none,none,2025-06-08T22:50:00Z,,0
S016435,test,1,0,none,none,2025-06-08T23:00:00Z,,0
S016436,test,1,0,none,none,2025-06-08T23:10:00Z,,0
S016437,test,1,0,none,none,2025-06-08T23:20:00Z,,0
S016438,test,1,0,none,none,2025-06-08T23:30:00Z,,0
S016439,test,1,0,none,none,2025-06-08T23:40:00Z,,0
S016440,test,1,0,none,none,2025-06-08T23:50:00Z,,0
S016441,test,1,0,none,none,2025-06-09T00:00:00Z,,0
S016442,test,1,0,none,none,2025-06-09T00:10:00Z,1,1
S016443,test,1,0,none,none,2025-06-09T00:20:00Z,,0
S016444,test,1,0,none,none,2025-06-09T00:30:00Z,1,1
S016445,test,1,0,none,none,2025-06-09T00:40:00Z,1,1
S016446,test,1,0,none,none,2025-06-09T00:50:00Z,,0
S016447,test,1,0,none,none,2025-06-09T01:00:00Z,,0
S016448,test,1,0,none,none,2025-06-09T01:10:00Z,,0
S016449,test,1,0,none,none,2025-06-09T01:20:00Z,,0
S016450,test,1,0,none,none,2025-06-09T01:30:00Z,,0
S016451,test,1,0,none,none,2025-06-09T01:40:00Z,,0
S016452,test,1,0,none,none,2025-06-09T01:50:00Z,0,1
S016453,test,1,0,none,none,2025-06-09T02:00:00Z,,0
S016454,test,1,0,none,none,2025-06-09T02:10:00Z,,0
S016455,test,1,0,none,none,2025-06-09T02:20:00Z,,0
S016456,test,1,0,none,none,2025-06-09T02:30:00Z,1,1
S016457,test,1,0,none,none,2025-06-09T02:40:00Z,,0
S016458,test,1,0,none,none,2025-06-09T02:50:00Z,,0
S016459,test,1,0,none,none,2025-06-09T03:00:00Z,,0
S016460,test,1,0,none,none,2025-06-09T03:10:00Z,,0
S016461,test,1,0,none,none,2025-06-09T03:20:00Z,,0
S016462,test,1,0,none,none,2025-06-09T03:30:00Z,,0
S016463,test,1,0,none,none,2025-06-09T03:40:00Z,,0
S016464,test,1,0,none,none,2025-06-09T03:50:00Z,,0
S016465,test,1,0,none,none,2025-06-09T04:00:00Z,,0
S016466,test,1,0,none,none,2025-06-09T04:10:00Z,,0
S016467,test,1,0,none,none,2025-06-09T04:20:00Z,1,1
S016468,test,1,0,none,none,2025-06-09T04:30:00Z,,0
S016469,test,1,0,none,none,2025-06-09T04:40:00Z,,0
S016470,test,1,0,none,none,2025-06-09T04:50:00Z,,0
S016471,test,1,0,none,none,2025-06-09T05:00:00Z,,0
S016472,test,0,1,dram_electrical,dram_or_base,2025-06-09T05:10:00Z,,0
S016473,test,1,0,none,none,2025-06-09T05:20:00Z,1,1
S016474,test,1,0,none,none,2025-06-09T05:30:00Z,,0
S016475,test,1,0,none,none,2025-06-09T05:40:00Z,,0
S016476,test,1,0,none,none,2025-06-09T05:50:00Z,,0
S016477,test,1,0,none,none,2025-06-09T06:00:00Z,,0
S016478,test,1,0,none,none,2025-06-09T06:10:00Z,,0
S016479,test,1,0,none,none,2025-06-09T06:20:00Z,,0
S016480,test,0,1,microbump_open_bridge,reflow,2025-06-09T06:30:00Z,,0
S016481,test,1,0,none,none,2025-06-09T06:40:00Z,,0
S016482,test,1,0,none,none,2025-06-09T06:50:00Z,,0
S016483,test,1,0,none,none,2025-06-09T03:40:00Z,,0
S016484,test,1,0,none,none,2025-06-09T03:50:00Z,,0
S016485,test,1,0,none,none,2025-06-09T04:00:00Z,,0
S016486,test,1,0,none,none,2025-06-09T04:10:00Z,,0
S016487,test,1,0,none,none,2025-06-09T04:20:00Z,,0
S016488,test,1,0,none,none,2025-06-09T04:30:00Z,,0
S016489,test,1,0,none,none,2025-06-09T04:40:00Z,1,1
S016490,test,1,0,none,none,2025-06-09T04:50:00Z,,0
S016491,test,1,0,none,none,2025-06-09T05:00:00Z,1,1
S016492,test,1,0,none,none,2025-06-09T05:10:00Z,,0
S016493,test,1,0,none,none,2025-06-09T05:20:00Z,1,1
S016494,test,1,0,none,none,2025-06-09T05:30:00Z,1,1
S016495,test,1,0,none,none,2025-06-09T05:40:00Z,,0
S016496,test,1,0,none,none,2025-06-09T05:50:00Z,,0
S016497,test,1,0,none,none,2025-06-09T06:00:00Z,,0
S016498,test,1,0,none,none,2025-06-09T06:10:00Z,,0
S016499,test,1,0,none,none,2025-06-09T06:20:00Z,,0
S016500,test,1,0,none,none,2025-06-09T06:30:00Z,,0
S016501,test,1,0,none,none,2025-06-09T06:40:00Z,,0
S016502,test,1,0,none,none,2025-06-09T06:50:00Z,,0
S016503,test,1,0,none,none,2025-06-09T07:00:00Z,,0
S016504,test,0,1,dram_electrical,dram_or_base,2025-06-09T07:10:00Z,,0
S016505,test,1,0,none,none,2025-06-09T07:20:00Z,,0
S016506,test,1,0,none,none,2025-06-09T07:30:00Z,,0
S016507,test,0,1,dram_electrical,dram_or_base,2025-06-09T07:40:00Z,,0
S016508,test,1,0,none,none,2025-06-09T07:50:00Z,1,1
S016509,test,1,0,none,none,2025-06-09T08:00:00Z,,0
S016510,test,1,0,none,none,2025-06-09T08:10:00Z,1,1
S016511,test,1,0,none,none,2025-06-09T08:20:00Z,,0
S016512,test,1,0,none,none,2025-06-09T08:30:00Z,,0
S016513,test,1,0,none,none,2025-06-09T08:40:00Z,,0
S016514,test,1,0,none,none,2025-06-09T08:50:00Z,,0
S016515,test,1,0,none,none,2025-06-09T09:00:00Z,,0
S016516,test,1,0,none,none,2025-06-09T09:10:00Z,,0
S016517,test,0,1,microbump_open_bridge,reflow,2025-06-09T09:20:00Z,,0
S016518,test,1,0,none,none,2025-06-09T09:30:00Z,,0
S016519,test,1,0,none,none,2025-06-09T09:40:00Z,,0
S016520,test,1,0,none,none,2025-06-09T09:50:00Z,1,1
S016521,test,1,0,none,none,2025-06-09T10:00:00Z,,0
S016522,test,1,0,none,none,2025-06-09T10:10:00Z,,0
S016523,test,1,0,none,none,2025-06-09T10:20:00Z,,0
S016524,test,1,0,none,none,2025-06-09T10:30:00Z,,0
S016525,test,1,0,none,none,2025-06-09T10:40:00Z,,0
S016526,test,1,0,none,none,2025-06-09T10:50:00Z,,0
S016527,test,1,0,none,none,2025-06-09T11:00:00Z,,0
S016528,test,1,0,none,none,2025-06-09T11:10:00Z,,0
S016529,test,1,0,none,none,2025-06-09T11:20:00Z,,0
S016530,test,1,0,none,none,2025-06-09T11:30:00Z,1,1
S016531,test,1,0,none,none,2025-06-09T11:40:00Z,,0
S016532,test,1,0,none,none,2025-06-09T11:50:00Z,,0
S016533,test,1,0,none,none,2025-06-09T12:00:00Z,,0
S016534,test,1,0,none,none,2025-06-09T12:10:00Z,1,1
S016535,test,1,0,none,none,2025-06-09T12:20:00Z,,0
S016536,test,1,0,none,none,2025-06-09T12:30:00Z,,0
S016537,test,1,0,none,none,2025-06-09T12:40:00Z,,0
S016538,test,1,0,none,none,2025-06-09T12:50:00Z,,0
S016539,test,1,0,none,none,2025-06-09T13:00:00Z,1,1
S016540,test,1,0,none,none,2025-06-09T13:10:00Z,,0
S016541,test,1,0,none,none,2025-06-09T13:20:00Z,,0
S016542,test,1,0,none,none,2025-06-09T13:30:00Z,,0
S016543,test,1,0,none,none,2025-06-09T13:40:00Z,,0
S016544,test,1,0,none,none,2025-06-09T13:50:00Z,,0
S016545,test,1,0,none,none,2025-06-09T15:40:00Z,,0
S016546,test,1,0,none,none,2025-06-09T15:50:00Z,,0
S016547,test,1,0,none,none,2025-06-09T16:00:00Z,,0
S016548,test,1,0,none,none,2025-06-09T16:10:00Z,,0
S016549,test,1,0,none,none,2025-06-09T16:20:00Z,,0
S016550,test,1,0,none,none,2025-06-09T16:30:00Z,,0
S016551,test,1,0,none,none,2025-06-09T16:40:00Z,,0
S016552,test,1,0,none,none,2025-06-09T16:50:00Z,,0
S016553,test,1,0,none,none,2025-06-09T17:00:00Z,,0
S016554,test,1,0,none,none,2025-06-09T17:10:00Z,,0
S016555,test,1,0,none,none,2025-06-09T17:20:00Z,,0
S016556,test,1,0,none,none,2025-06-09T17:30:00Z,,0
S016557,test,1,0,none,none,2025-06-09T17:40:00Z,,0
S016558,test,1,0,none,none,2025-06-09T17:50:00Z,,0
S016559,test,1,0,none,none,2025-06-09T18:00:00Z,,0
S016560,test,1,0,none,none,2025-06-09T18:10:00Z,1,1
S016561,test,1,0,none,none,2025-06-09T18:20:00Z,,0
S016562,test,1,0,none,none,2025-06-09T18:30:00Z,,0
S016563,test,1,0,none,none,2025-06-09T18:40:00Z,,0
S016564,test,1,0,none,none,2025-06-09T18:50:00Z,,0
S016565,test,1,0,none,none,2025-06-09T19:00:00Z,,0
S016566,test,1,0,none,none,2025-06-09T19:10:00Z,,0
S016567,test,1,0,none,none,2025-06-09T19:20:00Z,,0
S016568,test,1,0,none,none,2025-06-09T19:30:00Z,,0
S016569,test,1,0,none,none,2025-06-09T19:40:00Z,,0
S016570,test,1,0,none,none,2025-06-09T19:50:00Z,,0
S016571,test,1,0,none,none,2025-06-09T20:00:00Z,,0
S016572,test,1,0,none,none,2025-06-09T20:10:00Z,,0
S016573,test,1,0,none,none,2025-06-09T20:20:00Z,,0
S016574,test,1,0,none,none,2025-06-09T20:30:00Z,,0
S016575,test,1,0,none,none,2025-06-09T20:40:00Z,,0
S016576,test,1,0,none,none,2025-06-09T20:50:00Z,1,1
S016577,test,1,0,none,none,2025-06-09T21:00:00Z,,0
S016578,test,0,1,delamination,molding,2025-06-09T21:10:00Z,,0
S016579,test,1,0,none,none,2025-06-09T21:20:00Z,,0
S016580,test,1,0,none,none,2025-06-09T21:30:00Z,1,1
S016581,test,1,0,none,none,2025-06-09T21:40:00Z,,0
S016582,test,0,1,delamination,molding,2025-06-09T21:50:00Z,,0
S016583,test,1,0,none,none,2025-06-09T22:00:00Z,,0
S016584,test,1,0,none,none,2025-06-09T22:10:00Z,,0
S016585,test,0,1,die_crack,handling,2025-06-09T22:20:00Z,,0
S016586,test,1,0,none,none,2025-06-09T22:30:00Z,,0
S016587,test,1,0,none,none,2025-06-09T22:40:00Z,1,1
S016588,test,1,0,none,none,2025-06-09T22:50:00Z,,0
S016589,test,1,0,none,none,2025-06-09T23:00:00Z,,0
S016590,test,1,0,none,none,2025-06-09T23:10:00Z,,0
S016591,test,1,0,none,none,2025-06-09T23:20:00Z,,0
S016592,test,1,0,none,none,2025-06-09T23:30:00Z,,0
S016593,test,1,0,none,none,2025-06-09T23:40:00Z,,0
S016594,test,1,0,none,none,2025-06-09T23:50:00Z,,0
S016595,test,1,0,none,none,2025-06-10T00:00:00Z,,0
S016596,test,1,0,none,none,2025-06-10T00:10:00Z,,0
S016597,test,1,0,none,none,2025-06-10T00:20:00Z,1,1
S016598,test,1,0,none,none,2025-06-10T00:30:00Z,,0
S016599,test,1,0,none,none,2025-06-10T00:40:00Z,,0
S016600,test,1,0,none,none,2025-06-10T00:50:00Z,,0
S016601,test,1,0,none,none,2025-06-10T01:00:00Z,1,1
S016602,test,1,0,none,none,2025-06-10T01:10:00Z,,0
S016603,test,1,0,none,none,2025-06-10T01:20:00Z,1,1
S016604,test,1,0,none,none,2025-06-10T01:30:00Z,,0
S016605,test,1,0,none,none,2025-06-10T01:40:00Z,,0
S016606,test,1,0,none,none,2025-06-10T01:50:00Z,1,1
S016607,test,1,0,none,none,2025-06-10T02:00:00Z,,0
S016608,test,1,0,none,none,2025-06-10T02:10:00Z,,0
S016609,test,1,0,none,none,2025-06-10T03:40:00Z,1,1
S016610,test,1,0,none,none,2025-06-10T03:50:00Z,,0
S016611,test,1,0,none,none,2025-06-10T04:00:00Z,,0
S016612,test,0,1,microbump_open_bridge,reflow,2025-06-10T04:10:00Z,,0
S016613,test,1,0,none,none,2025-06-10T04:20:00Z,,0
S016614,test,1,0,none,none,2025-06-10T04:30:00Z,1,1
S016615,test,1,0,none,none,2025-06-10T04:40:00Z,,0
S016616,test,1,0,none,none,2025-06-10T04:50:00Z,,0
S016617,test,1,0,none,none,2025-06-10T05:00:00Z,,0
S016618,test,0,1,dram_electrical,dram_or_base,2025-06-10T05:10:00Z,,0
S016619,test,1,0,none,none,2025-06-10T05:20:00Z,,0
S016620,test,0,1,dram_electrical,dram_or_base,2025-06-10T05:30:00Z,,0
S016621,test,1,0,none,none,2025-06-10T05:40:00Z,1,1
S016622,test,1,0,none,none,2025-06-10T05:50:00Z,,0
S016623,test,0,1,warpage,assembly,2025-06-10T06:00:00Z,,0
S016624,test,1,0,none,none,2025-06-10T06:10:00Z,,0
S016625,test,1,0,none,none,2025-06-10T06:20:00Z,,0
S016626,test,1,0,none,none,2025-06-10T06:30:00Z,,0
S016627,test,1,0,none,none,2025-06-10T06:40:00Z,,0
S016628,test,1,0,none,none,2025-06-10T06:50:00Z,0,1
S016629,test,1,0,none,none,2025-06-10T07:00:00Z,,0
S016630,test,1,0,none,none,2025-06-10T07:10:00Z,,0
S016631,test,1,0,none,none,2025-06-10T07:20:00Z,,0
S016632,test,1,0,none,none,2025-06-10T07:30:00Z,,0
S016633,test,1,0,none,none,2025-06-10T07:40:00Z,,0
S016634,test,1,0,none,none,2025-06-10T07:50:00Z,,0
S016635,test,1,0,none,none,2025-06-10T08:00:00Z,,0
S016636,test,1,0,none,none,2025-06-10T08:10:00Z,1,1
S016637,test,1,0,none,none,2025-06-10T08:20:00Z,,0
S016638,test,1,0,none,none,2025-06-10T08:30:00Z,,0
S016639,test,1,0,none,none,2025-06-10T08:40:00Z,0,1
S016640,test,1,0,none,none,2025-06-10T08:50:00Z,,0
S016641,test,1,0,none,none,2025-06-10T09:00:00Z,,0
S016642,test,1,0,none,none,2025-06-10T09:10:00Z,1,1
S016643,test,1,0,none,none,2025-06-10T09:20:00Z,,0
S016644,test,1,0,none,none,2025-06-10T09:30:00Z,,0
S016645,test,1,0,none,none,2025-06-10T09:40:00Z,1,1
S016646,test,1,0,none,none,2025-06-10T09:50:00Z,,0
S016647,test,1,0,none,none,2025-06-10T10:00:00Z,,0
S016648,test,1,0,none,none,2025-06-10T10:10:00Z,,0
S016649,test,1,0,none,none,2025-06-10T10:20:00Z,,0
S016650,test,1,0,none,none,2025-06-10T10:30:00Z,,0
S016651,test,1,0,none,none,2025-06-10T10:40:00Z,,0
S016652,test,1,0,none,none,2025-06-10T10:50:00Z,,0
S016653,test,1,0,none,none,2025-06-10T11:00:00Z,,0
S016654,test,1,0,none,none,2025-06-10T11:10:00Z,1,1
S016655,test,1,0,none,none,2025-06-10T11:20:00Z,,0
S016656,test,1,0,none,none,2025-06-10T11:30:00Z,,0
S016657,test,1,0,none,none,2025-06-10T11:40:00Z,1,1
S016658,test,1,0,none,none,2025-06-10T11:50:00Z,,0
S016659,test,1,0,none,none,2025-06-10T12:00:00Z,,0
S016660,test,1,0,none,none,2025-06-10T12:10:00Z,,0
S016661,test,1,0,none,none,2025-06-10T12:20:00Z,,0
S016662,test,1,0,none,none,2025-06-10T12:30:00Z,,0
S016663,test,0,1,tsv_open_short,tsv_or_interconnect,2025-06-10T12:40:00Z,,0
S016664,test,1,0,none,none,2025-06-10T12:50:00Z,,0
S016665,test,1,0,none,none,2025-06-10T13:00:00Z,,0
S016666,test,1,0,none,none,2025-06-10T13:10:00Z,,0
S016667,test,1,0,none,none,2025-06-10T13:20:00Z,1,1
S016668,test,1,0,none,none,2025-06-10T13:30:00Z,,0
S016669,test,1,0,none,none,2025-06-10T13:40:00Z,0,1
S016670,test,1,0,none,none,2025-06-10T13:50:00Z,,0
S016671,test,1,0,none,none,2025-06-10T14:00:00Z,,0
S016672,test,1,0,none,none,2025-06-10T15:40:00Z,,0
S016673,test,1,0,none,none,2025-06-10T15:50:00Z,,0
S016674,test,1,0,none,none,2025-06-10T16:00:00Z,1,1
S016675,test,1,0,none,none,2025-06-10T16:10:00Z,,0
S016676,test,1,0,none,none,2025-06-10T16:20:00Z,,0
S016677,test,1,0,none,none,2025-06-10T16:30:00Z,,0
S016678,test,1,0,none,none,2025-06-10T16:40:00Z,,0
S016679,test,1,0,none,none,2025-06-10T16:50:00Z,,0
S016680,test,1,0,none,none,2025-06-10T17:00:00Z,,0
S016681,test,1,0,none,none,2025-06-10T17:10:00Z,,0
S016682,test,0,1,dram_electrical,dram_or_base,2025-06-10T17:20:00Z,,0
S016683,test,1,0,none,none,2025-06-10T17:30:00Z,,0
S016684,test,1,0,none,none,2025-06-10T17:40:00Z,,0
S016685,test,1,0,none,none,2025-06-10T17:50:00Z,1,1
S016686,test,1,0,none,none,2025-06-10T18:00:00Z,,0
S016687,test,1,0,none,none,2025-06-10T18:10:00Z,,0
S016688,test,1,0,none,none,2025-06-10T18:20:00Z,,0
S016689,test,1,0,none,none,2025-06-10T18:30:00Z,1,1
S016690,test,1,0,none,none,2025-06-10T18:40:00Z,1,1
S016691,test,1,0,none,none,2025-06-10T18:50:00Z,1,1
S016692,test,1,0,none,none,2025-06-10T19:00:00Z,,0
S016693,test,1,0,none,none,2025-06-10T19:10:00Z,,0
S016694,test,1,0,none,none,2025-06-10T19:20:00Z,1,1
S016695,test,1,0,none,none,2025-06-10T19:30:00Z,,0
S016696,test,1,0,none,none,2025-06-10T19:40:00Z,,0
S016697,test,1,0,none,none,2025-06-10T19:50:00Z,,0
S016698,test,1,0,none,none,2025-06-10T20:00:00Z,1,1
S016699,test,1,0,none,none,2025-06-10T20:10:00Z,,0
S016700,test,1,0,none,none,2025-06-10T20:20:00Z,,0
S016701,test,1,0,none,none,2025-06-10T20:30:00Z,,0
S016702,test,1,0,none,none,2025-06-10T20:40:00Z,,0
S016703,test,1,0,none,none,2025-06-10T20:50:00Z,,0
S016704,test,1,0,none,none,2025-06-10T21:00:00Z,,0
S016705,test,1,0,none,none,2025-06-10T21:10:00Z,1,1
S016706,test,1,0,none,none,2025-06-10T21:20:00Z,,0
S016707,test,0,1,microbump_open_bridge,reflow,2025-06-10T21:30:00Z,,0
S016708,test,1,0,none,none,2025-06-10T21:40:00Z,0,1
S016709,test,1,0,none,none,2025-06-10T21:50:00Z,,0
S016710,test,1,0,none,none,2025-06-10T22:00:00Z,,0
S016711,test,1,0,none,none,2025-06-10T22:10:00Z,,0
S016712,test,1,0,none,none,2025-06-10T22:20:00Z,,0
S016713,test,1,0,none,none,2025-06-10T22:30:00Z,,0
S016714,test,1,0,none,none,2025-06-10T22:40:00Z,1,1
S016715,test,1,0,none,none,2025-06-10T22:50:00Z,,0
S016716,test,1,0,none,none,2025-06-10T23:00:00Z,1,1
S016717,test,1,0,none,none,2025-06-10T23:10:00Z,,0
S016718,test,0,1,dram_electrical,dram_or_base,2025-06-10T23:20:00Z,,0
S016719,test,1,0,none,none,2025-06-10T23:30:00Z,,0
S016720,test,1,0,none,none,2025-06-10T23:40:00Z,,0
S016721,test,1,0,none,none,2025-06-10T23:50:00Z,,0
S016722,test,1,0,none,none,2025-06-11T00:00:00Z,,0
S016723,test,1,0,none,none,2025-06-11T00:10:00Z,,0
S016724,test,1,0,none,none,2025-06-11T00:20:00Z,,0
S016725,test,1,0,none,none,2025-06-11T00:30:00Z,1,1
S016726,test,1,0,none,none,2025-06-11T00:40:00Z,1,1
S016727,test,1,0,none,none,2025-06-11T00:50:00Z,,0
S016728,test,1,0,none,none,2025-06-11T01:00:00Z,1,1
S016729,test,1,0,none,none,2025-06-11T01:10:00Z,,0
S016730,test,1,0,none,none,2025-06-11T01:20:00Z,1,1
S016731,test,1,0,none,none,2025-06-11T01:30:00Z,,0
S016732,test,1,0,none,none,2025-06-11T01:40:00Z,,0
S016733,test,1,0,none,none,2025-06-11T01:50:00Z,1,1
S016734,test,1,0,none,none,2025-06-11T03:40:00Z,,0
S016735,test,1,0,none,none,2025-06-11T03:50:00Z,,0
S016736,test,0,1,warpage,assembly,2025-06-11T04:00:00Z,,0
S016737,test,1,0,none,none,2025-06-11T04:10:00Z,,0
S016738,test,1,0,none,none,2025-06-11T04:20:00Z,,0
S016739,test,1,0,none,none,2025-06-11T04:30:00Z,,0
S016740,test,1,0,none,none,2025-06-11T04:40:00Z,,0
S016741,test,1,0,none,none,2025-06-11T04:50:00Z,,0
S016742,test,1,0,none,none,2025-06-11T05:00:00Z,,0
S016743,test,1,0,none,none,2025-06-11T05:10:00Z,,0
S016744,test,1,0,none,none,2025-06-11T05:20:00Z,0,1
S016745,test,1,0,none,none,2025-06-11T05:30:00Z,,0
S016746,test,1,0,none,none,2025-06-11T05:40:00Z,1,1
S016747,test,1,0,none,none,2025-06-11T05:50:00Z,,0
S016748,test,1,0,none,none,2025-06-11T06:00:00Z,,0
S016749,test,1,0,none,none,2025-06-11T06:10:00Z,,0
S016750,test,1,0,none,none,2025-06-11T06:20:00Z,,0
S016751,test,1,0,none,none,2025-06-11T06:30:00Z,,0
S016752,test,1,0,none,none,2025-06-11T06:40:00Z,,0
S016753,test,1,0,none,none,2025-06-11T06:50:00Z,,0
S016754,test,1,0,none,none,2025-06-11T07:00:00Z,,0
S016755,test,1,0,none,none,2025-06-11T07:10:00Z,,0
S016756,test,1,0,none,none,2025-06-11T07:20:00Z,1,1
S016757,test,1,0,none,none,2025-06-11T07:30:00Z,,0
S016758,test,0,1,underfill_void,molding,2025-06-11T07:40:00Z,,0
S016759,test,1,0,none,none,2025-06-11T07:50:00Z,,0
S016760,test,1,0,none,none,2025-06-11T08:00:00Z,,0
S016761,test,1,0,none,none,2025-06-11T08:10:00Z,,0
S016762,test,1,0,none,none,2025-06-11T08:20:00Z,,0
S016763,test,1,0,none,none,2025-06-11T08:30:00Z,,0
S016764,test,1,0,none,none,2025-06-11T08:40:00Z,,0
S016765,test,1,0,none,none,2025-06-11T08:50:00Z,1,1
S016766,test,1,0,none,none,2025-06-11T09:00:00Z,,0
S016767,test,1,0,none,none,2025-06-11T09:10:00Z,,0
S016768,test,1,0,none,none,2025-06-11T09:20:00Z,,0
S016769,test,1,0,none,none,2025-06-11T09:30:00Z,,0
S016770,test,1,0,none,none,2025-06-11T09:40:00Z,,0
S016771,test,1,0,none,none,2025-06-11T09:50:00Z,,0
S016772,test,1,0,none,none,2025-06-11T10:00:00Z,,0
S016773,test,1,0,none,none,2025-06-11T10:10:00Z,,0
S016774,test,1,0,none,none,2025-06-11T10:20:00Z,,0
S016775,test,1,0,none,none,2025-06-11T10:30:00Z,,0
S016776,test,1,0,none,none,2025-06-11T10:40:00Z,0,1
S016777,test,1,0,none,none,2025-06-11T10:50:00Z,,0
S016778,test,1,0,none,none,2025-06-11T11:00:00Z,,0
S016779,test,1,0,none,none,2025-06-11T11:10:00Z,,0
S016780,test,1,0,none,none,2025-06-11T11:20:00Z,,0
S016781,test,1,0,none,none,2025-06-11T11:30:00Z,1,1
S016782,test,1,0,none,none,2025-06-11T11:40:00Z,,0
S016783,test,1,0,none,none,2025-06-11T11:50:00Z,,0
S016784,test,1,0,none,none,2025-06-11T12:00:00Z,,0
S016785,test,1,0,none,none,2025-06-11T12:10:00Z,1,1
S016786,test,1,0,none,none,2025-06-11T12:20:00Z,1,1
S016787,test,0,1,warpage,assembly,2025-06-11T12:30:00Z,,0
S016788,test,1,0,none,none,2025-06-11T12:40:00Z,,0
S016789,test,1,0,none,none,2025-06-11T12:50:00Z,,0
S016790,test,1,0,none,none,2025-06-11T13:00:00Z,1,1
S016791,test,1,0,none,none,2025-06-11T13:10:00Z,,0
S016792,test,1,0,none,none,2025-06-11T13:20:00Z,1,1
S016793,test,1,0,none,none,2025-06-11T13:30:00Z,,0
S016794,test,1,0,none,none,2025-06-11T13:40:00Z,,0
S016795,test,1,0,none,none,2025-06-11T15:40:00Z,,0
S016796,test,0,1,microbump_open_bridge,reflow,2025-06-11T15:50:00Z,,0
S016797,test,1,0,none,none,2025-06-11T16:00:00Z,,0
S016798,test,1,0,none,none,2025-06-11T16:10:00Z,1,1
S016799,test,1,0,none,none,2025-06-11T16:20:00Z,,0
S016800,test,1,0,none,none,2025-06-11T16:30:00Z,1,1
S016801,test,1,0,none,none,2025-06-11T16:40:00Z,,0
S016802,test,1,0,none,none,2025-06-11T16:50:00Z,,0
S016803,test,1,0,none,none,2025-06-11T17:00:00Z,,0
S016804,test,1,0,none,none,2025-06-11T17:10:00Z,,0
S016805,test,1,0,none,none,2025-06-11T17:20:00Z,1,1
S016806,test,0,1,underfill_void,molding,2025-06-11T17:30:00Z,,0
S016807,test,1,0,none,none,2025-06-11T17:40:00Z,,0
S016808,test,1,0,none,none,2025-06-11T17:50:00Z,,0
S016809,test,1,0,none,none,2025-06-11T18:00:00Z,,0
S016810,test,1,0,none,none,2025-06-11T18:10:00Z,1,1
S016811,test,1,0,none,none,2025-06-11T18:20:00Z,,0
S016812,test,1,0,none,none,2025-06-11T18:30:00Z,1,1
S016813,test,1,0,none,none,2025-06-11T18:40:00Z,,0
S016814,test,1,0,none,none,2025-06-11T18:50:00Z,,0
S016815,test,1,0,none,none,2025-06-11T19:00:00Z,,0
S016816,test,1,0,none,none,2025-06-11T19:10:00Z,,0
S016817,test,1,0,none,none,2025-06-11T19:20:00Z,,0
S016818,test,1,0,none,none,2025-06-11T19:30:00Z,,0
S016819,test,1,0,none,none,2025-06-11T19:40:00Z,,0
S016820,test,1,0,none,none,2025-06-11T19:50:00Z,,0
S016821,test,1,0,none,none,2025-06-11T20:00:00Z,1,1
S016822,test,1,0,none,none,2025-06-11T20:10:00Z,,0
S016823,test,1,0,none,none,2025-06-11T20:20:00Z,,0
S016824,test,1,0,none,none,2025-06-11T20:30:00Z,,0
S016825,test,1,0,none,none,2025-06-11T20:40:00Z,,0
S016826,test,1,0,none,none,2025-06-11T20:50:00Z,,0
S016827,test,1,0,none,none,2025-06-11T21:00:00Z,,0
S016828,test,1,0,none,none,2025-06-11T21:10:00Z,1,1
S016829,test,1,0,none,none,2025-06-11T21:20:00Z,,0
S016830,test,1,0,none,none,2025-06-11T21:30:00Z,1,1
S016831,test,0,1,warpage,assembly,2025-06-11T21:40:00Z,,0
S016832,test,1,0,none,none,2025-06-11T21:50:00Z,1,1
S016833,test,1,0,none,none,2025-06-11T22:00:00Z,,0
S016834,test,1,0,none,none,2025-06-11T22:10:00Z,,0
S016835,test,0,1,microbump_open_bridge,reflow,2025-06-11T22:20:00Z,,0
S016836,test,1,0,none,none,2025-06-11T22:30:00Z,,0
S016837,test,0,1,warpage,assembly,2025-06-11T22:40:00Z,,0
S016838,test,0,1,microbump_open_bridge,reflow,2025-06-11T22:50:00Z,,0
S016839,test,1,0,none,none,2025-06-11T23:00:00Z,,0
S016840,test,0,1,tsv_open_short,tsv_or_interconnect,2025-06-11T23:10:00Z,,0
S016841,test,1,0,none,none,2025-06-11T23:20:00Z,,0
S016842,test,1,0,none,none,2025-06-11T23:30:00Z,,0
S016843,test,1,0,none,none,2025-06-11T23:40:00Z,,0
S016844,test,1,0,none,none,2025-06-11T23:50:00Z,,0
S016845,test,1,0,none,none,2025-06-12T00:00:00Z,1,1
S016846,test,1,0,none,none,2025-06-12T00:10:00Z,,0
S016847,test,1,0,none,none,2025-06-12T00:20:00Z,,0
S016848,test,1,0,none,none,2025-06-12T00:30:00Z,,0
S016849,test,1,0,none,none,2025-06-12T00:40:00Z,1,1
S016850,test,1,0,none,none,2025-06-12T00:50:00Z,1,1
S016851,test,1,0,none,none,2025-06-12T01:00:00Z,,0
S016852,test,1,0,none,none,2025-06-12T01:10:00Z,,0
S016853,test,1,0,none,none,2025-06-12T01:20:00Z,,0
S016854,test,1,0,none,none,2025-06-12T01:30:00Z,1,1
S016855,test,1,0,none,none,2025-06-12T01:40:00Z,,0
S016856,test,1,0,none,none,2025-06-12T01:50:00Z,1,1
S016857,test,1,0,none,none,2025-06-12T02:00:00Z,,0
S016858,test,1,0,none,none,2025-06-12T03:40:00Z,1,1
S016859,test,1,0,none,none,2025-06-12T03:50:00Z,,0
S016860,test,1,0,none,none,2025-06-12T04:00:00Z,,0
S016861,test,1,0,none,none,2025-06-12T04:10:00Z,,0
S016862,test,0,1,tsv_open_short,tsv_or_interconnect,2025-06-12T04:20:00Z,,0
S016863,test,1,0,none,none,2025-06-12T04:30:00Z,1,1
S016864,test,1,0,none,none,2025-06-12T04:40:00Z,,0
S016865,test,1,0,none,none,2025-06-12T04:50:00Z,,0
S016866,test,1,0,none,none,2025-06-12T05:00:00Z,1,1
S016867,test,1,0,none,none,2025-06-12T05:10:00Z,,0
S016868,test,1,0,none,none,2025-06-12T05:20:00Z,1,1
S016869,test,1,0,none,none,2025-06-12T05:30:00Z,1,1
S016870,test,1,0,none,none,2025-06-12T05:40:00Z,,0
S016871,test,1,0,none,none,2025-06-12T05:50:00Z,,0
S016872,test,1,0,none,none,2025-06-12T06:00:00Z,1,1
S016873,test,1,0,none,none,2025-06-12T06:10:00Z,,0
S016874,test,1,0,none,none,2025-06-12T06:20:00Z,,0
S016875,test,0,1,die_crack,handling,2025-06-12T06:30:00Z,,0
S016876,test,0,1,warpage,assembly,2025-06-12T06:40:00Z,,0
S016877,test,1,0,none,none,2025-06-12T06:50:00Z,1,1
S016878,test,1,0,none,none,2025-06-12T07:00:00Z,,0
S016879,test,1,0,none,none,2025-06-12T07:10:00Z,,0
S016880,test,1,0,none,none,2025-06-12T07:20:00Z,,0
S016881,test,1,0,none,none,2025-06-12T07:30:00Z,,0
S016882,test,1,0,none,none,2025-06-12T07:40:00Z,,0
S016883,test,1,0,none,none,2025-06-12T07:50:00Z,,0
S016884,test,1,0,none,none,2025-06-12T08:00:00Z,,0
S016885,test,1,0,none,none,2025-06-12T08:10:00Z,,0
S016886,test,1,0,none,none,2025-06-12T08:20:00Z,,0
S016887,test,1,0,none,none,2025-06-12T08:30:00Z,,0
S016888,test,1,0,none,none,2025-06-12T08:40:00Z,0,1
S016889,test,1,0,none,none,2025-06-12T08:50:00Z,,0
S016890,test,1,0,none,none,2025-06-12T09:00:00Z,,0
S016891,test,0,1,warpage,assembly,2025-06-12T09:10:00Z,,0
S016892,test,1,0,none,none,2025-06-12T09:20:00Z,,0
S016893,test,1,0,none,none,2025-06-12T09:30:00Z,,0
S016894,test,1,0,none,none,2025-06-12T09:40:00Z,,0
S016895,test,0,1,microbump_open_bridge,reflow,2025-06-12T09:50:00Z,,0
S016896,test,1,0,none,none,2025-06-12T10:00:00Z,,0
S016897,test,0,1,underfill_void,molding,2025-06-12T10:10:00Z,,0
S016898,test,1,0,none,none,2025-06-12T10:20:00Z,,0
S016899,test,1,0,none,none,2025-06-12T10:30:00Z,1,1
S016900,test,1,0,none,none,2025-06-12T10:40:00Z,1,1
S016901,test,0,1,warpage,assembly,2025-06-12T10:50:00Z,,0
S016902,test,0,1,warpage,assembly,2025-06-12T11:00:00Z,,0
S016903,test,1,0,none,none,2025-06-12T11:10:00Z,1,1
S016904,test,1,0,none,none,2025-06-12T11:20:00Z,,0
S016905,test,1,0,none,none,2025-06-12T11:30:00Z,1,1
S016906,test,1,0,none,none,2025-06-12T11:40:00Z,,0
S016907,test,1,0,none,none,2025-06-12T11:50:00Z,1,1
S016908,test,1,0,none,none,2025-06-12T12:00:00Z,,0
S016909,test,1,0,none,none,2025-06-12T12:10:00Z,,0
S016910,test,1,0,none,none,2025-06-12T12:20:00Z,,0
S016911,test,0,1,tsv_open_short,tsv_or_interconnect,2025-06-12T12:30:00Z,,0
S016912,test,1,0,none,none,2025-06-12T12:40:00Z,,0
S016913,test,0,1,warpage,assembly,2025-06-12T12:50:00Z,,0
S016914,test,1,0,none,none,2025-06-12T13:00:00Z,,0
S016915,test,1,0,none,none,2025-06-12T15:40:00Z,,0
S016916,test,1,0,none,none,2025-06-12T15:50:00Z,,0
S016917,test,1,0,none,none,2025-06-12T16:00:00Z,,0
S016918,test,1,0,none,none,2025-06-12T16:10:00Z,,0
S016919,test,1,0,none,none,2025-06-12T16:20:00Z,1,1
S016920,test,1,0,none,none,2025-06-12T16:30:00Z,,0
S016921,test,1,0,none,none,2025-06-12T16:40:00Z,,0
S016922,test,1,0,none,none,2025-06-12T16:50:00Z,,0
S016923,test,1,0,none,none,2025-06-12T17:00:00Z,,0
S016924,test,1,0,none,none,2025-06-12T17:10:00Z,,0
S016925,test,1,0,none,none,2025-06-12T17:20:00Z,,0
S016926,test,1,0,none,none,2025-06-12T17:30:00Z,,0
S016927,test,1,0,none,none,2025-06-12T17:40:00Z,,0
S016928,test,1,0,none,none,2025-06-12T17:50:00Z,,0
S016929,test,1,0,none,none,2025-06-12T18:00:00Z,,0
S016930,test,1,0,none,none,2025-06-12T18:10:00Z,,0
S016931,test,1,0,none,none,2025-06-12T18:20:00Z,,0
S016932,test,1,0,none,none,2025-06-12T18:30:00Z,,0
S016933,test,1,0,none,none,2025-06-12T18:40:00Z,,0
S016934,test,1,0,none,none,2025-06-12T18:50:00Z,,0
S016935,test,1,0,none,none,2025-06-12T19:00:00Z,,0
S016936,test,1,0,none,none,2025-06-12T19:10:00Z,,0
S016937,test,1,0,none,none,2025-06-12T19:20:00Z,,0
S016938,test,1,0,none,none,2025-06-12T19:30:00Z,,0
S016939,test,0,1,dram_electrical,dram_or_base,2025-06-12T19:40:00Z,,0
S016940,test,1,0,none,none,2025-06-12T19:50:00Z,,0
S016941,test,1,0,none,none,2025-06-12T20:00:00Z,1,1
S016942,test,1,0,none,none,2025-06-12T20:10:00Z,1,1
S016943,test,1,0,none,none,2025-06-12T20:20:00Z,,0
S016944,test,1,0,none,none,2025-06-12T20:30:00Z,,0
S016945,test,1,0,none,none,2025-06-12T20:40:00Z,,0
S016946,test,1,0,none,none,2025-06-12T20:50:00Z,1,1
S016947,test,1,0,none,none,2025-06-12T21:00:00Z,1,1
S016948,test,1,0,none,none,2025-06-12T21:10:00Z,,0
S016949,test,1,0,none,none,2025-06-12T21:20:00Z,,0
S016950,test,1,0,none,none,2025-06-12T21:30:00Z,1,1
S016951,test,1,0,none,none,2025-06-12T21:40:00Z,,0
S016952,test,1,0,none,none,2025-06-12T21:50:00Z,,0
S016953,test,1,0,none,none,2025-06-12T22:00:00Z,1,1
S016954,test,1,0,none,none,2025-06-12T22:10:00Z,,0
S016955,test,1,0,none,none,2025-06-12T22:20:00Z,,0
S016956,test,1,0,none,none,2025-06-12T22:30:00Z,,0
S016957,test,1,0,none,none,2025-06-12T22:40:00Z,,0
S016958,test,1,0,none,none,2025-06-12T22:50:00Z,,0
S016959,test,1,0,none,none,2025-06-12T23:00:00Z,,0
S016960,test,1,0,none,none,2025-06-12T23:10:00Z,,0
S016961,test,1,0,none,none,2025-06-12T23:20:00Z,,0
S016962,test,1,0,none,none,2025-06-12T23:30:00Z,,0
S016963,test,1,0,none,none,2025-06-12T23:40:00Z,,0
S016964,test,1,0,none,none,2025-06-12T23:50:00Z,,0
S016965,test,1,0,none,none,2025-06-13T00:00:00Z,,0
S016966,test,0,1,microbump_open_bridge,reflow,2025-06-13T00:10:00Z,,0
S016967,test,1,0,none,none,2025-06-13T00:20:00Z,,0
S016968,test,1,0,none,none,2025-06-13T00:30:00Z,,0
S016969,test,0,1,underfill_void,molding,2025-06-13T00:40:00Z,,0
S016970,test,1,0,none,none,2025-06-13T00:50:00Z,1,1
S016971,test,1,0,none,none,2025-06-13T01:00:00Z,1,1
S016972,test,1,0,none,none,2025-06-13T01:10:00Z,,0
S016973,test,1,0,none,none,2025-06-13T01:20:00Z,1,1
S016974,test,1,0,none,none,2025-06-13T01:30:00Z,,0
S016975,test,1,0,none,none,2025-06-13T01:40:00Z,,0
S016976,test,1,0,none,none,2025-06-13T01:50:00Z,,0
S016977,test,1,0,none,none,2025-06-13T03:40:00Z,,0
S016978,test,1,0,none,none,2025-06-13T03:50:00Z,,0
S016979,test,1,0,none,none,2025-06-13T04:00:00Z,1,1
S016980,test,1,0,none,none,2025-06-13T04:10:00Z,,0
S016981,test,1,0,none,none,2025-06-13T04:20:00Z,,0
S016982,test,1,0,none,none,2025-06-13T04:30:00Z,0,1
S016983,test,1,0,none,none,2025-06-13T04:40:00Z,1,1
S016984,test,1,0,none,none,2025-06-13T04:50:00Z,1,1
S016985,test,1,0,none,none,2025-06-13T05:00:00Z,,0
S016986,test,1,0,none,none,2025-06-13T05:10:00Z,,0
S016987,test,1,0,none,none,2025-06-13T05:20:00Z,1,1
S016988,test,1,0,none,none,2025-06-13T05:30:00Z,,0
S016989,test,1,0,none,none,2025-06-13T05:40:00Z,,0
S016990,test,1,0,none,none,2025-06-13T05:50:00Z,,0
S016991,test,1,0,none,none,2025-06-13T06:00:00Z,,0
S016992,test,1,0,none,none,2025-06-13T06:10:00Z,,0
S016993,test,1,0,none,none,2025-06-13T06:20:00Z,,0
S016994,test,1,0,none,none,2025-06-13T06:30:00Z,1,1
S016995,test,1,0,none,none,2025-06-13T06:40:00Z,,0
S016996,test,1,0,none,none,2025-06-13T06:50:00Z,,0
S016997,test,1,0,none,none,2025-06-13T07:00:00Z,0,1
S016998,test,1,0,none,none,2025-06-13T07:10:00Z,1,1
S016999,test,1,0,none,none,2025-06-13T07:20:00Z,,0
S017000,test,1,0,none,none,2025-06-13T07:30:00Z,,0
S017001,test,1,0,none,none,2025-06-13T07:40:00Z,1,1
S017002,test,0,1,warpage,assembly,2025-06-13T07:50:00Z,,0
S017003,test,1,0,none,none,2025-06-13T08:00:00Z,,0
S017004,test,1,0,none,none,2025-06-13T08:10:00Z,,0
S017005,test,1,0,none,none,2025-06-13T08:20:00Z,1,1
S017006,test,1,0,none,none,2025-06-13T08:30:00Z,1,1
S017007,test,1,0,none,none,2025-06-13T08:40:00Z,1,1
S017008,test,1,0,none,none,2025-06-13T08:50:00Z,,0
S017009,test,1,0,none,none,2025-06-13T09:00:00Z,1,1
S017010,test,1,0,none,none,2025-06-13T09:10:00Z,1,1
S017011,test,0,1,underfill_void,molding,2025-06-13T09:20:00Z,,0
S017012,test,1,0,none,none,2025-06-13T09:30:00Z,,0
S017013,test,0,1,warpage,assembly,2025-06-13T09:40:00Z,,0
S017014,test,1,0,none,none,2025-06-13T09:50:00Z,,0
S017015,test,1,0,none,none,2025-06-13T10:00:00Z,1,1
S017016,test,1,0,none,none,2025-06-13T10:10:00Z,,0
S017017,test,1,0,none,none,2025-06-13T10:20:00Z,,0
S017018,test,1,0,none,none,2025-06-13T10:30:00Z,,0
S017019,test,1,0,none,none,2025-06-13T10:40:00Z,,0
S017020,test,1,0,none,none,2025-06-13T10:50:00Z,,0
S017021,test,1,0,none,none,2025-06-13T11:00:00Z,,0
S017022,test,1,0,none,none,2025-06-13T11:10:00Z,,0
S017023,test,1,0,none,none,2025-06-13T11:20:00Z,,0
S017024,test,1,0,none,none,2025-06-13T11:30:00Z,,0
S017025,test,1,0,none,none,2025-06-13T11:40:00Z,,0
S017026,test,1,0,none,none,2025-06-13T11:50:00Z,,0
S017027,test,1,0,none,none,2025-06-13T12:00:00Z,,0
S017028,test,1,0,none,none,2025-06-13T12:10:00Z,,0
S017029,test,1,0,none,none,2025-06-13T12:20:00Z,,0
S017030,test,1,0,none,none,2025-06-13T12:30:00Z,,0
S017031,test,1,0,none,none,2025-06-13T12:40:00Z,1,1
S017032,test,1,0,none,none,2025-06-13T12:50:00Z,,0
S017033,test,1,0,none,none,2025-06-13T13:00:00Z,0,1
S017034,test,1,0,none,none,2025-06-13T13:10:00Z,,0
S017035,test,1,0,none,none,2025-06-13T13:20:00Z,1,1
S017036,test,1,0,none,none,2025-06-13T13:30:00Z,,0
S017037,test,1,0,none,none,2025-06-13T15:40:00Z,,0
S017038,test,1,0,none,none,2025-06-13T15:50:00Z,,0
S017039,test,1,0,none,none,2025-06-13T16:00:00Z,,0
S017040,test,1,0,none,none,2025-06-13T16:10:00Z,,0
S017041,test,1,0,none,none,2025-06-13T16:20:00Z,1,1
S017042,test,1,0,none,none,2025-06-13T16:30:00Z,1,1
S017043,test,1,0,none,none,2025-06-13T16:40:00Z,,0
S017044,test,1,0,none,none,2025-06-13T16:50:00Z,,0
S017045,test,1,0,none,none,2025-06-13T17:00:00Z,,0
S017046,test,1,0,none,none,2025-06-13T17:10:00Z,,0
S017047,test,1,0,none,none,2025-06-13T17:20:00Z,,0
S017048,test,1,0,none,none,2025-06-13T17:30:00Z,1,1
S017049,test,1,0,none,none,2025-06-13T17:40:00Z,,0
S017050,test,0,1,warpage,assembly,2025-06-13T17:50:00Z,,0
S017051,test,1,0,none,none,2025-06-13T18:00:00Z,1,1
S017052,test,1,0,none,none,2025-06-13T18:10:00Z,,0
S017053,test,1,0,none,none,2025-06-13T18:20:00Z,,0
S017054,test,1,0,none,none,2025-06-13T18:30:00Z,,0
S017055,test,1,0,none,none,2025-06-13T18:40:00Z,,0
S017056,test,1,0,none,none,2025-06-13T18:50:00Z,,0
S017057,test,1,0,none,none,2025-06-13T19:00:00Z,1,1
S017058,test,1,0,none,none,2025-06-13T19:10:00Z,,0
S017059,test,1,0,none,none,2025-06-13T19:20:00Z,,0
S017060,test,1,0,none,none,2025-06-13T19:30:00Z,,0
S017061,test,1,0,none,none,2025-06-13T19:40:00Z,,0
S017062,test,1,0,none,none,2025-06-13T19:50:00Z,,0
S017063,test,1,0,none,none,2025-06-13T20:00:00Z,,0
S017064,test,1,0,none,none,2025-06-13T20:10:00Z,1,1
S017065,test,1,0,none,none,2025-06-13T20:20:00Z,,0
S017066,test,1,0,none,none,2025-06-13T20:30:00Z,,0
S017067,test,1,0,none,none,2025-06-13T20:40:00Z,,0
S017068,test,1,0,none,none,2025-06-13T20:50:00Z,,0
S017069,test,1,0,none,none,2025-06-13T21:00:00Z,,0
S017070,test,1,0,none,none,2025-06-13T21:10:00Z,,0
S017071,test,1,0,none,none,2025-06-13T21:20:00Z,,0
S017072,test,1,0,none,none,2025-06-13T21:30:00Z,,0
S017073,test,1,0,none,none,2025-06-13T21:40:00Z,1,1
S017074,test,1,0,none,none,2025-06-13T21:50:00Z,,0
S017075,test,1,0,none,none,2025-06-13T22:00:00Z,,0
S017076,test,1,0,none,none,2025-06-13T22:10:00Z,,0
S017077,test,1,0,none,none,2025-06-13T22:20:00Z,,0
S017078,test,1,0,none,none,2025-06-13T22:30:00Z,,0
S017079,test,1,0,none,none,2025-06-13T22:40:00Z,,0
S017080,test,1,0,none,none,2025-06-13T22:50:00Z,,0
S017081,test,1,0,none,none,2025-06-13T23:00:00Z,,0
S017082,test,1,0,none,none,2025-06-13T23:10:00Z,1,1
S017083,test,1,0,none,none,2025-06-13T23:20:00Z,,0
S017084,test,1,0,none,none,2025-06-13T23:30:00Z,,0
S017085,test,1,0,none,none,2025-06-13T23:40:00Z,,0
S017086,test,1,0,none,none,2025-06-13T23:50:00Z,,0
S017087,test,1,0,none,none,2025-06-14T00:00:00Z,,0
S017088,test,1,0,none,none,2025-06-14T00:10:00Z,,0
S017089,test,1,0,none,none,2025-06-14T00:20:00Z,,0
S017090,test,1,0,none,none,2025-06-14T00:30:00Z,,0
S017091,test,1,0,none,none,2025-06-14T00:40:00Z,,0
S017092,test,1,0,none,none,2025-06-14T00:50:00Z,,0
S017093,test,1,0,none,none,2025-06-14T01:00:00Z,,0
S017094,test,1,0,none,none,2025-06-14T01:10:00Z,,0
S017095,test,1,0,none,none,2025-06-14T01:20:00Z,,0
S017096,test,1,0,none,none,2025-06-14T01:30:00Z,,0
S017097,test,1,0,none,none,2025-06-14T01:40:00Z,1,1
S017098,test,1,0,none,none,2025-06-14T01:50:00Z,,0
S017099,test,1,0,none,none,2025-06-14T02:00:00Z,,0
S017100,test,1,0,none,none,2025-06-14T02:10:00Z,,0
S017101,test,1,0,none,none,2025-06-14T02:20:00Z,,0
S017102,test,1,0,none,none,2025-06-14T02:30:00Z,,0
S017103,test,1,0,none,none,2025-06-14T02:40:00Z,,0
S017104,test,0,1,die_crack,handling,2025-06-14T02:50:00Z,,0
S017105,test,1,0,none,none,2025-06-14T03:00:00Z,,0
S017106,test,1,0,none,none,2025-06-14T03:10:00Z,,0
S017107,test,1,0,none,none,2025-06-14T03:20:00Z,,0
S017108,test,1,0,none,none,2025-06-14T03:30:00Z,,0
S017109,test,1,0,none,none,2025-06-14T03:40:00Z,,0
S017110,test,1,0,none,none,2025-06-14T03:50:00Z,,0
S017111,test,1,0,none,none,2025-06-14T04:00:00Z,,0
S017112,test,1,0,none,none,2025-06-14T04:10:00Z,1,1
S017113,test,1,0,none,none,2025-06-14T04:20:00Z,,0
S017114,test,1,0,none,none,2025-06-14T04:30:00Z,,0
S017115,test,1,0,none,none,2025-06-14T04:40:00Z,,0
S017116,test,1,0,none,none,2025-06-14T04:50:00Z,,0
S017117,test,1,0,none,none,2025-06-14T05:00:00Z,1,1
S017118,test,1,0,none,none,2025-06-14T05:10:00Z,,0
S017119,test,1,0,none,none,2025-06-14T05:20:00Z,,0
S017120,test,1,0,none,none,2025-06-14T05:30:00Z,,0
S017121,test,1,0,none,none,2025-06-14T05:40:00Z,,0
S017122,test,1,0,none,none,2025-06-14T05:50:00Z,,0
S017123,test,1,0,none,none,2025-06-14T06:00:00Z,,0
S017124,test,1,0,none,none,2025-06-14T06:10:00Z,,0
S017125,test,1,0,none,none,2025-06-14T06:20:00Z,,0
S017126,test,1,0,none,none,2025-06-14T06:30:00Z,,0
S017127,test,1,0,none,none,2025-06-14T06:40:00Z,1,1
S017128,test,1,0,none,none,2025-06-14T06:50:00Z,,0
S017129,test,1,0,none,none,2025-06-14T07:00:00Z,1,1
S017130,test,1,0,none,none,2025-06-14T07:10:00Z,,0
S017131,test,1,0,none,none,2025-06-14T03:40:00Z,,0
S017132,test,1,0,none,none,2025-06-14T03:50:00Z,,0
S017133,test,1,0,none,none,2025-06-14T04:00:00Z,,0
S017134,test,1,0,none,none,2025-06-14T04:10:00Z,,0
S017135,test,1,0,none,none,2025-06-14T04:20:00Z,1,1
S017136,test,1,0,none,none,2025-06-14T04:30:00Z,,0
S017137,test,1,0,none,none,2025-06-14T04:40:00Z,,0
S017138,test,1,0,none,none,2025-06-14T04:50:00Z,,0
S017139,test,1,0,none,none,2025-06-14T05:00:00Z,1,1
S017140,test,1,0,none,none,2025-06-14T05:10:00Z,,0
S017141,test,1,0,none,none,2025-06-14T05:20:00Z,,0
S017142,test,1,0,none,none,2025-06-14T05:30:00Z,,0
S017143,test,1,0,none,none,2025-06-14T05:40:00Z,,0
S017144,test,1,0,none,none,2025-06-14T05:50:00Z,,0
S017145,test,1,0,none,none,2025-06-14T06:00:00Z,,0
S017146,test,1,0,none,none,2025-06-14T06:10:00Z,,0
S017147,test,0,1,multiple,multiple,2025-06-14T06:20:00Z,,0
S017148,test,0,1,underfill_void,molding,2025-06-14T06:30:00Z,,0
S017149,test,1,0,none,none,2025-06-14T06:40:00Z,,0
S017150,test,1,0,none,none,2025-06-14T06:50:00Z,1,1
S017151,test,1,0,none,none,2025-06-14T07:00:00Z,1,1
S017152,test,1,0,none,none,2025-06-14T07:10:00Z,1,1
S017153,test,1,0,none,none,2025-06-14T07:20:00Z,,0
S017154,test,0,1,warpage,assembly,2025-06-14T07:30:00Z,,0
S017155,test,1,0,none,none,2025-06-14T07:40:00Z,,0
S017156,test,1,0,none,none,2025-06-14T07:50:00Z,1,1
S017157,test,1,0,none,none,2025-06-14T08:00:00Z,,0
S017158,test,1,0,none,none,2025-06-14T08:10:00Z,,0
S017159,test,1,0,none,none,2025-06-14T08:20:00Z,,0
S017160,test,1,0,none,none,2025-06-14T08:30:00Z,,0
S017161,test,0,1,delamination,molding,2025-06-14T08:40:00Z,,0
S017162,test,1,0,none,none,2025-06-14T08:50:00Z,1,1
S017163,test,1,0,none,none,2025-06-14T09:00:00Z,,0
S017164,test,1,0,none,none,2025-06-14T09:10:00Z,,0
S017165,test,1,0,none,none,2025-06-14T09:20:00Z,1,1
S017166,test,1,0,none,none,2025-06-14T09:30:00Z,,0
S017167,test,1,0,none,none,2025-06-14T09:40:00Z,,0
S017168,test,1,0,none,none,2025-06-14T09:50:00Z,,0
S017169,test,1,0,none,none,2025-06-14T10:00:00Z,0,1
S017170,test,1,0,none,none,2025-06-14T10:10:00Z,,0
S017171,test,1,0,none,none,2025-06-14T10:20:00Z,,0
S017172,test,1,0,none,none,2025-06-14T10:30:00Z,,0
S017173,test,1,0,none,none,2025-06-14T10:40:00Z,,0
S017174,test,1,0,none,none,2025-06-14T10:50:00Z,,0
S017175,test,1,0,none,none,2025-06-14T11:00:00Z,,0
S017176,test,1,0,none,none,2025-06-14T11:10:00Z,,0
S017177,test,1,0,none,none,2025-06-14T11:20:00Z,,0
S017178,test,1,0,none,none,2025-06-14T11:30:00Z,1,1
S017179,test,1,0,none,none,2025-06-14T11:40:00Z,,0
S017180,test,1,0,none,none,2025-06-14T11:50:00Z,,0
S017181,test,1,0,none,none,2025-06-14T12:00:00Z,1,1
S017182,test,1,0,none,none,2025-06-14T12:10:00Z,,0
S017183,test,1,0,none,none,2025-06-14T12:20:00Z,,0
S017184,test,1,0,none,none,2025-06-14T12:30:00Z,,0
S017185,test,1,0,none,none,2025-06-14T12:40:00Z,,0
S017186,test,1,0,none,none,2025-06-14T12:50:00Z,1,1
S017187,test,1,0,none,none,2025-06-14T13:00:00Z,1,1
S017188,test,1,0,none,none,2025-06-14T13:10:00Z,1,1
S017189,test,1,0,none,none,2025-06-14T13:20:00Z,,0
S017190,test,0,1,delamination,molding,2025-06-14T13:30:00Z,,0
S017191,test,1,0,none,none,2025-06-14T13:40:00Z,,0
S017192,test,1,0,none,none,2025-06-14T13:50:00Z,,0
S017193,test,1,0,none,none,2025-06-14T14:00:00Z,,0
S017194,test,1,0,none,none,2025-06-14T14:10:00Z,,0
S017195,test,1,0,none,none,2025-06-14T15:40:00Z,,0
S017196,test,1,0,none,none,2025-06-14T15:50:00Z,1,1
S017197,test,1,0,none,none,2025-06-14T16:00:00Z,,0
S017198,test,0,1,delamination,molding,2025-06-14T16:10:00Z,,0
S017199,test,1,0,none,none,2025-06-14T16:20:00Z,1,1
S017200,test,1,0,none,none,2025-06-14T16:30:00Z,,0
S017201,test,1,0,none,none,2025-06-14T16:40:00Z,,0
S017202,test,1,0,none,none,2025-06-14T16:50:00Z,1,1
S017203,test,1,0,none,none,2025-06-14T17:00:00Z,1,1
S017204,test,1,0,none,none,2025-06-14T17:10:00Z,,0
S017205,test,1,0,none,none,2025-06-14T17:20:00Z,,0
S017206,test,1,0,none,none,2025-06-14T17:30:00Z,,0
S017207,test,1,0,none,none,2025-06-14T17:40:00Z,1,1
S017208,test,1,0,none,none,2025-06-14T17:50:00Z,,0
S017209,test,1,0,none,none,2025-06-14T18:00:00Z,,0
S017210,test,1,0,none,none,2025-06-14T18:10:00Z,,0
S017211,test,1,0,none,none,2025-06-14T18:20:00Z,,0
S017212,test,1,0,none,none,2025-06-14T18:30:00Z,,0
S017213,test,1,0,none,none,2025-06-14T18:40:00Z,,0
S017214,test,1,0,none,none,2025-06-14T18:50:00Z,,0
S017215,test,0,1,microbump_open_bridge,reflow,2025-06-14T19:00:00Z,,0
S017216,test,1,0,none,none,2025-06-14T19:10:00Z,,0
S017217,test,1,0,none,none,2025-06-14T19:20:00Z,,0
S017218,test,1,0,none,none,2025-06-14T19:30:00Z,,0
S017219,test,1,0,none,none,2025-06-14T19:40:00Z,,0
S017220,test,1,0,none,none,2025-06-14T19:50:00Z,,0
S017221,test,1,0,none,none,2025-06-14T20:00:00Z,,0
S017222,test,1,0,none,none,2025-06-14T20:10:00Z,1,1
S017223,test,1,0,none,none,2025-06-14T20:20:00Z,,0
S017224,test,1,0,none,none,2025-06-14T20:30:00Z,,0
S017225,test,1,0,none,none,2025-06-14T20:40:00Z,,0
S017226,test,1,0,none,none,2025-06-14T20:50:00Z,,0
S017227,test,1,0,none,none,2025-06-14T21:00:00Z,,0
S017228,test,1,0,none,none,2025-06-14T21:10:00Z,,0
S017229,test,1,0,none,none,2025-06-14T21:20:00Z,,0
S017230,test,1,0,none,none,2025-06-14T21:30:00Z,1,1
S017231,test,1,0,none,none,2025-06-14T21:40:00Z,1,1
S017232,test,1,0,none,none,2025-06-14T21:50:00Z,,0
S017233,test,1,0,none,none,2025-06-14T22:00:00Z,,0
S017234,test,1,0,none,none,2025-06-14T22:10:00Z,,0
S017235,test,1,0,none,none,2025-06-14T22:20:00Z,,0
S017236,test,1,0,none,none,2025-06-14T22:30:00Z,,0
S017237,test,1,0,none,none,2025-06-14T22:40:00Z,,0
S017238,test,1,0,none,none,2025-06-14T22:50:00Z,,0
S017239,test,1,0,none,none,2025-06-14T23:00:00Z,1,1
S017240,test,1,0,none,none,2025-06-14T23:10:00Z,1,1
S017241,test,1,0,none,none,2025-06-14T23:20:00Z,1,1
S017242,test,1,0,none,none,2025-06-14T23:30:00Z,,0
S017243,test,1,0,none,none,2025-06-14T23:40:00Z,1,1
S017244,test,1,0,none,none,2025-06-14T23:50:00Z,,0
S017245,test,1,0,none,none,2025-06-15T00:00:00Z,,0
S017246,test,1,0,none,none,2025-06-15T00:10:00Z,,0
S017247,test,1,0,none,none,2025-06-15T00:20:00Z,,0
S017248,test,1,0,none,none,2025-06-15T00:30:00Z,,0
S017249,test,1,0,none,none,2025-06-15T00:40:00Z,,0
S017250,test,1,0,none,none,2025-06-15T00:50:00Z,,0
S017251,test,1,0,none,none,2025-06-15T01:00:00Z,,0
S017252,test,1,0,none,none,2025-06-15T01:10:00Z,,0
S017253,test,1,0,none,none,2025-06-15T01:20:00Z,1,1
S017254,test,1,0,none,none,2025-06-15T01:30:00Z,,0
S017255,test,1,0,none,none,2025-06-15T01:40:00Z,,0
S017256,test,1,0,none,none,2025-06-15T01:50:00Z,,0
S017257,test,1,0,none,none,2025-06-15T02:00:00Z,,0
S017258,test,1,0,none,none,2025-06-15T02:10:00Z,1,1
S017259,test,1,0,none,none,2025-06-15T02:20:00Z,1,1
S017260,test,1,0,none,none,2025-06-15T02:30:00Z,1,1
S017261,test,1,0,none,none,2025-06-15T02:40:00Z,,0
S017262,test,1,0,none,none,2025-06-15T02:50:00Z,,0
S017263,test,1,0,none,none,2025-06-15T03:00:00Z,,0
S017264,test,1,0,none,none,2025-06-15T03:10:00Z,,0
S017265,test,1,0,none,none,2025-06-15T03:20:00Z,1,1
S017266,test,1,0,none,none,2025-06-15T03:30:00Z,,0
S017267,test,1,0,none,none,2025-06-15T03:40:00Z,1,1
S017268,test,1,0,none,none,2025-06-15T03:50:00Z,,0
S017269,test,1,0,none,none,2025-06-15T04:00:00Z,,0
S017270,test,1,0,none,none,2025-06-15T04:10:00Z,1,1
S017271,test,1,0,none,none,2025-06-15T04:20:00Z,,0
S017272,test,1,0,none,none,2025-06-15T04:30:00Z,1,1
S017273,test,1,0,none,none,2025-06-15T04:40:00Z,,0
S017274,test,1,0,none,none,2025-06-15T04:50:00Z,1,1
S017275,test,1,0,none,none,2025-06-15T05:00:00Z,,0
S017276,test,1,0,none,none,2025-06-15T05:10:00Z,,0
S017277,test,1,0,none,none,2025-06-15T05:20:00Z,,0
S017278,test,1,0,none,none,2025-06-15T05:30:00Z,,0
S017279,test,1,0,none,none,2025-06-15T05:40:00Z,1,1
S017280,test,1,0,none,none,2025-06-15T05:50:00Z,,0
S017281,test,1,0,none,none,2025-06-15T06:00:00Z,,0
S017282,test,1,0,none,none,2025-06-15T06:10:00Z,,0
S017283,test,1,0,none,none,2025-06-15T06:20:00Z,,0
S017284,test,1,0,none,none,2025-06-15T06:30:00Z,,0
S017285,test,0,1,microbump_open_bridge,reflow,2025-06-15T06:40:00Z,,0
S017286,test,1,0,none,none,2025-06-15T06:50:00Z,1,1
S017287,test,1,0,none,none,2025-06-15T07:00:00Z,1,1
S017288,test,1,0,none,none,2025-06-15T07:10:00Z,,0
S017289,test,1,0,none,none,2025-06-15T07:20:00Z,,0
S017290,test,1,0,none,none,2025-06-15T03:40:00Z,,0
S017291,test,1,0,none,none,2025-06-15T03:50:00Z,,0
S017292,test,1,0,none,none,2025-06-15T04:00:00Z,,0
S017293,test,1,0,none,none,2025-06-15T04:10:00Z,,0
S017294,test,1,0,none,none,2025-06-15T04:20:00Z,,0
S017295,test,1,0,none,none,2025-06-15T04:30:00Z,1,1
S017296,test,1,0,none,none,2025-06-15T04:40:00Z,,0
S017297,test,1,0,none,none,2025-06-15T04:50:00Z,,0
S017298,test,1,0,none,none,2025-06-15T05:00:00Z,1,1
S017299,test,1,0,none,none,2025-06-15T05:10:00Z,1,1
S017300,test,1,0,none,none,2025-06-15T05:20:00Z,,0
S017301,test,1,0,none,none,2025-06-15T05:30:00Z,,0
S017302,test,1,0,none,none,2025-06-15T05:40:00Z,,0
S017303,test,1,0,none,none,2025-06-15T05:50:00Z,,0
S017304,test,1,0,none,none,2025-06-15T06:00:00Z,,0
S017305,test,1,0,none,none,2025-06-15T06:10:00Z,,0
S017306,test,1,0,none,none,2025-06-15T06:20:00Z,,0
S017307,test,1,0,none,none,2025-06-15T06:30:00Z,1,1
S017308,test,1,0,none,none,2025-06-15T06:40:00Z,,0
S017309,test,1,0,none,none,2025-06-15T06:50:00Z,1,1
S017310,test,1,0,none,none,2025-06-15T07:00:00Z,,0
S017311,test,1,0,none,none,2025-06-15T07:10:00Z,,0
S017312,test,1,0,none,none,2025-06-15T07:20:00Z,,0
S017313,test,1,0,none,none,2025-06-15T07:30:00Z,,0
S017314,test,1,0,none,none,2025-06-15T07:40:00Z,,0
S017315,test,1,0,none,none,2025-06-15T07:50:00Z,,0
S017316,test,1,0,none,none,2025-06-15T08:00:00Z,,0
S017317,test,1,0,none,none,2025-06-15T08:10:00Z,1,1
S017318,test,1,0,none,none,2025-06-15T08:20:00Z,,0
S017319,test,0,1,microbump_open_bridge,reflow,2025-06-15T08:30:00Z,,0
S017320,test,1,0,none,none,2025-06-15T08:40:00Z,,0
S017321,test,1,0,none,none,2025-06-15T08:50:00Z,1,1
S017322,test,1,0,none,none,2025-06-15T09:00:00Z,1,1
S017323,test,1,0,none,none,2025-06-15T09:10:00Z,,0
S017324,test,1,0,none,none,2025-06-15T09:20:00Z,,0
S017325,test,1,0,none,none,2025-06-15T09:30:00Z,,0
S017326,test,1,0,none,none,2025-06-15T09:40:00Z,1,1
S017327,test,1,0,none,none,2025-06-15T09:50:00Z,,0
S017328,test,1,0,none,none,2025-06-15T10:00:00Z,1,1
S017329,test,1,0,none,none,2025-06-15T10:10:00Z,1,1
S017330,test,1,0,none,none,2025-06-15T10:20:00Z,,0
S017331,test,1,0,none,none,2025-06-15T10:30:00Z,,0
S017332,test,1,0,none,none,2025-06-15T10:40:00Z,,0
S017333,test,0,1,microbump_open_bridge,reflow,2025-06-15T10:50:00Z,,0
S017334,test,1,0,none,none,2025-06-15T11:00:00Z,,0
S017335,test,1,0,none,none,2025-06-15T11:10:00Z,,0
S017336,test,0,1,underfill_void,molding,2025-06-15T11:20:00Z,,0
S017337,test,1,0,none,none,2025-06-15T11:30:00Z,,0
S017338,test,1,0,none,none,2025-06-15T11:40:00Z,,0
S017339,test,1,0,none,none,2025-06-15T11:50:00Z,,0
S017340,test,1,0,none,none,2025-06-15T12:00:00Z,1,1
S017341,test,1,0,none,none,2025-06-15T12:10:00Z,,0
S017342,test,1,0,none,none,2025-06-15T12:20:00Z,,0
S017343,test,1,0,none,none,2025-06-15T12:30:00Z,,0
S017344,test,1,0,none,none,2025-06-15T12:40:00Z,,0
S017345,test,1,0,none,none,2025-06-15T12:50:00Z,1,1
S017346,test,1,0,none,none,2025-06-15T13:00:00Z,,0
S017347,test,1,0,none,none,2025-06-15T13:10:00Z,,0
S017348,test,1,0,none,none,2025-06-15T13:20:00Z,1,1
S017349,test,1,0,none,none,2025-06-15T13:30:00Z,1,1
S017350,test,1,0,none,none,2025-06-15T13:40:00Z,,0
S017351,test,0,1,tsv_open_short,tsv_or_interconnect,2025-06-15T13:50:00Z,,0
S017352,test,1,0,none,none,2025-06-15T14:00:00Z,,0
S017353,test,1,0,none,none,2025-06-15T14:10:00Z,1,1
S017354,test,1,0,none,none,2025-06-15T14:20:00Z,,0
S017355,test,1,0,none,none,2025-06-15T14:30:00Z,,0
S017356,test,1,0,none,none,2025-06-15T14:40:00Z,,0
S017357,test,1,0,none,none,2025-06-15T14:50:00Z,,0
S017358,test,1,0,none,none,2025-06-15T15:00:00Z,,0
S017359,test,1,0,none,none,2025-06-15T15:10:00Z,,0
S017360,test,1,0,none,none,2025-06-15T15:20:00Z,,0
S017361,test,1,0,none,none,2025-06-15T15:30:00Z,,0
S017362,test,1,0,none,none,2025-06-15T15:40:00Z,,0
S017363,test,1,0,none,none,2025-06-15T15:50:00Z,1,1
S017364,test,1,0,none,none,2025-06-15T16:00:00Z,,0
S017365,test,1,0,none,none,2025-06-15T16:10:00Z,,0
S017366,test,1,0,none,none,2025-06-15T16:20:00Z,,0
S017367,test,1,0,none,none,2025-06-15T16:30:00Z,,0
S017368,test,1,0,none,none,2025-06-15T16:40:00Z,,0
S017369,test,1,0,none,none,2025-06-15T16:50:00Z,,0
S017370,test,1,0,none,none,2025-06-15T17:00:00Z,,0
S017371,test,1,0,none,none,2025-06-15T17:10:00Z,,0
S017372,test,1,0,none,none,2025-06-15T17:20:00Z,,0
S017373,test,1,0,none,none,2025-06-15T17:30:00Z,,0
S017374,test,1,0,none,none,2025-06-15T17:40:00Z,,0
S017375,test,1,0,none,none,2025-06-15T17:50:00Z,,0
S017376,test,1,0,none,none,2025-06-15T18:00:00Z,,0
S017377,test,1,0,none,none,2025-06-15T18:10:00Z,1,1
S017378,test,1,0,none,none,2025-06-15T18:20:00Z,1,1
S017379,test,1,0,none,none,2025-06-15T18:30:00Z,,0
S017380,test,1,0,none,none,2025-06-15T18:40:00Z,,0
S017381,test,1,0,none,none,2025-06-15T18:50:00Z,1,1
S017382,test,1,0,none,none,2025-06-15T19:00:00Z,,0
S017383,test,1,0,none,none,2025-06-15T15:40:00Z,,0
S017384,test,1,0,none,none,2025-06-15T15:50:00Z,,0
S017385,test,1,0,none,none,2025-06-15T16:00:00Z,1,1
S017386,test,1,0,none,none,2025-06-15T16:10:00Z,1,1
S017387,test,1,0,none,none,2025-06-15T16:20:00Z,,0
S017388,test,1,0,none,none,2025-06-15T16:30:00Z,,0
S017389,test,1,0,none,none,2025-06-15T16:40:00Z,,0
S017390,test,1,0,none,none,2025-06-15T16:50:00Z,,0
S017391,test,1,0,none,none,2025-06-15T17:00:00Z,,0
S017392,test,1,0,none,none,2025-06-15T17:10:00Z,,0
S017393,test,1,0,none,none,2025-06-15T17:20:00Z,,0
S017394,test,1,0,none,none,2025-06-15T17:30:00Z,,0
S017395,test,1,0,none,none,2025-06-15T17:40:00Z,,0
S017396,test,1,0,none,none,2025-06-15T17:50:00Z,,0
S017397,test,1,0,none,none,2025-06-15T18:00:00Z,,0
S017398,test,1,0,none,none,2025-06-15T18:10:00Z,,0
S017399,test,1,0,none,none,2025-06-15T18:20:00Z,,0
S017400,test,1,0,none,none,2025-06-15T18:30:00Z,,0
S017401,test,1,0,none,none,2025-06-15T18:40:00Z,,0
S017402,test,1,0,none,none,2025-06-15T18:50:00Z,,0
S017403,test,1,0,none,none,2025-06-15T19:00:00Z,,0
S017404,test,1,0,none,none,2025-06-15T19:10:00Z,,0
S017405,test,1,0,none,none,2025-06-15T19:20:00Z,,0
S017406,test,1,0,none,none,2025-06-15T19:30:00Z,,0
S017407,test,1,0,none,none,2025-06-15T19:40:00Z,,0
S017408,test,1,0,none,none,2025-06-15T19:50:00Z,,0
S017409,test,1,0,none,none,2025-06-15T20:00:00Z,,0
S017410,test,0,1,tsv_open_short,tsv_or_interconnect,2025-06-15T20:10:00Z,,0
S017411,test,1,0,none,none,2025-06-15T20:20:00Z,,0
S017412,test,1,0,none,none,2025-06-15T20:30:00Z,,0
S017413,test,1,0,none,none,2025-06-15T20:40:00Z,,0
S017414,test,1,0,none,none,2025-06-15T20:50:00Z,,0
S017415,test,1,0,none,none,2025-06-15T21:00:00Z,,0
S017416,test,1,0,none,none,2025-06-15T21:10:00Z,,0
S017417,test,1,0,none,none,2025-06-15T21:20:00Z,,0
S017418,test,1,0,none,none,2025-06-15T21:30:00Z,,0
S017419,test,1,0,none,none,2025-06-15T21:40:00Z,1,1
S017420,test,1,0,none,none,2025-06-15T21:50:00Z,1,1
S017421,test,1,0,none,none,2025-06-15T22:00:00Z,,0
S017422,test,1,0,none,none,2025-06-15T22:10:00Z,,0
S017423,test,1,0,none,none,2025-06-15T22:20:00Z,,0
S017424,test,0,1,tsv_open_short,tsv_or_interconnect,2025-06-15T22:30:00Z,,0
S017425,test,1,0,none,none,2025-06-15T22:40:00Z,1,1
S017426,test,0,1,delamination,molding,2025-06-15T22:50:00Z,,0
S017427,test,1,0,none,none,2025-06-15T23:00:00Z,,0
S017428,test,1,0,none,none,2025-06-15T23:10:00Z,1,1
S017429,test,0,1,underfill_void,molding,2025-06-15T23:20:00Z,,0
S017430,test,1,0,none,none,2025-06-15T23:30:00Z,,0
S017431,test,1,0,none,none,2025-06-15T23:40:00Z,1,1
S017432,test,1,0,none,none,2025-06-15T23:50:00Z,,0
S017433,test,1,0,none,none,2025-06-16T00:00:00Z,,0
S017434,test,1,0,none,none,2025-06-16T00:10:00Z,,0
S017435,test,1,0,none,none,2025-06-16T00:20:00Z,1,1
S017436,test,1,0,none,none,2025-06-16T00:30:00Z,,0
S017437,test,1,0,none,none,2025-06-16T00:40:00Z,,0
S017438,test,1,0,none,none,2025-06-16T00:50:00Z,,0
S017439,test,1,0,none,none,2025-06-16T01:00:00Z,,0
S017440,test,1,0,none,none,2025-06-16T01:10:00Z,,0
S017441,test,1,0,none,none,2025-06-16T01:20:00Z,,0
S017442,test,1,0,none,none,2025-06-16T01:30:00Z,,0
S017443,test,1,0,none,none,2025-06-16T01:40:00Z,,0
S017444,test,1,0,none,none,2025-06-16T01:50:00Z,,0
S017445,test,1,0,none,none,2025-06-16T02:00:00Z,,0
S017446,test,1,0,none,none,2025-06-16T03:40:00Z,1,1
S017447,test,1,0,none,none,2025-06-16T03:50:00Z,,0
S017448,test,1,0,none,none,2025-06-16T04:00:00Z,,0
S017449,test,1,0,none,none,2025-06-16T04:10:00Z,,0
S017450,test,1,0,none,none,2025-06-16T04:20:00Z,1,1
S017451,test,1,0,none,none,2025-06-16T04:30:00Z,,0
S017452,test,1,0,none,none,2025-06-16T04:40:00Z,,0
S017453,test,1,0,none,none,2025-06-16T04:50:00Z,,0
S017454,test,1,0,none,none,2025-06-16T05:00:00Z,,0
S017455,test,1,0,none,none,2025-06-16T05:10:00Z,,0
S017456,test,1,0,none,none,2025-06-16T05:20:00Z,,0
S017457,test,1,0,none,none,2025-06-16T05:30:00Z,,0
S017458,test,1,0,none,none,2025-06-16T05:40:00Z,,0
S017459,test,1,0,none,none,2025-06-16T05:50:00Z,1,1
S017460,test,1,0,none,none,2025-06-16T06:00:00Z,,0
S017461,test,1,0,none,none,2025-06-16T06:10:00Z,,0
S017462,test,1,0,none,none,2025-06-16T06:20:00Z,,0
S017463,test,1,0,none,none,2025-06-16T06:30:00Z,1,1
S017464,test,1,0,none,none,2025-06-16T06:40:00Z,,0
S017465,test,1,0,none,none,2025-06-16T06:50:00Z,,0
S017466,test,1,0,none,none,2025-06-16T07:00:00Z,,0
S017467,test,1,0,none,none,2025-06-16T07:10:00Z,,0
S017468,test,1,0,none,none,2025-06-16T07:20:00Z,,0
S017469,test,1,0,none,none,2025-06-16T07:30:00Z,,0
S017470,test,1,0,none,none,2025-06-16T07:40:00Z,,0
S017471,test,1,0,none,none,2025-06-16T07:50:00Z,,0
S017472,test,1,0,none,none,2025-06-16T08:00:00Z,,0
S017473,test,1,0,none,none,2025-06-16T08:10:00Z,1,1
S017474,test,1,0,none,none,2025-06-16T08:20:00Z,,0
S017475,test,1,0,none,none,2025-06-16T08:30:00Z,,0
S017476,test,1,0,none,none,2025-06-16T08:40:00Z,,0
S017477,test,1,0,none,none,2025-06-16T08:50:00Z,,0
S017478,test,0,1,microbump_open_bridge,reflow,2025-06-16T09:00:00Z,,0
S017479,test,1,0,none,none,2025-06-16T09:10:00Z,1,1
S017480,test,1,0,none,none,2025-06-16T09:20:00Z,1,1
S017481,test,1,0,none,none,2025-06-16T09:30:00Z,,0
S017482,test,1,0,none,none,2025-06-16T09:40:00Z,,0
S017483,test,1,0,none,none,2025-06-16T09:50:00Z,,0
S017484,test,1,0,none,none,2025-06-16T10:00:00Z,,0
S017485,test,1,0,none,none,2025-06-16T10:10:00Z,,0
S017486,test,1,0,none,none,2025-06-16T10:20:00Z,,0
S017487,test,1,0,none,none,2025-06-16T10:30:00Z,,0
S017488,test,1,0,none,none,2025-06-16T10:40:00Z,,0
S017489,test,1,0,none,none,2025-06-16T10:50:00Z,,0
S017490,test,1,0,none,none,2025-06-16T11:00:00Z,1,1
S017491,test,1,0,none,none,2025-06-16T11:10:00Z,,0
S017492,test,1,0,none,none,2025-06-16T11:20:00Z,,0
S017493,test,1,0,none,none,2025-06-16T11:30:00Z,,0
S017494,test,1,0,none,none,2025-06-16T11:40:00Z,,0
S017495,test,1,0,none,none,2025-06-16T11:50:00Z,,0
S017496,test,1,0,none,none,2025-06-16T12:00:00Z,1,1
S017497,test,1,0,none,none,2025-06-16T12:10:00Z,,0
S017498,test,1,0,none,none,2025-06-16T12:20:00Z,1,1
S017499,test,0,1,tsv_open_short,tsv_or_interconnect,2025-06-16T12:30:00Z,,0
S017500,test,1,0,none,none,2025-06-16T12:40:00Z,,0
S017501,test,1,0,none,none,2025-06-16T12:50:00Z,,0
S017502,test,1,0,none,none,2025-06-16T13:00:00Z,,0
S017503,test,1,0,none,none,2025-06-16T13:10:00Z,,0
S017504,test,1,0,none,none,2025-06-16T13:20:00Z,,0
S017505,test,1,0,none,none,2025-06-16T13:30:00Z,,0
S017506,test,1,0,none,none,2025-06-16T13:40:00Z,1,1
S017507,test,1,0,none,none,2025-06-16T13:50:00Z,,0
S017508,test,1,0,none,none,2025-06-16T14:00:00Z,,0
S017509,test,1,0,none,none,2025-06-16T14:10:00Z,1,1
S017510,test,1,0,none,none,2025-06-16T14:20:00Z,,0
S017511,test,1,0,none,none,2025-06-16T14:30:00Z,,0
S017512,test,1,0,none,none,2025-06-16T14:40:00Z,,0
S017513,test,1,0,none,none,2025-06-16T14:50:00Z,,0
S017514,test,1,0,none,none,2025-06-16T15:00:00Z,,0
S017515,test,1,0,none,none,2025-06-16T15:10:00Z,,0
S017516,test,1,0,none,none,2025-06-16T15:20:00Z,,0
S017517,test,1,0,none,none,2025-06-16T15:30:00Z,,0
S017518,test,1,0,none,none,2025-06-16T15:40:00Z,,0
S017519,test,1,0,none,none,2025-06-16T15:50:00Z,,0
S017520,test,1,0,none,none,2025-06-16T16:00:00Z,,0
S017521,test,1,0,none,none,2025-06-16T16:10:00Z,,0
S017522,test,1,0,none,none,2025-06-16T16:20:00Z,,0
S017523,test,1,0,none,none,2025-06-16T16:30:00Z,,0
S017524,test,0,1,delamination,molding,2025-06-16T16:40:00Z,,0
S017525,test,1,0,none,none,2025-06-16T16:50:00Z,,0
S017526,test,1,0,none,none,2025-06-16T17:00:00Z,,0
S017527,test,1,0,none,none,2025-06-16T17:10:00Z,,0
S017528,test,1,0,none,none,2025-06-16T17:20:00Z,,0
S017529,test,1,0,none,none,2025-06-16T17:30:00Z,1,1
S017530,test,1,0,none,none,2025-06-16T17:40:00Z,,0
S017531,test,1,0,none,none,2025-06-16T17:50:00Z,,0
S017532,test,1,0,none,none,2025-06-16T18:00:00Z,,0
S017533,test,1,0,none,none,2025-06-16T18:10:00Z,1,1
S017534,test,1,0,none,none,2025-06-16T18:20:00Z,,0
S017535,test,1,0,none,none,2025-06-16T18:30:00Z,,0
S017536,test,1,0,none,none,2025-06-16T18:40:00Z,,0
S017537,test,1,0,none,none,2025-06-16T18:50:00Z,,0
S017538,test,1,0,none,none,2025-06-16T19:00:00Z,1,1
S017539,test,1,0,none,none,2025-06-16T19:10:00Z,,0
S017540,test,1,0,none,none,2025-06-16T19:20:00Z,,0
S017541,test,1,0,none,none,2025-06-16T15:40:00Z,,0
S017542,test,0,1,dram_electrical,dram_or_base,2025-06-16T15:50:00Z,,0
S017543,test,1,0,none,none,2025-06-16T16:00:00Z,,0
S017544,test,1,0,none,none,2025-06-16T16:10:00Z,,0
S017545,test,1,0,none,none,2025-06-16T16:20:00Z,,0
S017546,test,1,0,none,none,2025-06-16T16:30:00Z,,0
S017547,test,1,0,none,none,2025-06-16T16:40:00Z,,0
S017548,test,1,0,none,none,2025-06-16T16:50:00Z,,0
S017549,test,0,1,underfill_void,molding,2025-06-16T17:00:00Z,,0
S017550,test,0,1,dram_electrical,dram_or_base,2025-06-16T17:10:00Z,,0
S017551,test,1,0,none,none,2025-06-16T17:20:00Z,,0
S017552,test,1,0,none,none,2025-06-16T17:30:00Z,,0
S017553,test,1,0,none,none,2025-06-16T17:40:00Z,,0
S017554,test,1,0,none,none,2025-06-16T17:50:00Z,,0
S017555,test,1,0,none,none,2025-06-16T18:00:00Z,,0
S017556,test,1,0,none,none,2025-06-16T18:10:00Z,,0
S017557,test,1,0,none,none,2025-06-16T18:20:00Z,0,1
S017558,test,1,0,none,none,2025-06-16T18:30:00Z,,0
S017559,test,1,0,none,none,2025-06-16T18:40:00Z,,0
S017560,test,0,1,delamination,molding,2025-06-16T18:50:00Z,,0
S017561,test,1,0,none,none,2025-06-16T19:00:00Z,1,1
S017562,test,1,0,none,none,2025-06-16T19:10:00Z,1,1
S017563,test,1,0,none,none,2025-06-16T19:20:00Z,,0
S017564,test,1,0,none,none,2025-06-16T19:30:00Z,,0
S017565,test,1,0,none,none,2025-06-16T19:40:00Z,,0
S017566,test,1,0,none,none,2025-06-16T19:50:00Z,1,1
S017567,test,0,1,delamination,molding,2025-06-16T20:00:00Z,,0
S017568,test,1,0,none,none,2025-06-16T20:10:00Z,,0
S017569,test,1,0,none,none,2025-06-16T20:20:00Z,,0
S017570,test,1,0,none,none,2025-06-16T20:30:00Z,,0
S017571,test,1,0,none,none,2025-06-16T20:40:00Z,,0
S017572,test,1,0,none,none,2025-06-16T20:50:00Z,,0
S017573,test,1,0,none,none,2025-06-16T21:00:00Z,,0
S017574,test,1,0,none,none,2025-06-16T21:10:00Z,,0
S017575,test,1,0,none,none,2025-06-16T21:20:00Z,,0
S017576,test,1,0,none,none,2025-06-16T21:30:00Z,,0
S017577,test,1,0,none,none,2025-06-16T21:40:00Z,,0
S017578,test,1,0,none,none,2025-06-16T21:50:00Z,,0
S017579,test,1,0,none,none,2025-06-16T22:00:00Z,,0
S017580,test,1,0,none,none,2025-06-16T22:10:00Z,,0
S017581,test,1,0,none,none,2025-06-16T22:20:00Z,,0
S017582,test,1,0,none,none,2025-06-16T22:30:00Z,,0
S017583,test,1,0,none,none,2025-06-16T22:40:00Z,1,1
S017584,test,1,0,none,none,2025-06-16T22:50:00Z,,0
S017585,test,1,0,none,none,2025-06-16T23:00:00Z,,0
S017586,test,1,0,none,none,2025-06-16T23:10:00Z,,0
S017587,test,1,0,none,none,2025-06-16T23:20:00Z,,0
S017588,test,1,0,none,none,2025-06-16T23:30:00Z,,0
S017589,test,0,1,warpage,assembly,2025-06-16T23:40:00Z,,0
S017590,test,0,1,warpage,assembly,2025-06-16T23:50:00Z,,0
S017591,test,1,0,none,none,2025-06-17T00:00:00Z,,0
S017592,test,1,0,none,none,2025-06-17T00:10:00Z,,0
S017593,test,1,0,none,none,2025-06-17T00:20:00Z,,0
S017594,test,1,0,none,none,2025-06-17T00:30:00Z,1,1
S017595,test,0,1,microbump_open_bridge,reflow,2025-06-17T00:40:00Z,,0
S017596,test,0,1,dram_electrical,dram_or_base,2025-06-17T00:50:00Z,,0
S017597,test,1,0,none,none,2025-06-17T01:00:00Z,,0
S017598,test,1,0,none,none,2025-06-17T01:10:00Z,,0
S017599,test,1,0,none,none,2025-06-17T01:20:00Z,,0
S017600,test,1,0,none,none,2025-06-17T01:30:00Z,,0
S017601,test,0,1,warpage,assembly,2025-06-17T01:40:00Z,,0
S017602,test,1,0,none,none,2025-06-17T01:50:00Z,,0
S017603,test,1,0,none,none,2025-06-17T03:40:00Z,1,1
S017604,test,1,0,none,none,2025-06-17T03:50:00Z,1,1
S017605,test,1,0,none,none,2025-06-17T04:00:00Z,,0
S017606,test,1,0,none,none,2025-06-17T04:10:00Z,,0
S017607,test,1,0,none,none,2025-06-17T04:20:00Z,,0
S017608,test,1,0,none,none,2025-06-17T04:30:00Z,,0
S017609,test,1,0,none,none,2025-06-17T04:40:00Z,,0
S017610,test,1,0,none,none,2025-06-17T04:50:00Z,,0
S017611,test,1,0,none,none,2025-06-17T05:00:00Z,,0
S017612,test,1,0,none,none,2025-06-17T05:10:00Z,,0
S017613,test,1,0,none,none,2025-06-17T05:20:00Z,,0
S017614,test,1,0,none,none,2025-06-17T05:30:00Z,,0
S017615,test,1,0,none,none,2025-06-17T05:40:00Z,,0
S017616,test,1,0,none,none,2025-06-17T05:50:00Z,,0
S017617,test,1,0,none,none,2025-06-17T06:00:00Z,1,1
S017618,test,0,1,warpage,assembly,2025-06-17T06:10:00Z,,0
S017619,test,1,0,none,none,2025-06-17T06:20:00Z,,0
S017620,test,1,0,none,none,2025-06-17T06:30:00Z,1,1
S017621,test,0,1,underfill_void,molding,2025-06-17T06:40:00Z,,0
S017622,test,1,0,none,none,2025-06-17T06:50:00Z,,0
S017623,test,1,0,none,none,2025-06-17T07:00:00Z,,0
S017624,test,1,0,none,none,2025-06-17T07:10:00Z,,0
S017625,test,1,0,none,none,2025-06-17T07:20:00Z,,0
S017626,test,1,0,none,none,2025-06-17T07:30:00Z,,0
S017627,test,1,0,none,none,2025-06-17T07:40:00Z,,0
S017628,test,1,0,none,none,2025-06-17T07:50:00Z,,0
S017629,test,1,0,none,none,2025-06-17T08:00:00Z,,0
S017630,test,1,0,none,none,2025-06-17T08:10:00Z,,0
S017631,test,1,0,none,none,2025-06-17T08:20:00Z,,0
S017632,test,1,0,none,none,2025-06-17T08:30:00Z,1,1
S017633,test,1,0,none,none,2025-06-17T08:40:00Z,,0
S017634,test,1,0,none,none,2025-06-17T08:50:00Z,,0
S017635,test,1,0,none,none,2025-06-17T09:00:00Z,,0
S017636,test,0,1,dram_electrical,dram_or_base,2025-06-17T09:10:00Z,,0
S017637,test,1,0,none,none,2025-06-17T09:20:00Z,,0
S017638,test,1,0,none,none,2025-06-17T09:30:00Z,,0
S017639,test,0,1,tsv_open_short,tsv_or_interconnect,2025-06-17T09:40:00Z,,0
S017640,test,1,0,none,none,2025-06-17T09:50:00Z,1,1
S017641,test,1,0,none,none,2025-06-17T10:00:00Z,,0
S017642,test,1,0,none,none,2025-06-17T10:10:00Z,,0
S017643,test,1,0,none,none,2025-06-17T10:20:00Z,,0
S017644,test,1,0,none,none,2025-06-17T10:30:00Z,1,1
S017645,test,1,0,none,none,2025-06-17T10:40:00Z,,0
S017646,test,1,0,none,none,2025-06-17T10:50:00Z,1,1
S017647,test,1,0,none,none,2025-06-17T11:00:00Z,,0
S017648,test,1,0,none,none,2025-06-17T11:10:00Z,,0
S017649,test,1,0,none,none,2025-06-17T11:20:00Z,,0
S017650,test,1,0,none,none,2025-06-17T11:30:00Z,,0
S017651,test,1,0,none,none,2025-06-17T11:40:00Z,,0
S017652,test,0,1,tsv_open_short,tsv_or_interconnect,2025-06-17T11:50:00Z,,0
S017653,test,1,0,none,none,2025-06-17T12:00:00Z,,0
S017654,test,1,0,none,none,2025-06-17T12:10:00Z,,0
S017655,test,1,0,none,none,2025-06-17T12:20:00Z,,0
S017656,test,1,0,none,none,2025-06-17T12:30:00Z,,0
S017657,test,0,1,warpage,assembly,2025-06-17T12:40:00Z,,0
S017658,test,1,0,none,none,2025-06-17T12:50:00Z,,0
S017659,test,1,0,none,none,2025-06-17T13:00:00Z,,0
S017660,test,1,0,none,none,2025-06-17T13:10:00Z,1,1
S017661,test,1,0,none,none,2025-06-17T13:20:00Z,,0
S017662,test,1,0,none,none,2025-06-17T13:30:00Z,,0
S017663,test,1,0,none,none,2025-06-17T13:40:00Z,1,1
S017664,test,1,0,none,none,2025-06-17T13:50:00Z,,0
S017665,test,1,0,none,none,2025-06-17T14:00:00Z,1,1
S017666,test,1,0,none,none,2025-06-17T14:10:00Z,1,1
S017667,test,1,0,none,none,2025-06-17T15:40:00Z,1,1
S017668,test,1,0,none,none,2025-06-17T15:50:00Z,,0
S017669,test,0,1,microbump_open_bridge,reflow,2025-06-17T16:00:00Z,,0
S017670,test,1,0,none,none,2025-06-17T16:10:00Z,,0
S017671,test,1,0,none,none,2025-06-17T16:20:00Z,1,1
S017672,test,1,0,none,none,2025-06-17T16:30:00Z,,0
S017673,test,1,0,none,none,2025-06-17T16:40:00Z,,0
S017674,test,1,0,none,none,2025-06-17T16:50:00Z,1,1
S017675,test,1,0,none,none,2025-06-17T17:00:00Z,,0
S017676,test,1,0,none,none,2025-06-17T17:10:00Z,,0
S017677,test,1,0,none,none,2025-06-17T17:20:00Z,1,1
S017678,test,1,0,none,none,2025-06-17T17:30:00Z,,0
S017679,test,1,0,none,none,2025-06-17T17:40:00Z,,0
S017680,test,1,0,none,none,2025-06-17T17:50:00Z,,0
S017681,test,1,0,none,none,2025-06-17T18:00:00Z,,0
S017682,test,1,0,none,none,2025-06-17T18:10:00Z,1,1
S017683,test,1,0,none,none,2025-06-17T18:20:00Z,,0
S017684,test,1,0,none,none,2025-06-17T18:30:00Z,,0
S017685,test,1,0,none,none,2025-06-17T18:40:00Z,,0
S017686,test,1,0,none,none,2025-06-17T18:50:00Z,,0
S017687,test,1,0,none,none,2025-06-17T19:00:00Z,,0
S017688,test,1,0,none,none,2025-06-17T19:10:00Z,,0
S017689,test,1,0,none,none,2025-06-17T19:20:00Z,,0
S017690,test,1,0,none,none,2025-06-17T19:30:00Z,,0
S017691,test,1,0,none,none,2025-06-17T19:40:00Z,,0
S017692,test,1,0,none,none,2025-06-17T19:50:00Z,,0
S017693,test,1,0,none,none,2025-06-17T20:00:00Z,,0
S017694,test,1,0,none,none,2025-06-17T20:10:00Z,1,1
S017695,test,1,0,none,none,2025-06-17T20:20:00Z,1,1
S017696,test,1,0,none,none,2025-06-17T20:30:00Z,,0
S017697,test,1,0,none,none,2025-06-17T20:40:00Z,,0
S017698,test,1,0,none,none,2025-06-17T20:50:00Z,1,1
S017699,test,1,0,none,none,2025-06-17T21:00:00Z,,0
S017700,test,1,0,none,none,2025-06-17T21:10:00Z,,0
S017701,test,1,0,none,none,2025-06-17T21:20:00Z,1,1
S017702,test,1,0,none,none,2025-06-17T21:30:00Z,,0
S017703,test,0,1,dram_electrical,dram_or_base,2025-06-17T21:40:00Z,,0
S017704,test,1,0,none,none,2025-06-17T21:50:00Z,1,1
S017705,test,1,0,none,none,2025-06-17T22:00:00Z,,0
S017706,test,1,0,none,none,2025-06-17T22:10:00Z,,0
S017707,test,1,0,none,none,2025-06-17T22:20:00Z,1,1
S017708,test,1,0,none,none,2025-06-17T22:30:00Z,,0
S017709,test,1,0,none,none,2025-06-17T22:40:00Z,,0
S017710,test,1,0,none,none,2025-06-17T22:50:00Z,,0
S017711,test,1,0,none,none,2025-06-17T23:00:00Z,1,1
S017712,test,1,0,none,none,2025-06-17T23:10:00Z,,0
S017713,test,1,0,none,none,2025-06-17T23:20:00Z,,0
S017714,test,1,0,none,none,2025-06-17T23:30:00Z,,0
S017715,test,1,0,none,none,2025-06-17T23:40:00Z,,0
S017716,test,1,0,none,none,2025-06-17T23:50:00Z,,0
S017717,test,1,0,none,none,2025-06-18T00:00:00Z,,0
S017718,test,1,0,none,none,2025-06-18T00:10:00Z,,0
S017719,test,1,0,none,none,2025-06-18T00:20:00Z,1,1
S017720,test,1,0,none,none,2025-06-18T00:30:00Z,,0
S017721,test,1,0,none,none,2025-06-18T00:40:00Z,,0
S017722,test,1,0,none,none,2025-06-18T00:50:00Z,,0
S017723,test,1,0,none,none,2025-06-18T01:00:00Z,,0
S017724,test,1,0,none,none,2025-06-18T01:10:00Z,,0
S017725,test,1,0,none,none,2025-06-18T01:20:00Z,1,1
S017726,test,1,0,none,none,2025-06-18T01:30:00Z,,0
S017727,test,1,0,none,none,2025-06-18T01:40:00Z,1,1
S017728,test,1,0,none,none,2025-06-18T01:50:00Z,,0
S017729,test,1,0,none,none,2025-06-18T02:00:00Z,,0
S017730,test,1,0,none,none,2025-06-18T02:10:00Z,,0
S017731,test,1,0,none,none,2025-06-18T03:40:00Z,,0
S017732,test,1,0,none,none,2025-06-18T03:50:00Z,,0
S017733,test,1,0,none,none,2025-06-18T04:00:00Z,,0
S017734,test,1,0,none,none,2025-06-18T04:10:00Z,,0
S017735,test,1,0,none,none,2025-06-18T04:20:00Z,,0
S017736,test,1,0,none,none,2025-06-18T04:30:00Z,,0
S017737,test,1,0,none,none,2025-06-18T04:40:00Z,,0
S017738,test,1,0,none,none,2025-06-18T04:50:00Z,,0
S017739,test,1,0,none,none,2025-06-18T05:00:00Z,0,1
S017740,test,1,0,none,none,2025-06-18T05:10:00Z,,0
S017741,test,1,0,none,none,2025-06-18T05:20:00Z,,0
S017742,test,1,0,none,none,2025-06-18T05:30:00Z,,0
S017743,test,1,0,none,none,2025-06-18T05:40:00Z,1,1
S017744,test,1,0,none,none,2025-06-18T05:50:00Z,,0
S017745,test,1,0,none,none,2025-06-18T06:00:00Z,,0
S017746,test,1,0,none,none,2025-06-18T06:10:00Z,,0
S017747,test,1,0,none,none,2025-06-18T06:20:00Z,,0
S017748,test,1,0,none,none,2025-06-18T06:30:00Z,,0
S017749,test,1,0,none,none,2025-06-18T06:40:00Z,,0
S017750,test,1,0,none,none,2025-06-18T06:50:00Z,1,1
S017751,test,1,0,none,none,2025-06-18T07:00:00Z,1,1
S017752,test,1,0,none,none,2025-06-18T07:10:00Z,,0
S017753,test,1,0,none,none,2025-06-18T07:20:00Z,1,1
S017754,test,1,0,none,none,2025-06-18T07:30:00Z,,0
S017755,test,1,0,none,none,2025-06-18T07:40:00Z,,0
S017756,test,1,0,none,none,2025-06-18T07:50:00Z,,0
S017757,test,1,0,none,none,2025-06-18T08:00:00Z,1,1
S017758,test,1,0,none,none,2025-06-18T08:10:00Z,1,1
S017759,test,1,0,none,none,2025-06-18T08:20:00Z,,0
S017760,test,1,0,none,none,2025-06-18T08:30:00Z,,0
S017761,test,1,0,none,none,2025-06-18T08:40:00Z,,0
S017762,test,1,0,none,none,2025-06-18T08:50:00Z,,0
S017763,test,1,0,none,none,2025-06-18T09:00:00Z,1,1
S017764,test,1,0,none,none,2025-06-18T09:10:00Z,1,1
S017765,test,1,0,none,none,2025-06-18T09:20:00Z,,0
S017766,test,1,0,none,none,2025-06-18T09:30:00Z,,0
S017767,test,1,0,none,none,2025-06-18T09:40:00Z,,0
S017768,test,1,0,none,none,2025-06-18T09:50:00Z,,0
S017769,test,1,0,none,none,2025-06-18T10:00:00Z,,0
S017770,test,1,0,none,none,2025-06-18T10:10:00Z,1,1
S017771,test,1,0,none,none,2025-06-18T10:20:00Z,,0
S017772,test,1,0,none,none,2025-06-18T10:30:00Z,,0
S017773,test,1,0,none,none,2025-06-18T10:40:00Z,,0
S017774,test,1,0,none,none,2025-06-18T10:50:00Z,,0
S017775,test,1,0,none,none,2025-06-18T11:00:00Z,,0
S017776,test,1,0,none,none,2025-06-18T11:10:00Z,,0
S017777,test,1,0,none,none,2025-06-18T11:20:00Z,,0
S017778,test,1,0,none,none,2025-06-18T11:30:00Z,,0
S017779,test,1,0,none,none,2025-06-18T11:40:00Z,0,1
S017780,test,0,1,warpage,assembly,2025-06-18T11:50:00Z,,0
S017781,test,1,0,none,none,2025-06-18T12:00:00Z,,0
S017782,test,1,0,none,none,2025-06-18T12:10:00Z,1,1
S017783,test,1,0,none,none,2025-06-18T12:20:00Z,,0
S017784,test,1,0,none,none,2025-06-18T12:30:00Z,1,1
S017785,test,1,0,none,none,2025-06-18T12:40:00Z,,0
S017786,test,1,0,none,none,2025-06-18T12:50:00Z,,0
S017787,test,1,0,none,none,2025-06-18T13:00:00Z,,0
S017788,test,1,0,none,none,2025-06-18T13:10:00Z,,0
S017789,test,1,0,none,none,2025-06-18T13:20:00Z,,0
S017790,test,1,0,none,none,2025-06-18T13:30:00Z,,0
S017791,test,1,0,none,none,2025-06-18T13:40:00Z,,0
S017792,test,1,0,none,none,2025-06-18T13:50:00Z,,0
S017793,test,1,0,none,none,2025-06-18T14:00:00Z,,0
