wafer_id,lot_id,wafer_slot,wafer_diameter_mm,full_die_sites_on_assumed_grid,sampled_die_sites,stack_layer_count,split,start_time_utc
W000001,L0001,1,300,621,32,12,train,2025-01-01T00:00:00Z
W000002,L0001,2,300,621,32,12,train,2025-01-01T00:08:00Z
W000003,L0001,3,300,621,32,12,train,2025-01-01T00:16:00Z
W000004,L0001,4,300,621,32,12,train,2025-01-01T00:24:00Z
W000005,L0001,5,300,621,32,12,train,2025-01-01T00:32:00Z
W000006,L0001,6,300,621,32,12,train,2025-01-01T00:40:00Z
W000007,L0001,7,300,621,32,12,train,2025-01-01T00:48:00Z
W000008,L0001,8,300,621,32,12,train,2025-01-01T00:56:00Z
W000009,L0001,9,300,621,32,12,train,2025-01-01T01:04:00Z
W000010,L0001,10,300,621,32,12,train,2025-01-01T01:12:00Z
W000011,L0001,11,300,621,32,12,train,2025-01-01T01:20:00Z
W000012,L0001,12,300,621,32,12,train,2025-01-01T01:28:00Z
W000013,L0001,13,300,621,32,12,train,2025-01-01T01:36:00Z
W000014,L0001,14,300,621,32,12,train,2025-01-01T01:44:00Z
W000015,L0001,15,300,621,32,12,train,2025-01-01T01:52:00Z
W000016,L0001,16,300,621,32,12,train,2025-01-01T02:00:00Z
W000017,L0001,17,300,621,32,12,train,2025-01-01T02:08:00Z
W000018,L0001,18,300,621,32,12,train,2025-01-01T02:16:00Z
W000019,L0001,19,300,621,32,12,train,2025-01-01T02:24:00Z
W000020,L0001,20,300,621,32,12,train,2025-01-01T02:32:00Z
W000021,L0001,21,300,621,32,12,train,2025-01-01T02:40:00Z
W000022,L0001,22,300,621,32,12,train,2025-01-01T02:48:00Z
W000023,L0001,23,300,621,32,12,train,2025-01-01T02:56:00Z
W000024,L0001,24,300,621,32,12,train,2025-01-01T03:04:00Z
W000025,L0001,25,300,621,32,12,train,2025-01-01T03:12:00Z
W000026,L0002,1,300,621,32,12,train,2025-01-01T12:00:00Z
W000027,L0002,2,300,621,32,12,train,2025-01-01T12:08:00Z
W000028,L0002,3,300,621,32,12,train,2025-01-01T12:16:00Z
W000029,L0002,4,300,621,32,12,train,2025-01-01T12:24:00Z
W000030,L0002,5,300,621,32,12,train,2025-01-01T12:32:00Z
W000031,L0002,6,300,621,32,12,train,2025-01-01T12:40:00Z
W000032,L0002,7,300,621,32,12,train,2025-01-01T12:48:00Z
W000033,L0002,8,300,621,32,12,train,2025-01-01T12:56:00Z
W000034,L0002,9,300,621,32,12,train,2025-01-01T13:04:00Z
W000035,L0002,10,300,621,32,12,train,2025-01-01T13:12:00Z
W000036,L0002,11,300,621,32,12,train,2025-01-01T13:20:00Z
W000037,L0002,12,300,621,32,12,train,2025-01-01T13:28:00Z
W000038,L0002,13,300,621,32,12,train,2025-01-01T13:36:00Z
W000039,L0002,14,300,621,32,12,train,2025-01-01T13:44:00Z
W000040,L0002,15,300,621,32,12,train,2025-01-01T13:52:00Z
W000041,L0002,16,300,621,32,12,train,2025-01-01T14:00:00Z
W000042,L0002,17,300,621,32,12,train,2025-01-01T14:08:00Z
W000043,L0002,18,300,621,32,12,train,2025-01-01T14:16:00Z
W000044,L0002,19,300,621,32,12,train,2025-01-01T14:24:00Z
W000045,L0002,20,300,621,32,12,train,2025-01-01T14:32:00Z
W000046,L0002,21,300,621,32,12,train,2025-01-01T14:40:00Z
W000047,L0002,22,300,621,32,12,train,2025-01-01T14:48:00Z
W000048,L0002,23,300,621,32,12,train,2025-01-01T14:56:00Z
W000049,L0002,24,300,621,32,12,train,2025-01-01T15:04:00Z
W000050,L0002,25,300,621,32,12,train,2025-01-01T15:12:00Z
W000051,L0003,1,300,621,32,12,train,2025-01-02T00:00:00Z
W000052,L0003,2,300,621,32,12,train,2025-01-02T00:08:00Z
W000053,L0003,3,300,621,32,12,train,2025-01-02T00:16:00Z
W000054,L0003,4,300,621,32,12,train,2025-01-02T00:24:00Z
W000055,L0003,5,300,621,32,12,train,2025-01-02T00:32:00Z
W000056,L0003,6,300,621,32,12,train,2025-01-02T00:40:00Z
W000057,L0003,7,300,621,32,12,train,2025-01-02T00:48:00Z
W000058,L0003,8,300,621,32,12,train,2025-01-02T00:56:00Z
W000059,L0003,9,300,621,32,12,train,2025-01-02T01:04:00Z
W000060,L0003,10,300,621,32,12,train,2025-01-02T01:12:00Z
W000061,L0003,11,300,621,32,12,train,2025-01-02T01:20:00Z
W000062,L0003,12,300,621,32,12,train,2025-01-02T01:28:00Z
W000063,L0003,13,300,621,32,12,train,2025-01-02T01:36:00Z
W000064,L0003,14,300,621,32,12,train,2025-01-02T01:44:00Z
W000065,L0003,15,300,621,32,12,train,2025-01-02T01:52:00Z
W000066,L0003,16,300,621,32,12,train,2025-01-02T02:00:00Z
W000067,L0003,17,300,621,32,12,train,2025-01-02T02:08:00Z
W000068,L0003,18,300,621,32,12,train,2025-01-02T02:16:00Z
W000069,L0003,19,300,621,32,12,train,2025-01-02T02:24:00Z
W000070,L0003,20,300,621,32,12,train,2025-01-02T02:32:00Z
W000071,L0003,21,300,621,32,12,train,2025-01-02T02:40:00Z
W000072,L0003,22,300,621,32,12,train,2025-01-02T02:48:00Z
W000073,L0003,23,300,621,32,12,train,2025-01-02T02:56:00Z
W000074,L0003,24,300,621,32,12,train,2025-01-02T03:04:00Z
W000075,L0003,25,300,621,32,12,train,2025-01-02T03:12:00Z
W000076,L0004,1,300,621,32,8,train,2025-01-02T12:00:00Z
W000077,L0004,2,300,621,32,8,train,2025-01-02T12:08:00Z
W000078,L0004,3,300,621,32,8,train,2025-01-02T12:16:00Z
W000079,L0004,4,300,621,32,8,train,2025-01-02T12:24:00Z
W000080,L0004,5,300,621,32,8,train,2025-01-02T12:32:00Z
W000081,L0004,6,300,621,32,8,train,2025-01-02T12:40:00Z
W000082,L0004,7,300,621,32,8,train,2025-01-02T12:48:00Z
W000083,L0004,8,300,621,32,8,train,2025-01-02T12:56:00Z
W000084,L0004,9,300,621,32,8,train,2025-01-02T13:04:00Z
W000085,L0004,10,300,621,32,8,train,2025-01-02T13:12:00Z
W000086,L0004,11,300,621,32,8,train,2025-01-02T13:20:00Z
W000087,L0004,12,300,621,32,8,train,2025-01-02T13:28:00Z
W000088,L0004,13,300,621,32,8,train,2025-01-02T13:36:00Z
W000089,L0004,14,300,621,32,8,train,2025-01-02T13:44:00Z
W000090,L0004,15,300,621,32,8,train,2025-01-02T13:52:00Z
W000091,L0004,16,300,621,32,8,train,2025-01-02T14:00:00Z
W000092,L0004,17,300,621,32,8,train,2025-01-02T14:08:00Z
W000093,L0004,18,300,621,32,8,train,2025-01-02T14:16:00Z
W000094,L0004,19,300,621,32,8,train,2025-01-02T14:24:00Z
W000095,L0004,20,300,621,32,8,train,2025-01-02T14:32:00Z
W000096,L0004,21,300,621,32,8,train,2025-01-02T14:40:00Z
W000097,L0004,22,300,621,32,8,train,2025-01-02T14:48:00Z
W000098,L0004,23,300,621,32,8,train,2025-01-02T14:56:00Z
W000099,L0004,24,300,621,32,8,train,2025-01-02T15:04:00Z
W000100,L0004,25,300,621,32,8,train,2025-01-02T15:12:00Z
W000101,L0005,1,300,621,32,12,train,2025-01-03T00:00:00Z
W000102,L0005,2,300,621,32,12,train,2025-01-03T00:08:00Z
W000103,L0005,3,300,621,32,12,train,2025-01-03T00:16:00Z
W000104,L0005,4,300,621,32,12,train,2025-01-03T00:24:00Z
W000105,L0005,5,300,621,32,12,train,2025-01-03T00:32:00Z
W000106,L0005,6,300,621,32,12,train,2025-01-03T00:40:00Z
W000107,L0005,7,300,621,32,12,train,2025-01-03T00:48:00Z
W000108,L0005,8,300,621,32,12,train,2025-01-03T00:56:00Z
W000109,L0005,9,300,621,32,12,train,2025-01-03T01:04:00Z
W000110,L0005,10,300,621,32,12,train,2025-01-03T01:12:00Z
W000111,L0005,11,300,621,32,12,train,2025-01-03T01:20:00Z
W000112,L0005,12,300,621,32,12,train,2025-01-03T01:28:00Z
W000113,L0005,13,300,621,32,12,train,2025-01-03T01:36:00Z
W000114,L0005,14,300,621,32,12,train,2025-01-03T01:44:00Z
W000115,L0005,15,300,621,32,12,train,2025-01-03T01:52:00Z
W000116,L0005,16,300,621,32,12,train,2025-01-03T02:00:00Z
W000117,L0005,17,300,621,32,12,train,2025-01-03T02:08:00Z
W000118,L0005,18,300,621,32,12,train,2025-01-03T02:16:00Z
W000119,L0005,19,300,621,32,12,train,2025-01-03T02:24:00Z
W000120,L0005,20,300,621,32,12,train,2025-01-03T02:32:00Z
W000121,L0005,21,300,621,32,12,train,2025-01-03T02:40:00Z
W000122,L0005,22,300,621,32,12,train,2025-01-03T02:48:00Z
W000123,L0005,23,300,621,32,12,train,2025-01-03T02:56:00Z
W000124,L0005,24,300,621,32,12,train,2025-01-03T03:04:00Z
W000125,L0005,25,300,621,32,12,train,2025-01-03T03:12:00Z
W000126,L0006,1,300,621,32,8,train,2025-01-03T12:00:00Z
W000127,L0006,2,300,621,32,8,train,2025-01-03T12:08:00Z
W000128,L0006,3,300,621,32,8,train,2025-01-03T12:16:00Z
W000129,L0006,4,300,621,32,8,train,2025-01-03T12:24:00Z
W000130,L0006,5,300,621,32,8,train,2025-01-03T12:32:00Z
W000131,L0006,6,300,621,32,8,train,2025-01-03T12:40:00Z
W000132,L0006,7,300,621,32,8,train,2025-01-03T12:48:00Z
W000133,L0006,8,300,621,32,8,train,2025-01-03T12:56:00Z
W000134,L0006,9,300,621,32,8,train,2025-01-03T13:04:00Z
W000135,L0006,10,300,621,32,8,train,2025-01-03T13:12:00Z
W000136,L0006,11,300,621,32,8,train,2025-01-03T13:20:00Z
W000137,L0006,12,300,621,32,8,train,2025-01-03T13:28:00Z
W000138,L0006,13,300,621,32,8,train,2025-01-03T13:36:00Z
W000139,L0006,14,300,621,32,8,train,2025-01-03T13:44:00Z
W000140,L0006,15,300,621,32,8,train,2025-01-03T13:52:00Z
W000141,L0006,16,300,621,32,8,train,2025-01-03T14:00:00Z
W000142,L0006,17,300,621,32,8,train,2025-01-03T14:08:00Z
W000143,L0006,18,300,621,32,8,train,2025-01-03T14:16:00Z
W000144,L0006,19,300,621,32,8,train,2025-01-03T14:24:00Z
W000145,L0006,20,300,621,32,8,train,2025-01-03T14:32:00Z
W000146,L0006,21,300,621,32,8,train,2025-01-03T14:40:00Z
W000147,L0006,22,300,621,32,8,train,2025-01-03T14:48:00Z
W000148,L0006,23,300,621,32,8,train,2025-01-03T14:56:00Z
W000149,L0006,24,300,621,32,8,train,2025-01-03T15:04:00Z
W000150,L0006,25,300,621,32,8,train,2025-01-03T15:12:00Z
W000151,L0007,1,300,621,32,8,train,2025-01-04T00:00:00Z
W000152,L0007,2,300,621,32,8,train,2025-01-04T00:08:00Z
W000153,L0007,3,300,621,32,8,train,2025-01-04T00:16:00Z
W000154,L0007,4,300,621,32,8,train,2025-01-04T00:24:00Z
W000155,L0007,5,300,621,32,8,train,2025-01-04T00:32:00Z
W000156,L0007,6,300,621,32,8,train,2025-01-04T00:40:00Z
W000157,L0007,7,300,621,32,8,train,2025-01-04T00:48:00Z
W000158,L0007,8,300,621,32,8,train,2025-01-04T00:56:00Z
W000159,L0007,9,300,621,32,8,train,2025-01-04T01:04:00Z
W000160,L0007,10,300,621,32,8,train,2025-01-04T01:12:00Z
W000161,L0007,11,300,621,32,8,train,2025-01-04T01:20:00Z
W000162,L0007,12,300,621,32,8,train,2025-01-04T01:28:00Z
W000163,L0007,13,300,621,32,8,train,2025-01-04T01:36:00Z
W000164,L0007,14,300,621,32,8,train,2025-01-04T01:44:00Z
W000165,L0007,15,300,621,32,8,train,2025-01-04T01:52:00Z
W000166,L0007,16,300,621,32,8,train,2025-01-04T02:00:00Z
W000167,L0007,17,300,621,32,8,train,2025-01-04T02:08:00Z
W000168,L0007,18,300,621,32,8,train,2025-01-04T02:16:00Z
W000169,L0007,19,300,621,32,8,train,2025-01-04T02:24:00Z
W000170,L0007,20,300,621,32,8,train,2025-01-04T02:32:00Z
W000171,L0007,21,300,621,32,8,train,2025-01-04T02:40:00Z
W000172,L0007,22,300,621,32,8,train,2025-01-04T02:48:00Z
W000173,L0007,23,300,621,32,8,train,2025-01-04T02:56:00Z
W000174,L0007,24,300,621,32,8,train,2025-01-04T03:04:00Z
W000175,L0007,25,300,621,32,8,train,2025-01-04T03:12:00Z
W000176,L0008,1,300,621,32,8,train,2025-01-04T12:00:00Z
W000177,L0008,2,300,621,32,8,train,2025-01-04T12:08:00Z
W000178,L0008,3,300,621,32,8,train,2025-01-04T12:16:00Z
W000179,L0008,4,300,621,32,8,train,2025-01-04T12:24:00Z
W000180,L0008,5,300,621,32,8,train,2025-01-04T12:32:00Z
W000181,L0008,6,300,621,32,8,train,2025-01-04T12:40:00Z
W000182,L0008,7,300,621,32,8,train,2025-01-04T12:48:00Z
W000183,L0008,8,300,621,32,8,train,2025-01-04T12:56:00Z
W000184,L0008,9,300,621,32,8,train,2025-01-04T13:04:00Z
W000185,L0008,10,300,621,32,8,train,2025-01-04T13:12:00Z
W000186,L0008,11,300,621,32,8,train,2025-01-04T13:20:00Z
W000187,L0008,12,300,621,32,8,train,2025-01-04T13:28:00Z
W000188,L0008,13,300,621,32,8,train,2025-01-04T13:36:00Z
W000189,L0008,14,300,621,32,8,train,2025-01-04T13:44:00Z
W000190,L0008,15,300,621,32,8,train,2025-01-04T13:52:00Z
W000191,L0008,16,300,621,32,8,train,2025-01-04T14:00:00Z
W000192,L0008,17,300,621,32,8,train,2025-01-04T14:08:00Z
W000193,L0008,18,300,621,32,8,train,2025-01-04T14:16:00Z
W000194,L0008,19,300,621,32,8,train,2025-01-04T14:24:00Z
W000195,L0008,20,300,621,32,8,train,2025-01-04T14:32:00Z
W000196,L0008,21,300,621,32,8,train,2025-01-04T14:40:00Z
W000197,L0008,22,300,621,32,8,train,2025-01-04T14:48:00Z
W000198,L0008,23,300,621,32,8,train,2025-01-04T14:56:00Z
W000199,L0008,24,300,621,32,8,train,2025-01-04T15:04:00Z
W000200,L0008,25,300,621,32,8,train,2025-01-04T15:12:00Z
W000201,L0009,1,300,621,32,12,train,2025-01-05T00:00:00Z
W000202,L0009,2,300,621,32,12,train,2025-01-05T00:08:00Z
W000203,L0009,3,300,621,32,12,train,2025-01-05T00:16:00Z
W000204,L0009,4,300,621,32,12,train,2025-01-05T00:24:00Z
W000205,L0009,5,300,621,32,12,train,2025-01-05T00:32:00Z
W000206,L0009,6,300,621,32,12,train,2025-01-05T00:40:00Z
W000207,L0009,7,300,621,32,12,train,2025-01-05T00:48:00Z
W000208,L0009,8,300,621,32,12,train,2025-01-05T00:56:00Z
W000209,L0009,9,300,621,32,12,train,2025-01-05T01:04:00Z
W000210,L0009,10,300,621,32,12,train,2025-01-05T01:12:00Z
W000211,L0009,11,300,621,32,12,train,2025-01-05T01:20:00Z
W000212,L0009,12,300,621,32,12,train,2025-01-05T01:28:00Z
W000213,L0009,13,300,621,32,12,train,2025-01-05T01:36:00Z
W000214,L0009,14,300,621,32,12,train,2025-01-05T01:44:00Z
W000215,L0009,15,300,621,32,12,train,2025-01-05T01:52:00Z
W000216,L0009,16,300,621,32,12,train,2025-01-05T02:00:00Z
W000217,L0009,17,300,621,32,12,train,2025-01-05T02:08:00Z
W000218,L0009,18,300,621,32,12,train,2025-01-05T02:16:00Z
W000219,L0009,19,300,621,32,12,train,2025-01-05T02:24:00Z
W000220,L0009,20,300,621,32,12,train,2025-01-05T02:32:00Z
W000221,L0009,21,300,621,32,12,train,2025-01-05T02:40:00Z
W000222,L0009,22,300,621,32,12,train,2025-01-05T02:48:00Z
W000223,L0009,23,300,621,32,12,train,2025-01-05T02:56:00Z
W000224,L0009,24,300,621,32,12,train,2025-01-05T03:04:00Z
W000225,L0009,25,300,621,32,12,train,2025-01-05T03:12:00Z
W000226,L0010,1,300,621,32,8,train,2025-01-05T12:00:00Z
W000227,L0010,2,300,621,32,8,train,2025-01-05T12:08:00Z
W000228,L0010,3,300,621,32,8,train,2025-01-05T12:16:00Z
W000229,L0010,4,300,621,32,8,train,2025-01-05T12:24:00Z
W000230,L0010,5,300,621,32,8,train,2025-01-05T12:32:00Z
W000231,L0010,6,300,621,32,8,train,2025-01-05T12:40:00Z
W000232,L0010,7,300,621,32,8,train,2025-01-05T12:48:00Z
W000233,L0010,8,300,621,32,8,train,2025-01-05T12:56:00Z
W000234,L0010,9,300,621,32,8,train,2025-01-05T13:04:00Z
W000235,L0010,10,300,621,32,8,train,2025-01-05T13:12:00Z
W000236,L0010,11,300,621,32,8,train,2025-01-05T13:20:00Z
W000237,L0010,12,300,621,32,8,train,2025-01-05T13:28:00Z
W000238,L0010,13,300,621,32,8,train,2025-01-05T13:36:00Z
W000239,L0010,14,300,621,32,8,train,2025-01-05T13:44:00Z
W000240,L0010,15,300,621,32,8,train,2025-01-05T13:52:00Z
W000241,L0010,16,300,621,32,8,train,2025-01-05T14:00:00Z
W000242,L0010,17,300,621,32,8,train,2025-01-05T14:08:00Z
W000243,L0010,18,300,621,32,8,train,2025-01-05T14:16:00Z
W000244,L0010,19,300,621,32,8,train,2025-01-05T14:24:00Z
W000245,L0010,20,300,621,32,8,train,2025-01-05T14:32:00Z
W000246,L0010,21,300,621,32,8,train,2025-01-05T14:40:00Z
W000247,L0010,22,300,621,32,8,train,2025-01-05T14:48:00Z
W000248,L0010,23,300,621,32,8,train,2025-01-05T14:56:00Z
W000249,L0010,24,300,621,32,8,train,2025-01-05T15:04:00Z
W000250,L0010,25,300,621,32,8,train,2025-01-05T15:12:00Z
W000251,L0011,1,300,621,32,12,train,2025-01-06T00:00:00Z
W000252,L0011,2,300,621,32,12,train,2025-01-06T00:08:00Z
W000253,L0011,3,300,621,32,12,train,2025-01-06T00:16:00Z
W000254,L0011,4,300,621,32,12,train,2025-01-06T00:24:00Z
W000255,L0011,5,300,621,32,12,train,2025-01-06T00:32:00Z
W000256,L0011,6,300,621,32,12,train,2025-01-06T00:40:00Z
W000257,L0011,7,300,621,32,12,train,2025-01-06T00:48:00Z
W000258,L0011,8,300,621,32,12,train,2025-01-06T00:56:00Z
W000259,L0011,9,300,621,32,12,train,2025-01-06T01:04:00Z
W000260,L0011,10,300,621,32,12,train,2025-01-06T01:12:00Z
W000261,L0011,11,300,621,32,12,train,2025-01-06T01:20:00Z
W000262,L0011,12,300,621,32,12,train,2025-01-06T01:28:00Z
W000263,L0011,13,300,621,32,12,train,2025-01-06T01:36:00Z
W000264,L0011,14,300,621,32,12,train,2025-01-06T01:44:00Z
W000265,L0011,15,300,621,32,12,train,2025-01-06T01:52:00Z
W000266,L0011,16,300,621,32,12,train,2025-01-06T02:00:00Z
W000267,L0011,17,300,621,32,12,train,2025-01-06T02:08:00Z
W000268,L0011,18,300,621,32,12,train,2025-01-06T02:16:00Z
W000269,L0011,19,300,621,32,12,train,2025-01-06T02:24:00Z
W000270,L0011,20,300,621,32,12,train,2025-01-06T02:32:00Z
W000271,L0011,21,300,621,32,12,train,2025-01-06T02:40:00Z
W000272,L0011,22,300,621,32,12,train,2025-01-06T02:48:00Z
W000273,L0011,23,300,621,32,12,train,2025-01-06T02:56:00Z
W000274,L0011,24,300,621,32,12,train,2025-01-06T03:04:00Z
W000275,L0011,25,300,621,32,12,train,2025-01-06T03:12:00Z
W000276,L0012,1,300,621,32,12,train,2025-01-06T12:00:00Z
W000277,L0012,2,300,621,32,12,train,2025-01-06T12:08:00Z
W000278,L0012,3,300,621,32,12,train,2025-01-06T12:16:00Z
W000279,L0012,4,300,621,32,12,train,2025-01-06T12:24:00Z
W000280,L0012,5,300,621,32,12,train,2025-01-06T12:32:00Z
W000281,L0012,6,300,621,32,12,train,2025-01-06T12:40:00Z
W000282,L0012,7,300,621,32,12,train,2025-01-06T12:48:00Z
W000283,L0012,8,300,621,32,12,train,2025-01-06T12:56:00Z
W000284,L0012,9,300,621,32,12,train,2025-01-06T13:04:00Z
W000285,L0012,10,300,621,32,12,train,2025-01-06T13:12:00Z
W000286,L0012,11,300,621,32,12,train,2025-01-06T13:20:00Z
W000287,L0012,12,300,621,32,12,train,2025-01-06T13:28:00Z
W000288,L0012,13,300,621,32,12,train,2025-01-06T13:36:00Z
W000289,L0012,14,300,621,32,12,train,2025-01-06T13:44:00Z
W000290,L0012,15,300,621,32,12,train,2025-01-06T13:52:00Z
W000291,L0012,16,300,621,32,12,train,2025-01-06T14:00:00Z
W000292,L0012,17,300,621,32,12,train,2025-01-06T14:08:00Z
W000293,L0012,18,300,621,32,12,train,2025-01-06T14:16:00Z
W000294,L0012,19,300,621,32,12,train,2025-01-06T14:24:00Z
W000295,L0012,20,300,621,32,12,train,2025-01-06T14:32:00Z
W000296,L0012,21,300,621,32,12,train,2025-01-06T14:40:00Z
W000297,L0012,22,300,621,32,12,train,2025-01-06T14:48:00Z
W000298,L0012,23,300,621,32,12,train,2025-01-06T14:56:00Z
W000299,L0012,24,300,621,32,12,train,2025-01-06T15:04:00Z
W000300,L0012,25,300,621,32,12,train,2025-01-06T15:12:00Z
W000301,L0013,1,300,621,32,8,train,2025-01-07T00:00:00Z
W000302,L0013,2,300,621,32,8,train,2025-01-07T00:08:00Z
W000303,L0013,3,300,621,32,8,train,2025-01-07T00:16:00Z
W000304,L0013,4,300,621,32,8,train,2025-01-07T00:24:00Z
W000305,L0013,5,300,621,32,8,train,2025-01-07T00:32:00Z
W000306,L0013,6,300,621,32,8,train,2025-01-07T00:40:00Z
W000307,L0013,7,300,621,32,8,train,2025-01-07T00:48:00Z
W000308,L0013,8,300,621,32,8,train,2025-01-07T00:56:00Z
W000309,L0013,9,300,621,32,8,train,2025-01-07T01:04:00Z
W000310,L0013,10,300,621,32,8,train,2025-01-07T01:12:00Z
W000311,L0013,11,300,621,32,8,train,2025-01-07T01:20:00Z
W000312,L0013,12,300,621,32,8,train,2025-01-07T01:28:00Z
W000313,L0013,13,300,621,32,8,train,2025-01-07T01:36:00Z
W000314,L0013,14,300,621,32,8,train,2025-01-07T01:44:00Z
W000315,L0013,15,300,621,32,8,train,2025-01-07T01:52:00Z
W000316,L0013,16,300,621,32,8,train,2025-01-07T02:00:00Z
W000317,L0013,17,300,621,32,8,train,2025-01-07T02:08:00Z
W000318,L0013,18,300,621,32,8,train,2025-01-07T02:16:00Z
W000319,L0013,19,300,621,32,8,train,2025-01-07T02:24:00Z
W000320,L0013,20,300,621,32,8,train,2025-01-07T02:32:00Z
W000321,L0013,21,300,621,32,8,train,2025-01-07T02:40:00Z
W000322,L0013,22,300,621,32,8,train,2025-01-07T02:48:00Z
W000323,L0013,23,300,621,32,8,train,2025-01-07T02:56:00Z
W000324,L0013,24,300,621,32,8,train,2025-01-07T03:04:00Z
W000325,L0013,25,300,621,32,8,train,2025-01-07T03:12:00Z
W000326,L0014,1,300,621,32,12,train,2025-01-07T12:00:00Z
W000327,L0014,2,300,621,32,12,train,2025-01-07T12:08:00Z
W000328,L0014,3,300,621,32,12,train,2025-01-07T12:16:00Z
W000329,L0014,4,300,621,32,12,train,2025-01-07T12:24:00Z
W000330,L0014,5,300,621,32,12,train,2025-01-07T12:32:00Z
W000331,L0014,6,300,621,32,12,train,2025-01-07T12:40:00Z
W000332,L0014,7,300,621,32,12,train,2025-01-07T12:48:00Z
W000333,L0014,8,300,621,32,12,train,2025-01-07T12:56:00Z
W000334,L0014,9,300,621,32,12,train,2025-01-07T13:04:00Z
W000335,L0014,10,300,621,32,12,train,2025-01-07T13:12:00Z
W000336,L0014,11,300,621,32,12,train,2025-01-07T13:20:00Z
W000337,L0014,12,300,621,32,12,train,2025-01-07T13:28:00Z
W000338,L0014,13,300,621,32,12,train,2025-01-07T13:36:00Z
W000339,L0014,14,300,621,32,12,train,2025-01-07T13:44:00Z
W000340,L0014,15,300,621,32,12,train,2025-01-07T13:52:00Z
W000341,L0014,16,300,621,32,12,train,2025-01-07T14:00:00Z
W000342,L0014,17,300,621,32,12,train,2025-01-07T14:08:00Z
W000343,L0014,18,300,621,32,12,train,2025-01-07T14:16:00Z
W000344,L0014,19,300,621,32,12,train,2025-01-07T14:24:00Z
W000345,L0014,20,300,621,32,12,train,2025-01-07T14:32:00Z
W000346,L0014,21,300,621,32,12,train,2025-01-07T14:40:00Z
W000347,L0014,22,300,621,32,12,train,2025-01-07T14:48:00Z
W000348,L0014,23,300,621,32,12,train,2025-01-07T14:56:00Z
W000349,L0014,24,300,621,32,12,train,2025-01-07T15:04:00Z
W000350,L0014,25,300,621,32,12,train,2025-01-07T15:12:00Z
W000351,L0015,1,300,621,32,8,train,2025-01-08T00:00:00Z
W000352,L0015,2,300,621,32,8,train,2025-01-08T00:08:00Z
W000353,L0015,3,300,621,32,8,train,2025-01-08T00:16:00Z
W000354,L0015,4,300,621,32,8,train,2025-01-08T00:24:00Z
W000355,L0015,5,300,621,32,8,train,2025-01-08T00:32:00Z
W000356,L0015,6,300,621,32,8,train,2025-01-08T00:40:00Z
W000357,L0015,7,300,621,32,8,train,2025-01-08T00:48:00Z
W000358,L0015,8,300,621,32,8,train,2025-01-08T00:56:00Z
W000359,L0015,9,300,621,32,8,train,2025-01-08T01:04:00Z
W000360,L0015,10,300,621,32,8,train,2025-01-08T01:12:00Z
W000361,L0015,11,300,621,32,8,train,2025-01-08T01:20:00Z
W000362,L0015,12,300,621,32,8,train,2025-01-08T01:28:00Z
W000363,L0015,13,300,621,32,8,train,2025-01-08T01:36:00Z
W000364,L0015,14,300,621,32,8,train,2025-01-08T01:44:00Z
W000365,L0015,15,300,621,32,8,train,2025-01-08T01:52:00Z
W000366,L0015,16,300,621,32,8,train,2025-01-08T02:00:00Z
W000367,L0015,17,300,621,32,8,train,2025-01-08T02:08:00Z
W000368,L0015,18,300,621,32,8,train,2025-01-08T02:16:00Z
W000369,L0015,19,300,621,32,8,train,2025-01-08T02:24:00Z
W000370,L0015,20,300,621,32,8,train,2025-01-08T02:32:00Z
W000371,L0015,21,300,621,32,8,train,2025-01-08T02:40:00Z
W000372,L0015,22,300,621,32,8,train,2025-01-08T02:48:00Z
W000373,L0015,23,300,621,32,8,train,2025-01-08T02:56:00Z
W000374,L0015,24,300,621,32,8,train,2025-01-08T03:04:00Z
W000375,L0015,25,300,621,32,8,train,2025-01-08T03:12:00Z
W000376,L0016,1,300,621,32,12,train,2025-01-08T12:00:00Z
W000377,L0016,2,300,621,32,12,train,2025-01-08T12:08:00Z
W000378,L0016,3,300,621,32,12,train,2025-01-08T12:16:00Z
W000379,L0016,4,300,621,32,12,train,2025-01-08T12:24:00Z
W000380,L0016,5,300,621,32,12,train,2025-01-08T12:32:00Z
W000381,L0016,6,300,621,32,12,train,2025-01-08T12:40:00Z
W000382,L0016,7,300,621,32,12,train,2025-01-08T12:48:00Z
W000383,L0016,8,300,621,32,12,train,2025-01-08T12:56:00Z
W000384,L0016,9,300,621,32,12,train,2025-01-08T13:04:00Z
W000385,L0016,10,300,621,32,12,train,2025-01-08T13:12:00Z
W000386,L0016,11,300,621,32,12,train,2025-01-08T13:20:00Z
W000387,L0016,12,300,621,32,12,train,2025-01-08T13:28:00Z
W000388,L0016,13,300,621,32,12,train,2025-01-08T13:36:00Z
W000389,L0016,14,300,621,32,12,train,2025-01-08T13:44:00Z
W000390,L0016,15,300,621,32,12,train,2025-01-08T13:52:00Z
W000391,L0016,16,300,621,32,12,train,2025-01-08T14:00:00Z
W000392,L0016,17,300,621,32,12,train,2025-01-08T14:08:00Z
W000393,L0016,18,300,621,32,12,train,2025-01-08T14:16:00Z
W000394,L0016,19,300,621,32,12,train,2025-01-08T14:24:00Z
W000395,L0016,20,300,621,32,12,train,2025-01-08T14:32:00Z
W000396,L0016,21,300,621,32,12,train,2025-01-08T14:40:00Z
W000397,L0016,22,300,621,32,12,train,2025-01-08T14:48:00Z
W000398,L0016,23,300,621,32,12,train,2025-01-08T14:56:00Z
W000399,L0016,24,300,621,32,12,train,2025-01-08T15:04:00Z
W000400,L0016,25,300,621,32,12,train,2025-01-08T15:12:00Z
W000401,L0017,1,300,621,32,12,train,2025-01-09T00:00:00Z
W000402,L0017,2,300,621,32,12,train,2025-01-09T00:08:00Z
W000403,L0017,3,300,621,32,12,train,2025-01-09T00:16:00Z
W000404,L0017,4,300,621,32,12,train,2025-01-09T00:24:00Z
W000405,L0017,5,300,621,32,12,train,2025-01-09T00:32:00Z
W000406,L0017,6,300,621,32,12,train,2025-01-09T00:40:00Z
W000407,L0017,7,300,621,32,12,train,2025-01-09T00:48:00Z
W000408,L0017,8,300,621,32,12,train,2025-01-09T00:56:00Z
W000409,L0017,9,300,621,32,12,train,2025-01-09T01:04:00Z
W000410,L0017,10,300,621,32,12,train,2025-01-09T01:12:00Z
W000411,L0017,11,300,621,32,12,train,2025-01-09T01:20:00Z
W000412,L0017,12,300,621,32,12,train,2025-01-09T01:28:00Z
W000413,L0017,13,300,621,32,12,train,2025-01-09T01:36:00Z
W000414,L0017,14,300,621,32,12,train,2025-01-09T01:44:00Z
W000415,L0017,15,300,621,32,12,train,2025-01-09T01:52:00Z
W000416,L0017,16,300,621,32,12,train,2025-01-09T02:00:00Z
W000417,L0017,17,300,621,32,12,train,2025-01-09T02:08:00Z
W000418,L0017,18,300,621,32,12,train,2025-01-09T02:16:00Z
W000419,L0017,19,300,621,32,12,train,2025-01-09T02:24:00Z
W000420,L0017,20,300,621,32,12,train,2025-01-09T02:32:00Z
W000421,L0017,21,300,621,32,12,train,2025-01-09T02:40:00Z
W000422,L0017,22,300,621,32,12,train,2025-01-09T02:48:00Z
W000423,L0017,23,300,621,32,12,train,2025-01-09T02:56:00Z
W000424,L0017,24,300,621,32,12,train,2025-01-09T03:04:00Z
W000425,L0017,25,300,621,32,12,train,2025-01-09T03:12:00Z
W000426,L0018,1,300,621,32,8,train,2025-01-09T12:00:00Z
W000427,L0018,2,300,621,32,8,train,2025-01-09T12:08:00Z
W000428,L0018,3,300,621,32,8,train,2025-01-09T12:16:00Z
W000429,L0018,4,300,621,32,8,train,2025-01-09T12:24:00Z
W000430,L0018,5,300,621,32,8,train,2025-01-09T12:32:00Z
W000431,L0018,6,300,621,32,8,train,2025-01-09T12:40:00Z
W000432,L0018,7,300,621,32,8,train,2025-01-09T12:48:00Z
W000433,L0018,8,300,621,32,8,train,2025-01-09T12:56:00Z
W000434,L0018,9,300,621,32,8,train,2025-01-09T13:04:00Z
W000435,L0018,10,300,621,32,8,train,2025-01-09T13:12:00Z
W000436,L0018,11,300,621,32,8,train,2025-01-09T13:20:00Z
W000437,L0018,12,300,621,32,8,train,2025-01-09T13:28:00Z
W000438,L0018,13,300,621,32,8,train,2025-01-09T13:36:00Z
W000439,L0018,14,300,621,32,8,train,2025-01-09T13:44:00Z
W000440,L0018,15,300,621,32,8,train,2025-01-09T13:52:00Z
W000441,L0018,16,300,621,32,8,train,2025-01-09T14:00:00Z
W000442,L0018,17,300,621,32,8,train,2025-01-09T14:08:00Z
W000443,L0018,18,300,621,32,8,train,2025-01-09T14:16:00Z
W000444,L0018,19,300,621,32,8,train,2025-01-09T14:24:00Z
W000445,L0018,20,300,621,32,8,train,2025-01-09T14:32:00Z
W000446,L0018,21,300,621,32,8,train,2025-01-09T14:40:00Z
W000447,L0018,22,300,621,32,8,train,2025-01-09T14:48:00Z
W000448,L0018,23,300,621,32,8,train,2025-01-09T14:56:00Z
W000449,L0018,24,300,621,32,8,train,2025-01-09T15:04:00Z
W000450,L0018,25,300,621,32,8,train,2025-01-09T15:12:00Z
W000451,L0019,1,300,621,32,12,train,2025-01-10T00:00:00Z
W000452,L0019,2,300,621,32,12,train,2025-01-10T00:08:00Z
W000453,L0019,3,300,621,32,12,train,2025-01-10T00:16:00Z
W000454,L0019,4,300,621,32,12,train,2025-01-10T00:24:00Z
W000455,L0019,5,300,621,32,12,train,2025-01-10T00:32:00Z
W000456,L0019,6,300,621,32,12,train,2025-01-10T00:40:00Z
W000457,L0019,7,300,621,32,12,train,2025-01-10T00:48:00Z
W000458,L0019,8,300,621,32,12,train,2025-01-10T00:56:00Z
W000459,L0019,9,300,621,32,12,train,2025-01-10T01:04:00Z
W000460,L0019,10,300,621,32,12,train,2025-01-10T01:12:00Z
W000461,L0019,11,300,621,32,12,train,2025-01-10T01:20:00Z
W000462,L0019,12,300,621,32,12,train,2025-01-10T01:28:00Z
W000463,L0019,13,300,621,32,12,train,2025-01-10T01:36:00Z
W000464,L0019,14,300,621,32,12,train,2025-01-10T01:44:00Z
W000465,L0019,15,300,621,32,12,train,2025-01-10T01:52:00Z
W000466,L0019,16,300,621,32,12,train,2025-01-10T02:00:00Z
W000467,L0019,17,300,621,32,12,train,2025-01-10T02:08:00Z
W000468,L0019,18,300,621,32,12,train,2025-01-10T02:16:00Z
W000469,L0019,19,300,621,32,12,train,2025-01-10T02:24:00Z
W000470,L0019,20,300,621,32,12,train,2025-01-10T02:32:00Z
W000471,L0019,21,300,621,32,12,train,2025-01-10T02:40:00Z
W000472,L0019,22,300,621,32,12,train,2025-01-10T02:48:00Z
W000473,L0019,23,300,621,32,12,train,2025-01-10T02:56:00Z
W000474,L0019,24,300,621,32,12,train,2025-01-10T03:04:00Z
W000475,L0019,25,300,621,32,12,train,2025-01-10T03:12:00Z
W000476,L0020,1,300,621,32,12,train,2025-01-10T12:00:00Z
W000477,L0020,2,300,621,32,12,train,2025-01-10T12:08:00Z
W000478,L0020,3,300,621,32,12,train,2025-01-10T12:16:00Z
W000479,L0020,4,300,621,32,12,train,2025-01-10T12:24:00Z
W000480,L0020,5,300,621,32,12,train,2025-01-10T12:32:00Z
W000481,L0020,6,300,621,32,12,train,2025-01-10T12:40:00Z
W000482,L0020,7,300,621,32,12,train,2025-01-10T12:48:00Z
W000483,L0020,8,300,621,32,12,train,2025-01-10T12:56:00Z
W000484,L0020,9,300,621,32,12,train,2025-01-10T13:04:00Z
W000485,L0020,10,300,621,32,12,train,2025-01-10T13:12:00Z
W000486,L0020,11,300,621,32,12,train,2025-01-10T13:20:00Z
W000487,L0020,12,300,621,32,12,train,2025-01-10T13:28:00Z
W000488,L0020,13,300,621,32,12,train,2025-01-10T13:36:00Z
W000489,L0020,14,300,621,32,12,train,2025-01-10T13:44:00Z
W000490,L0020,15,300,621,32,12,train,2025-01-10T13:52:00Z
W000491,L0020,16,300,621,32,12,train,2025-01-10T14:00:00Z
W000492,L0020,17,300,621,32,12,train,2025-01-10T14:08:00Z
W000493,L0020,18,300,621,32,12,train,2025-01-10T14:16:00Z
W000494,L0020,19,300,621,32,12,train,2025-01-10T14:24:00Z
W000495,L0020,20,300,621,32,12,train,2025-01-10T14:32:00Z
W000496,L0020,21,300,621,32,12,train,2025-01-10T14:40:00Z
W000497,L0020,22,300,621,32,12,train,2025-01-10T14:48:00Z
W000498,L0020,23,300,621,32,12,train,2025-01-10T14:56:00Z
W000499,L0020,24,300,621,32,12,train,2025-01-10T15:04:00Z
W000500,L0020,25,300,621,32,12,train,2025-01-10T15:12:00Z
W000501,L0021,1,300,621,32,8,train,2025-01-11T00:00:00Z
W000502,L0021,2,300,621,32,8,train,2025-01-11T00:08:00Z
W000503,L0021,3,300,621,32,8,train,2025-01-11T00:16:00Z
W000504,L0021,4,300,621,32,8,train,2025-01-11T00:24:00Z
W000505,L0021,5,300,621,32,8,train,2025-01-11T00:32:00Z
W000506,L0021,6,300,621,32,8,train,2025-01-11T00:40:00Z
W000507,L0021,7,300,621,32,8,train,2025-01-11T00:48:00Z
W000508,L0021,8,300,621,32,8,train,2025-01-11T00:56:00Z
W000509,L0021,9,300,621,32,8,train,2025-01-11T01:04:00Z
W000510,L0021,10,300,621,32,8,train,2025-01-11T01:12:00Z
W000511,L0021,11,300,621,32,8,train,2025-01-11T01:20:00Z
W000512,L0021,12,300,621,32,8,train,2025-01-11T01:28:00Z
W000513,L0021,13,300,621,32,8,train,2025-01-11T01:36:00Z
W000514,L0021,14,300,621,32,8,train,2025-01-11T01:44:00Z
W000515,L0021,15,300,621,32,8,train,2025-01-11T01:52:00Z
W000516,L0021,16,300,621,32,8,train,2025-01-11T02:00:00Z
W000517,L0021,17,300,621,32,8,train,2025-01-11T02:08:00Z
W000518,L0021,18,300,621,32,8,train,2025-01-11T02:16:00Z
W000519,L0021,19,300,621,32,8,train,2025-01-11T02:24:00Z
W000520,L0021,20,300,621,32,8,train,2025-01-11T02:32:00Z
W000521,L0021,21,300,621,32,8,train,2025-01-11T02:40:00Z
W000522,L0021,22,300,621,32,8,train,2025-01-11T02:48:00Z
W000523,L0021,23,300,621,32,8,train,2025-01-11T02:56:00Z
W000524,L0021,24,300,621,32,8,train,2025-01-11T03:04:00Z
W000525,L0021,25,300,621,32,8,train,2025-01-11T03:12:00Z
W000526,L0022,1,300,621,32,12,train,2025-01-11T12:00:00Z
W000527,L0022,2,300,621,32,12,train,2025-01-11T12:08:00Z
W000528,L0022,3,300,621,32,12,train,2025-01-11T12:16:00Z
W000529,L0022,4,300,621,32,12,train,2025-01-11T12:24:00Z
W000530,L0022,5,300,621,32,12,train,2025-01-11T12:32:00Z
W000531,L0022,6,300,621,32,12,train,2025-01-11T12:40:00Z
W000532,L0022,7,300,621,32,12,train,2025-01-11T12:48:00Z
W000533,L0022,8,300,621,32,12,train,2025-01-11T12:56:00Z
W000534,L0022,9,300,621,32,12,train,2025-01-11T13:04:00Z
W000535,L0022,10,300,621,32,12,train,2025-01-11T13:12:00Z
W000536,L0022,11,300,621,32,12,train,2025-01-11T13:20:00Z
W000537,L0022,12,300,621,32,12,train,2025-01-11T13:28:00Z
W000538,L0022,13,300,621,32,12,train,2025-01-11T13:36:00Z
W000539,L0022,14,300,621,32,12,train,2025-01-11T13:44:00Z
W000540,L0022,15,300,621,32,12,train,2025-01-11T13:52:00Z
W000541,L0022,16,300,621,32,12,train,2025-01-11T14:00:00Z
W000542,L0022,17,300,621,32,12,train,2025-01-11T14:08:00Z
W000543,L0022,18,300,621,32,12,train,2025-01-11T14:16:00Z
W000544,L0022,19,300,621,32,12,train,2025-01-11T14:24:00Z
W000545,L0022,20,300,621,32,12,train,2025-01-11T14:32:00Z
W000546,L0022,21,300,621,32,12,train,2025-01-11T14:40:00Z
W000547,L0022,22,300,621,32,12,train,2025-01-11T14:48:00Z
W000548,L0022,23,300,621,32,12,train,2025-01-11T14:56:00Z
W000549,L0022,24,300,621,32,12,train,2025-01-11T15:04:00Z
W000550,L0022,25,300,621,32,12,train,2025-01-11T15:12:00Z
W000551,L0023,1,300,621,32,12,train,2025-01-12T00:00:00Z
W000552,L0023,2,300,621,32,12,train,2025-01-12T00:08:00Z
W000553,L0023,3,300,621,32,12,train,2025-01-12T00:16:00Z
W000554,L0023,4,300,621,32,12,train,2025-01-12T00:24:00Z
W000555,L0023,5,300,621,32,12,train,2025-01-12T00:32:00Z
W000556,L0023,6,300,621,32,12,train,2025-01-12T00:40:00Z
W000557,L0023,7,300,621,32,12,train,2025-01-12T00:48:00Z
W000558,L0023,8,300,621,32,12,train,2025-01-12T00:56:00Z
W000559,L0023,9,300,621,32,12,train,2025-01-12T01:04:00Z
W000560,L0023,10,300,621,32,12,train,2025-01-12T01:12:00Z
W000561,L0023,11,300,621,32,12,train,2025-01-12T01:20:00Z
W000562,L0023,12,300,621,32,12,train,2025-01-12T01:28:00Z
W000563,L0023,13,300,621,32,12,train,2025-01-12T01:36:00Z
W000564,L0023,14,300,621,32,12,train,2025-01-12T01:44:00Z
W000565,L0023,15,300,621,32,12,train,2025-01-12T01:52:00Z
W000566,L0023,16,300,621,32,12,train,2025-01-12T02:00:00Z
W000567,L0023,17,300,621,32,12,train,2025-01-12T02:08:00Z
W000568,L0023,18,300,621,32,12,train,2025-01-12T02:16:00Z
W000569,L0023,19,300,621,32,12,train,2025-01-12T02:24:00Z
W000570,L0023,20,300,621,32,12,train,2025-01-12T02:32:00Z
W000571,L0023,21,300,621,32,12,train,2025-01-12T02:40:00Z
W000572,L0023,22,300,621,32,12,train,2025-01-12T02:48:00Z
W000573,L0023,23,300,621,32,12,train,2025-01-12T02:56:00Z
W000574,L0023,24,300,621,32,12,train,2025-01-12T03:04:00Z
W000575,L0023,25,300,621,32,12,train,2025-01-12T03:12:00Z
W000576,L0024,1,300,621,32,12,train,2025-01-12T12:00:00Z
W000577,L0024,2,300,621,32,12,train,2025-01-12T12:08:00Z
W000578,L0024,3,300,621,32,12,train,2025-01-12T12:16:00Z
W000579,L0024,4,300,621,32,12,train,2025-01-12T12:24:00Z
W000580,L0024,5,300,621,32,12,train,2025-01-12T12:32:00Z
W000581,L0024,6,300,621,32,12,train,2025-01-12T12:40:00Z
W000582,L0024,7,300,621,32,12,train,2025-01-12T12:48:00Z
W000583,L0024,8,300,621,32,12,train,2025-01-12T12:56:00Z
W000584,L0024,9,300,621,32,12,train,2025-01-12T13:04:00Z
W000585,L0024,10,300,621,32,12,train,2025-01-12T13:12:00Z
W000586,L0024,11,300,621,32,12,train,2025-01-12T13:20:00Z
W000587,L0024,12,300,621,32,12,train,2025-01-12T13:28:00Z
W000588,L0024,13,300,621,32,12,train,2025-01-12T13:36:00Z
W000589,L0024,14,300,621,32,12,train,2025-01-12T13:44:00Z
W000590,L0024,15,300,621,32,12,train,2025-01-12T13:52:00Z
W000591,L0024,16,300,621,32,12,train,2025-01-12T14:00:00Z
W000592,L0024,17,300,621,32,12,train,2025-01-12T14:08:00Z
W000593,L0024,18,300,621,32,12,train,2025-01-12T14:16:00Z
W000594,L0024,19,300,621,32,12,train,2025-01-12T14:24:00Z
W000595,L0024,20,300,621,32,12,train,2025-01-12T14:32:00Z
W000596,L0024,21,300,621,32,12,train,2025-01-12T14:40:00Z
W000597,L0024,22,300,621,32,12,train,2025-01-12T14:48:00Z
W000598,L0024,23,300,621,32,12,train,2025-01-12T14:56:00Z
W000599,L0024,24,300,621,32,12,train,2025-01-12T15:04:00Z
W000600,L0024,25,300,621,32,12,train,2025-01-12T15:12:00Z
W000601,L0025,1,300,621,32,12,train,2025-01-13T00:00:00Z
W000602,L0025,2,300,621,32,12,train,2025-01-13T00:08:00Z
W000603,L0025,3,300,621,32,12,train,2025-01-13T00:16:00Z
W000604,L0025,4,300,621,32,12,train,2025-01-13T00:24:00Z
W000605,L0025,5,300,621,32,12,train,2025-01-13T00:32:00Z
W000606,L0025,6,300,621,32,12,train,2025-01-13T00:40:00Z
W000607,L0025,7,300,621,32,12,train,2025-01-13T00:48:00Z
W000608,L0025,8,300,621,32,12,train,2025-01-13T00:56:00Z
W000609,L0025,9,300,621,32,12,train,2025-01-13T01:04:00Z
W000610,L0025,10,300,621,32,12,train,2025-01-13T01:12:00Z
W000611,L0025,11,300,621,32,12,train,2025-01-13T01:20:00Z
W000612,L0025,12,300,621,32,12,train,2025-01-13T01:28:00Z
W000613,L0025,13,300,621,32,12,train,2025-01-13T01:36:00Z
W000614,L0025,14,300,621,32,12,train,2025-01-13T01:44:00Z
W000615,L0025,15,300,621,32,12,train,2025-01-13T01:52:00Z
W000616,L0025,16,300,621,32,12,train,2025-01-13T02:00:00Z
W000617,L0025,17,300,621,32,12,train,2025-01-13T02:08:00Z
W000618,L0025,18,300,621,32,12,train,2025-01-13T02:16:00Z
W000619,L0025,19,300,621,32,12,train,2025-01-13T02:24:00Z
W000620,L0025,20,300,621,32,12,train,2025-01-13T02:32:00Z
W000621,L0025,21,300,621,32,12,train,2025-01-13T02:40:00Z
W000622,L0025,22,300,621,32,12,train,2025-01-13T02:48:00Z
W000623,L0025,23,300,621,32,12,train,2025-01-13T02:56:00Z
W000624,L0025,24,300,621,32,12,train,2025-01-13T03:04:00Z
W000625,L0025,25,300,621,32,12,train,2025-01-13T03:12:00Z
W000626,L0026,1,300,621,32,12,train,2025-01-13T12:00:00Z
W000627,L0026,2,300,621,32,12,train,2025-01-13T12:08:00Z
W000628,L0026,3,300,621,32,12,train,2025-01-13T12:16:00Z
W000629,L0026,4,300,621,32,12,train,2025-01-13T12:24:00Z
W000630,L0026,5,300,621,32,12,train,2025-01-13T12:32:00Z
W000631,L0026,6,300,621,32,12,train,2025-01-13T12:40:00Z
W000632,L0026,7,300,621,32,12,train,2025-01-13T12:48:00Z
W000633,L0026,8,300,621,32,12,train,2025-01-13T12:56:00Z
W000634,L0026,9,300,621,32,12,train,2025-01-13T13:04:00Z
W000635,L0026,10,300,621,32,12,train,2025-01-13T13:12:00Z
W000636,L0026,11,300,621,32,12,train,2025-01-13T13:20:00Z
W000637,L0026,12,300,621,32,12,train,2025-01-13T13:28:00Z
W000638,L0026,13,300,621,32,12,train,2025-01-13T13:36:00Z
W000639,L0026,14,300,621,32,12,train,2025-01-13T13:44:00Z
W000640,L0026,15,300,621,32,12,train,2025-01-13T13:52:00Z
W000641,L0026,16,300,621,32,12,train,2025-01-13T14:00:00Z
W000642,L0026,17,300,621,32,12,train,2025-01-13T14:08:00Z
W000643,L0026,18,300,621,32,12,train,2025-01-13T14:16:00Z
W000644,L0026,19,300,621,32,12,train,2025-01-13T14:24:00Z
W000645,L0026,20,300,621,32,12,train,2025-01-13T14:32:00Z
W000646,L0026,21,300,621,32,12,train,2025-01-13T14:40:00Z
W000647,L0026,22,300,621,32,12,train,2025-01-13T14:48:00Z
W000648,L0026,23,300,621,32,12,train,2025-01-13T14:56:00Z
W000649,L0026,24,300,621,32,12,train,2025-01-13T15:04:00Z
W000650,L0026,25,300,621,32,12,train,2025-01-13T15:12:00Z
W000651,L0027,1,300,621,32,12,train,2025-01-14T00:00:00Z
W000652,L0027,2,300,621,32,12,train,2025-01-14T00:08:00Z
W000653,L0027,3,300,621,32,12,train,2025-01-14T00:16:00Z
W000654,L0027,4,300,621,32,12,train,2025-01-14T00:24:00Z
W000655,L0027,5,300,621,32,12,train,2025-01-14T00:32:00Z
W000656,L0027,6,300,621,32,12,train,2025-01-14T00:40:00Z
W000657,L0027,7,300,621,32,12,train,2025-01-14T00:48:00Z
W000658,L0027,8,300,621,32,12,train,2025-01-14T00:56:00Z
W000659,L0027,9,300,621,32,12,train,2025-01-14T01:04:00Z
W000660,L0027,10,300,621,32,12,train,2025-01-14T01:12:00Z
W000661,L0027,11,300,621,32,12,train,2025-01-14T01:20:00Z
W000662,L0027,12,300,621,32,12,train,2025-01-14T01:28:00Z
W000663,L0027,13,300,621,32,12,train,2025-01-14T01:36:00Z
W000664,L0027,14,300,621,32,12,train,2025-01-14T01:44:00Z
W000665,L0027,15,300,621,32,12,train,2025-01-14T01:52:00Z
W000666,L0027,16,300,621,32,12,train,2025-01-14T02:00:00Z
W000667,L0027,17,300,621,32,12,train,2025-01-14T02:08:00Z
W000668,L0027,18,300,621,32,12,train,2025-01-14T02:16:00Z
W000669,L0027,19,300,621,32,12,train,2025-01-14T02:24:00Z
W000670,L0027,20,300,621,32,12,train,2025-01-14T02:32:00Z
W000671,L0027,21,300,621,32,12,train,2025-01-14T02:40:00Z
W000672,L0027,22,300,621,32,12,train,2025-01-14T02:48:00Z
W000673,L0027,23,300,621,32,12,train,2025-01-14T02:56:00Z
W000674,L0027,24,300,621,32,12,train,2025-01-14T03:04:00Z
W000675,L0027,25,300,621,32,12,train,2025-01-14T03:12:00Z
W000676,L0028,1,300,621,32,8,train,2025-01-14T12:00:00Z
W000677,L0028,2,300,621,32,8,train,2025-01-14T12:08:00Z
W000678,L0028,3,300,621,32,8,train,2025-01-14T12:16:00Z
W000679,L0028,4,300,621,32,8,train,2025-01-14T12:24:00Z
W000680,L0028,5,300,621,32,8,train,2025-01-14T12:32:00Z
W000681,L0028,6,300,621,32,8,train,2025-01-14T12:40:00Z
W000682,L0028,7,300,621,32,8,train,2025-01-14T12:48:00Z
W000683,L0028,8,300,621,32,8,train,2025-01-14T12:56:00Z
W000684,L0028,9,300,621,32,8,train,2025-01-14T13:04:00Z
W000685,L0028,10,300,621,32,8,train,2025-01-14T13:12:00Z
W000686,L0028,11,300,621,32,8,train,2025-01-14T13:20:00Z
W000687,L0028,12,300,621,32,8,train,2025-01-14T13:28:00Z
W000688,L0028,13,300,621,32,8,train,2025-01-14T13:36:00Z
W000689,L0028,14,300,621,32,8,train,2025-01-14T13:44:00Z
W000690,L0028,15,300,621,32,8,train,2025-01-14T13:52:00Z
W000691,L0028,16,300,621,32,8,train,2025-01-14T14:00:00Z
W000692,L0028,17,300,621,32,8,train,2025-01-14T14:08:00Z
W000693,L0028,18,300,621,32,8,train,2025-01-14T14:16:00Z
W000694,L0028,19,300,621,32,8,train,2025-01-14T14:24:00Z
W000695,L0028,20,300,621,32,8,train,2025-01-14T14:32:00Z
W000696,L0028,21,300,621,32,8,train,2025-01-14T14:40:00Z
W000697,L0028,22,300,621,32,8,train,2025-01-14T14:48:00Z
W000698,L0028,23,300,621,32,8,train,2025-01-14T14:56:00Z
W000699,L0028,24,300,621,32,8,train,2025-01-14T15:04:00Z
W000700,L0028,25,300,621,32,8,train,2025-01-14T15:12:00Z
W000701,L0029,1,300,621,32,12,train,2025-01-15T00:00:00Z
W000702,L0029,2,300,621,32,12,train,2025-01-15T00:08:00Z
W000703,L0029,3,300,621,32,12,train,2025-01-15T00:16:00Z
W000704,L0029,4,300,621,32,12,train,2025-01-15T00:24:00Z
W000705,L0029,5,300,621,32,12,train,2025-01-15T00:32:00Z
W000706,L0029,6,300,621,32,12,train,2025-01-15T00:40:00Z
W000707,L0029,7,300,621,32,12,train,2025-01-15T00:48:00Z
W000708,L0029,8,300,621,32,12,train,2025-01-15T00:56:00Z
W000709,L0029,9,300,621,32,12,train,2025-01-15T01:04:00Z
W000710,L0029,10,300,621,32,12,train,2025-01-15T01:12:00Z
W000711,L0029,11,300,621,32,12,train,2025-01-15T01:20:00Z
W000712,L0029,12,300,621,32,12,train,2025-01-15T01:28:00Z
W000713,L0029,13,300,621,32,12,train,2025-01-15T01:36:00Z
W000714,L0029,14,300,621,32,12,train,2025-01-15T01:44:00Z
W000715,L0029,15,300,621,32,12,train,2025-01-15T01:52:00Z
W000716,L0029,16,300,621,32,12,train,2025-01-15T02:00:00Z
W000717,L0029,17,300,621,32,12,train,2025-01-15T02:08:00Z
W000718,L0029,18,300,621,32,12,train,2025-01-15T02:16:00Z
W000719,L0029,19,300,621,32,12,train,2025-01-15T02:24:00Z
W000720,L0029,20,300,621,32,12,train,2025-01-15T02:32:00Z
W000721,L0029,21,300,621,32,12,train,2025-01-15T02:40:00Z
W000722,L0029,22,300,621,32,12,train,2025-01-15T02:48:00Z
W000723,L0029,23,300,621,32,12,train,2025-01-15T02:56:00Z
W000724,L0029,24,300,621,32,12,train,2025-01-15T03:04:00Z
W000725,L0029,25,300,621,32,12,train,2025-01-15T03:12:00Z
W000726,L0030,1,300,621,32,8,train,2025-01-15T12:00:00Z
W000727,L0030,2,300,621,32,8,train,2025-01-15T12:08:00Z
W000728,L0030,3,300,621,32,8,train,2025-01-15T12:16:00Z
W000729,L0030,4,300,621,32,8,train,2025-01-15T12:24:00Z
W000730,L0030,5,300,621,32,8,train,2025-01-15T12:32:00Z
W000731,L0030,6,300,621,32,8,train,2025-01-15T12:40:00Z
W000732,L0030,7,300,621,32,8,train,2025-01-15T12:48:00Z
W000733,L0030,8,300,621,32,8,train,2025-01-15T12:56:00Z
W000734,L0030,9,300,621,32,8,train,2025-01-15T13:04:00Z
W000735,L0030,10,300,621,32,8,train,2025-01-15T13:12:00Z
W000736,L0030,11,300,621,32,8,train,2025-01-15T13:20:00Z
W000737,L0030,12,300,621,32,8,train,2025-01-15T13:28:00Z
W000738,L0030,13,300,621,32,8,train,2025-01-15T13:36:00Z
W000739,L0030,14,300,621,32,8,train,2025-01-15T13:44:00Z
W000740,L0030,15,300,621,32,8,train,2025-01-15T13:52:00Z
W000741,L0030,16,300,621,32,8,train,2025-01-15T14:00:00Z
W000742,L0030,17,300,621,32,8,train,2025-01-15T14:08:00Z
W000743,L0030,18,300,621,32,8,train,2025-01-15T14:16:00Z
W000744,L0030,19,300,621,32,8,train,2025-01-15T14:24:00Z
W000745,L0030,20,300,621,32,8,train,2025-01-15T14:32:00Z
W000746,L0030,21,300,621,32,8,train,2025-01-15T14:40:00Z
W000747,L0030,22,300,621,32,8,train,2025-01-15T14:48:00Z
W000748,L0030,23,300,621,32,8,train,2025-01-15T14:56:00Z
W000749,L0030,24,300,621,32,8,train,2025-01-15T15:04:00Z
W000750,L0030,25,300,621,32,8,train,2025-01-15T15:12:00Z
W000751,L0031,1,300,621,32,12,train,2025-01-16T00:00:00Z
W000752,L0031,2,300,621,32,12,train,2025-01-16T00:08:00Z
W000753,L0031,3,300,621,32,12,train,2025-01-16T00:16:00Z
W000754,L0031,4,300,621,32,12,train,2025-01-16T00:24:00Z
W000755,L0031,5,300,621,32,12,train,2025-01-16T00:32:00Z
W000756,L0031,6,300,621,32,12,train,2025-01-16T00:40:00Z
W000757,L0031,7,300,621,32,12,train,2025-01-16T00:48:00Z
W000758,L0031,8,300,621,32,12,train,2025-01-16T00:56:00Z
W000759,L0031,9,300,621,32,12,train,2025-01-16T01:04:00Z
W000760,L0031,10,300,621,32,12,train,2025-01-16T01:12:00Z
W000761,L0031,11,300,621,32,12,train,2025-01-16T01:20:00Z
W000762,L0031,12,300,621,32,12,train,2025-01-16T01:28:00Z
W000763,L0031,13,300,621,32,12,train,2025-01-16T01:36:00Z
W000764,L0031,14,300,621,32,12,train,2025-01-16T01:44:00Z
W000765,L0031,15,300,621,32,12,train,2025-01-16T01:52:00Z
W000766,L0031,16,300,621,32,12,train,2025-01-16T02:00:00Z
W000767,L0031,17,300,621,32,12,train,2025-01-16T02:08:00Z
W000768,L0031,18,300,621,32,12,train,2025-01-16T02:16:00Z
W000769,L0031,19,300,621,32,12,train,2025-01-16T02:24:00Z
W000770,L0031,20,300,621,32,12,train,2025-01-16T02:32:00Z
W000771,L0031,21,300,621,32,12,train,2025-01-16T02:40:00Z
W000772,L0031,22,300,621,32,12,train,2025-01-16T02:48:00Z
W000773,L0031,23,300,621,32,12,train,2025-01-16T02:56:00Z
W000774,L0031,24,300,621,32,12,train,2025-01-16T03:04:00Z
W000775,L0031,25,300,621,32,12,train,2025-01-16T03:12:00Z
W000776,L0032,1,300,621,32,12,train,2025-01-16T12:00:00Z
W000777,L0032,2,300,621,32,12,train,2025-01-16T12:08:00Z
W000778,L0032,3,300,621,32,12,train,2025-01-16T12:16:00Z
W000779,L0032,4,300,621,32,12,train,2025-01-16T12:24:00Z
W000780,L0032,5,300,621,32,12,train,2025-01-16T12:32:00Z
W000781,L0032,6,300,621,32,12,train,2025-01-16T12:40:00Z
W000782,L0032,7,300,621,32,12,train,2025-01-16T12:48:00Z
W000783,L0032,8,300,621,32,12,train,2025-01-16T12:56:00Z
W000784,L0032,9,300,621,32,12,train,2025-01-16T13:04:00Z
W000785,L0032,10,300,621,32,12,train,2025-01-16T13:12:00Z
W000786,L0032,11,300,621,32,12,train,2025-01-16T13:20:00Z
W000787,L0032,12,300,621,32,12,train,2025-01-16T13:28:00Z
W000788,L0032,13,300,621,32,12,train,2025-01-16T13:36:00Z
W000789,L0032,14,300,621,32,12,train,2025-01-16T13:44:00Z
W000790,L0032,15,300,621,32,12,train,2025-01-16T13:52:00Z
W000791,L0032,16,300,621,32,12,train,2025-01-16T14:00:00Z
W000792,L0032,17,300,621,32,12,train,2025-01-16T14:08:00Z
W000793,L0032,18,300,621,32,12,train,2025-01-16T14:16:00Z
W000794,L0032,19,300,621,32,12,train,2025-01-16T14:24:00Z
W000795,L0032,20,300,621,32,12,train,2025-01-16T14:32:00Z
W000796,L0032,21,300,621,32,12,train,2025-01-16T14:40:00Z
W000797,L0032,22,300,621,32,12,train,2025-01-16T14:48:00Z
W000798,L0032,23,300,621,32,12,train,2025-01-16T14:56:00Z
W000799,L0032,24,300,621,32,12,train,2025-01-16T15:04:00Z
W000800,L0032,25,300,621,32,12,train,2025-01-16T15:12:00Z
W000801,L0033,1,300,621,32,12,train,2025-01-17T00:00:00Z
W000802,L0033,2,300,621,32,12,train,2025-01-17T00:08:00Z
W000803,L0033,3,300,621,32,12,train,2025-01-17T00:16:00Z
W000804,L0033,4,300,621,32,12,train,2025-01-17T00:24:00Z
W000805,L0033,5,300,621,32,12,train,2025-01-17T00:32:00Z
W000806,L0033,6,300,621,32,12,train,2025-01-17T00:40:00Z
W000807,L0033,7,300,621,32,12,train,2025-01-17T00:48:00Z
W000808,L0033,8,300,621,32,12,train,2025-01-17T00:56:00Z
W000809,L0033,9,300,621,32,12,train,2025-01-17T01:04:00Z
W000810,L0033,10,300,621,32,12,train,2025-01-17T01:12:00Z
W000811,L0033,11,300,621,32,12,train,2025-01-17T01:20:00Z
W000812,L0033,12,300,621,32,12,train,2025-01-17T01:28:00Z
W000813,L0033,13,300,621,32,12,train,2025-01-17T01:36:00Z
W000814,L0033,14,300,621,32,12,train,2025-01-17T01:44:00Z
W000815,L0033,15,300,621,32,12,train,2025-01-17T01:52:00Z
W000816,L0033,16,300,621,32,12,train,2025-01-17T02:00:00Z
W000817,L0033,17,300,621,32,12,train,2025-01-17T02:08:00Z
W000818,L0033,18,300,621,32,12,train,2025-01-17T02:16:00Z
W000819,L0033,19,300,621,32,12,train,2025-01-17T02:24:00Z
W000820,L0033,20,300,621,32,12,train,2025-01-17T02:32:00Z
W000821,L0033,21,300,621,32,12,train,2025-01-17T02:40:00Z
W000822,L0033,22,300,621,32,12,train,2025-01-17T02:48:00Z
W000823,L0033,23,300,621,32,12,train,2025-01-17T02:56:00Z
W000824,L0033,24,300,621,32,12,train,2025-01-17T03:04:00Z
W000825,L0033,25,300,621,32,12,train,2025-01-17T03:12:00Z
W000826,L0034,1,300,621,32,12,train,2025-01-17T12:00:00Z
W000827,L0034,2,300,621,32,12,train,2025-01-17T12:08:00Z
W000828,L0034,3,300,621,32,12,train,2025-01-17T12:16:00Z
W000829,L0034,4,300,621,32,12,train,2025-01-17T12:24:00Z
W000830,L0034,5,300,621,32,12,train,2025-01-17T12:32:00Z
W000831,L0034,6,300,621,32,12,train,2025-01-17T12:40:00Z
W000832,L0034,7,300,621,32,12,train,2025-01-17T12:48:00Z
W000833,L0034,8,300,621,32,12,train,2025-01-17T12:56:00Z
W000834,L0034,9,300,621,32,12,train,2025-01-17T13:04:00Z
W000835,L0034,10,300,621,32,12,train,2025-01-17T13:12:00Z
W000836,L0034,11,300,621,32,12,train,2025-01-17T13:20:00Z
W000837,L0034,12,300,621,32,12,train,2025-01-17T13:28:00Z
W000838,L0034,13,300,621,32,12,train,2025-01-17T13:36:00Z
W000839,L0034,14,300,621,32,12,train,2025-01-17T13:44:00Z
W000840,L0034,15,300,621,32,12,train,2025-01-17T13:52:00Z
W000841,L0034,16,300,621,32,12,train,2025-01-17T14:00:00Z
W000842,L0034,17,300,621,32,12,train,2025-01-17T14:08:00Z
W000843,L0034,18,300,621,32,12,train,2025-01-17T14:16:00Z
W000844,L0034,19,300,621,32,12,train,2025-01-17T14:24:00Z
W000845,L0034,20,300,621,32,12,train,2025-01-17T14:32:00Z
W000846,L0034,21,300,621,32,12,train,2025-01-17T14:40:00Z
W000847,L0034,22,300,621,32,12,train,2025-01-17T14:48:00Z
W000848,L0034,23,300,621,32,12,train,2025-01-17T14:56:00Z
W000849,L0034,24,300,621,32,12,train,2025-01-17T15:04:00Z
W000850,L0034,25,300,621,32,12,train,2025-01-17T15:12:00Z
W000851,L0035,1,300,621,32,12,train,2025-01-18T00:00:00Z
W000852,L0035,2,300,621,32,12,train,2025-01-18T00:08:00Z
W000853,L0035,3,300,621,32,12,train,2025-01-18T00:16:00Z
W000854,L0035,4,300,621,32,12,train,2025-01-18T00:24:00Z
W000855,L0035,5,300,621,32,12,train,2025-01-18T00:32:00Z
W000856,L0035,6,300,621,32,12,train,2025-01-18T00:40:00Z
W000857,L0035,7,300,621,32,12,train,2025-01-18T00:48:00Z
W000858,L0035,8,300,621,32,12,train,2025-01-18T00:56:00Z
W000859,L0035,9,300,621,32,12,train,2025-01-18T01:04:00Z
W000860,L0035,10,300,621,32,12,train,2025-01-18T01:12:00Z
W000861,L0035,11,300,621,32,12,train,2025-01-18T01:20:00Z
W000862,L0035,12,300,621,32,12,train,2025-01-18T01:28:00Z
W000863,L0035,13,300,621,32,12,train,2025-01-18T01:36:00Z
W000864,L0035,14,300,621,32,12,train,2025-01-18T01:44:00Z
W000865,L0035,15,300,621,32,12,train,2025-01-18T01:52:00Z
W000866,L0035,16,300,621,32,12,train,2025-01-18T02:00:00Z
W000867,L0035,17,300,621,32,12,train,2025-01-18T02:08:00Z
W000868,L0035,18,300,621,32,12,train,2025-01-18T02:16:00Z
W000869,L0035,19,300,621,32,12,train,2025-01-18T02:24:00Z
W000870,L0035,20,300,621,32,12,train,2025-01-18T02:32:00Z
W000871,L0035,21,300,621,32,12,train,2025-01-18T02:40:00Z
W000872,L0035,22,300,621,32,12,train,2025-01-18T02:48:00Z
W000873,L0035,23,300,621,32,12,train,2025-01-18T02:56:00Z
W000874,L0035,24,300,621,32,12,train,2025-01-18T03:04:00Z
W000875,L0035,25,300,621,32,12,train,2025-01-18T03:12:00Z
W000876,L0036,1,300,621,32,12,train,2025-01-18T12:00:00Z
W000877,L0036,2,300,621,32,12,train,2025-01-18T12:08:00Z
W000878,L0036,3,300,621,32,12,train,2025-01-18T12:16:00Z
W000879,L0036,4,300,621,32,12,train,2025-01-18T12:24:00Z
W000880,L0036,5,300,621,32,12,train,2025-01-18T12:32:00Z
W000881,L0036,6,300,621,32,12,train,2025-01-18T12:40:00Z
W000882,L0036,7,300,621,32,12,train,2025-01-18T12:48:00Z
W000883,L0036,8,300,621,32,12,train,2025-01-18T12:56:00Z
W000884,L0036,9,300,621,32,12,train,2025-01-18T13:04:00Z
W000885,L0036,10,300,621,32,12,train,2025-01-18T13:12:00Z
W000886,L0036,11,300,621,32,12,train,2025-01-18T13:20:00Z
W000887,L0036,12,300,621,32,12,train,2025-01-18T13:28:00Z
W000888,L0036,13,300,621,32,12,train,2025-01-18T13:36:00Z
W000889,L0036,14,300,621,32,12,train,2025-01-18T13:44:00Z
W000890,L0036,15,300,621,32,12,train,2025-01-18T13:52:00Z
W000891,L0036,16,300,621,32,12,train,2025-01-18T14:00:00Z
W000892,L0036,17,300,621,32,12,train,2025-01-18T14:08:00Z
W000893,L0036,18,300,621,32,12,train,2025-01-18T14:16:00Z
W000894,L0036,19,300,621,32,12,train,2025-01-18T14:24:00Z
W000895,L0036,20,300,621,32,12,train,2025-01-18T14:32:00Z
W000896,L0036,21,300,621,32,12,train,2025-01-18T14:40:00Z
W000897,L0036,22,300,621,32,12,train,2025-01-18T14:48:00Z
W000898,L0036,23,300,621,32,12,train,2025-01-18T14:56:00Z
W000899,L0036,24,300,621,32,12,train,2025-01-18T15:04:00Z
W000900,L0036,25,300,621,32,12,train,2025-01-18T15:12:00Z
W000901,L0037,1,300,621,32,8,train,2025-01-19T00:00:00Z
W000902,L0037,2,300,621,32,8,train,2025-01-19T00:08:00Z
W000903,L0037,3,300,621,32,8,train,2025-01-19T00:16:00Z
W000904,L0037,4,300,621,32,8,train,2025-01-19T00:24:00Z
W000905,L0037,5,300,621,32,8,train,2025-01-19T00:32:00Z
W000906,L0037,6,300,621,32,8,train,2025-01-19T00:40:00Z
W000907,L0037,7,300,621,32,8,train,2025-01-19T00:48:00Z
W000908,L0037,8,300,621,32,8,train,2025-01-19T00:56:00Z
W000909,L0037,9,300,621,32,8,train,2025-01-19T01:04:00Z
W000910,L0037,10,300,621,32,8,train,2025-01-19T01:12:00Z
W000911,L0037,11,300,621,32,8,train,2025-01-19T01:20:00Z
W000912,L0037,12,300,621,32,8,train,2025-01-19T01:28:00Z
W000913,L0037,13,300,621,32,8,train,2025-01-19T01:36:00Z
W000914,L0037,14,300,621,32,8,train,2025-01-19T01:44:00Z
W000915,L0037,15,300,621,32,8,train,2025-01-19T01:52:00Z
W000916,L0037,16,300,621,32,8,train,2025-01-19T02:00:00Z
W000917,L0037,17,300,621,32,8,train,2025-01-19T02:08:00Z
W000918,L0037,18,300,621,32,8,train,2025-01-19T02:16:00Z
W000919,L0037,19,300,621,32,8,train,2025-01-19T02:24:00Z
W000920,L0037,20,300,621,32,8,train,2025-01-19T02:32:00Z
W000921,L0037,21,300,621,32,8,train,2025-01-19T02:40:00Z
W000922,L0037,22,300,621,32,8,train,2025-01-19T02:48:00Z
W000923,L0037,23,300,621,32,8,train,2025-01-19T02:56:00Z
W000924,L0037,24,300,621,32,8,train,2025-01-19T03:04:00Z
W000925,L0037,25,300,621,32,8,train,2025-01-19T03:12:00Z
W000926,L0038,1,300,621,32,12,train,2025-01-19T12:00:00Z
W000927,L0038,2,300,621,32,12,train,2025-01-19T12:08:00Z
W000928,L0038,3,300,621,32,12,train,2025-01-19T12:16:00Z
W000929,L0038,4,300,621,32,12,train,2025-01-19T12:24:00Z
W000930,L0038,5,300,621,32,12,train,2025-01-19T12:32:00Z
W000931,L0038,6,300,621,32,12,train,2025-01-19T12:40:00Z
W000932,L0038,7,300,621,32,12,train,2025-01-19T12:48:00Z
W000933,L0038,8,300,621,32,12,train,2025-01-19T12:56:00Z
W000934,L0038,9,300,621,32,12,train,2025-01-19T13:04:00Z
W000935,L0038,10,300,621,32,12,train,2025-01-19T13:12:00Z
W000936,L0038,11,300,621,32,12,train,2025-01-19T13:20:00Z
W000937,L0038,12,300,621,32,12,train,2025-01-19T13:28:00Z
W000938,L0038,13,300,621,32,12,train,2025-01-19T13:36:00Z
W000939,L0038,14,300,621,32,12,train,2025-01-19T13:44:00Z
W000940,L0038,15,300,621,32,12,train,2025-01-19T13:52:00Z
W000941,L0038,16,300,621,32,12,train,2025-01-19T14:00:00Z
W000942,L0038,17,300,621,32,12,train,2025-01-19T14:08:00Z
W000943,L0038,18,300,621,32,12,train,2025-01-19T14:16:00Z
W000944,L0038,19,300,621,32,12,train,2025-01-19T14:24:00Z
W000945,L0038,20,300,621,32,12,train,2025-01-19T14:32:00Z
W000946,L0038,21,300,621,32,12,train,2025-01-19T14:40:00Z
W000947,L0038,22,300,621,32,12,train,2025-01-19T14:48:00Z
W000948,L0038,23,300,621,32,12,train,2025-01-19T14:56:00Z
W000949,L0038,24,300,621,32,12,train,2025-01-19T15:04:00Z
W000950,L0038,25,300,621,32,12,train,2025-01-19T15:12:00Z
W000951,L0039,1,300,621,32,8,train,2025-01-20T00:00:00Z
W000952,L0039,2,300,621,32,8,train,2025-01-20T00:08:00Z
W000953,L0039,3,300,621,32,8,train,2025-01-20T00:16:00Z
W000954,L0039,4,300,621,32,8,train,2025-01-20T00:24:00Z
W000955,L0039,5,300,621,32,8,train,2025-01-20T00:32:00Z
W000956,L0039,6,300,621,32,8,train,2025-01-20T00:40:00Z
W000957,L0039,7,300,621,32,8,train,2025-01-20T00:48:00Z
W000958,L0039,8,300,621,32,8,train,2025-01-20T00:56:00Z
W000959,L0039,9,300,621,32,8,train,2025-01-20T01:04:00Z
W000960,L0039,10,300,621,32,8,train,2025-01-20T01:12:00Z
W000961,L0039,11,300,621,32,8,train,2025-01-20T01:20:00Z
W000962,L0039,12,300,621,32,8,train,2025-01-20T01:28:00Z
W000963,L0039,13,300,621,32,8,train,2025-01-20T01:36:00Z
W000964,L0039,14,300,621,32,8,train,2025-01-20T01:44:00Z
W000965,L0039,15,300,621,32,8,train,2025-01-20T01:52:00Z
W000966,L0039,16,300,621,32,8,train,2025-01-20T02:00:00Z
W000967,L0039,17,300,621,32,8,train,2025-01-20T02:08:00Z
W000968,L0039,18,300,621,32,8,train,2025-01-20T02:16:00Z
W000969,L0039,19,300,621,32,8,train,2025-01-20T02:24:00Z
W000970,L0039,20,300,621,32,8,train,2025-01-20T02:32:00Z
W000971,L0039,21,300,621,32,8,train,2025-01-20T02:40:00Z
W000972,L0039,22,300,621,32,8,train,2025-01-20T02:48:00Z
W000973,L0039,23,300,621,32,8,train,2025-01-20T02:56:00Z
W000974,L0039,24,300,621,32,8,train,2025-01-20T03:04:00Z
W000975,L0039,25,300,621,32,8,train,2025-01-20T03:12:00Z
W000976,L0040,1,300,621,32,12,train,2025-01-20T12:00:00Z
W000977,L0040,2,300,621,32,12,train,2025-01-20T12:08:00Z
W000978,L0040,3,300,621,32,12,train,2025-01-20T12:16:00Z
W000979,L0040,4,300,621,32,12,train,2025-01-20T12:24:00Z
W000980,L0040,5,300,621,32,12,train,2025-01-20T12:32:00Z
W000981,L0040,6,300,621,32,12,train,2025-01-20T12:40:00Z
W000982,L0040,7,300,621,32,12,train,2025-01-20T12:48:00Z
W000983,L0040,8,300,621,32,12,train,2025-01-20T12:56:00Z
W000984,L0040,9,300,621,32,12,train,2025-01-20T13:04:00Z
W000985,L0040,10,300,621,32,12,train,2025-01-20T13:12:00Z
W000986,L0040,11,300,621,32,12,train,2025-01-20T13:20:00Z
W000987,L0040,12,300,621,32,12,train,2025-01-20T13:28:00Z
W000988,L0040,13,300,621,32,12,train,2025-01-20T13:36:00Z
W000989,L0040,14,300,621,32,12,train,2025-01-20T13:44:00Z
W000990,L0040,15,300,621,32,12,train,2025-01-20T13:52:00Z
W000991,L0040,16,300,621,32,12,train,2025-01-20T14:00:00Z
W000992,L0040,17,300,621,32,12,train,2025-01-20T14:08:00Z
W000993,L0040,18,300,621,32,12,train,2025-01-20T14:16:00Z
W000994,L0040,19,300,621,32,12,train,2025-01-20T14:24:00Z
W000995,L0040,20,300,621,32,12,train,2025-01-20T14:32:00Z
W000996,L0040,21,300,621,32,12,train,2025-01-20T14:40:00Z
W000997,L0040,22,300,621,32,12,train,2025-01-20T14:48:00Z
W000998,L0040,23,300,621,32,12,train,2025-01-20T14:56:00Z
W000999,L0040,24,300,621,32,12,train,2025-01-20T15:04:00Z
W001000,L0040,25,300,621,32,12,train,2025-01-20T15:12:00Z
W001001,L0041,1,300,621,32,12,train,2025-01-21T00:00:00Z
W001002,L0041,2,300,621,32,12,train,2025-01-21T00:08:00Z
W001003,L0041,3,300,621,32,12,train,2025-01-21T00:16:00Z
W001004,L0041,4,300,621,32,12,train,2025-01-21T00:24:00Z
W001005,L0041,5,300,621,32,12,train,2025-01-21T00:32:00Z
W001006,L0041,6,300,621,32,12,train,2025-01-21T00:40:00Z
W001007,L0041,7,300,621,32,12,train,2025-01-21T00:48:00Z
W001008,L0041,8,300,621,32,12,train,2025-01-21T00:56:00Z
W001009,L0041,9,300,621,32,12,train,2025-01-21T01:04:00Z
W001010,L0041,10,300,621,32,12,train,2025-01-21T01:12:00Z
W001011,L0041,11,300,621,32,12,train,2025-01-21T01:20:00Z
W001012,L0041,12,300,621,32,12,train,2025-01-21T01:28:00Z
W001013,L0041,13,300,621,32,12,train,2025-01-21T01:36:00Z
W001014,L0041,14,300,621,32,12,train,2025-01-21T01:44:00Z
W001015,L0041,15,300,621,32,12,train,2025-01-21T01:52:00Z
W001016,L0041,16,300,621,32,12,train,2025-01-21T02:00:00Z
W001017,L0041,17,300,621,32,12,train,2025-01-21T02:08:00Z
W001018,L0041,18,300,621,32,12,train,2025-01-21T02:16:00Z
W001019,L0041,19,300,621,32,12,train,2025-01-21T02:24:00Z
W001020,L0041,20,300,621,32,12,train,2025-01-21T02:32:00Z
W001021,L0041,21,300,621,32,12,train,2025-01-21T02:40:00Z
W001022,L0041,22,300,621,32,12,train,2025-01-21T02:48:00Z
W001023,L0041,23,300,621,32,12,train,2025-01-21T02:56:00Z
W001024,L0041,24,300,621,32,12,train,2025-01-21T03:04:00Z
W001025,L0041,25,300,621,32,12,train,2025-01-21T03:12:00Z
W001026,L0042,1,300,621,32,8,train,2025-01-21T12:00:00Z
W001027,L0042,2,300,621,32,8,train,2025-01-21T12:08:00Z
W001028,L0042,3,300,621,32,8,train,2025-01-21T12:16:00Z
W001029,L0042,4,300,621,32,8,train,2025-01-21T12:24:00Z
W001030,L0042,5,300,621,32,8,train,2025-01-21T12:32:00Z
W001031,L0042,6,300,621,32,8,train,2025-01-21T12:40:00Z
W001032,L0042,7,300,621,32,8,train,2025-01-21T12:48:00Z
W001033,L0042,8,300,621,32,8,train,2025-01-21T12:56:00Z
W001034,L0042,9,300,621,32,8,train,2025-01-21T13:04:00Z
W001035,L0042,10,300,621,32,8,train,2025-01-21T13:12:00Z
W001036,L0042,11,300,621,32,8,train,2025-01-21T13:20:00Z
W001037,L0042,12,300,621,32,8,train,2025-01-21T13:28:00Z
W001038,L0042,13,300,621,32,8,train,2025-01-21T13:36:00Z
W001039,L0042,14,300,621,32,8,train,2025-01-21T13:44:00Z
W001040,L0042,15,300,621,32,8,train,2025-01-21T13:52:00Z
W001041,L0042,16,300,621,32,8,train,2025-01-21T14:00:00Z
W001042,L0042,17,300,621,32,8,train,2025-01-21T14:08:00Z
W001043,L0042,18,300,621,32,8,train,2025-01-21T14:16:00Z
W001044,L0042,19,300,621,32,8,train,2025-01-21T14:24:00Z
W001045,L0042,20,300,621,32,8,train,2025-01-21T14:32:00Z
W001046,L0042,21,300,621,32,8,train,2025-01-21T14:40:00Z
W001047,L0042,22,300,621,32,8,train,2025-01-21T14:48:00Z
W001048,L0042,23,300,621,32,8,train,2025-01-21T14:56:00Z
W001049,L0042,24,300,621,32,8,train,2025-01-21T15:04:00Z
W001050,L0042,25,300,621,32,8,train,2025-01-21T15:12:00Z
W001051,L0043,1,300,621,32,12,train,2025-01-22T00:00:00Z
W001052,L0043,2,300,621,32,12,train,2025-01-22T00:08:00Z
W001053,L0043,3,300,621,32,12,train,2025-01-22T00:16:00Z
W001054,L0043,4,300,621,32,12,train,2025-01-22T00:24:00Z
W001055,L0043,5,300,621,32,12,train,2025-01-22T00:32:00Z
W001056,L0043,6,300,621,32,12,train,2025-01-22T00:40:00Z
W001057,L0043,7,300,621,32,12,train,2025-01-22T00:48:00Z
W001058,L0043,8,300,621,32,12,train,2025-01-22T00:56:00Z
W001059,L0043,9,300,621,32,12,train,2025-01-22T01:04:00Z
W001060,L0043,10,300,621,32,12,train,2025-01-22T01:12:00Z
W001061,L0043,11,300,621,32,12,train,2025-01-22T01:20:00Z
W001062,L0043,12,300,621,32,12,train,2025-01-22T01:28:00Z
W001063,L0043,13,300,621,32,12,train,2025-01-22T01:36:00Z
W001064,L0043,14,300,621,32,12,train,2025-01-22T01:44:00Z
W001065,L0043,15,300,621,32,12,train,2025-01-22T01:52:00Z
W001066,L0043,16,300,621,32,12,train,2025-01-22T02:00:00Z
W001067,L0043,17,300,621,32,12,train,2025-01-22T02:08:00Z
W001068,L0043,18,300,621,32,12,train,2025-01-22T02:16:00Z
W001069,L0043,19,300,621,32,12,train,2025-01-22T02:24:00Z
W001070,L0043,20,300,621,32,12,train,2025-01-22T02:32:00Z
W001071,L0043,21,300,621,32,12,train,2025-01-22T02:40:00Z
W001072,L0043,22,300,621,32,12,train,2025-01-22T02:48:00Z
W001073,L0043,23,300,621,32,12,train,2025-01-22T02:56:00Z
W001074,L0043,24,300,621,32,12,train,2025-01-22T03:04:00Z
W001075,L0043,25,300,621,32,12,train,2025-01-22T03:12:00Z
W001076,L0044,1,300,621,32,12,train,2025-01-22T12:00:00Z
W001077,L0044,2,300,621,32,12,train,2025-01-22T12:08:00Z
W001078,L0044,3,300,621,32,12,train,2025-01-22T12:16:00Z
W001079,L0044,4,300,621,32,12,train,2025-01-22T12:24:00Z
W001080,L0044,5,300,621,32,12,train,2025-01-22T12:32:00Z
W001081,L0044,6,300,621,32,12,train,2025-01-22T12:40:00Z
W001082,L0044,7,300,621,32,12,train,2025-01-22T12:48:00Z
W001083,L0044,8,300,621,32,12,train,2025-01-22T12:56:00Z
W001084,L0044,9,300,621,32,12,train,2025-01-22T13:04:00Z
W001085,L0044,10,300,621,32,12,train,2025-01-22T13:12:00Z
W001086,L0044,11,300,621,32,12,train,2025-01-22T13:20:00Z
W001087,L0044,12,300,621,32,12,train,2025-01-22T13:28:00Z
W001088,L0044,13,300,621,32,12,train,2025-01-22T13:36:00Z
W001089,L0044,14,300,621,32,12,train,2025-01-22T13:44:00Z
W001090,L0044,15,300,621,32,12,train,2025-01-22T13:52:00Z
W001091,L0044,16,300,621,32,12,train,2025-01-22T14:00:00Z
W001092,L0044,17,300,621,32,12,train,2025-01-22T14:08:00Z
W001093,L0044,18,300,621,32,12,train,2025-01-22T14:16:00Z
W001094,L0044,19,300,621,32,12,train,2025-01-22T14:24:00Z
W001095,L0044,20,300,621,32,12,train,2025-01-22T14:32:00Z
W001096,L0044,21,300,621,32,12,train,2025-01-22T14:40:00Z
W001097,L0044,22,300,621,32,12,train,2025-01-22T14:48:00Z
W001098,L0044,23,300,621,32,12,train,2025-01-22T14:56:00Z
W001099,L0044,24,300,621,32,12,train,2025-01-22T15:04:00Z
W001100,L0044,25,300,621,32,12,train,2025-01-22T15:12:00Z
W001101,L0045,1,300,621,32,8,train,2025-01-23T00:00:00Z
W001102,L0045,2,300,621,32,8,train,2025-01-23T00:08:00Z
W001103,L0045,3,300,621,32,8,train,2025-01-23T00:16:00Z
W001104,L0045,4,300,621,32,8,train,2025-01-23T00:24:00Z
W001105,L0045,5,300,621,32,8,train,2025-01-23T00:32:00Z
W001106,L0045,6,300,621,32,8,train,2025-01-23T00:40:00Z
W001107,L0045,7,300,621,32,8,train,2025-01-23T00:48:00Z
W001108,L0045,8,300,621,32,8,train,2025-01-23T00:56:00Z
W001109,L0045,9,300,621,32,8,train,2025-01-23T01:04:00Z
W001110,L0045,10,300,621,32,8,train,2025-01-23T01:12:00Z
W001111,L0045,11,300,621,32,8,train,2025-01-23T01:20:00Z
W001112,L0045,12,300,621,32,8,train,2025-01-23T01:28:00Z
W001113,L0045,13,300,621,32,8,train,2025-01-23T01:36:00Z
W001114,L0045,14,300,621,32,8,train,2025-01-23T01:44:00Z
W001115,L0045,15,300,621,32,8,train,2025-01-23T01:52:00Z
W001116,L0045,16,300,621,32,8,train,2025-01-23T02:00:00Z
W001117,L0045,17,300,621,32,8,train,2025-01-23T02:08:00Z
W001118,L0045,18,300,621,32,8,train,2025-01-23T02:16:00Z
W001119,L0045,19,300,621,32,8,train,2025-01-23T02:24:00Z
W001120,L0045,20,300,621,32,8,train,2025-01-23T02:32:00Z
W001121,L0045,21,300,621,32,8,train,2025-01-23T02:40:00Z
W001122,L0045,22,300,621,32,8,train,2025-01-23T02:48:00Z
W001123,L0045,23,300,621,32,8,train,2025-01-23T02:56:00Z
W001124,L0045,24,300,621,32,8,train,2025-01-23T03:04:00Z
W001125,L0045,25,300,621,32,8,train,2025-01-23T03:12:00Z
W001126,L0046,1,300,621,32,8,train,2025-01-23T12:00:00Z
W001127,L0046,2,300,621,32,8,train,2025-01-23T12:08:00Z
W001128,L0046,3,300,621,32,8,train,2025-01-23T12:16:00Z
W001129,L0046,4,300,621,32,8,train,2025-01-23T12:24:00Z
W001130,L0046,5,300,621,32,8,train,2025-01-23T12:32:00Z
W001131,L0046,6,300,621,32,8,train,2025-01-23T12:40:00Z
W001132,L0046,7,300,621,32,8,train,2025-01-23T12:48:00Z
W001133,L0046,8,300,621,32,8,train,2025-01-23T12:56:00Z
W001134,L0046,9,300,621,32,8,train,2025-01-23T13:04:00Z
W001135,L0046,10,300,621,32,8,train,2025-01-23T13:12:00Z
W001136,L0046,11,300,621,32,8,train,2025-01-23T13:20:00Z
W001137,L0046,12,300,621,32,8,train,2025-01-23T13:28:00Z
W001138,L0046,13,300,621,32,8,train,2025-01-23T13:36:00Z
W001139,L0046,14,300,621,32,8,train,2025-01-23T13:44:00Z
W001140,L0046,15,300,621,32,8,train,2025-01-23T13:52:00Z
W001141,L0046,16,300,621,32,8,train,2025-01-23T14:00:00Z
W001142,L0046,17,300,621,32,8,train,2025-01-23T14:08:00Z
W001143,L0046,18,300,621,32,8,train,2025-01-23T14:16:00Z
W001144,L0046,19,300,621,32,8,train,2025-01-23T14:24:00Z
W001145,L0046,20,300,621,32,8,train,2025-01-23T14:32:00Z
W001146,L0046,21,300,621,32,8,train,2025-01-23T14:40:00Z
W001147,L0046,22,300,621,32,8,train,2025-01-23T14:48:00Z
W001148,L0046,23,300,621,32,8,train,2025-01-23T14:56:00Z
W001149,L0046,24,300,621,32,8,train,2025-01-23T15:04:00Z
W001150,L0046,25,300,621,32,8,train,2025-01-23T15:12:00Z
W001151,L0047,1,300,621,32,8,train,2025-01-24T00:00:00Z
W001152,L0047,2,300,621,32,8,train,2025-01-24T00:08:00Z
W001153,L0047,3,300,621,32,8,train,2025-01-24T00:16:00Z
W001154,L0047,4,300,621,32,8,train,2025-01-24T00:24:00Z
W001155,L0047,5,300,621,32,8,train,2025-01-24T00:32:00Z
W001156,L0047,6,300,621,32,8,train,2025-01-24T00:40:00Z
W001157,L0047,7,300,621,32,8,train,2025-01-24T00:48:00Z
W001158,L0047,8,300,621,32,8,train,2025-01-24T00:56:00Z
W001159,L0047,9,300,621,32,8,train,2025-01-24T01:04:00Z
W001160,L0047,10,300,621,32,8,train,2025-01-24T01:12:00Z
W001161,L0047,11,300,621,32,8,train,2025-01-24T01:20:00Z
W001162,L0047,12,300,621,32,8,train,2025-01-24T01:28:00Z
W001163,L0047,13,300,621,32,8,train,2025-01-24T01:36:00Z
W001164,L0047,14,300,621,32,8,train,2025-01-24T01:44:00Z
W001165,L0047,15,300,621,32,8,train,2025-01-24T01:52:00Z
W001166,L0047,16,300,621,32,8,train,2025-01-24T02:00:00Z
W001167,L0047,17,300,621,32,8,train,2025-01-24T02:08:00Z
W001168,L0047,18,300,621,32,8,train,2025-01-24T02:16:00Z
W001169,L0047,19,300,621,32,8,train,2025-01-24T02:24:00Z
W001170,L0047,20,300,621,32,8,train,2025-01-24T02:32:00Z
W001171,L0047,21,300,621,32,8,train,2025-01-24T02:40:00Z
W001172,L0047,22,300,621,32,8,train,2025-01-24T02:48:00Z
W001173,L0047,23,300,621,32,8,train,2025-01-24T02:56:00Z
W001174,L0047,24,300,621,32,8,train,2025-01-24T03:04:00Z
W001175,L0047,25,300,621,32,8,train,2025-01-24T03:12:00Z
W001176,L0048,1,300,621,32,8,train,2025-01-24T12:00:00Z
W001177,L0048,2,300,621,32,8,train,2025-01-24T12:08:00Z
W001178,L0048,3,300,621,32,8,train,2025-01-24T12:16:00Z
W001179,L0048,4,300,621,32,8,train,2025-01-24T12:24:00Z
W001180,L0048,5,300,621,32,8,train,2025-01-24T12:32:00Z
W001181,L0048,6,300,621,32,8,train,2025-01-24T12:40:00Z
W001182,L0048,7,300,621,32,8,train,2025-01-24T12:48:00Z
W001183,L0048,8,300,621,32,8,train,2025-01-24T12:56:00Z
W001184,L0048,9,300,621,32,8,train,2025-01-24T13:04:00Z
W001185,L0048,10,300,621,32,8,train,2025-01-24T13:12:00Z
W001186,L0048,11,300,621,32,8,train,2025-01-24T13:20:00Z
W001187,L0048,12,300,621,32,8,train,2025-01-24T13:28:00Z
W001188,L0048,13,300,621,32,8,train,2025-01-24T13:36:00Z
W001189,L0048,14,300,621,32,8,train,2025-01-24T13:44:00Z
W001190,L0048,15,300,621,32,8,train,2025-01-24T13:52:00Z
W001191,L0048,16,300,621,32,8,train,2025-01-24T14:00:00Z
W001192,L0048,17,300,621,32,8,train,2025-01-24T14:08:00Z
W001193,L0048,18,300,621,32,8,train,2025-01-24T14:16:00Z
W001194,L0048,19,300,621,32,8,train,2025-01-24T14:24:00Z
W001195,L0048,20,300,621,32,8,train,2025-01-24T14:32:00Z
W001196,L0048,21,300,621,32,8,train,2025-01-24T14:40:00Z
W001197,L0048,22,300,621,32,8,train,2025-01-24T14:48:00Z
W001198,L0048,23,300,621,32,8,train,2025-01-24T14:56:00Z
W001199,L0048,24,300,621,32,8,train,2025-01-24T15:04:00Z
W001200,L0048,25,300,621,32,8,train,2025-01-24T15:12:00Z
W001201,L0049,1,300,621,32,12,train,2025-01-25T00:00:00Z
W001202,L0049,2,300,621,32,12,train,2025-01-25T00:08:00Z
W001203,L0049,3,300,621,32,12,train,2025-01-25T00:16:00Z
W001204,L0049,4,300,621,32,12,train,2025-01-25T00:24:00Z
W001205,L0049,5,300,621,32,12,train,2025-01-25T00:32:00Z
W001206,L0049,6,300,621,32,12,train,2025-01-25T00:40:00Z
W001207,L0049,7,300,621,32,12,train,2025-01-25T00:48:00Z
W001208,L0049,8,300,621,32,12,train,2025-01-25T00:56:00Z
W001209,L0049,9,300,621,32,12,train,2025-01-25T01:04:00Z
W001210,L0049,10,300,621,32,12,train,2025-01-25T01:12:00Z
W001211,L0049,11,300,621,32,12,train,2025-01-25T01:20:00Z
W001212,L0049,12,300,621,32,12,train,2025-01-25T01:28:00Z
W001213,L0049,13,300,621,32,12,train,2025-01-25T01:36:00Z
W001214,L0049,14,300,621,32,12,train,2025-01-25T01:44:00Z
W001215,L0049,15,300,621,32,12,train,2025-01-25T01:52:00Z
W001216,L0049,16,300,621,32,12,train,2025-01-25T02:00:00Z
W001217,L0049,17,300,621,32,12,train,2025-01-25T02:08:00Z
W001218,L0049,18,300,621,32,12,train,2025-01-25T02:16:00Z
W001219,L0049,19,300,621,32,12,train,2025-01-25T02:24:00Z
W001220,L0049,20,300,621,32,12,train,2025-01-25T02:32:00Z
W001221,L0049,21,300,621,32,12,train,2025-01-25T02:40:00Z
W001222,L0049,22,300,621,32,12,train,2025-01-25T02:48:00Z
W001223,L0049,23,300,621,32,12,train,2025-01-25T02:56:00Z
W001224,L0049,24,300,621,32,12,train,2025-01-25T03:04:00Z
W001225,L0049,25,300,621,32,12,train,2025-01-25T03:12:00Z
W001226,L0050,1,300,621,32,8,train,2025-01-25T12:00:00Z
W001227,L0050,2,300,621,32,8,train,2025-01-25T12:08:00Z
W001228,L0050,3,300,621,32,8,train,2025-01-25T12:16:00Z
W001229,L0050,4,300,621,32,8,train,2025-01-25T12:24:00Z
W001230,L0050,5,300,621,32,8,train,2025-01-25T12:32:00Z
W001231,L0050,6,300,621,32,8,train,2025-01-25T12:40:00Z
W001232,L0050,7,300,621,32,8,train,2025-01-25T12:48:00Z
W001233,L0050,8,300,621,32,8,train,2025-01-25T12:56:00Z
W001234,L0050,9,300,621,32,8,train,2025-01-25T13:04:00Z
W001235,L0050,10,300,621,32,8,train,2025-01-25T13:12:00Z
W001236,L0050,11,300,621,32,8,train,2025-01-25T13:20:00Z
W001237,L0050,12,300,621,32,8,train,2025-01-25T13:28:00Z
W001238,L0050,13,300,621,32,8,train,2025-01-25T13:36:00Z
W001239,L0050,14,300,621,32,8,train,2025-01-25T13:44:00Z
W001240,L0050,15,300,621,32,8,train,2025-01-25T13:52:00Z
W001241,L0050,16,300,621,32,8,train,2025-01-25T14:00:00Z
W001242,L0050,17,300,621,32,8,train,2025-01-25T14:08:00Z
W001243,L0050,18,300,621,32,8,train,2025-01-25T14:16:00Z
W001244,L0050,19,300,621,32,8,train,2025-01-25T14:24:00Z
W001245,L0050,20,300,621,32,8,train,2025-01-25T14:32:00Z
W001246,L0050,21,300,621,32,8,train,2025-01-25T14:40:00Z
W001247,L0050,22,300,621,32,8,train,2025-01-25T14:48:00Z
W001248,L0050,23,300,621,32,8,train,2025-01-25T14:56:00Z
W001249,L0050,24,300,621,32,8,train,2025-01-25T15:04:00Z
W001250,L0050,25,300,621,32,8,train,2025-01-25T15:12:00Z
W001251,L0051,1,300,621,32,12,train,2025-01-26T00:00:00Z
W001252,L0051,2,300,621,32,12,train,2025-01-26T00:08:00Z
W001253,L0051,3,300,621,32,12,train,2025-01-26T00:16:00Z
W001254,L0051,4,300,621,32,12,train,2025-01-26T00:24:00Z
W001255,L0051,5,300,621,32,12,train,2025-01-26T00:32:00Z
W001256,L0051,6,300,621,32,12,train,2025-01-26T00:40:00Z
W001257,L0051,7,300,621,32,12,train,2025-01-26T00:48:00Z
W001258,L0051,8,300,621,32,12,train,2025-01-26T00:56:00Z
W001259,L0051,9,300,621,32,12,train,2025-01-26T01:04:00Z
W001260,L0051,10,300,621,32,12,train,2025-01-26T01:12:00Z
W001261,L0051,11,300,621,32,12,train,2025-01-26T01:20:00Z
W001262,L0051,12,300,621,32,12,train,2025-01-26T01:28:00Z
W001263,L0051,13,300,621,32,12,train,2025-01-26T01:36:00Z
W001264,L0051,14,300,621,32,12,train,2025-01-26T01:44:00Z
W001265,L0051,15,300,621,32,12,train,2025-01-26T01:52:00Z
W001266,L0051,16,300,621,32,12,train,2025-01-26T02:00:00Z
W001267,L0051,17,300,621,32,12,train,2025-01-26T02:08:00Z
W001268,L0051,18,300,621,32,12,train,2025-01-26T02:16:00Z
W001269,L0051,19,300,621,32,12,train,2025-01-26T02:24:00Z
W001270,L0051,20,300,621,32,12,train,2025-01-26T02:32:00Z
W001271,L0051,21,300,621,32,12,train,2025-01-26T02:40:00Z
W001272,L0051,22,300,621,32,12,train,2025-01-26T02:48:00Z
W001273,L0051,23,300,621,32,12,train,2025-01-26T02:56:00Z
W001274,L0051,24,300,621,32,12,train,2025-01-26T03:04:00Z
W001275,L0051,25,300,621,32,12,train,2025-01-26T03:12:00Z
W001276,L0052,1,300,621,32,12,train,2025-01-26T12:00:00Z
W001277,L0052,2,300,621,32,12,train,2025-01-26T12:08:00Z
W001278,L0052,3,300,621,32,12,train,2025-01-26T12:16:00Z
W001279,L0052,4,300,621,32,12,train,2025-01-26T12:24:00Z
W001280,L0052,5,300,621,32,12,train,2025-01-26T12:32:00Z
W001281,L0052,6,300,621,32,12,train,2025-01-26T12:40:00Z
W001282,L0052,7,300,621,32,12,train,2025-01-26T12:48:00Z
W001283,L0052,8,300,621,32,12,train,2025-01-26T12:56:00Z
W001284,L0052,9,300,621,32,12,train,2025-01-26T13:04:00Z
W001285,L0052,10,300,621,32,12,train,2025-01-26T13:12:00Z
W001286,L0052,11,300,621,32,12,train,2025-01-26T13:20:00Z
W001287,L0052,12,300,621,32,12,train,2025-01-26T13:28:00Z
W001288,L0052,13,300,621,32,12,train,2025-01-26T13:36:00Z
W001289,L0052,14,300,621,32,12,train,2025-01-26T13:44:00Z
W001290,L0052,15,300,621,32,12,train,2025-01-26T13:52:00Z
W001291,L0052,16,300,621,32,12,train,2025-01-26T14:00:00Z
W001292,L0052,17,300,621,32,12,train,2025-01-26T14:08:00Z
W001293,L0052,18,300,621,32,12,train,2025-01-26T14:16:00Z
W001294,L0052,19,300,621,32,12,train,2025-01-26T14:24:00Z
W001295,L0052,20,300,621,32,12,train,2025-01-26T14:32:00Z
W001296,L0052,21,300,621,32,12,train,2025-01-26T14:40:00Z
W001297,L0052,22,300,621,32,12,train,2025-01-26T14:48:00Z
W001298,L0052,23,300,621,32,12,train,2025-01-26T14:56:00Z
W001299,L0052,24,300,621,32,12,train,2025-01-26T15:04:00Z
W001300,L0052,25,300,621,32,12,train,2025-01-26T15:12:00Z
W001301,L0053,1,300,621,32,8,train,2025-01-27T00:00:00Z
W001302,L0053,2,300,621,32,8,train,2025-01-27T00:08:00Z
W001303,L0053,3,300,621,32,8,train,2025-01-27T00:16:00Z
W001304,L0053,4,300,621,32,8,train,2025-01-27T00:24:00Z
W001305,L0053,5,300,621,32,8,train,2025-01-27T00:32:00Z
W001306,L0053,6,300,621,32,8,train,2025-01-27T00:40:00Z
W001307,L0053,7,300,621,32,8,train,2025-01-27T00:48:00Z
W001308,L0053,8,300,621,32,8,train,2025-01-27T00:56:00Z
W001309,L0053,9,300,621,32,8,train,2025-01-27T01:04:00Z
W001310,L0053,10,300,621,32,8,train,2025-01-27T01:12:00Z
W001311,L0053,11,300,621,32,8,train,2025-01-27T01:20:00Z
W001312,L0053,12,300,621,32,8,train,2025-01-27T01:28:00Z
W001313,L0053,13,300,621,32,8,train,2025-01-27T01:36:00Z
W001314,L0053,14,300,621,32,8,train,2025-01-27T01:44:00Z
W001315,L0053,15,300,621,32,8,train,2025-01-27T01:52:00Z
W001316,L0053,16,300,621,32,8,train,2025-01-27T02:00:00Z
W001317,L0053,17,300,621,32,8,train,2025-01-27T02:08:00Z
W001318,L0053,18,300,621,32,8,train,2025-01-27T02:16:00Z
W001319,L0053,19,300,621,32,8,train,2025-01-27T02:24:00Z
W001320,L0053,20,300,621,32,8,train,2025-01-27T02:32:00Z
W001321,L0053,21,300,621,32,8,train,2025-01-27T02:40:00Z
W001322,L0053,22,300,621,32,8,train,2025-01-27T02:48:00Z
W001323,L0053,23,300,621,32,8,train,2025-01-27T02:56:00Z
W001324,L0053,24,300,621,32,8,train,2025-01-27T03:04:00Z
W001325,L0053,25,300,621,32,8,train,2025-01-27T03:12:00Z
W001326,L0054,1,300,621,32,12,train,2025-01-27T12:00:00Z
W001327,L0054,2,300,621,32,12,train,2025-01-27T12:08:00Z
W001328,L0054,3,300,621,32,12,train,2025-01-27T12:16:00Z
W001329,L0054,4,300,621,32,12,train,2025-01-27T12:24:00Z
W001330,L0054,5,300,621,32,12,train,2025-01-27T12:32:00Z
W001331,L0054,6,300,621,32,12,train,2025-01-27T12:40:00Z
W001332,L0054,7,300,621,32,12,train,2025-01-27T12:48:00Z
W001333,L0054,8,300,621,32,12,train,2025-01-27T12:56:00Z
W001334,L0054,9,300,621,32,12,train,2025-01-27T13:04:00Z
W001335,L0054,10,300,621,32,12,train,2025-01-27T13:12:00Z
W001336,L0054,11,300,621,32,12,train,2025-01-27T13:20:00Z
W001337,L0054,12,300,621,32,12,train,2025-01-27T13:28:00Z
W001338,L0054,13,300,621,32,12,train,2025-01-27T13:36:00Z
W001339,L0054,14,300,621,32,12,train,2025-01-27T13:44:00Z
W001340,L0054,15,300,621,32,12,train,2025-01-27T13:52:00Z
W001341,L0054,16,300,621,32,12,train,2025-01-27T14:00:00Z
W001342,L0054,17,300,621,32,12,train,2025-01-27T14:08:00Z
W001343,L0054,18,300,621,32,12,train,2025-01-27T14:16:00Z
W001344,L0054,19,300,621,32,12,train,2025-01-27T14:24:00Z
W001345,L0054,20,300,621,32,12,train,2025-01-27T14:32:00Z
W001346,L0054,21,300,621,32,12,train,2025-01-27T14:40:00Z
W001347,L0054,22,300,621,32,12,train,2025-01-27T14:48:00Z
W001348,L0054,23,300,621,32,12,train,2025-01-27T14:56:00Z
W001349,L0054,24,300,621,32,12,train,2025-01-27T15:04:00Z
W001350,L0054,25,300,621,32,12,train,2025-01-27T15:12:00Z
W001351,L0055,1,300,621,32,8,train,2025-01-28T00:00:00Z
W001352,L0055,2,300,621,32,8,train,2025-01-28T00:08:00Z
W001353,L0055,3,300,621,32,8,train,2025-01-28T00:16:00Z
W001354,L0055,4,300,621,32,8,train,2025-01-28T00:24:00Z
W001355,L0055,5,300,621,32,8,train,2025-01-28T00:32:00Z
W001356,L0055,6,300,621,32,8,train,2025-01-28T00:40:00Z
W001357,L0055,7,300,621,32,8,train,2025-01-28T00:48:00Z
W001358,L0055,8,300,621,32,8,train,2025-01-28T00:56:00Z
W001359,L0055,9,300,621,32,8,train,2025-01-28T01:04:00Z
W001360,L0055,10,300,621,32,8,train,2025-01-28T01:12:00Z
W001361,L0055,11,300,621,32,8,train,2025-01-28T01:20:00Z
W001362,L0055,12,300,621,32,8,train,2025-01-28T01:28:00Z
W001363,L0055,13,300,621,32,8,train,2025-01-28T01:36:00Z
W001364,L0055,14,300,621,32,8,train,2025-01-28T01:44:00Z
W001365,L0055,15,300,621,32,8,train,2025-01-28T01:52:00Z
W001366,L0055,16,300,621,32,8,train,2025-01-28T02:00:00Z
W001367,L0055,17,300,621,32,8,train,2025-01-28T02:08:00Z
W001368,L0055,18,300,621,32,8,train,2025-01-28T02:16:00Z
W001369,L0055,19,300,621,32,8,train,2025-01-28T02:24:00Z
W001370,L0055,20,300,621,32,8,train,2025-01-28T02:32:00Z
W001371,L0055,21,300,621,32,8,train,2025-01-28T02:40:00Z
W001372,L0055,22,300,621,32,8,train,2025-01-28T02:48:00Z
W001373,L0055,23,300,621,32,8,train,2025-01-28T02:56:00Z
W001374,L0055,24,300,621,32,8,train,2025-01-28T03:04:00Z
W001375,L0055,25,300,621,32,8,train,2025-01-28T03:12:00Z
W001376,L0056,1,300,621,32,12,train,2025-01-28T12:00:00Z
W001377,L0056,2,300,621,32,12,train,2025-01-28T12:08:00Z
W001378,L0056,3,300,621,32,12,train,2025-01-28T12:16:00Z
W001379,L0056,4,300,621,32,12,train,2025-01-28T12:24:00Z
W001380,L0056,5,300,621,32,12,train,2025-01-28T12:32:00Z
W001381,L0056,6,300,621,32,12,train,2025-01-28T12:40:00Z
W001382,L0056,7,300,621,32,12,train,2025-01-28T12:48:00Z
W001383,L0056,8,300,621,32,12,train,2025-01-28T12:56:00Z
W001384,L0056,9,300,621,32,12,train,2025-01-28T13:04:00Z
W001385,L0056,10,300,621,32,12,train,2025-01-28T13:12:00Z
W001386,L0056,11,300,621,32,12,train,2025-01-28T13:20:00Z
W001387,L0056,12,300,621,32,12,train,2025-01-28T13:28:00Z
W001388,L0056,13,300,621,32,12,train,2025-01-28T13:36:00Z
W001389,L0056,14,300,621,32,12,train,2025-01-28T13:44:00Z
W001390,L0056,15,300,621,32,12,train,2025-01-28T13:52:00Z
W001391,L0056,16,300,621,32,12,train,2025-01-28T14:00:00Z
W001392,L0056,17,300,621,32,12,train,2025-01-28T14:08:00Z
W001393,L0056,18,300,621,32,12,train,2025-01-28T14:16:00Z
W001394,L0056,19,300,621,32,12,train,2025-01-28T14:24:00Z
W001395,L0056,20,300,621,32,12,train,2025-01-28T14:32:00Z
W001396,L0056,21,300,621,32,12,train,2025-01-28T14:40:00Z
W001397,L0056,22,300,621,32,12,train,2025-01-28T14:48:00Z
W001398,L0056,23,300,621,32,12,train,2025-01-28T14:56:00Z
W001399,L0056,24,300,621,32,12,train,2025-01-28T15:04:00Z
W001400,L0056,25,300,621,32,12,train,2025-01-28T15:12:00Z
W001401,L0057,1,300,621,32,12,train,2025-01-29T00:00:00Z
W001402,L0057,2,300,621,32,12,train,2025-01-29T00:08:00Z
W001403,L0057,3,300,621,32,12,train,2025-01-29T00:16:00Z
W001404,L0057,4,300,621,32,12,train,2025-01-29T00:24:00Z
W001405,L0057,5,300,621,32,12,train,2025-01-29T00:32:00Z
W001406,L0057,6,300,621,32,12,train,2025-01-29T00:40:00Z
W001407,L0057,7,300,621,32,12,train,2025-01-29T00:48:00Z
W001408,L0057,8,300,621,32,12,train,2025-01-29T00:56:00Z
W001409,L0057,9,300,621,32,12,train,2025-01-29T01:04:00Z
W001410,L0057,10,300,621,32,12,train,2025-01-29T01:12:00Z
W001411,L0057,11,300,621,32,12,train,2025-01-29T01:20:00Z
W001412,L0057,12,300,621,32,12,train,2025-01-29T01:28:00Z
W001413,L0057,13,300,621,32,12,train,2025-01-29T01:36:00Z
W001414,L0057,14,300,621,32,12,train,2025-01-29T01:44:00Z
W001415,L0057,15,300,621,32,12,train,2025-01-29T01:52:00Z
W001416,L0057,16,300,621,32,12,train,2025-01-29T02:00:00Z
W001417,L0057,17,300,621,32,12,train,2025-01-29T02:08:00Z
W001418,L0057,18,300,621,32,12,train,2025-01-29T02:16:00Z
W001419,L0057,19,300,621,32,12,train,2025-01-29T02:24:00Z
W001420,L0057,20,300,621,32,12,train,2025-01-29T02:32:00Z
W001421,L0057,21,300,621,32,12,train,2025-01-29T02:40:00Z
W001422,L0057,22,300,621,32,12,train,2025-01-29T02:48:00Z
W001423,L0057,23,300,621,32,12,train,2025-01-29T02:56:00Z
W001424,L0057,24,300,621,32,12,train,2025-01-29T03:04:00Z
W001425,L0057,25,300,621,32,12,train,2025-01-29T03:12:00Z
W001426,L0058,1,300,621,32,12,train,2025-01-29T12:00:00Z
W001427,L0058,2,300,621,32,12,train,2025-01-29T12:08:00Z
W001428,L0058,3,300,621,32,12,train,2025-01-29T12:16:00Z
W001429,L0058,4,300,621,32,12,train,2025-01-29T12:24:00Z
W001430,L0058,5,300,621,32,12,train,2025-01-29T12:32:00Z
W001431,L0058,6,300,621,32,12,train,2025-01-29T12:40:00Z
W001432,L0058,7,300,621,32,12,train,2025-01-29T12:48:00Z
W001433,L0058,8,300,621,32,12,train,2025-01-29T12:56:00Z
W001434,L0058,9,300,621,32,12,train,2025-01-29T13:04:00Z
W001435,L0058,10,300,621,32,12,train,2025-01-29T13:12:00Z
W001436,L0058,11,300,621,32,12,train,2025-01-29T13:20:00Z
W001437,L0058,12,300,621,32,12,train,2025-01-29T13:28:00Z
W001438,L0058,13,300,621,32,12,train,2025-01-29T13:36:00Z
W001439,L0058,14,300,621,32,12,train,2025-01-29T13:44:00Z
W001440,L0058,15,300,621,32,12,train,2025-01-29T13:52:00Z
W001441,L0058,16,300,621,32,12,train,2025-01-29T14:00:00Z
W001442,L0058,17,300,621,32,12,train,2025-01-29T14:08:00Z
W001443,L0058,18,300,621,32,12,train,2025-01-29T14:16:00Z
W001444,L0058,19,300,621,32,12,train,2025-01-29T14:24:00Z
W001445,L0058,20,300,621,32,12,train,2025-01-29T14:32:00Z
W001446,L0058,21,300,621,32,12,train,2025-01-29T14:40:00Z
W001447,L0058,22,300,621,32,12,train,2025-01-29T14:48:00Z
W001448,L0058,23,300,621,32,12,train,2025-01-29T14:56:00Z
W001449,L0058,24,300,621,32,12,train,2025-01-29T15:04:00Z
W001450,L0058,25,300,621,32,12,train,2025-01-29T15:12:00Z
W001451,L0059,1,300,621,32,12,train,2025-01-30T00:00:00Z
W001452,L0059,2,300,621,32,12,train,2025-01-30T00:08:00Z
W001453,L0059,3,300,621,32,12,train,2025-01-30T00:16:00Z
W001454,L0059,4,300,621,32,12,train,2025-01-30T00:24:00Z
W001455,L0059,5,300,621,32,12,train,2025-01-30T00:32:00Z
W001456,L0059,6,300,621,32,12,train,2025-01-30T00:40:00Z
W001457,L0059,7,300,621,32,12,train,2025-01-30T00:48:00Z
W001458,L0059,8,300,621,32,12,train,2025-01-30T00:56:00Z
W001459,L0059,9,300,621,32,12,train,2025-01-30T01:04:00Z
W001460,L0059,10,300,621,32,12,train,2025-01-30T01:12:00Z
W001461,L0059,11,300,621,32,12,train,2025-01-30T01:20:00Z
W001462,L0059,12,300,621,32,12,train,2025-01-30T01:28:00Z
W001463,L0059,13,300,621,32,12,train,2025-01-30T01:36:00Z
W001464,L0059,14,300,621,32,12,train,2025-01-30T01:44:00Z
W001465,L0059,15,300,621,32,12,train,2025-01-30T01:52:00Z
W001466,L0059,16,300,621,32,12,train,2025-01-30T02:00:00Z
W001467,L0059,17,300,621,32,12,train,2025-01-30T02:08:00Z
W001468,L0059,18,300,621,32,12,train,2025-01-30T02:16:00Z
W001469,L0059,19,300,621,32,12,train,2025-01-30T02:24:00Z
W001470,L0059,20,300,621,32,12,train,2025-01-30T02:32:00Z
W001471,L0059,21,300,621,32,12,train,2025-01-30T02:40:00Z
W001472,L0059,22,300,621,32,12,train,2025-01-30T02:48:00Z
W001473,L0059,23,300,621,32,12,train,2025-01-30T02:56:00Z
W001474,L0059,24,300,621,32,12,train,2025-01-30T03:04:00Z
W001475,L0059,25,300,621,32,12,train,2025-01-30T03:12:00Z
W001476,L0060,1,300,621,32,12,train,2025-01-30T12:00:00Z
W001477,L0060,2,300,621,32,12,train,2025-01-30T12:08:00Z
W001478,L0060,3,300,621,32,12,train,2025-01-30T12:16:00Z
W001479,L0060,4,300,621,32,12,train,2025-01-30T12:24:00Z
W001480,L0060,5,300,621,32,12,train,2025-01-30T12:32:00Z
W001481,L0060,6,300,621,32,12,train,2025-01-30T12:40:00Z
W001482,L0060,7,300,621,32,12,train,2025-01-30T12:48:00Z
W001483,L0060,8,300,621,32,12,train,2025-01-30T12:56:00Z
W001484,L0060,9,300,621,32,12,train,2025-01-30T13:04:00Z
W001485,L0060,10,300,621,32,12,train,2025-01-30T13:12:00Z
W001486,L0060,11,300,621,32,12,train,2025-01-30T13:20:00Z
W001487,L0060,12,300,621,32,12,train,2025-01-30T13:28:00Z
W001488,L0060,13,300,621,32,12,train,2025-01-30T13:36:00Z
W001489,L0060,14,300,621,32,12,train,2025-01-30T13:44:00Z
W001490,L0060,15,300,621,32,12,train,2025-01-30T13:52:00Z
W001491,L0060,16,300,621,32,12,train,2025-01-30T14:00:00Z
W001492,L0060,17,300,621,32,12,train,2025-01-30T14:08:00Z
W001493,L0060,18,300,621,32,12,train,2025-01-30T14:16:00Z
W001494,L0060,19,300,621,32,12,train,2025-01-30T14:24:00Z
W001495,L0060,20,300,621,32,12,train,2025-01-30T14:32:00Z
W001496,L0060,21,300,621,32,12,train,2025-01-30T14:40:00Z
W001497,L0060,22,300,621,32,12,train,2025-01-30T14:48:00Z
W001498,L0060,23,300,621,32,12,train,2025-01-30T14:56:00Z
W001499,L0060,24,300,621,32,12,train,2025-01-30T15:04:00Z
W001500,L0060,25,300,621,32,12,train,2025-01-30T15:12:00Z
W001501,L0061,1,300,621,32,12,train,2025-01-31T00:00:00Z
W001502,L0061,2,300,621,32,12,train,2025-01-31T00:08:00Z
W001503,L0061,3,300,621,32,12,train,2025-01-31T00:16:00Z
W001504,L0061,4,300,621,32,12,train,2025-01-31T00:24:00Z
W001505,L0061,5,300,621,32,12,train,2025-01-31T00:32:00Z
W001506,L0061,6,300,621,32,12,train,2025-01-31T00:40:00Z
W001507,L0061,7,300,621,32,12,train,2025-01-31T00:48:00Z
W001508,L0061,8,300,621,32,12,train,2025-01-31T00:56:00Z
W001509,L0061,9,300,621,32,12,train,2025-01-31T01:04:00Z
W001510,L0061,10,300,621,32,12,train,2025-01-31T01:12:00Z
W001511,L0061,11,300,621,32,12,train,2025-01-31T01:20:00Z
W001512,L0061,12,300,621,32,12,train,2025-01-31T01:28:00Z
W001513,L0061,13,300,621,32,12,train,2025-01-31T01:36:00Z
W001514,L0061,14,300,621,32,12,train,2025-01-31T01:44:00Z
W001515,L0061,15,300,621,32,12,train,2025-01-31T01:52:00Z
W001516,L0061,16,300,621,32,12,train,2025-01-31T02:00:00Z
W001517,L0061,17,300,621,32,12,train,2025-01-31T02:08:00Z
W001518,L0061,18,300,621,32,12,train,2025-01-31T02:16:00Z
W001519,L0061,19,300,621,32,12,train,2025-01-31T02:24:00Z
W001520,L0061,20,300,621,32,12,train,2025-01-31T02:32:00Z
W001521,L0061,21,300,621,32,12,train,2025-01-31T02:40:00Z
W001522,L0061,22,300,621,32,12,train,2025-01-31T02:48:00Z
W001523,L0061,23,300,621,32,12,train,2025-01-31T02:56:00Z
W001524,L0061,24,300,621,32,12,train,2025-01-31T03:04:00Z
W001525,L0061,25,300,621,32,12,train,2025-01-31T03:12:00Z
W001526,L0062,1,300,621,32,8,train,2025-01-31T12:00:00Z
W001527,L0062,2,300,621,32,8,train,2025-01-31T12:08:00Z
W001528,L0062,3,300,621,32,8,train,2025-01-31T12:16:00Z
W001529,L0062,4,300,621,32,8,train,2025-01-31T12:24:00Z
W001530,L0062,5,300,621,32,8,train,2025-01-31T12:32:00Z
W001531,L0062,6,300,621,32,8,train,2025-01-31T12:40:00Z
W001532,L0062,7,300,621,32,8,train,2025-01-31T12:48:00Z
W001533,L0062,8,300,621,32,8,train,2025-01-31T12:56:00Z
W001534,L0062,9,300,621,32,8,train,2025-01-31T13:04:00Z
W001535,L0062,10,300,621,32,8,train,2025-01-31T13:12:00Z
W001536,L0062,11,300,621,32,8,train,2025-01-31T13:20:00Z
W001537,L0062,12,300,621,32,8,train,2025-01-31T13:28:00Z
W001538,L0062,13,300,621,32,8,train,2025-01-31T13:36:00Z
W001539,L0062,14,300,621,32,8,train,2025-01-31T13:44:00Z
W001540,L0062,15,300,621,32,8,train,2025-01-31T13:52:00Z
W001541,L0062,16,300,621,32,8,train,2025-01-31T14:00:00Z
W001542,L0062,17,300,621,32,8,train,2025-01-31T14:08:00Z
W001543,L0062,18,300,621,32,8,train,2025-01-31T14:16:00Z
W001544,L0062,19,300,621,32,8,train,2025-01-31T14:24:00Z
W001545,L0062,20,300,621,32,8,train,2025-01-31T14:32:00Z
W001546,L0062,21,300,621,32,8,train,2025-01-31T14:40:00Z
W001547,L0062,22,300,621,32,8,train,2025-01-31T14:48:00Z
W001548,L0062,23,300,621,32,8,train,2025-01-31T14:56:00Z
W001549,L0062,24,300,621,32,8,train,2025-01-31T15:04:00Z
W001550,L0062,25,300,621,32,8,train,2025-01-31T15:12:00Z
W001551,L0063,1,300,621,32,12,train,2025-02-01T00:00:00Z
W001552,L0063,2,300,621,32,12,train,2025-02-01T00:08:00Z
W001553,L0063,3,300,621,32,12,train,2025-02-01T00:16:00Z
W001554,L0063,4,300,621,32,12,train,2025-02-01T00:24:00Z
W001555,L0063,5,300,621,32,12,train,2025-02-01T00:32:00Z
W001556,L0063,6,300,621,32,12,train,2025-02-01T00:40:00Z
W001557,L0063,7,300,621,32,12,train,2025-02-01T00:48:00Z
W001558,L0063,8,300,621,32,12,train,2025-02-01T00:56:00Z
W001559,L0063,9,300,621,32,12,train,2025-02-01T01:04:00Z
W001560,L0063,10,300,621,32,12,train,2025-02-01T01:12:00Z
W001561,L0063,11,300,621,32,12,train,2025-02-01T01:20:00Z
W001562,L0063,12,300,621,32,12,train,2025-02-01T01:28:00Z
W001563,L0063,13,300,621,32,12,train,2025-02-01T01:36:00Z
W001564,L0063,14,300,621,32,12,train,2025-02-01T01:44:00Z
W001565,L0063,15,300,621,32,12,train,2025-02-01T01:52:00Z
W001566,L0063,16,300,621,32,12,train,2025-02-01T02:00:00Z
W001567,L0063,17,300,621,32,12,train,2025-02-01T02:08:00Z
W001568,L0063,18,300,621,32,12,train,2025-02-01T02:16:00Z
W001569,L0063,19,300,621,32,12,train,2025-02-01T02:24:00Z
W001570,L0063,20,300,621,32,12,train,2025-02-01T02:32:00Z
W001571,L0063,21,300,621,32,12,train,2025-02-01T02:40:00Z
W001572,L0063,22,300,621,32,12,train,2025-02-01T02:48:00Z
W001573,L0063,23,300,621,32,12,train,2025-02-01T02:56:00Z
W001574,L0063,24,300,621,32,12,train,2025-02-01T03:04:00Z
W001575,L0063,25,300,621,32,12,train,2025-02-01T03:12:00Z
W001576,L0064,1,300,621,32,12,train,2025-02-01T12:00:00Z
W001577,L0064,2,300,621,32,12,train,2025-02-01T12:08:00Z
W001578,L0064,3,300,621,32,12,train,2025-02-01T12:16:00Z
W001579,L0064,4,300,621,32,12,train,2025-02-01T12:24:00Z
W001580,L0064,5,300,621,32,12,train,2025-02-01T12:32:00Z
W001581,L0064,6,300,621,32,12,train,2025-02-01T12:40:00Z
W001582,L0064,7,300,621,32,12,train,2025-02-01T12:48:00Z
W001583,L0064,8,300,621,32,12,train,2025-02-01T12:56:00Z
W001584,L0064,9,300,621,32,12,train,2025-02-01T13:04:00Z
W001585,L0064,10,300,621,32,12,train,2025-02-01T13:12:00Z
W001586,L0064,11,300,621,32,12,train,2025-02-01T13:20:00Z
W001587,L0064,12,300,621,32,12,train,2025-02-01T13:28:00Z
W001588,L0064,13,300,621,32,12,train,2025-02-01T13:36:00Z
W001589,L0064,14,300,621,32,12,train,2025-02-01T13:44:00Z
W001590,L0064,15,300,621,32,12,train,2025-02-01T13:52:00Z
W001591,L0064,16,300,621,32,12,train,2025-02-01T14:00:00Z
W001592,L0064,17,300,621,32,12,train,2025-02-01T14:08:00Z
W001593,L0064,18,300,621,32,12,train,2025-02-01T14:16:00Z
W001594,L0064,19,300,621,32,12,train,2025-02-01T14:24:00Z
W001595,L0064,20,300,621,32,12,train,2025-02-01T14:32:00Z
W001596,L0064,21,300,621,32,12,train,2025-02-01T14:40:00Z
W001597,L0064,22,300,621,32,12,train,2025-02-01T14:48:00Z
W001598,L0064,23,300,621,32,12,train,2025-02-01T14:56:00Z
W001599,L0064,24,300,621,32,12,train,2025-02-01T15:04:00Z
W001600,L0064,25,300,621,32,12,train,2025-02-01T15:12:00Z
W001601,L0065,1,300,621,32,12,train,2025-02-02T00:00:00Z
W001602,L0065,2,300,621,32,12,train,2025-02-02T00:08:00Z
W001603,L0065,3,300,621,32,12,train,2025-02-02T00:16:00Z
W001604,L0065,4,300,621,32,12,train,2025-02-02T00:24:00Z
W001605,L0065,5,300,621,32,12,train,2025-02-02T00:32:00Z
W001606,L0065,6,300,621,32,12,train,2025-02-02T00:40:00Z
W001607,L0065,7,300,621,32,12,train,2025-02-02T00:48:00Z
W001608,L0065,8,300,621,32,12,train,2025-02-02T00:56:00Z
W001609,L0065,9,300,621,32,12,train,2025-02-02T01:04:00Z
W001610,L0065,10,300,621,32,12,train,2025-02-02T01:12:00Z
W001611,L0065,11,300,621,32,12,train,2025-02-02T01:20:00Z
W001612,L0065,12,300,621,32,12,train,2025-02-02T01:28:00Z
W001613,L0065,13,300,621,32,12,train,2025-02-02T01:36:00Z
W001614,L0065,14,300,621,32,12,train,2025-02-02T01:44:00Z
W001615,L0065,15,300,621,32,12,train,2025-02-02T01:52:00Z
W001616,L0065,16,300,621,32,12,train,2025-02-02T02:00:00Z
W001617,L0065,17,300,621,32,12,train,2025-02-02T02:08:00Z
W001618,L0065,18,300,621,32,12,train,2025-02-02T02:16:00Z
W001619,L0065,19,300,621,32,12,train,2025-02-02T02:24:00Z
W001620,L0065,20,300,621,32,12,train,2025-02-02T02:32:00Z
W001621,L0065,21,300,621,32,12,train,2025-02-02T02:40:00Z
W001622,L0065,22,300,621,32,12,train,2025-02-02T02:48:00Z
W001623,L0065,23,300,621,32,12,train,2025-02-02T02:56:00Z
W001624,L0065,24,300,621,32,12,train,2025-02-02T03:04:00Z
W001625,L0065,25,300,621,32,12,train,2025-02-02T03:12:00Z
W001626,L0066,1,300,621,32,8,train,2025-02-02T12:00:00Z
W001627,L0066,2,300,621,32,8,train,2025-02-02T12:08:00Z
W001628,L0066,3,300,621,32,8,train,2025-02-02T12:16:00Z
W001629,L0066,4,300,621,32,8,train,2025-02-02T12:24:00Z
W001630,L0066,5,300,621,32,8,train,2025-02-02T12:32:00Z
W001631,L0066,6,300,621,32,8,train,2025-02-02T12:40:00Z
W001632,L0066,7,300,621,32,8,train,2025-02-02T12:48:00Z
W001633,L0066,8,300,621,32,8,train,2025-02-02T12:56:00Z
W001634,L0066,9,300,621,32,8,train,2025-02-02T13:04:00Z
W001635,L0066,10,300,621,32,8,train,2025-02-02T13:12:00Z
W001636,L0066,11,300,621,32,8,train,2025-02-02T13:20:00Z
W001637,L0066,12,300,621,32,8,train,2025-02-02T13:28:00Z
W001638,L0066,13,300,621,32,8,train,2025-02-02T13:36:00Z
W001639,L0066,14,300,621,32,8,train,2025-02-02T13:44:00Z
W001640,L0066,15,300,621,32,8,train,2025-02-02T13:52:00Z
W001641,L0066,16,300,621,32,8,train,2025-02-02T14:00:00Z
W001642,L0066,17,300,621,32,8,train,2025-02-02T14:08:00Z
W001643,L0066,18,300,621,32,8,train,2025-02-02T14:16:00Z
W001644,L0066,19,300,621,32,8,train,2025-02-02T14:24:00Z
W001645,L0066,20,300,621,32,8,train,2025-02-02T14:32:00Z
W001646,L0066,21,300,621,32,8,train,2025-02-02T14:40:00Z
W001647,L0066,22,300,621,32,8,train,2025-02-02T14:48:00Z
W001648,L0066,23,300,621,32,8,train,2025-02-02T14:56:00Z
W001649,L0066,24,300,621,32,8,train,2025-02-02T15:04:00Z
W001650,L0066,25,300,621,32,8,train,2025-02-02T15:12:00Z
W001651,L0067,1,300,621,32,8,train,2025-02-03T00:00:00Z
W001652,L0067,2,300,621,32,8,train,2025-02-03T00:08:00Z
W001653,L0067,3,300,621,32,8,train,2025-02-03T00:16:00Z
W001654,L0067,4,300,621,32,8,train,2025-02-03T00:24:00Z
W001655,L0067,5,300,621,32,8,train,2025-02-03T00:32:00Z
W001656,L0067,6,300,621,32,8,train,2025-02-03T00:40:00Z
W001657,L0067,7,300,621,32,8,train,2025-02-03T00:48:00Z
W001658,L0067,8,300,621,32,8,train,2025-02-03T00:56:00Z
W001659,L0067,9,300,621,32,8,train,2025-02-03T01:04:00Z
W001660,L0067,10,300,621,32,8,train,2025-02-03T01:12:00Z
W001661,L0067,11,300,621,32,8,train,2025-02-03T01:20:00Z
W001662,L0067,12,300,621,32,8,train,2025-02-03T01:28:00Z
W001663,L0067,13,300,621,32,8,train,2025-02-03T01:36:00Z
W001664,L0067,14,300,621,32,8,train,2025-02-03T01:44:00Z
W001665,L0067,15,300,621,32,8,train,2025-02-03T01:52:00Z
W001666,L0067,16,300,621,32,8,train,2025-02-03T02:00:00Z
W001667,L0067,17,300,621,32,8,train,2025-02-03T02:08:00Z
W001668,L0067,18,300,621,32,8,train,2025-02-03T02:16:00Z
W001669,L0067,19,300,621,32,8,train,2025-02-03T02:24:00Z
W001670,L0067,20,300,621,32,8,train,2025-02-03T02:32:00Z
W001671,L0067,21,300,621,32,8,train,2025-02-03T02:40:00Z
W001672,L0067,22,300,621,32,8,train,2025-02-03T02:48:00Z
W001673,L0067,23,300,621,32,8,train,2025-02-03T02:56:00Z
W001674,L0067,24,300,621,32,8,train,2025-02-03T03:04:00Z
W001675,L0067,25,300,621,32,8,train,2025-02-03T03:12:00Z
W001676,L0068,1,300,621,32,12,train,2025-02-03T12:00:00Z
W001677,L0068,2,300,621,32,12,train,2025-02-03T12:08:00Z
W001678,L0068,3,300,621,32,12,train,2025-02-03T12:16:00Z
W001679,L0068,4,300,621,32,12,train,2025-02-03T12:24:00Z
W001680,L0068,5,300,621,32,12,train,2025-02-03T12:32:00Z
W001681,L0068,6,300,621,32,12,train,2025-02-03T12:40:00Z
W001682,L0068,7,300,621,32,12,train,2025-02-03T12:48:00Z
W001683,L0068,8,300,621,32,12,train,2025-02-03T12:56:00Z
W001684,L0068,9,300,621,32,12,train,2025-02-03T13:04:00Z
W001685,L0068,10,300,621,32,12,train,2025-02-03T13:12:00Z
W001686,L0068,11,300,621,32,12,train,2025-02-03T13:20:00Z
W001687,L0068,12,300,621,32,12,train,2025-02-03T13:28:00Z
W001688,L0068,13,300,621,32,12,train,2025-02-03T13:36:00Z
W001689,L0068,14,300,621,32,12,train,2025-02-03T13:44:00Z
W001690,L0068,15,300,621,32,12,train,2025-02-03T13:52:00Z
W001691,L0068,16,300,621,32,12,train,2025-02-03T14:00:00Z
W001692,L0068,17,300,621,32,12,train,2025-02-03T14:08:00Z
W001693,L0068,18,300,621,32,12,train,2025-02-03T14:16:00Z
W001694,L0068,19,300,621,32,12,train,2025-02-03T14:24:00Z
W001695,L0068,20,300,621,32,12,train,2025-02-03T14:32:00Z
W001696,L0068,21,300,621,32,12,train,2025-02-03T14:40:00Z
W001697,L0068,22,300,621,32,12,train,2025-02-03T14:48:00Z
W001698,L0068,23,300,621,32,12,train,2025-02-03T14:56:00Z
W001699,L0068,24,300,621,32,12,train,2025-02-03T15:04:00Z
W001700,L0068,25,300,621,32,12,train,2025-02-03T15:12:00Z
W001701,L0069,1,300,621,32,12,train,2025-02-04T00:00:00Z
W001702,L0069,2,300,621,32,12,train,2025-02-04T00:08:00Z
W001703,L0069,3,300,621,32,12,train,2025-02-04T00:16:00Z
W001704,L0069,4,300,621,32,12,train,2025-02-04T00:24:00Z
W001705,L0069,5,300,621,32,12,train,2025-02-04T00:32:00Z
W001706,L0069,6,300,621,32,12,train,2025-02-04T00:40:00Z
W001707,L0069,7,300,621,32,12,train,2025-02-04T00:48:00Z
W001708,L0069,8,300,621,32,12,train,2025-02-04T00:56:00Z
W001709,L0069,9,300,621,32,12,train,2025-02-04T01:04:00Z
W001710,L0069,10,300,621,32,12,train,2025-02-04T01:12:00Z
W001711,L0069,11,300,621,32,12,train,2025-02-04T01:20:00Z
W001712,L0069,12,300,621,32,12,train,2025-02-04T01:28:00Z
W001713,L0069,13,300,621,32,12,train,2025-02-04T01:36:00Z
W001714,L0069,14,300,621,32,12,train,2025-02-04T01:44:00Z
W001715,L0069,15,300,621,32,12,train,2025-02-04T01:52:00Z
W001716,L0069,16,300,621,32,12,train,2025-02-04T02:00:00Z
W001717,L0069,17,300,621,32,12,train,2025-02-04T02:08:00Z
W001718,L0069,18,300,621,32,12,train,2025-02-04T02:16:00Z
W001719,L0069,19,300,621,32,12,train,2025-02-04T02:24:00Z
W001720,L0069,20,300,621,32,12,train,2025-02-04T02:32:00Z
W001721,L0069,21,300,621,32,12,train,2025-02-04T02:40:00Z
W001722,L0069,22,300,621,32,12,train,2025-02-04T02:48:00Z
W001723,L0069,23,300,621,32,12,train,2025-02-04T02:56:00Z
W001724,L0069,24,300,621,32,12,train,2025-02-04T03:04:00Z
W001725,L0069,25,300,621,32,12,train,2025-02-04T03:12:00Z
W001726,L0070,1,300,621,32,12,train,2025-02-04T12:00:00Z
W001727,L0070,2,300,621,32,12,train,2025-02-04T12:08:00Z
W001728,L0070,3,300,621,32,12,train,2025-02-04T12:16:00Z
W001729,L0070,4,300,621,32,12,train,2025-02-04T12:24:00Z
W001730,L0070,5,300,621,32,12,train,2025-02-04T12:32:00Z
W001731,L0070,6,300,621,32,12,train,2025-02-04T12:40:00Z
W001732,L0070,7,300,621,32,12,train,2025-02-04T12:48:00Z
W001733,L0070,8,300,621,32,12,train,2025-02-04T12:56:00Z
W001734,L0070,9,300,621,32,12,train,2025-02-04T13:04:00Z
W001735,L0070,10,300,621,32,12,train,2025-02-04T13:12:00Z
W001736,L0070,11,300,621,32,12,train,2025-02-04T13:20:00Z
W001737,L0070,12,300,621,32,12,train,2025-02-04T13:28:00Z
W001738,L0070,13,300,621,32,12,train,2025-02-04T13:36:00Z
W001739,L0070,14,300,621,32,12,train,2025-02-04T13:44:00Z
W001740,L0070,15,300,621,32,12,train,2025-02-04T13:52:00Z
W001741,L0070,16,300,621,32,12,train,2025-02-04T14:00:00Z
W001742,L0070,17,300,621,32,12,train,2025-02-04T14:08:00Z
W001743,L0070,18,300,621,32,12,train,2025-02-04T14:16:00Z
W001744,L0070,19,300,621,32,12,train,2025-02-04T14:24:00Z
W001745,L0070,20,300,621,32,12,train,2025-02-04T14:32:00Z
W001746,L0070,21,300,621,32,12,train,2025-02-04T14:40:00Z
W001747,L0070,22,300,621,32,12,train,2025-02-04T14:48:00Z
W001748,L0070,23,300,621,32,12,train,2025-02-04T14:56:00Z
W001749,L0070,24,300,621,32,12,train,2025-02-04T15:04:00Z
W001750,L0070,25,300,621,32,12,train,2025-02-04T15:12:00Z
W001751,L0071,1,300,621,32,12,train,2025-02-05T00:00:00Z
W001752,L0071,2,300,621,32,12,train,2025-02-05T00:08:00Z
W001753,L0071,3,300,621,32,12,train,2025-02-05T00:16:00Z
W001754,L0071,4,300,621,32,12,train,2025-02-05T00:24:00Z
W001755,L0071,5,300,621,32,12,train,2025-02-05T00:32:00Z
W001756,L0071,6,300,621,32,12,train,2025-02-05T00:40:00Z
W001757,L0071,7,300,621,32,12,train,2025-02-05T00:48:00Z
W001758,L0071,8,300,621,32,12,train,2025-02-05T00:56:00Z
W001759,L0071,9,300,621,32,12,train,2025-02-05T01:04:00Z
W001760,L0071,10,300,621,32,12,train,2025-02-05T01:12:00Z
W001761,L0071,11,300,621,32,12,train,2025-02-05T01:20:00Z
W001762,L0071,12,300,621,32,12,train,2025-02-05T01:28:00Z
W001763,L0071,13,300,621,32,12,train,2025-02-05T01:36:00Z
W001764,L0071,14,300,621,32,12,train,2025-02-05T01:44:00Z
W001765,L0071,15,300,621,32,12,train,2025-02-05T01:52:00Z
W001766,L0071,16,300,621,32,12,train,2025-02-05T02:00:00Z
W001767,L0071,17,300,621,32,12,train,2025-02-05T02:08:00Z
W001768,L0071,18,300,621,32,12,train,2025-02-05T02:16:00Z
W001769,L0071,19,300,621,32,12,train,2025-02-05T02:24:00Z
W001770,L0071,20,300,621,32,12,train,2025-02-05T02:32:00Z
W001771,L0071,21,300,621,32,12,train,2025-02-05T02:40:00Z
W001772,L0071,22,300,621,32,12,train,2025-02-05T02:48:00Z
W001773,L0071,23,300,621,32,12,train,2025-02-05T02:56:00Z
W001774,L0071,24,300,621,32,12,train,2025-02-05T03:04:00Z
W001775,L0071,25,300,621,32,12,train,2025-02-05T03:12:00Z
W001776,L0072,1,300,621,32,12,train,2025-02-05T12:00:00Z
W001777,L0072,2,300,621,32,12,train,2025-02-05T12:08:00Z
W001778,L0072,3,300,621,32,12,train,2025-02-05T12:16:00Z
W001779,L0072,4,300,621,32,12,train,2025-02-05T12:24:00Z
W001780,L0072,5,300,621,32,12,train,2025-02-05T12:32:00Z
W001781,L0072,6,300,621,32,12,train,2025-02-05T12:40:00Z
W001782,L0072,7,300,621,32,12,train,2025-02-05T12:48:00Z
W001783,L0072,8,300,621,32,12,train,2025-02-05T12:56:00Z
W001784,L0072,9,300,621,32,12,train,2025-02-05T13:04:00Z
W001785,L0072,10,300,621,32,12,train,2025-02-05T13:12:00Z
W001786,L0072,11,300,621,32,12,train,2025-02-05T13:20:00Z
W001787,L0072,12,300,621,32,12,train,2025-02-05T13:28:00Z
W001788,L0072,13,300,621,32,12,train,2025-02-05T13:36:00Z
W001789,L0072,14,300,621,32,12,train,2025-02-05T13:44:00Z
W001790,L0072,15,300,621,32,12,train,2025-02-05T13:52:00Z
W001791,L0072,16,300,621,32,12,train,2025-02-05T14:00:00Z
W001792,L0072,17,300,621,32,12,train,2025-02-05T14:08:00Z
W001793,L0072,18,300,621,32,12,train,2025-02-05T14:16:00Z
W001794,L0072,19,300,621,32,12,train,2025-02-05T14:24:00Z
W001795,L0072,20,300,621,32,12,train,2025-02-05T14:32:00Z
W001796,L0072,21,300,621,32,12,train,2025-02-05T14:40:00Z
W001797,L0072,22,300,621,32,12,train,2025-02-05T14:48:00Z
W001798,L0072,23,300,621,32,12,train,2025-02-05T14:56:00Z
W001799,L0072,24,300,621,32,12,train,2025-02-05T15:04:00Z
W001800,L0072,25,300,621,32,12,train,2025-02-05T15:12:00Z
W001801,L0073,1,300,621,32,12,train,2025-02-06T00:00:00Z
W001802,L0073,2,300,621,32,12,train,2025-02-06T00:08:00Z
W001803,L0073,3,300,621,32,12,train,2025-02-06T00:16:00Z
W001804,L0073,4,300,621,32,12,train,2025-02-06T00:24:00Z
W001805,L0073,5,300,621,32,12,train,2025-02-06T00:32:00Z
W001806,L0073,6,300,621,32,12,train,2025-02-06T00:40:00Z
W001807,L0073,7,300,621,32,12,train,2025-02-06T00:48:00Z
W001808,L0073,8,300,621,32,12,train,2025-02-06T00:56:00Z
W001809,L0073,9,300,621,32,12,train,2025-02-06T01:04:00Z
W001810,L0073,10,300,621,32,12,train,2025-02-06T01:12:00Z
W001811,L0073,11,300,621,32,12,train,2025-02-06T01:20:00Z
W001812,L0073,12,300,621,32,12,train,2025-02-06T01:28:00Z
W001813,L0073,13,300,621,32,12,train,2025-02-06T01:36:00Z
W001814,L0073,14,300,621,32,12,train,2025-02-06T01:44:00Z
W001815,L0073,15,300,621,32,12,train,2025-02-06T01:52:00Z
W001816,L0073,16,300,621,32,12,train,2025-02-06T02:00:00Z
W001817,L0073,17,300,621,32,12,train,2025-02-06T02:08:00Z
W001818,L0073,18,300,621,32,12,train,2025-02-06T02:16:00Z
W001819,L0073,19,300,621,32,12,train,2025-02-06T02:24:00Z
W001820,L0073,20,300,621,32,12,train,2025-02-06T02:32:00Z
W001821,L0073,21,300,621,32,12,train,2025-02-06T02:40:00Z
W001822,L0073,22,300,621,32,12,train,2025-02-06T02:48:00Z
W001823,L0073,23,300,621,32,12,train,2025-02-06T02:56:00Z
W001824,L0073,24,300,621,32,12,train,2025-02-06T03:04:00Z
W001825,L0073,25,300,621,32,12,train,2025-02-06T03:12:00Z
W001826,L0074,1,300,621,32,12,train,2025-02-06T12:00:00Z
W001827,L0074,2,300,621,32,12,train,2025-02-06T12:08:00Z
W001828,L0074,3,300,621,32,12,train,2025-02-06T12:16:00Z
W001829,L0074,4,300,621,32,12,train,2025-02-06T12:24:00Z
W001830,L0074,5,300,621,32,12,train,2025-02-06T12:32:00Z
W001831,L0074,6,300,621,32,12,train,2025-02-06T12:40:00Z
W001832,L0074,7,300,621,32,12,train,2025-02-06T12:48:00Z
W001833,L0074,8,300,621,32,12,train,2025-02-06T12:56:00Z
W001834,L0074,9,300,621,32,12,train,2025-02-06T13:04:00Z
W001835,L0074,10,300,621,32,12,train,2025-02-06T13:12:00Z
W001836,L0074,11,300,621,32,12,train,2025-02-06T13:20:00Z
W001837,L0074,12,300,621,32,12,train,2025-02-06T13:28:00Z
W001838,L0074,13,300,621,32,12,train,2025-02-06T13:36:00Z
W001839,L0074,14,300,621,32,12,train,2025-02-06T13:44:00Z
W001840,L0074,15,300,621,32,12,train,2025-02-06T13:52:00Z
W001841,L0074,16,300,621,32,12,train,2025-02-06T14:00:00Z
W001842,L0074,17,300,621,32,12,train,2025-02-06T14:08:00Z
W001843,L0074,18,300,621,32,12,train,2025-02-06T14:16:00Z
W001844,L0074,19,300,621,32,12,train,2025-02-06T14:24:00Z
W001845,L0074,20,300,621,32,12,train,2025-02-06T14:32:00Z
W001846,L0074,21,300,621,32,12,train,2025-02-06T14:40:00Z
W001847,L0074,22,300,621,32,12,train,2025-02-06T14:48:00Z
W001848,L0074,23,300,621,32,12,train,2025-02-06T14:56:00Z
W001849,L0074,24,300,621,32,12,train,2025-02-06T15:04:00Z
W001850,L0074,25,300,621,32,12,train,2025-02-06T15:12:00Z
W001851,L0075,1,300,621,32,12,train,2025-02-07T00:00:00Z
W001852,L0075,2,300,621,32,12,train,2025-02-07T00:08:00Z
W001853,L0075,3,300,621,32,12,train,2025-02-07T00:16:00Z
W001854,L0075,4,300,621,32,12,train,2025-02-07T00:24:00Z
W001855,L0075,5,300,621,32,12,train,2025-02-07T00:32:00Z
W001856,L0075,6,300,621,32,12,train,2025-02-07T00:40:00Z
W001857,L0075,7,300,621,32,12,train,2025-02-07T00:48:00Z
W001858,L0075,8,300,621,32,12,train,2025-02-07T00:56:00Z
W001859,L0075,9,300,621,32,12,train,2025-02-07T01:04:00Z
W001860,L0075,10,300,621,32,12,train,2025-02-07T01:12:00Z
W001861,L0075,11,300,621,32,12,train,2025-02-07T01:20:00Z
W001862,L0075,12,300,621,32,12,train,2025-02-07T01:28:00Z
W001863,L0075,13,300,621,32,12,train,2025-02-07T01:36:00Z
W001864,L0075,14,300,621,32,12,train,2025-02-07T01:44:00Z
W001865,L0075,15,300,621,32,12,train,2025-02-07T01:52:00Z
W001866,L0075,16,300,621,32,12,train,2025-02-07T02:00:00Z
W001867,L0075,17,300,621,32,12,train,2025-02-07T02:08:00Z
W001868,L0075,18,300,621,32,12,train,2025-02-07T02:16:00Z
W001869,L0075,19,300,621,32,12,train,2025-02-07T02:24:00Z
W001870,L0075,20,300,621,32,12,train,2025-02-07T02:32:00Z
W001871,L0075,21,300,621,32,12,train,2025-02-07T02:40:00Z
W001872,L0075,22,300,621,32,12,train,2025-02-07T02:48:00Z
W001873,L0075,23,300,621,32,12,train,2025-02-07T02:56:00Z
W001874,L0075,24,300,621,32,12,train,2025-02-07T03:04:00Z
W001875,L0075,25,300,621,32,12,train,2025-02-07T03:12:00Z
W001876,L0076,1,300,621,32,8,train,2025-02-07T12:00:00Z
W001877,L0076,2,300,621,32,8,train,2025-02-07T12:08:00Z
W001878,L0076,3,300,621,32,8,train,2025-02-07T12:16:00Z
W001879,L0076,4,300,621,32,8,train,2025-02-07T12:24:00Z
W001880,L0076,5,300,621,32,8,train,2025-02-07T12:32:00Z
W001881,L0076,6,300,621,32,8,train,2025-02-07T12:40:00Z
W001882,L0076,7,300,621,32,8,train,2025-02-07T12:48:00Z
W001883,L0076,8,300,621,32,8,train,2025-02-07T12:56:00Z
W001884,L0076,9,300,621,32,8,train,2025-02-07T13:04:00Z
W001885,L0076,10,300,621,32,8,train,2025-02-07T13:12:00Z
W001886,L0076,11,300,621,32,8,train,2025-02-07T13:20:00Z
W001887,L0076,12,300,621,32,8,train,2025-02-07T13:28:00Z
W001888,L0076,13,300,621,32,8,train,2025-02-07T13:36:00Z
W001889,L0076,14,300,621,32,8,train,2025-02-07T13:44:00Z
W001890,L0076,15,300,621,32,8,train,2025-02-07T13:52:00Z
W001891,L0076,16,300,621,32,8,train,2025-02-07T14:00:00Z
W001892,L0076,17,300,621,32,8,train,2025-02-07T14:08:00Z
W001893,L0076,18,300,621,32,8,train,2025-02-07T14:16:00Z
W001894,L0076,19,300,621,32,8,train,2025-02-07T14:24:00Z
W001895,L0076,20,300,621,32,8,train,2025-02-07T14:32:00Z
W001896,L0076,21,300,621,32,8,train,2025-02-07T14:40:00Z
W001897,L0076,22,300,621,32,8,train,2025-02-07T14:48:00Z
W001898,L0076,23,300,621,32,8,train,2025-02-07T14:56:00Z
W001899,L0076,24,300,621,32,8,train,2025-02-07T15:04:00Z
W001900,L0076,25,300,621,32,8,train,2025-02-07T15:12:00Z
W001901,L0077,1,300,621,32,12,train,2025-02-08T00:00:00Z
W001902,L0077,2,300,621,32,12,train,2025-02-08T00:08:00Z
W001903,L0077,3,300,621,32,12,train,2025-02-08T00:16:00Z
W001904,L0077,4,300,621,32,12,train,2025-02-08T00:24:00Z
W001905,L0077,5,300,621,32,12,train,2025-02-08T00:32:00Z
W001906,L0077,6,300,621,32,12,train,2025-02-08T00:40:00Z
W001907,L0077,7,300,621,32,12,train,2025-02-08T00:48:00Z
W001908,L0077,8,300,621,32,12,train,2025-02-08T00:56:00Z
W001909,L0077,9,300,621,32,12,train,2025-02-08T01:04:00Z
W001910,L0077,10,300,621,32,12,train,2025-02-08T01:12:00Z
W001911,L0077,11,300,621,32,12,train,2025-02-08T01:20:00Z
W001912,L0077,12,300,621,32,12,train,2025-02-08T01:28:00Z
W001913,L0077,13,300,621,32,12,train,2025-02-08T01:36:00Z
W001914,L0077,14,300,621,32,12,train,2025-02-08T01:44:00Z
W001915,L0077,15,300,621,32,12,train,2025-02-08T01:52:00Z
W001916,L0077,16,300,621,32,12,train,2025-02-08T02:00:00Z
W001917,L0077,17,300,621,32,12,train,2025-02-08T02:08:00Z
W001918,L0077,18,300,621,32,12,train,2025-02-08T02:16:00Z
W001919,L0077,19,300,621,32,12,train,2025-02-08T02:24:00Z
W001920,L0077,20,300,621,32,12,train,2025-02-08T02:32:00Z
W001921,L0077,21,300,621,32,12,train,2025-02-08T02:40:00Z
W001922,L0077,22,300,621,32,12,train,2025-02-08T02:48:00Z
W001923,L0077,23,300,621,32,12,train,2025-02-08T02:56:00Z
W001924,L0077,24,300,621,32,12,train,2025-02-08T03:04:00Z
W001925,L0077,25,300,621,32,12,train,2025-02-08T03:12:00Z
W001926,L0078,1,300,621,32,12,train,2025-02-08T12:00:00Z
W001927,L0078,2,300,621,32,12,train,2025-02-08T12:08:00Z
W001928,L0078,3,300,621,32,12,train,2025-02-08T12:16:00Z
W001929,L0078,4,300,621,32,12,train,2025-02-08T12:24:00Z
W001930,L0078,5,300,621,32,12,train,2025-02-08T12:32:00Z
W001931,L0078,6,300,621,32,12,train,2025-02-08T12:40:00Z
W001932,L0078,7,300,621,32,12,train,2025-02-08T12:48:00Z
W001933,L0078,8,300,621,32,12,train,2025-02-08T12:56:00Z
W001934,L0078,9,300,621,32,12,train,2025-02-08T13:04:00Z
W001935,L0078,10,300,621,32,12,train,2025-02-08T13:12:00Z
W001936,L0078,11,300,621,32,12,train,2025-02-08T13:20:00Z
W001937,L0078,12,300,621,32,12,train,2025-02-08T13:28:00Z
W001938,L0078,13,300,621,32,12,train,2025-02-08T13:36:00Z
W001939,L0078,14,300,621,32,12,train,2025-02-08T13:44:00Z
W001940,L0078,15,300,621,32,12,train,2025-02-08T13:52:00Z
W001941,L0078,16,300,621,32,12,train,2025-02-08T14:00:00Z
W001942,L0078,17,300,621,32,12,train,2025-02-08T14:08:00Z
W001943,L0078,18,300,621,32,12,train,2025-02-08T14:16:00Z
W001944,L0078,19,300,621,32,12,train,2025-02-08T14:24:00Z
W001945,L0078,20,300,621,32,12,train,2025-02-08T14:32:00Z
W001946,L0078,21,300,621,32,12,train,2025-02-08T14:40:00Z
W001947,L0078,22,300,621,32,12,train,2025-02-08T14:48:00Z
W001948,L0078,23,300,621,32,12,train,2025-02-08T14:56:00Z
W001949,L0078,24,300,621,32,12,train,2025-02-08T15:04:00Z
W001950,L0078,25,300,621,32,12,train,2025-02-08T15:12:00Z
W001951,L0079,1,300,621,32,12,train,2025-02-09T00:00:00Z
W001952,L0079,2,300,621,32,12,train,2025-02-09T00:08:00Z
W001953,L0079,3,300,621,32,12,train,2025-02-09T00:16:00Z
W001954,L0079,4,300,621,32,12,train,2025-02-09T00:24:00Z
W001955,L0079,5,300,621,32,12,train,2025-02-09T00:32:00Z
W001956,L0079,6,300,621,32,12,train,2025-02-09T00:40:00Z
W001957,L0079,7,300,621,32,12,train,2025-02-09T00:48:00Z
W001958,L0079,8,300,621,32,12,train,2025-02-09T00:56:00Z
W001959,L0079,9,300,621,32,12,train,2025-02-09T01:04:00Z
W001960,L0079,10,300,621,32,12,train,2025-02-09T01:12:00Z
W001961,L0079,11,300,621,32,12,train,2025-02-09T01:20:00Z
W001962,L0079,12,300,621,32,12,train,2025-02-09T01:28:00Z
W001963,L0079,13,300,621,32,12,train,2025-02-09T01:36:00Z
W001964,L0079,14,300,621,32,12,train,2025-02-09T01:44:00Z
W001965,L0079,15,300,621,32,12,train,2025-02-09T01:52:00Z
W001966,L0079,16,300,621,32,12,train,2025-02-09T02:00:00Z
W001967,L0079,17,300,621,32,12,train,2025-02-09T02:08:00Z
W001968,L0079,18,300,621,32,12,train,2025-02-09T02:16:00Z
W001969,L0079,19,300,621,32,12,train,2025-02-09T02:24:00Z
W001970,L0079,20,300,621,32,12,train,2025-02-09T02:32:00Z
W001971,L0079,21,300,621,32,12,train,2025-02-09T02:40:00Z
W001972,L0079,22,300,621,32,12,train,2025-02-09T02:48:00Z
W001973,L0079,23,300,621,32,12,train,2025-02-09T02:56:00Z
W001974,L0079,24,300,621,32,12,train,2025-02-09T03:04:00Z
W001975,L0079,25,300,621,32,12,train,2025-02-09T03:12:00Z
W001976,L0080,1,300,621,32,8,train,2025-02-09T12:00:00Z
W001977,L0080,2,300,621,32,8,train,2025-02-09T12:08:00Z
W001978,L0080,3,300,621,32,8,train,2025-02-09T12:16:00Z
W001979,L0080,4,300,621,32,8,train,2025-02-09T12:24:00Z
W001980,L0080,5,300,621,32,8,train,2025-02-09T12:32:00Z
W001981,L0080,6,300,621,32,8,train,2025-02-09T12:40:00Z
W001982,L0080,7,300,621,32,8,train,2025-02-09T12:48:00Z
W001983,L0080,8,300,621,32,8,train,2025-02-09T12:56:00Z
W001984,L0080,9,300,621,32,8,train,2025-02-09T13:04:00Z
W001985,L0080,10,300,621,32,8,train,2025-02-09T13:12:00Z
W001986,L0080,11,300,621,32,8,train,2025-02-09T13:20:00Z
W001987,L0080,12,300,621,32,8,train,2025-02-09T13:28:00Z
W001988,L0080,13,300,621,32,8,train,2025-02-09T13:36:00Z
W001989,L0080,14,300,621,32,8,train,2025-02-09T13:44:00Z
W001990,L0080,15,300,621,32,8,train,2025-02-09T13:52:00Z
W001991,L0080,16,300,621,32,8,train,2025-02-09T14:00:00Z
W001992,L0080,17,300,621,32,8,train,2025-02-09T14:08:00Z
W001993,L0080,18,300,621,32,8,train,2025-02-09T14:16:00Z
W001994,L0080,19,300,621,32,8,train,2025-02-09T14:24:00Z
W001995,L0080,20,300,621,32,8,train,2025-02-09T14:32:00Z
W001996,L0080,21,300,621,32,8,train,2025-02-09T14:40:00Z
W001997,L0080,22,300,621,32,8,train,2025-02-09T14:48:00Z
W001998,L0080,23,300,621,32,8,train,2025-02-09T14:56:00Z
W001999,L0080,24,300,621,32,8,train,2025-02-09T15:04:00Z
W002000,L0080,25,300,621,32,8,train,2025-02-09T15:12:00Z
W002001,L0081,1,300,621,32,12,train,2025-02-10T00:00:00Z
W002002,L0081,2,300,621,32,12,train,2025-02-10T00:08:00Z
W002003,L0081,3,300,621,32,12,train,2025-02-10T00:16:00Z
W002004,L0081,4,300,621,32,12,train,2025-02-10T00:24:00Z
W002005,L0081,5,300,621,32,12,train,2025-02-10T00:32:00Z
W002006,L0081,6,300,621,32,12,train,2025-02-10T00:40:00Z
W002007,L0081,7,300,621,32,12,train,2025-02-10T00:48:00Z
W002008,L0081,8,300,621,32,12,train,2025-02-10T00:56:00Z
W002009,L0081,9,300,621,32,12,train,2025-02-10T01:04:00Z
W002010,L0081,10,300,621,32,12,train,2025-02-10T01:12:00Z
W002011,L0081,11,300,621,32,12,train,2025-02-10T01:20:00Z
W002012,L0081,12,300,621,32,12,train,2025-02-10T01:28:00Z
W002013,L0081,13,300,621,32,12,train,2025-02-10T01:36:00Z
W002014,L0081,14,300,621,32,12,train,2025-02-10T01:44:00Z
W002015,L0081,15,300,621,32,12,train,2025-02-10T01:52:00Z
W002016,L0081,16,300,621,32,12,train,2025-02-10T02:00:00Z
W002017,L0081,17,300,621,32,12,train,2025-02-10T02:08:00Z
W002018,L0081,18,300,621,32,12,train,2025-02-10T02:16:00Z
W002019,L0081,19,300,621,32,12,train,2025-02-10T02:24:00Z
W002020,L0081,20,300,621,32,12,train,2025-02-10T02:32:00Z
W002021,L0081,21,300,621,32,12,train,2025-02-10T02:40:00Z
W002022,L0081,22,300,621,32,12,train,2025-02-10T02:48:00Z
W002023,L0081,23,300,621,32,12,train,2025-02-10T02:56:00Z
W002024,L0081,24,300,621,32,12,train,2025-02-10T03:04:00Z
W002025,L0081,25,300,621,32,12,train,2025-02-10T03:12:00Z
W002026,L0082,1,300,621,32,12,train,2025-02-10T12:00:00Z
W002027,L0082,2,300,621,32,12,train,2025-02-10T12:08:00Z
W002028,L0082,3,300,621,32,12,train,2025-02-10T12:16:00Z
W002029,L0082,4,300,621,32,12,train,2025-02-10T12:24:00Z
W002030,L0082,5,300,621,32,12,train,2025-02-10T12:32:00Z
W002031,L0082,6,300,621,32,12,train,2025-02-10T12:40:00Z
W002032,L0082,7,300,621,32,12,train,2025-02-10T12:48:00Z
W002033,L0082,8,300,621,32,12,train,2025-02-10T12:56:00Z
W002034,L0082,9,300,621,32,12,train,2025-02-10T13:04:00Z
W002035,L0082,10,300,621,32,12,train,2025-02-10T13:12:00Z
W002036,L0082,11,300,621,32,12,train,2025-02-10T13:20:00Z
W002037,L0082,12,300,621,32,12,train,2025-02-10T13:28:00Z
W002038,L0082,13,300,621,32,12,train,2025-02-10T13:36:00Z
W002039,L0082,14,300,621,32,12,train,2025-02-10T13:44:00Z
W002040,L0082,15,300,621,32,12,train,2025-02-10T13:52:00Z
W002041,L0082,16,300,621,32,12,train,2025-02-10T14:00:00Z
W002042,L0082,17,300,621,32,12,train,2025-02-10T14:08:00Z
W002043,L0082,18,300,621,32,12,train,2025-02-10T14:16:00Z
W002044,L0082,19,300,621,32,12,train,2025-02-10T14:24:00Z
W002045,L0082,20,300,621,32,12,train,2025-02-10T14:32:00Z
W002046,L0082,21,300,621,32,12,train,2025-02-10T14:40:00Z
W002047,L0082,22,300,621,32,12,train,2025-02-10T14:48:00Z
W002048,L0082,23,300,621,32,12,train,2025-02-10T14:56:00Z
W002049,L0082,24,300,621,32,12,train,2025-02-10T15:04:00Z
W002050,L0082,25,300,621,32,12,train,2025-02-10T15:12:00Z
W002051,L0083,1,300,621,32,12,train,2025-02-11T00:00:00Z
W002052,L0083,2,300,621,32,12,train,2025-02-11T00:08:00Z
W002053,L0083,3,300,621,32,12,train,2025-02-11T00:16:00Z
W002054,L0083,4,300,621,32,12,train,2025-02-11T00:24:00Z
W002055,L0083,5,300,621,32,12,train,2025-02-11T00:32:00Z
W002056,L0083,6,300,621,32,12,train,2025-02-11T00:40:00Z
W002057,L0083,7,300,621,32,12,train,2025-02-11T00:48:00Z
W002058,L0083,8,300,621,32,12,train,2025-02-11T00:56:00Z
W002059,L0083,9,300,621,32,12,train,2025-02-11T01:04:00Z
W002060,L0083,10,300,621,32,12,train,2025-02-11T01:12:00Z
W002061,L0083,11,300,621,32,12,train,2025-02-11T01:20:00Z
W002062,L0083,12,300,621,32,12,train,2025-02-11T01:28:00Z
W002063,L0083,13,300,621,32,12,train,2025-02-11T01:36:00Z
W002064,L0083,14,300,621,32,12,train,2025-02-11T01:44:00Z
W002065,L0083,15,300,621,32,12,train,2025-02-11T01:52:00Z
W002066,L0083,16,300,621,32,12,train,2025-02-11T02:00:00Z
W002067,L0083,17,300,621,32,12,train,2025-02-11T02:08:00Z
W002068,L0083,18,300,621,32,12,train,2025-02-11T02:16:00Z
W002069,L0083,19,300,621,32,12,train,2025-02-11T02:24:00Z
W002070,L0083,20,300,621,32,12,train,2025-02-11T02:32:00Z
W002071,L0083,21,300,621,32,12,train,2025-02-11T02:40:00Z
W002072,L0083,22,300,621,32,12,train,2025-02-11T02:48:00Z
W002073,L0083,23,300,621,32,12,train,2025-02-11T02:56:00Z
W002074,L0083,24,300,621,32,12,train,2025-02-11T03:04:00Z
W002075,L0083,25,300,621,32,12,train,2025-02-11T03:12:00Z
W002076,L0084,1,300,621,32,12,train,2025-02-11T12:00:00Z
W002077,L0084,2,300,621,32,12,train,2025-02-11T12:08:00Z
W002078,L0084,3,300,621,32,12,train,2025-02-11T12:16:00Z
W002079,L0084,4,300,621,32,12,train,2025-02-11T12:24:00Z
W002080,L0084,5,300,621,32,12,train,2025-02-11T12:32:00Z
W002081,L0084,6,300,621,32,12,train,2025-02-11T12:40:00Z
W002082,L0084,7,300,621,32,12,train,2025-02-11T12:48:00Z
W002083,L0084,8,300,621,32,12,train,2025-02-11T12:56:00Z
W002084,L0084,9,300,621,32,12,train,2025-02-11T13:04:00Z
W002085,L0084,10,300,621,32,12,train,2025-02-11T13:12:00Z
W002086,L0084,11,300,621,32,12,train,2025-02-11T13:20:00Z
W002087,L0084,12,300,621,32,12,train,2025-02-11T13:28:00Z
W002088,L0084,13,300,621,32,12,train,2025-02-11T13:36:00Z
W002089,L0084,14,300,621,32,12,train,2025-02-11T13:44:00Z
W002090,L0084,15,300,621,32,12,train,2025-02-11T13:52:00Z
W002091,L0084,16,300,621,32,12,train,2025-02-11T14:00:00Z
W002092,L0084,17,300,621,32,12,train,2025-02-11T14:08:00Z
W002093,L0084,18,300,621,32,12,train,2025-02-11T14:16:00Z
W002094,L0084,19,300,621,32,12,train,2025-02-11T14:24:00Z
W002095,L0084,20,300,621,32,12,train,2025-02-11T14:32:00Z
W002096,L0084,21,300,621,32,12,train,2025-02-11T14:40:00Z
W002097,L0084,22,300,621,32,12,train,2025-02-11T14:48:00Z
W002098,L0084,23,300,621,32,12,train,2025-02-11T14:56:00Z
W002099,L0084,24,300,621,32,12,train,2025-02-11T15:04:00Z
W002100,L0084,25,300,621,32,12,train,2025-02-11T15:12:00Z
W002101,L0085,1,300,621,32,12,train,2025-02-12T00:00:00Z
W002102,L0085,2,300,621,32,12,train,2025-02-12T00:08:00Z
W002103,L0085,3,300,621,32,12,train,2025-02-12T00:16:00Z
W002104,L0085,4,300,621,32,12,train,2025-02-12T00:24:00Z
W002105,L0085,5,300,621,32,12,train,2025-02-12T00:32:00Z
W002106,L0085,6,300,621,32,12,train,2025-02-12T00:40:00Z
W002107,L0085,7,300,621,32,12,train,2025-02-12T00:48:00Z
W002108,L0085,8,300,621,32,12,train,2025-02-12T00:56:00Z
W002109,L0085,9,300,621,32,12,train,2025-02-12T01:04:00Z
W002110,L0085,10,300,621,32,12,train,2025-02-12T01:12:00Z
W002111,L0085,11,300,621,32,12,train,2025-02-12T01:20:00Z
W002112,L0085,12,300,621,32,12,train,2025-02-12T01:28:00Z
W002113,L0085,13,300,621,32,12,train,2025-02-12T01:36:00Z
W002114,L0085,14,300,621,32,12,train,2025-02-12T01:44:00Z
W002115,L0085,15,300,621,32,12,train,2025-02-12T01:52:00Z
W002116,L0085,16,300,621,32,12,train,2025-02-12T02:00:00Z
W002117,L0085,17,300,621,32,12,train,2025-02-12T02:08:00Z
W002118,L0085,18,300,621,32,12,train,2025-02-12T02:16:00Z
W002119,L0085,19,300,621,32,12,train,2025-02-12T02:24:00Z
W002120,L0085,20,300,621,32,12,train,2025-02-12T02:32:00Z
W002121,L0085,21,300,621,32,12,train,2025-02-12T02:40:00Z
W002122,L0085,22,300,621,32,12,train,2025-02-12T02:48:00Z
W002123,L0085,23,300,621,32,12,train,2025-02-12T02:56:00Z
W002124,L0085,24,300,621,32,12,train,2025-02-12T03:04:00Z
W002125,L0085,25,300,621,32,12,train,2025-02-12T03:12:00Z
W002126,L0086,1,300,621,32,12,train,2025-02-12T12:00:00Z
W002127,L0086,2,300,621,32,12,train,2025-02-12T12:08:00Z
W002128,L0086,3,300,621,32,12,train,2025-02-12T12:16:00Z
W002129,L0086,4,300,621,32,12,train,2025-02-12T12:24:00Z
W002130,L0086,5,300,621,32,12,train,2025-02-12T12:32:00Z
W002131,L0086,6,300,621,32,12,train,2025-02-12T12:40:00Z
W002132,L0086,7,300,621,32,12,train,2025-02-12T12:48:00Z
W002133,L0086,8,300,621,32,12,train,2025-02-12T12:56:00Z
W002134,L0086,9,300,621,32,12,train,2025-02-12T13:04:00Z
W002135,L0086,10,300,621,32,12,train,2025-02-12T13:12:00Z
W002136,L0086,11,300,621,32,12,train,2025-02-12T13:20:00Z
W002137,L0086,12,300,621,32,12,train,2025-02-12T13:28:00Z
W002138,L0086,13,300,621,32,12,train,2025-02-12T13:36:00Z
W002139,L0086,14,300,621,32,12,train,2025-02-12T13:44:00Z
W002140,L0086,15,300,621,32,12,train,2025-02-12T13:52:00Z
W002141,L0086,16,300,621,32,12,train,2025-02-12T14:00:00Z
W002142,L0086,17,300,621,32,12,train,2025-02-12T14:08:00Z
W002143,L0086,18,300,621,32,12,train,2025-02-12T14:16:00Z
W002144,L0086,19,300,621,32,12,train,2025-02-12T14:24:00Z
W002145,L0086,20,300,621,32,12,train,2025-02-12T14:32:00Z
W002146,L0086,21,300,621,32,12,train,2025-02-12T14:40:00Z
W002147,L0086,22,300,621,32,12,train,2025-02-12T14:48:00Z
W002148,L0086,23,300,621,32,12,train,2025-02-12T14:56:00Z
W002149,L0086,24,300,621,32,12,train,2025-02-12T15:04:00Z
W002150,L0086,25,300,621,32,12,train,2025-02-12T15:12:00Z
W002151,L0087,1,300,621,32,12,train,2025-02-13T00:00:00Z
W002152,L0087,2,300,621,32,12,train,2025-02-13T00:08:00Z
W002153,L0087,3,300,621,32,12,train,2025-02-13T00:16:00Z
W002154,L0087,4,300,621,32,12,train,2025-02-13T00:24:00Z
W002155,L0087,5,300,621,32,12,train,2025-02-13T00:32:00Z
W002156,L0087,6,300,621,32,12,train,2025-02-13T00:40:00Z
W002157,L0087,7,300,621,32,12,train,2025-02-13T00:48:00Z
W002158,L0087,8,300,621,32,12,train,2025-02-13T00:56:00Z
W002159,L0087,9,300,621,32,12,train,2025-02-13T01:04:00Z
W002160,L0087,10,300,621,32,12,train,2025-02-13T01:12:00Z
W002161,L0087,11,300,621,32,12,train,2025-02-13T01:20:00Z
W002162,L0087,12,300,621,32,12,train,2025-02-13T01:28:00Z
W002163,L0087,13,300,621,32,12,train,2025-02-13T01:36:00Z
W002164,L0087,14,300,621,32,12,train,2025-02-13T01:44:00Z
W002165,L0087,15,300,621,32,12,train,2025-02-13T01:52:00Z
W002166,L0087,16,300,621,32,12,train,2025-02-13T02:00:00Z
W002167,L0087,17,300,621,32,12,train,2025-02-13T02:08:00Z
W002168,L0087,18,300,621,32,12,train,2025-02-13T02:16:00Z
W002169,L0087,19,300,621,32,12,train,2025-02-13T02:24:00Z
W002170,L0087,20,300,621,32,12,train,2025-02-13T02:32:00Z
W002171,L0087,21,300,621,32,12,train,2025-02-13T02:40:00Z
W002172,L0087,22,300,621,32,12,train,2025-02-13T02:48:00Z
W002173,L0087,23,300,621,32,12,train,2025-02-13T02:56:00Z
W002174,L0087,24,300,621,32,12,train,2025-02-13T03:04:00Z
W002175,L0087,25,300,621,32,12,train,2025-02-13T03:12:00Z
W002176,L0088,1,300,621,32,8,train,2025-02-13T12:00:00Z
W002177,L0088,2,300,621,32,8,train,2025-02-13T12:08:00Z
W002178,L0088,3,300,621,32,8,train,2025-02-13T12:16:00Z
W002179,L0088,4,300,621,32,8,train,2025-02-13T12:24:00Z
W002180,L0088,5,300,621,32,8,train,2025-02-13T12:32:00Z
W002181,L0088,6,300,621,32,8,train,2025-02-13T12:40:00Z
W002182,L0088,7,300,621,32,8,train,2025-02-13T12:48:00Z
W002183,L0088,8,300,621,32,8,train,2025-02-13T12:56:00Z
W002184,L0088,9,300,621,32,8,train,2025-02-13T13:04:00Z
W002185,L0088,10,300,621,32,8,train,2025-02-13T13:12:00Z
W002186,L0088,11,300,621,32,8,train,2025-02-13T13:20:00Z
W002187,L0088,12,300,621,32,8,train,2025-02-13T13:28:00Z
W002188,L0088,13,300,621,32,8,train,2025-02-13T13:36:00Z
W002189,L0088,14,300,621,32,8,train,2025-02-13T13:44:00Z
W002190,L0088,15,300,621,32,8,train,2025-02-13T13:52:00Z
W002191,L0088,16,300,621,32,8,train,2025-02-13T14:00:00Z
W002192,L0088,17,300,621,32,8,train,2025-02-13T14:08:00Z
W002193,L0088,18,300,621,32,8,train,2025-02-13T14:16:00Z
W002194,L0088,19,300,621,32,8,train,2025-02-13T14:24:00Z
W002195,L0088,20,300,621,32,8,train,2025-02-13T14:32:00Z
W002196,L0088,21,300,621,32,8,train,2025-02-13T14:40:00Z
W002197,L0088,22,300,621,32,8,train,2025-02-13T14:48:00Z
W002198,L0088,23,300,621,32,8,train,2025-02-13T14:56:00Z
W002199,L0088,24,300,621,32,8,train,2025-02-13T15:04:00Z
W002200,L0088,25,300,621,32,8,train,2025-02-13T15:12:00Z
W002201,L0089,1,300,621,32,12,train,2025-02-14T00:00:00Z
W002202,L0089,2,300,621,32,12,train,2025-02-14T00:08:00Z
W002203,L0089,3,300,621,32,12,train,2025-02-14T00:16:00Z
W002204,L0089,4,300,621,32,12,train,2025-02-14T00:24:00Z
W002205,L0089,5,300,621,32,12,train,2025-02-14T00:32:00Z
W002206,L0089,6,300,621,32,12,train,2025-02-14T00:40:00Z
W002207,L0089,7,300,621,32,12,train,2025-02-14T00:48:00Z
W002208,L0089,8,300,621,32,12,train,2025-02-14T00:56:00Z
W002209,L0089,9,300,621,32,12,train,2025-02-14T01:04:00Z
W002210,L0089,10,300,621,32,12,train,2025-02-14T01:12:00Z
W002211,L0089,11,300,621,32,12,train,2025-02-14T01:20:00Z
W002212,L0089,12,300,621,32,12,train,2025-02-14T01:28:00Z
W002213,L0089,13,300,621,32,12,train,2025-02-14T01:36:00Z
W002214,L0089,14,300,621,32,12,train,2025-02-14T01:44:00Z
W002215,L0089,15,300,621,32,12,train,2025-02-14T01:52:00Z
W002216,L0089,16,300,621,32,12,train,2025-02-14T02:00:00Z
W002217,L0089,17,300,621,32,12,train,2025-02-14T02:08:00Z
W002218,L0089,18,300,621,32,12,train,2025-02-14T02:16:00Z
W002219,L0089,19,300,621,32,12,train,2025-02-14T02:24:00Z
W002220,L0089,20,300,621,32,12,train,2025-02-14T02:32:00Z
W002221,L0089,21,300,621,32,12,train,2025-02-14T02:40:00Z
W002222,L0089,22,300,621,32,12,train,2025-02-14T02:48:00Z
W002223,L0089,23,300,621,32,12,train,2025-02-14T02:56:00Z
W002224,L0089,24,300,621,32,12,train,2025-02-14T03:04:00Z
W002225,L0089,25,300,621,32,12,train,2025-02-14T03:12:00Z
W002226,L0090,1,300,621,32,8,train,2025-02-14T12:00:00Z
W002227,L0090,2,300,621,32,8,train,2025-02-14T12:08:00Z
W002228,L0090,3,300,621,32,8,train,2025-02-14T12:16:00Z
W002229,L0090,4,300,621,32,8,train,2025-02-14T12:24:00Z
W002230,L0090,5,300,621,32,8,train,2025-02-14T12:32:00Z
W002231,L0090,6,300,621,32,8,train,2025-02-14T12:40:00Z
W002232,L0090,7,300,621,32,8,train,2025-02-14T12:48:00Z
W002233,L0090,8,300,621,32,8,train,2025-02-14T12:56:00Z
W002234,L0090,9,300,621,32,8,train,2025-02-14T13:04:00Z
W002235,L0090,10,300,621,32,8,train,2025-02-14T13:12:00Z
W002236,L0090,11,300,621,32,8,train,2025-02-14T13:20:00Z
W002237,L0090,12,300,621,32,8,train,2025-02-14T13:28:00Z
W002238,L0090,13,300,621,32,8,train,2025-02-14T13:36:00Z
W002239,L0090,14,300,621,32,8,train,2025-02-14T13:44:00Z
W002240,L0090,15,300,621,32,8,train,2025-02-14T13:52:00Z
W002241,L0090,16,300,621,32,8,train,2025-02-14T14:00:00Z
W002242,L0090,17,300,621,32,8,train,2025-02-14T14:08:00Z
W002243,L0090,18,300,621,32,8,train,2025-02-14T14:16:00Z
W002244,L0090,19,300,621,32,8,train,2025-02-14T14:24:00Z
W002245,L0090,20,300,621,32,8,train,2025-02-14T14:32:00Z
W002246,L0090,21,300,621,32,8,train,2025-02-14T14:40:00Z
W002247,L0090,22,300,621,32,8,train,2025-02-14T14:48:00Z
W002248,L0090,23,300,621,32,8,train,2025-02-14T14:56:00Z
W002249,L0090,24,300,621,32,8,train,2025-02-14T15:04:00Z
W002250,L0090,25,300,621,32,8,train,2025-02-14T15:12:00Z
W002251,L0091,1,300,621,32,8,train,2025-02-15T00:00:00Z
W002252,L0091,2,300,621,32,8,train,2025-02-15T00:08:00Z
W002253,L0091,3,300,621,32,8,train,2025-02-15T00:16:00Z
W002254,L0091,4,300,621,32,8,train,2025-02-15T00:24:00Z
W002255,L0091,5,300,621,32,8,train,2025-02-15T00:32:00Z
W002256,L0091,6,300,621,32,8,train,2025-02-15T00:40:00Z
W002257,L0091,7,300,621,32,8,train,2025-02-15T00:48:00Z
W002258,L0091,8,300,621,32,8,train,2025-02-15T00:56:00Z
W002259,L0091,9,300,621,32,8,train,2025-02-15T01:04:00Z
W002260,L0091,10,300,621,32,8,train,2025-02-15T01:12:00Z
W002261,L0091,11,300,621,32,8,train,2025-02-15T01:20:00Z
W002262,L0091,12,300,621,32,8,train,2025-02-15T01:28:00Z
W002263,L0091,13,300,621,32,8,train,2025-02-15T01:36:00Z
W002264,L0091,14,300,621,32,8,train,2025-02-15T01:44:00Z
W002265,L0091,15,300,621,32,8,train,2025-02-15T01:52:00Z
W002266,L0091,16,300,621,32,8,train,2025-02-15T02:00:00Z
W002267,L0091,17,300,621,32,8,train,2025-02-15T02:08:00Z
W002268,L0091,18,300,621,32,8,train,2025-02-15T02:16:00Z
W002269,L0091,19,300,621,32,8,train,2025-02-15T02:24:00Z
W002270,L0091,20,300,621,32,8,train,2025-02-15T02:32:00Z
W002271,L0091,21,300,621,32,8,train,2025-02-15T02:40:00Z
W002272,L0091,22,300,621,32,8,train,2025-02-15T02:48:00Z
W002273,L0091,23,300,621,32,8,train,2025-02-15T02:56:00Z
W002274,L0091,24,300,621,32,8,train,2025-02-15T03:04:00Z
W002275,L0091,25,300,621,32,8,train,2025-02-15T03:12:00Z
W002276,L0092,1,300,621,32,12,train,2025-02-15T12:00:00Z
W002277,L0092,2,300,621,32,12,train,2025-02-15T12:08:00Z
W002278,L0092,3,300,621,32,12,train,2025-02-15T12:16:00Z
W002279,L0092,4,300,621,32,12,train,2025-02-15T12:24:00Z
W002280,L0092,5,300,621,32,12,train,2025-02-15T12:32:00Z
W002281,L0092,6,300,621,32,12,train,2025-02-15T12:40:00Z
W002282,L0092,7,300,621,32,12,train,2025-02-15T12:48:00Z
W002283,L0092,8,300,621,32,12,train,2025-02-15T12:56:00Z
W002284,L0092,9,300,621,32,12,train,2025-02-15T13:04:00Z
W002285,L0092,10,300,621,32,12,train,2025-02-15T13:12:00Z
W002286,L0092,11,300,621,32,12,train,2025-02-15T13:20:00Z
W002287,L0092,12,300,621,32,12,train,2025-02-15T13:28:00Z
W002288,L0092,13,300,621,32,12,train,2025-02-15T13:36:00Z
W002289,L0092,14,300,621,32,12,train,2025-02-15T13:44:00Z
W002290,L0092,15,300,621,32,12,train,2025-02-15T13:52:00Z
W002291,L0092,16,300,621,32,12,train,2025-02-15T14:00:00Z
W002292,L0092,17,300,621,32,12,train,2025-02-15T14:08:00Z
W002293,L0092,18,300,621,32,12,train,2025-02-15T14:16:00Z
W002294,L0092,19,300,621,32,12,train,2025-02-15T14:24:00Z
W002295,L0092,20,300,621,32,12,train,2025-02-15T14:32:00Z
W002296,L0092,21,300,621,32,12,train,2025-02-15T14:40:00Z
W002297,L0092,22,300,621,32,12,train,2025-02-15T14:48:00Z
W002298,L0092,23,300,621,32,12,train,2025-02-15T14:56:00Z
W002299,L0092,24,300,621,32,12,train,2025-02-15T15:04:00Z
W002300,L0092,25,300,621,32,12,train,2025-02-15T15:12:00Z
W002301,L0093,1,300,621,32,12,train,2025-02-16T00:00:00Z
W002302,L0093,2,300,621,32,12,train,2025-02-16T00:08:00Z
W002303,L0093,3,300,621,32,12,train,2025-02-16T00:16:00Z
W002304,L0093,4,300,621,32,12,train,2025-02-16T00:24:00Z
W002305,L0093,5,300,621,32,12,train,2025-02-16T00:32:00Z
W002306,L0093,6,300,621,32,12,train,2025-02-16T00:40:00Z
W002307,L0093,7,300,621,32,12,train,2025-02-16T00:48:00Z
W002308,L0093,8,300,621,32,12,train,2025-02-16T00:56:00Z
W002309,L0093,9,300,621,32,12,train,2025-02-16T01:04:00Z
W002310,L0093,10,300,621,32,12,train,2025-02-16T01:12:00Z
W002311,L0093,11,300,621,32,12,train,2025-02-16T01:20:00Z
W002312,L0093,12,300,621,32,12,train,2025-02-16T01:28:00Z
W002313,L0093,13,300,621,32,12,train,2025-02-16T01:36:00Z
W002314,L0093,14,300,621,32,12,train,2025-02-16T01:44:00Z
W002315,L0093,15,300,621,32,12,train,2025-02-16T01:52:00Z
W002316,L0093,16,300,621,32,12,train,2025-02-16T02:00:00Z
W002317,L0093,17,300,621,32,12,train,2025-02-16T02:08:00Z
W002318,L0093,18,300,621,32,12,train,2025-02-16T02:16:00Z
W002319,L0093,19,300,621,32,12,train,2025-02-16T02:24:00Z
W002320,L0093,20,300,621,32,12,train,2025-02-16T02:32:00Z
W002321,L0093,21,300,621,32,12,train,2025-02-16T02:40:00Z
W002322,L0093,22,300,621,32,12,train,2025-02-16T02:48:00Z
W002323,L0093,23,300,621,32,12,train,2025-02-16T02:56:00Z
W002324,L0093,24,300,621,32,12,train,2025-02-16T03:04:00Z
W002325,L0093,25,300,621,32,12,train,2025-02-16T03:12:00Z
W002326,L0094,1,300,621,32,8,train,2025-02-16T12:00:00Z
W002327,L0094,2,300,621,32,8,train,2025-02-16T12:08:00Z
W002328,L0094,3,300,621,32,8,train,2025-02-16T12:16:00Z
W002329,L0094,4,300,621,32,8,train,2025-02-16T12:24:00Z
W002330,L0094,5,300,621,32,8,train,2025-02-16T12:32:00Z
W002331,L0094,6,300,621,32,8,train,2025-02-16T12:40:00Z
W002332,L0094,7,300,621,32,8,train,2025-02-16T12:48:00Z
W002333,L0094,8,300,621,32,8,train,2025-02-16T12:56:00Z
W002334,L0094,9,300,621,32,8,train,2025-02-16T13:04:00Z
W002335,L0094,10,300,621,32,8,train,2025-02-16T13:12:00Z
W002336,L0094,11,300,621,32,8,train,2025-02-16T13:20:00Z
W002337,L0094,12,300,621,32,8,train,2025-02-16T13:28:00Z
W002338,L0094,13,300,621,32,8,train,2025-02-16T13:36:00Z
W002339,L0094,14,300,621,32,8,train,2025-02-16T13:44:00Z
W002340,L0094,15,300,621,32,8,train,2025-02-16T13:52:00Z
W002341,L0094,16,300,621,32,8,train,2025-02-16T14:00:00Z
W002342,L0094,17,300,621,32,8,train,2025-02-16T14:08:00Z
W002343,L0094,18,300,621,32,8,train,2025-02-16T14:16:00Z
W002344,L0094,19,300,621,32,8,train,2025-02-16T14:24:00Z
W002345,L0094,20,300,621,32,8,train,2025-02-16T14:32:00Z
W002346,L0094,21,300,621,32,8,train,2025-02-16T14:40:00Z
W002347,L0094,22,300,621,32,8,train,2025-02-16T14:48:00Z
W002348,L0094,23,300,621,32,8,train,2025-02-16T14:56:00Z
W002349,L0094,24,300,621,32,8,train,2025-02-16T15:04:00Z
W002350,L0094,25,300,621,32,8,train,2025-02-16T15:12:00Z
W002351,L0095,1,300,621,32,8,train,2025-02-17T00:00:00Z
W002352,L0095,2,300,621,32,8,train,2025-02-17T00:08:00Z
W002353,L0095,3,300,621,32,8,train,2025-02-17T00:16:00Z
W002354,L0095,4,300,621,32,8,train,2025-02-17T00:24:00Z
W002355,L0095,5,300,621,32,8,train,2025-02-17T00:32:00Z
W002356,L0095,6,300,621,32,8,train,2025-02-17T00:40:00Z
W002357,L0095,7,300,621,32,8,train,2025-02-17T00:48:00Z
W002358,L0095,8,300,621,32,8,train,2025-02-17T00:56:00Z
W002359,L0095,9,300,621,32,8,train,2025-02-17T01:04:00Z
W002360,L0095,10,300,621,32,8,train,2025-02-17T01:12:00Z
W002361,L0095,11,300,621,32,8,train,2025-02-17T01:20:00Z
W002362,L0095,12,300,621,32,8,train,2025-02-17T01:28:00Z
W002363,L0095,13,300,621,32,8,train,2025-02-17T01:36:00Z
W002364,L0095,14,300,621,32,8,train,2025-02-17T01:44:00Z
W002365,L0095,15,300,621,32,8,train,2025-02-17T01:52:00Z
W002366,L0095,16,300,621,32,8,train,2025-02-17T02:00:00Z
W002367,L0095,17,300,621,32,8,train,2025-02-17T02:08:00Z
W002368,L0095,18,300,621,32,8,train,2025-02-17T02:16:00Z
W002369,L0095,19,300,621,32,8,train,2025-02-17T02:24:00Z
W002370,L0095,20,300,621,32,8,train,2025-02-17T02:32:00Z
W002371,L0095,21,300,621,32,8,train,2025-02-17T02:40:00Z
W002372,L0095,22,300,621,32,8,train,2025-02-17T02:48:00Z
W002373,L0095,23,300,621,32,8,train,2025-02-17T02:56:00Z
W002374,L0095,24,300,621,32,8,train,2025-02-17T03:04:00Z
W002375,L0095,25,300,621,32,8,train,2025-02-17T03:12:00Z
W002376,L0096,1,300,621,32,12,train,2025-02-17T12:00:00Z
W002377,L0096,2,300,621,32,12,train,2025-02-17T12:08:00Z
W002378,L0096,3,300,621,32,12,train,2025-02-17T12:16:00Z
W002379,L0096,4,300,621,32,12,train,2025-02-17T12:24:00Z
W002380,L0096,5,300,621,32,12,train,2025-02-17T12:32:00Z
W002381,L0096,6,300,621,32,12,train,2025-02-17T12:40:00Z
W002382,L0096,7,300,621,32,12,train,2025-02-17T12:48:00Z
W002383,L0096,8,300,621,32,12,train,2025-02-17T12:56:00Z
W002384,L0096,9,300,621,32,12,train,2025-02-17T13:04:00Z
W002385,L0096,10,300,621,32,12,train,2025-02-17T13:12:00Z
W002386,L0096,11,300,621,32,12,train,2025-02-17T13:20:00Z
W002387,L0096,12,300,621,32,12,train,2025-02-17T13:28:00Z
W002388,L0096,13,300,621,32,12,train,2025-02-17T13:36:00Z
W002389,L0096,14,300,621,32,12,train,2025-02-17T13:44:00Z
W002390,L0096,15,300,621,32,12,train,2025-02-17T13:52:00Z
W002391,L0096,16,300,621,32,12,train,2025-02-17T14:00:00Z
W002392,L0096,17,300,621,32,12,train,2025-02-17T14:08:00Z
W002393,L0096,18,300,621,32,12,train,2025-02-17T14:16:00Z
W002394,L0096,19,300,621,32,12,train,2025-02-17T14:24:00Z
W002395,L0096,20,300,621,32,12,train,2025-02-17T14:32:00Z
W002396,L0096,21,300,621,32,12,train,2025-02-17T14:40:00Z
W002397,L0096,22,300,621,32,12,train,2025-02-17T14:48:00Z
W002398,L0096,23,300,621,32,12,train,2025-02-17T14:56:00Z
W002399,L0096,24,300,621,32,12,train,2025-02-17T15:04:00Z
W002400,L0096,25,300,621,32,12,train,2025-02-17T15:12:00Z
W002401,L0097,1,300,621,32,12,train,2025-02-18T00:00:00Z
W002402,L0097,2,300,621,32,12,train,2025-02-18T00:08:00Z
W002403,L0097,3,300,621,32,12,train,2025-02-18T00:16:00Z
W002404,L0097,4,300,621,32,12,train,2025-02-18T00:24:00Z
W002405,L0097,5,300,621,32,12,train,2025-02-18T00:32:00Z
W002406,L0097,6,300,621,32,12,train,2025-02-18T00:40:00Z
W002407,L0097,7,300,621,32,12,train,2025-02-18T00:48:00Z
W002408,L0097,8,300,621,32,12,train,2025-02-18T00:56:00Z
W002409,L0097,9,300,621,32,12,train,2025-02-18T01:04:00Z
W002410,L0097,10,300,621,32,12,train,2025-02-18T01:12:00Z
W002411,L0097,11,300,621,32,12,train,2025-02-18T01:20:00Z
W002412,L0097,12,300,621,32,12,train,2025-02-18T01:28:00Z
W002413,L0097,13,300,621,32,12,train,2025-02-18T01:36:00Z
W002414,L0097,14,300,621,32,12,train,2025-02-18T01:44:00Z
W002415,L0097,15,300,621,32,12,train,2025-02-18T01:52:00Z
W002416,L0097,16,300,621,32,12,train,2025-02-18T02:00:00Z
W002417,L0097,17,300,621,32,12,train,2025-02-18T02:08:00Z
W002418,L0097,18,300,621,32,12,train,2025-02-18T02:16:00Z
W002419,L0097,19,300,621,32,12,train,2025-02-18T02:24:00Z
W002420,L0097,20,300,621,32,12,train,2025-02-18T02:32:00Z
W002421,L0097,21,300,621,32,12,train,2025-02-18T02:40:00Z
W002422,L0097,22,300,621,32,12,train,2025-02-18T02:48:00Z
W002423,L0097,23,300,621,32,12,train,2025-02-18T02:56:00Z
W002424,L0097,24,300,621,32,12,train,2025-02-18T03:04:00Z
W002425,L0097,25,300,621,32,12,train,2025-02-18T03:12:00Z
W002426,L0098,1,300,621,32,8,train,2025-02-18T12:00:00Z
W002427,L0098,2,300,621,32,8,train,2025-02-18T12:08:00Z
W002428,L0098,3,300,621,32,8,train,2025-02-18T12:16:00Z
W002429,L0098,4,300,621,32,8,train,2025-02-18T12:24:00Z
W002430,L0098,5,300,621,32,8,train,2025-02-18T12:32:00Z
W002431,L0098,6,300,621,32,8,train,2025-02-18T12:40:00Z
W002432,L0098,7,300,621,32,8,train,2025-02-18T12:48:00Z
W002433,L0098,8,300,621,32,8,train,2025-02-18T12:56:00Z
W002434,L0098,9,300,621,32,8,train,2025-02-18T13:04:00Z
W002435,L0098,10,300,621,32,8,train,2025-02-18T13:12:00Z
W002436,L0098,11,300,621,32,8,train,2025-02-18T13:20:00Z
W002437,L0098,12,300,621,32,8,train,2025-02-18T13:28:00Z
W002438,L0098,13,300,621,32,8,train,2025-02-18T13:36:00Z
W002439,L0098,14,300,621,32,8,train,2025-02-18T13:44:00Z
W002440,L0098,15,300,621,32,8,train,2025-02-18T13:52:00Z
W002441,L0098,16,300,621,32,8,train,2025-02-18T14:00:00Z
W002442,L0098,17,300,621,32,8,train,2025-02-18T14:08:00Z
W002443,L0098,18,300,621,32,8,train,2025-02-18T14:16:00Z
W002444,L0098,19,300,621,32,8,train,2025-02-18T14:24:00Z
W002445,L0098,20,300,621,32,8,train,2025-02-18T14:32:00Z
W002446,L0098,21,300,621,32,8,train,2025-02-18T14:40:00Z
W002447,L0098,22,300,621,32,8,train,2025-02-18T14:48:00Z
W002448,L0098,23,300,621,32,8,train,2025-02-18T14:56:00Z
W002449,L0098,24,300,621,32,8,train,2025-02-18T15:04:00Z
W002450,L0098,25,300,621,32,8,train,2025-02-18T15:12:00Z
W002451,L0099,1,300,621,32,12,train,2025-02-19T00:00:00Z
W002452,L0099,2,300,621,32,12,train,2025-02-19T00:08:00Z
W002453,L0099,3,300,621,32,12,train,2025-02-19T00:16:00Z
W002454,L0099,4,300,621,32,12,train,2025-02-19T00:24:00Z
W002455,L0099,5,300,621,32,12,train,2025-02-19T00:32:00Z
W002456,L0099,6,300,621,32,12,train,2025-02-19T00:40:00Z
W002457,L0099,7,300,621,32,12,train,2025-02-19T00:48:00Z
W002458,L0099,8,300,621,32,12,train,2025-02-19T00:56:00Z
W002459,L0099,9,300,621,32,12,train,2025-02-19T01:04:00Z
W002460,L0099,10,300,621,32,12,train,2025-02-19T01:12:00Z
W002461,L0099,11,300,621,32,12,train,2025-02-19T01:20:00Z
W002462,L0099,12,300,621,32,12,train,2025-02-19T01:28:00Z
W002463,L0099,13,300,621,32,12,train,2025-02-19T01:36:00Z
W002464,L0099,14,300,621,32,12,train,2025-02-19T01:44:00Z
W002465,L0099,15,300,621,32,12,train,2025-02-19T01:52:00Z
W002466,L0099,16,300,621,32,12,train,2025-02-19T02:00:00Z
W002467,L0099,17,300,621,32,12,train,2025-02-19T02:08:00Z
W002468,L0099,18,300,621,32,12,train,2025-02-19T02:16:00Z
W002469,L0099,19,300,621,32,12,train,2025-02-19T02:24:00Z
W002470,L0099,20,300,621,32,12,train,2025-02-19T02:32:00Z
W002471,L0099,21,300,621,32,12,train,2025-02-19T02:40:00Z
W002472,L0099,22,300,621,32,12,train,2025-02-19T02:48:00Z
W002473,L0099,23,300,621,32,12,train,2025-02-19T02:56:00Z
W002474,L0099,24,300,621,32,12,train,2025-02-19T03:04:00Z
W002475,L0099,25,300,621,32,12,train,2025-02-19T03:12:00Z
W002476,L0100,1,300,621,32,8,train,2025-02-19T12:00:00Z
W002477,L0100,2,300,621,32,8,train,2025-02-19T12:08:00Z
W002478,L0100,3,300,621,32,8,train,2025-02-19T12:16:00Z
W002479,L0100,4,300,621,32,8,train,2025-02-19T12:24:00Z
W002480,L0100,5,300,621,32,8,train,2025-02-19T12:32:00Z
W002481,L0100,6,300,621,32,8,train,2025-02-19T12:40:00Z
W002482,L0100,7,300,621,32,8,train,2025-02-19T12:48:00Z
W002483,L0100,8,300,621,32,8,train,2025-02-19T12:56:00Z
W002484,L0100,9,300,621,32,8,train,2025-02-19T13:04:00Z
W002485,L0100,10,300,621,32,8,train,2025-02-19T13:12:00Z
W002486,L0100,11,300,621,32,8,train,2025-02-19T13:20:00Z
W002487,L0100,12,300,621,32,8,train,2025-02-19T13:28:00Z
W002488,L0100,13,300,621,32,8,train,2025-02-19T13:36:00Z
W002489,L0100,14,300,621,32,8,train,2025-02-19T13:44:00Z
W002490,L0100,15,300,621,32,8,train,2025-02-19T13:52:00Z
W002491,L0100,16,300,621,32,8,train,2025-02-19T14:00:00Z
W002492,L0100,17,300,621,32,8,train,2025-02-19T14:08:00Z
W002493,L0100,18,300,621,32,8,train,2025-02-19T14:16:00Z
W002494,L0100,19,300,621,32,8,train,2025-02-19T14:24:00Z
W002495,L0100,20,300,621,32,8,train,2025-02-19T14:32:00Z
W002496,L0100,21,300,621,32,8,train,2025-02-19T14:40:00Z
W002497,L0100,22,300,621,32,8,train,2025-02-19T14:48:00Z
W002498,L0100,23,300,621,32,8,train,2025-02-19T14:56:00Z
W002499,L0100,24,300,621,32,8,train,2025-02-19T15:04:00Z
W002500,L0100,25,300,621,32,8,train,2025-02-19T15:12:00Z
W002501,L0101,1,300,621,32,12,train,2025-02-20T00:00:00Z
W002502,L0101,2,300,621,32,12,train,2025-02-20T00:08:00Z
W002503,L0101,3,300,621,32,12,train,2025-02-20T00:16:00Z
W002504,L0101,4,300,621,32,12,train,2025-02-20T00:24:00Z
W002505,L0101,5,300,621,32,12,train,2025-02-20T00:32:00Z
W002506,L0101,6,300,621,32,12,train,2025-02-20T00:40:00Z
W002507,L0101,7,300,621,32,12,train,2025-02-20T00:48:00Z
W002508,L0101,8,300,621,32,12,train,2025-02-20T00:56:00Z
W002509,L0101,9,300,621,32,12,train,2025-02-20T01:04:00Z
W002510,L0101,10,300,621,32,12,train,2025-02-20T01:12:00Z
W002511,L0101,11,300,621,32,12,train,2025-02-20T01:20:00Z
W002512,L0101,12,300,621,32,12,train,2025-02-20T01:28:00Z
W002513,L0101,13,300,621,32,12,train,2025-02-20T01:36:00Z
W002514,L0101,14,300,621,32,12,train,2025-02-20T01:44:00Z
W002515,L0101,15,300,621,32,12,train,2025-02-20T01:52:00Z
W002516,L0101,16,300,621,32,12,train,2025-02-20T02:00:00Z
W002517,L0101,17,300,621,32,12,train,2025-02-20T02:08:00Z
W002518,L0101,18,300,621,32,12,train,2025-02-20T02:16:00Z
W002519,L0101,19,300,621,32,12,train,2025-02-20T02:24:00Z
W002520,L0101,20,300,621,32,12,train,2025-02-20T02:32:00Z
W002521,L0101,21,300,621,32,12,train,2025-02-20T02:40:00Z
W002522,L0101,22,300,621,32,12,train,2025-02-20T02:48:00Z
W002523,L0101,23,300,621,32,12,train,2025-02-20T02:56:00Z
W002524,L0101,24,300,621,32,12,train,2025-02-20T03:04:00Z
W002525,L0101,25,300,621,32,12,train,2025-02-20T03:12:00Z
W002526,L0102,1,300,621,32,8,train,2025-02-20T12:00:00Z
W002527,L0102,2,300,621,32,8,train,2025-02-20T12:08:00Z
W002528,L0102,3,300,621,32,8,train,2025-02-20T12:16:00Z
W002529,L0102,4,300,621,32,8,train,2025-02-20T12:24:00Z
W002530,L0102,5,300,621,32,8,train,2025-02-20T12:32:00Z
W002531,L0102,6,300,621,32,8,train,2025-02-20T12:40:00Z
W002532,L0102,7,300,621,32,8,train,2025-02-20T12:48:00Z
W002533,L0102,8,300,621,32,8,train,2025-02-20T12:56:00Z
W002534,L0102,9,300,621,32,8,train,2025-02-20T13:04:00Z
W002535,L0102,10,300,621,32,8,train,2025-02-20T13:12:00Z
W002536,L0102,11,300,621,32,8,train,2025-02-20T13:20:00Z
W002537,L0102,12,300,621,32,8,train,2025-02-20T13:28:00Z
W002538,L0102,13,300,621,32,8,train,2025-02-20T13:36:00Z
W002539,L0102,14,300,621,32,8,train,2025-02-20T13:44:00Z
W002540,L0102,15,300,621,32,8,train,2025-02-20T13:52:00Z
W002541,L0102,16,300,621,32,8,train,2025-02-20T14:00:00Z
W002542,L0102,17,300,621,32,8,train,2025-02-20T14:08:00Z
W002543,L0102,18,300,621,32,8,train,2025-02-20T14:16:00Z
W002544,L0102,19,300,621,32,8,train,2025-02-20T14:24:00Z
W002545,L0102,20,300,621,32,8,train,2025-02-20T14:32:00Z
W002546,L0102,21,300,621,32,8,train,2025-02-20T14:40:00Z
W002547,L0102,22,300,621,32,8,train,2025-02-20T14:48:00Z
W002548,L0102,23,300,621,32,8,train,2025-02-20T14:56:00Z
W002549,L0102,24,300,621,32,8,train,2025-02-20T15:04:00Z
W002550,L0102,25,300,621,32,8,train,2025-02-20T15:12:00Z
W002551,L0103,1,300,621,32,12,train,2025-02-21T00:00:00Z
W002552,L0103,2,300,621,32,12,train,2025-02-21T00:08:00Z
W002553,L0103,3,300,621,32,12,train,2025-02-21T00:16:00Z
W002554,L0103,4,300,621,32,12,train,2025-02-21T00:24:00Z
W002555,L0103,5,300,621,32,12,train,2025-02-21T00:32:00Z
W002556,L0103,6,300,621,32,12,train,2025-02-21T00:40:00Z
W002557,L0103,7,300,621,32,12,train,2025-02-21T00:48:00Z
W002558,L0103,8,300,621,32,12,train,2025-02-21T00:56:00Z
W002559,L0103,9,300,621,32,12,train,2025-02-21T01:04:00Z
W002560,L0103,10,300,621,32,12,train,2025-02-21T01:12:00Z
W002561,L0103,11,300,621,32,12,train,2025-02-21T01:20:00Z
W002562,L0103,12,300,621,32,12,train,2025-02-21T01:28:00Z
W002563,L0103,13,300,621,32,12,train,2025-02-21T01:36:00Z
W002564,L0103,14,300,621,32,12,train,2025-02-21T01:44:00Z
W002565,L0103,15,300,621,32,12,train,2025-02-21T01:52:00Z
W002566,L0103,16,300,621,32,12,train,2025-02-21T02:00:00Z
W002567,L0103,17,300,621,32,12,train,2025-02-21T02:08:00Z
W002568,L0103,18,300,621,32,12,train,2025-02-21T02:16:00Z
W002569,L0103,19,300,621,32,12,train,2025-02-21T02:24:00Z
W002570,L0103,20,300,621,32,12,train,2025-02-21T02:32:00Z
W002571,L0103,21,300,621,32,12,train,2025-02-21T02:40:00Z
W002572,L0103,22,300,621,32,12,train,2025-02-21T02:48:00Z
W002573,L0103,23,300,621,32,12,train,2025-02-21T02:56:00Z
W002574,L0103,24,300,621,32,12,train,2025-02-21T03:04:00Z
W002575,L0103,25,300,621,32,12,train,2025-02-21T03:12:00Z
W002576,L0104,1,300,621,32,12,train,2025-02-21T12:00:00Z
W002577,L0104,2,300,621,32,12,train,2025-02-21T12:08:00Z
W002578,L0104,3,300,621,32,12,train,2025-02-21T12:16:00Z
W002579,L0104,4,300,621,32,12,train,2025-02-21T12:24:00Z
W002580,L0104,5,300,621,32,12,train,2025-02-21T12:32:00Z
W002581,L0104,6,300,621,32,12,train,2025-02-21T12:40:00Z
W002582,L0104,7,300,621,32,12,train,2025-02-21T12:48:00Z
W002583,L0104,8,300,621,32,12,train,2025-02-21T12:56:00Z
W002584,L0104,9,300,621,32,12,train,2025-02-21T13:04:00Z
W002585,L0104,10,300,621,32,12,train,2025-02-21T13:12:00Z
W002586,L0104,11,300,621,32,12,train,2025-02-21T13:20:00Z
W002587,L0104,12,300,621,32,12,train,2025-02-21T13:28:00Z
W002588,L0104,13,300,621,32,12,train,2025-02-21T13:36:00Z
W002589,L0104,14,300,621,32,12,train,2025-02-21T13:44:00Z
W002590,L0104,15,300,621,32,12,train,2025-02-21T13:52:00Z
W002591,L0104,16,300,621,32,12,train,2025-02-21T14:00:00Z
W002592,L0104,17,300,621,32,12,train,2025-02-21T14:08:00Z
W002593,L0104,18,300,621,32,12,train,2025-02-21T14:16:00Z
W002594,L0104,19,300,621,32,12,train,2025-02-21T14:24:00Z
W002595,L0104,20,300,621,32,12,train,2025-02-21T14:32:00Z
W002596,L0104,21,300,621,32,12,train,2025-02-21T14:40:00Z
W002597,L0104,22,300,621,32,12,train,2025-02-21T14:48:00Z
W002598,L0104,23,300,621,32,12,train,2025-02-21T14:56:00Z
W002599,L0104,24,300,621,32,12,train,2025-02-21T15:04:00Z
W002600,L0104,25,300,621,32,12,train,2025-02-21T15:12:00Z
W002601,L0105,1,300,621,32,12,train,2025-02-22T00:00:00Z
W002602,L0105,2,300,621,32,12,train,2025-02-22T00:08:00Z
W002603,L0105,3,300,621,32,12,train,2025-02-22T00:16:00Z
W002604,L0105,4,300,621,32,12,train,2025-02-22T00:24:00Z
W002605,L0105,5,300,621,32,12,train,2025-02-22T00:32:00Z
W002606,L0105,6,300,621,32,12,train,2025-02-22T00:40:00Z
W002607,L0105,7,300,621,32,12,train,2025-02-22T00:48:00Z
W002608,L0105,8,300,621,32,12,train,2025-02-22T00:56:00Z
W002609,L0105,9,300,621,32,12,train,2025-02-22T01:04:00Z
W002610,L0105,10,300,621,32,12,train,2025-02-22T01:12:00Z
W002611,L0105,11,300,621,32,12,train,2025-02-22T01:20:00Z
W002612,L0105,12,300,621,32,12,train,2025-02-22T01:28:00Z
W002613,L0105,13,300,621,32,12,train,2025-02-22T01:36:00Z
W002614,L0105,14,300,621,32,12,train,2025-02-22T01:44:00Z
W002615,L0105,15,300,621,32,12,train,2025-02-22T01:52:00Z
W002616,L0105,16,300,621,32,12,train,2025-02-22T02:00:00Z
W002617,L0105,17,300,621,32,12,train,2025-02-22T02:08:00Z
W002618,L0105,18,300,621,32,12,train,2025-02-22T02:16:00Z
W002619,L0105,19,300,621,32,12,train,2025-02-22T02:24:00Z
W002620,L0105,20,300,621,32,12,train,2025-02-22T02:32:00Z
W002621,L0105,21,300,621,32,12,train,2025-02-22T02:40:00Z
W002622,L0105,22,300,621,32,12,train,2025-02-22T02:48:00Z
W002623,L0105,23,300,621,32,12,train,2025-02-22T02:56:00Z
W002624,L0105,24,300,621,32,12,train,2025-02-22T03:04:00Z
W002625,L0105,25,300,621,32,12,train,2025-02-22T03:12:00Z
W002626,L0106,1,300,621,32,8,train,2025-02-22T12:00:00Z
W002627,L0106,2,300,621,32,8,train,2025-02-22T12:08:00Z
W002628,L0106,3,300,621,32,8,train,2025-02-22T12:16:00Z
W002629,L0106,4,300,621,32,8,train,2025-02-22T12:24:00Z
W002630,L0106,5,300,621,32,8,train,2025-02-22T12:32:00Z
W002631,L0106,6,300,621,32,8,train,2025-02-22T12:40:00Z
W002632,L0106,7,300,621,32,8,train,2025-02-22T12:48:00Z
W002633,L0106,8,300,621,32,8,train,2025-02-22T12:56:00Z
W002634,L0106,9,300,621,32,8,train,2025-02-22T13:04:00Z
W002635,L0106,10,300,621,32,8,train,2025-02-22T13:12:00Z
W002636,L0106,11,300,621,32,8,train,2025-02-22T13:20:00Z
W002637,L0106,12,300,621,32,8,train,2025-02-22T13:28:00Z
W002638,L0106,13,300,621,32,8,train,2025-02-22T13:36:00Z
W002639,L0106,14,300,621,32,8,train,2025-02-22T13:44:00Z
W002640,L0106,15,300,621,32,8,train,2025-02-22T13:52:00Z
W002641,L0106,16,300,621,32,8,train,2025-02-22T14:00:00Z
W002642,L0106,17,300,621,32,8,train,2025-02-22T14:08:00Z
W002643,L0106,18,300,621,32,8,train,2025-02-22T14:16:00Z
W002644,L0106,19,300,621,32,8,train,2025-02-22T14:24:00Z
W002645,L0106,20,300,621,32,8,train,2025-02-22T14:32:00Z
W002646,L0106,21,300,621,32,8,train,2025-02-22T14:40:00Z
W002647,L0106,22,300,621,32,8,train,2025-02-22T14:48:00Z
W002648,L0106,23,300,621,32,8,train,2025-02-22T14:56:00Z
W002649,L0106,24,300,621,32,8,train,2025-02-22T15:04:00Z
W002650,L0106,25,300,621,32,8,train,2025-02-22T15:12:00Z
W002651,L0107,1,300,621,32,12,train,2025-02-23T00:00:00Z
W002652,L0107,2,300,621,32,12,train,2025-02-23T00:08:00Z
W002653,L0107,3,300,621,32,12,train,2025-02-23T00:16:00Z
W002654,L0107,4,300,621,32,12,train,2025-02-23T00:24:00Z
W002655,L0107,5,300,621,32,12,train,2025-02-23T00:32:00Z
W002656,L0107,6,300,621,32,12,train,2025-02-23T00:40:00Z
W002657,L0107,7,300,621,32,12,train,2025-02-23T00:48:00Z
W002658,L0107,8,300,621,32,12,train,2025-02-23T00:56:00Z
W002659,L0107,9,300,621,32,12,train,2025-02-23T01:04:00Z
W002660,L0107,10,300,621,32,12,train,2025-02-23T01:12:00Z
W002661,L0107,11,300,621,32,12,train,2025-02-23T01:20:00Z
W002662,L0107,12,300,621,32,12,train,2025-02-23T01:28:00Z
W002663,L0107,13,300,621,32,12,train,2025-02-23T01:36:00Z
W002664,L0107,14,300,621,32,12,train,2025-02-23T01:44:00Z
W002665,L0107,15,300,621,32,12,train,2025-02-23T01:52:00Z
W002666,L0107,16,300,621,32,12,train,2025-02-23T02:00:00Z
W002667,L0107,17,300,621,32,12,train,2025-02-23T02:08:00Z
W002668,L0107,18,300,621,32,12,train,2025-02-23T02:16:00Z
W002669,L0107,19,300,621,32,12,train,2025-02-23T02:24:00Z
W002670,L0107,20,300,621,32,12,train,2025-02-23T02:32:00Z
W002671,L0107,21,300,621,32,12,train,2025-02-23T02:40:00Z
W002672,L0107,22,300,621,32,12,train,2025-02-23T02:48:00Z
W002673,L0107,23,300,621,32,12,train,2025-02-23T02:56:00Z
W002674,L0107,24,300,621,32,12,train,2025-02-23T03:04:00Z
W002675,L0107,25,300,621,32,12,train,2025-02-23T03:12:00Z
W002676,L0108,1,300,621,32,12,train,2025-02-23T12:00:00Z
W002677,L0108,2,300,621,32,12,train,2025-02-23T12:08:00Z
W002678,L0108,3,300,621,32,12,train,2025-02-23T12:16:00Z
W002679,L0108,4,300,621,32,12,train,2025-02-23T12:24:00Z
W002680,L0108,5,300,621,32,12,train,2025-02-23T12:32:00Z
W002681,L0108,6,300,621,32,12,train,2025-02-23T12:40:00Z
W002682,L0108,7,300,621,32,12,train,2025-02-23T12:48:00Z
W002683,L0108,8,300,621,32,12,train,2025-02-23T12:56:00Z
W002684,L0108,9,300,621,32,12,train,2025-02-23T13:04:00Z
W002685,L0108,10,300,621,32,12,train,2025-02-23T13:12:00Z
W002686,L0108,11,300,621,32,12,train,2025-02-23T13:20:00Z
W002687,L0108,12,300,621,32,12,train,2025-02-23T13:28:00Z
W002688,L0108,13,300,621,32,12,train,2025-02-23T13:36:00Z
W002689,L0108,14,300,621,32,12,train,2025-02-23T13:44:00Z
W002690,L0108,15,300,621,32,12,train,2025-02-23T13:52:00Z
W002691,L0108,16,300,621,32,12,train,2025-02-23T14:00:00Z
W002692,L0108,17,300,621,32,12,train,2025-02-23T14:08:00Z
W002693,L0108,18,300,621,32,12,train,2025-02-23T14:16:00Z
W002694,L0108,19,300,621,32,12,train,2025-02-23T14:24:00Z
W002695,L0108,20,300,621,32,12,train,2025-02-23T14:32:00Z
W002696,L0108,21,300,621,32,12,train,2025-02-23T14:40:00Z
W002697,L0108,22,300,621,32,12,train,2025-02-23T14:48:00Z
W002698,L0108,23,300,621,32,12,train,2025-02-23T14:56:00Z
W002699,L0108,24,300,621,32,12,train,2025-02-23T15:04:00Z
W002700,L0108,25,300,621,32,12,train,2025-02-23T15:12:00Z
W002701,L0109,1,300,621,32,8,train,2025-02-24T00:00:00Z
W002702,L0109,2,300,621,32,8,train,2025-02-24T00:08:00Z
W002703,L0109,3,300,621,32,8,train,2025-02-24T00:16:00Z
W002704,L0109,4,300,621,32,8,train,2025-02-24T00:24:00Z
W002705,L0109,5,300,621,32,8,train,2025-02-24T00:32:00Z
W002706,L0109,6,300,621,32,8,train,2025-02-24T00:40:00Z
W002707,L0109,7,300,621,32,8,train,2025-02-24T00:48:00Z
W002708,L0109,8,300,621,32,8,train,2025-02-24T00:56:00Z
W002709,L0109,9,300,621,32,8,train,2025-02-24T01:04:00Z
W002710,L0109,10,300,621,32,8,train,2025-02-24T01:12:00Z
W002711,L0109,11,300,621,32,8,train,2025-02-24T01:20:00Z
W002712,L0109,12,300,621,32,8,train,2025-02-24T01:28:00Z
W002713,L0109,13,300,621,32,8,train,2025-02-24T01:36:00Z
W002714,L0109,14,300,621,32,8,train,2025-02-24T01:44:00Z
W002715,L0109,15,300,621,32,8,train,2025-02-24T01:52:00Z
W002716,L0109,16,300,621,32,8,train,2025-02-24T02:00:00Z
W002717,L0109,17,300,621,32,8,train,2025-02-24T02:08:00Z
W002718,L0109,18,300,621,32,8,train,2025-02-24T02:16:00Z
W002719,L0109,19,300,621,32,8,train,2025-02-24T02:24:00Z
W002720,L0109,20,300,621,32,8,train,2025-02-24T02:32:00Z
W002721,L0109,21,300,621,32,8,train,2025-02-24T02:40:00Z
W002722,L0109,22,300,621,32,8,train,2025-02-24T02:48:00Z
W002723,L0109,23,300,621,32,8,train,2025-02-24T02:56:00Z
W002724,L0109,24,300,621,32,8,train,2025-02-24T03:04:00Z
W002725,L0109,25,300,621,32,8,train,2025-02-24T03:12:00Z
W002726,L0110,1,300,621,32,8,train,2025-02-24T12:00:00Z
W002727,L0110,2,300,621,32,8,train,2025-02-24T12:08:00Z
W002728,L0110,3,300,621,32,8,train,2025-02-24T12:16:00Z
W002729,L0110,4,300,621,32,8,train,2025-02-24T12:24:00Z
W002730,L0110,5,300,621,32,8,train,2025-02-24T12:32:00Z
W002731,L0110,6,300,621,32,8,train,2025-02-24T12:40:00Z
W002732,L0110,7,300,621,32,8,train,2025-02-24T12:48:00Z
W002733,L0110,8,300,621,32,8,train,2025-02-24T12:56:00Z
W002734,L0110,9,300,621,32,8,train,2025-02-24T13:04:00Z
W002735,L0110,10,300,621,32,8,train,2025-02-24T13:12:00Z
W002736,L0110,11,300,621,32,8,train,2025-02-24T13:20:00Z
W002737,L0110,12,300,621,32,8,train,2025-02-24T13:28:00Z
W002738,L0110,13,300,621,32,8,train,2025-02-24T13:36:00Z
W002739,L0110,14,300,621,32,8,train,2025-02-24T13:44:00Z
W002740,L0110,15,300,621,32,8,train,2025-02-24T13:52:00Z
W002741,L0110,16,300,621,32,8,train,2025-02-24T14:00:00Z
W002742,L0110,17,300,621,32,8,train,2025-02-24T14:08:00Z
W002743,L0110,18,300,621,32,8,train,2025-02-24T14:16:00Z
W002744,L0110,19,300,621,32,8,train,2025-02-24T14:24:00Z
W002745,L0110,20,300,621,32,8,train,2025-02-24T14:32:00Z
W002746,L0110,21,300,621,32,8,train,2025-02-24T14:40:00Z
W002747,L0110,22,300,621,32,8,train,2025-02-24T14:48:00Z
W002748,L0110,23,300,621,32,8,train,2025-02-24T14:56:00Z
W002749,L0110,24,300,621,32,8,train,2025-02-24T15:04:00Z
W002750,L0110,25,300,621,32,8,train,2025-02-24T15:12:00Z
W002751,L0111,1,300,621,32,8,train,2025-02-25T00:00:00Z
W002752,L0111,2,300,621,32,8,train,2025-02-25T00:08:00Z
W002753,L0111,3,300,621,32,8,train,2025-02-25T00:16:00Z
W002754,L0111,4,300,621,32,8,train,2025-02-25T00:24:00Z
W002755,L0111,5,300,621,32,8,train,2025-02-25T00:32:00Z
W002756,L0111,6,300,621,32,8,train,2025-02-25T00:40:00Z
W002757,L0111,7,300,621,32,8,train,2025-02-25T00:48:00Z
W002758,L0111,8,300,621,32,8,train,2025-02-25T00:56:00Z
W002759,L0111,9,300,621,32,8,train,2025-02-25T01:04:00Z
W002760,L0111,10,300,621,32,8,train,2025-02-25T01:12:00Z
W002761,L0111,11,300,621,32,8,train,2025-02-25T01:20:00Z
W002762,L0111,12,300,621,32,8,train,2025-02-25T01:28:00Z
W002763,L0111,13,300,621,32,8,train,2025-02-25T01:36:00Z
W002764,L0111,14,300,621,32,8,train,2025-02-25T01:44:00Z
W002765,L0111,15,300,621,32,8,train,2025-02-25T01:52:00Z
W002766,L0111,16,300,621,32,8,train,2025-02-25T02:00:00Z
W002767,L0111,17,300,621,32,8,train,2025-02-25T02:08:00Z
W002768,L0111,18,300,621,32,8,train,2025-02-25T02:16:00Z
W002769,L0111,19,300,621,32,8,train,2025-02-25T02:24:00Z
W002770,L0111,20,300,621,32,8,train,2025-02-25T02:32:00Z
W002771,L0111,21,300,621,32,8,train,2025-02-25T02:40:00Z
W002772,L0111,22,300,621,32,8,train,2025-02-25T02:48:00Z
W002773,L0111,23,300,621,32,8,train,2025-02-25T02:56:00Z
W002774,L0111,24,300,621,32,8,train,2025-02-25T03:04:00Z
W002775,L0111,25,300,621,32,8,train,2025-02-25T03:12:00Z
W002776,L0112,1,300,621,32,12,train,2025-02-25T12:00:00Z
W002777,L0112,2,300,621,32,12,train,2025-02-25T12:08:00Z
W002778,L0112,3,300,621,32,12,train,2025-02-25T12:16:00Z
W002779,L0112,4,300,621,32,12,train,2025-02-25T12:24:00Z
W002780,L0112,5,300,621,32,12,train,2025-02-25T12:32:00Z
W002781,L0112,6,300,621,32,12,train,2025-02-25T12:40:00Z
W002782,L0112,7,300,621,32,12,train,2025-02-25T12:48:00Z
W002783,L0112,8,300,621,32,12,train,2025-02-25T12:56:00Z
W002784,L0112,9,300,621,32,12,train,2025-02-25T13:04:00Z
W002785,L0112,10,300,621,32,12,train,2025-02-25T13:12:00Z
W002786,L0112,11,300,621,32,12,train,2025-02-25T13:20:00Z
W002787,L0112,12,300,621,32,12,train,2025-02-25T13:28:00Z
W002788,L0112,13,300,621,32,12,train,2025-02-25T13:36:00Z
W002789,L0112,14,300,621,32,12,train,2025-02-25T13:44:00Z
W002790,L0112,15,300,621,32,12,train,2025-02-25T13:52:00Z
W002791,L0112,16,300,621,32,12,train,2025-02-25T14:00:00Z
W002792,L0112,17,300,621,32,12,train,2025-02-25T14:08:00Z
W002793,L0112,18,300,621,32,12,train,2025-02-25T14:16:00Z
W002794,L0112,19,300,621,32,12,train,2025-02-25T14:24:00Z
W002795,L0112,20,300,621,32,12,train,2025-02-25T14:32:00Z
W002796,L0112,21,300,621,32,12,train,2025-02-25T14:40:00Z
W002797,L0112,22,300,621,32,12,train,2025-02-25T14:48:00Z
W002798,L0112,23,300,621,32,12,train,2025-02-25T14:56:00Z
W002799,L0112,24,300,621,32,12,train,2025-02-25T15:04:00Z
W002800,L0112,25,300,621,32,12,train,2025-02-25T15:12:00Z
W002801,L0113,1,300,621,32,12,train,2025-02-26T00:00:00Z
W002802,L0113,2,300,621,32,12,train,2025-02-26T00:08:00Z
W002803,L0113,3,300,621,32,12,train,2025-02-26T00:16:00Z
W002804,L0113,4,300,621,32,12,train,2025-02-26T00:24:00Z
W002805,L0113,5,300,621,32,12,train,2025-02-26T00:32:00Z
W002806,L0113,6,300,621,32,12,train,2025-02-26T00:40:00Z
W002807,L0113,7,300,621,32,12,train,2025-02-26T00:48:00Z
W002808,L0113,8,300,621,32,12,train,2025-02-26T00:56:00Z
W002809,L0113,9,300,621,32,12,train,2025-02-26T01:04:00Z
W002810,L0113,10,300,621,32,12,train,2025-02-26T01:12:00Z
W002811,L0113,11,300,621,32,12,train,2025-02-26T01:20:00Z
W002812,L0113,12,300,621,32,12,train,2025-02-26T01:28:00Z
W002813,L0113,13,300,621,32,12,train,2025-02-26T01:36:00Z
W002814,L0113,14,300,621,32,12,train,2025-02-26T01:44:00Z
W002815,L0113,15,300,621,32,12,train,2025-02-26T01:52:00Z
W002816,L0113,16,300,621,32,12,train,2025-02-26T02:00:00Z
W002817,L0113,17,300,621,32,12,train,2025-02-26T02:08:00Z
W002818,L0113,18,300,621,32,12,train,2025-02-26T02:16:00Z
W002819,L0113,19,300,621,32,12,train,2025-02-26T02:24:00Z
W002820,L0113,20,300,621,32,12,train,2025-02-26T02:32:00Z
W002821,L0113,21,300,621,32,12,train,2025-02-26T02:40:00Z
W002822,L0113,22,300,621,32,12,train,2025-02-26T02:48:00Z
W002823,L0113,23,300,621,32,12,train,2025-02-26T02:56:00Z
W002824,L0113,24,300,621,32,12,train,2025-02-26T03:04:00Z
W002825,L0113,25,300,621,32,12,train,2025-02-26T03:12:00Z
W002826,L0114,1,300,621,32,12,train,2025-02-26T12:00:00Z
W002827,L0114,2,300,621,32,12,train,2025-02-26T12:08:00Z
W002828,L0114,3,300,621,32,12,train,2025-02-26T12:16:00Z
W002829,L0114,4,300,621,32,12,train,2025-02-26T12:24:00Z
W002830,L0114,5,300,621,32,12,train,2025-02-26T12:32:00Z
W002831,L0114,6,300,621,32,12,train,2025-02-26T12:40:00Z
W002832,L0114,7,300,621,32,12,train,2025-02-26T12:48:00Z
W002833,L0114,8,300,621,32,12,train,2025-02-26T12:56:00Z
W002834,L0114,9,300,621,32,12,train,2025-02-26T13:04:00Z
W002835,L0114,10,300,621,32,12,train,2025-02-26T13:12:00Z
W002836,L0114,11,300,621,32,12,train,2025-02-26T13:20:00Z
W002837,L0114,12,300,621,32,12,train,2025-02-26T13:28:00Z
W002838,L0114,13,300,621,32,12,train,2025-02-26T13:36:00Z
W002839,L0114,14,300,621,32,12,train,2025-02-26T13:44:00Z
W002840,L0114,15,300,621,32,12,train,2025-02-26T13:52:00Z
W002841,L0114,16,300,621,32,12,train,2025-02-26T14:00:00Z
W002842,L0114,17,300,621,32,12,train,2025-02-26T14:08:00Z
W002843,L0114,18,300,621,32,12,train,2025-02-26T14:16:00Z
W002844,L0114,19,300,621,32,12,train,2025-02-26T14:24:00Z
W002845,L0114,20,300,621,32,12,train,2025-02-26T14:32:00Z
W002846,L0114,21,300,621,32,12,train,2025-02-26T14:40:00Z
W002847,L0114,22,300,621,32,12,train,2025-02-26T14:48:00Z
W002848,L0114,23,300,621,32,12,train,2025-02-26T14:56:00Z
W002849,L0114,24,300,621,32,12,train,2025-02-26T15:04:00Z
W002850,L0114,25,300,621,32,12,train,2025-02-26T15:12:00Z
W002851,L0115,1,300,621,32,8,train,2025-02-27T00:00:00Z
W002852,L0115,2,300,621,32,8,train,2025-02-27T00:08:00Z
W002853,L0115,3,300,621,32,8,train,2025-02-27T00:16:00Z
W002854,L0115,4,300,621,32,8,train,2025-02-27T00:24:00Z
W002855,L0115,5,300,621,32,8,train,2025-02-27T00:32:00Z
W002856,L0115,6,300,621,32,8,train,2025-02-27T00:40:00Z
W002857,L0115,7,300,621,32,8,train,2025-02-27T00:48:00Z
W002858,L0115,8,300,621,32,8,train,2025-02-27T00:56:00Z
W002859,L0115,9,300,621,32,8,train,2025-02-27T01:04:00Z
W002860,L0115,10,300,621,32,8,train,2025-02-27T01:12:00Z
W002861,L0115,11,300,621,32,8,train,2025-02-27T01:20:00Z
W002862,L0115,12,300,621,32,8,train,2025-02-27T01:28:00Z
W002863,L0115,13,300,621,32,8,train,2025-02-27T01:36:00Z
W002864,L0115,14,300,621,32,8,train,2025-02-27T01:44:00Z
W002865,L0115,15,300,621,32,8,train,2025-02-27T01:52:00Z
W002866,L0115,16,300,621,32,8,train,2025-02-27T02:00:00Z
W002867,L0115,17,300,621,32,8,train,2025-02-27T02:08:00Z
W002868,L0115,18,300,621,32,8,train,2025-02-27T02:16:00Z
W002869,L0115,19,300,621,32,8,train,2025-02-27T02:24:00Z
W002870,L0115,20,300,621,32,8,train,2025-02-27T02:32:00Z
W002871,L0115,21,300,621,32,8,train,2025-02-27T02:40:00Z
W002872,L0115,22,300,621,32,8,train,2025-02-27T02:48:00Z
W002873,L0115,23,300,621,32,8,train,2025-02-27T02:56:00Z
W002874,L0115,24,300,621,32,8,train,2025-02-27T03:04:00Z
W002875,L0115,25,300,621,32,8,train,2025-02-27T03:12:00Z
W002876,L0116,1,300,621,32,12,train,2025-02-27T12:00:00Z
W002877,L0116,2,300,621,32,12,train,2025-02-27T12:08:00Z
W002878,L0116,3,300,621,32,12,train,2025-02-27T12:16:00Z
W002879,L0116,4,300,621,32,12,train,2025-02-27T12:24:00Z
W002880,L0116,5,300,621,32,12,train,2025-02-27T12:32:00Z
W002881,L0116,6,300,621,32,12,train,2025-02-27T12:40:00Z
W002882,L0116,7,300,621,32,12,train,2025-02-27T12:48:00Z
W002883,L0116,8,300,621,32,12,train,2025-02-27T12:56:00Z
W002884,L0116,9,300,621,32,12,train,2025-02-27T13:04:00Z
W002885,L0116,10,300,621,32,12,train,2025-02-27T13:12:00Z
W002886,L0116,11,300,621,32,12,train,2025-02-27T13:20:00Z
W002887,L0116,12,300,621,32,12,train,2025-02-27T13:28:00Z
W002888,L0116,13,300,621,32,12,train,2025-02-27T13:36:00Z
W002889,L0116,14,300,621,32,12,train,2025-02-27T13:44:00Z
W002890,L0116,15,300,621,32,12,train,2025-02-27T13:52:00Z
W002891,L0116,16,300,621,32,12,train,2025-02-27T14:00:00Z
W002892,L0116,17,300,621,32,12,train,2025-02-27T14:08:00Z
W002893,L0116,18,300,621,32,12,train,2025-02-27T14:16:00Z
W002894,L0116,19,300,621,32,12,train,2025-02-27T14:24:00Z
W002895,L0116,20,300,621,32,12,train,2025-02-27T14:32:00Z
W002896,L0116,21,300,621,32,12,train,2025-02-27T14:40:00Z
W002897,L0116,22,300,621,32,12,train,2025-02-27T14:48:00Z
W002898,L0116,23,300,621,32,12,train,2025-02-27T14:56:00Z
W002899,L0116,24,300,621,32,12,train,2025-02-27T15:04:00Z
W002900,L0116,25,300,621,32,12,train,2025-02-27T15:12:00Z
W002901,L0117,1,300,621,32,12,train,2025-02-28T00:00:00Z
W002902,L0117,2,300,621,32,12,train,2025-02-28T00:08:00Z
W002903,L0117,3,300,621,32,12,train,2025-02-28T00:16:00Z
W002904,L0117,4,300,621,32,12,train,2025-02-28T00:24:00Z
W002905,L0117,5,300,621,32,12,train,2025-02-28T00:32:00Z
W002906,L0117,6,300,621,32,12,train,2025-02-28T00:40:00Z
W002907,L0117,7,300,621,32,12,train,2025-02-28T00:48:00Z
W002908,L0117,8,300,621,32,12,train,2025-02-28T00:56:00Z
W002909,L0117,9,300,621,32,12,train,2025-02-28T01:04:00Z
W002910,L0117,10,300,621,32,12,train,2025-02-28T01:12:00Z
W002911,L0117,11,300,621,32,12,train,2025-02-28T01:20:00Z
W002912,L0117,12,300,621,32,12,train,2025-02-28T01:28:00Z
W002913,L0117,13,300,621,32,12,train,2025-02-28T01:36:00Z
W002914,L0117,14,300,621,32,12,train,2025-02-28T01:44:00Z
W002915,L0117,15,300,621,32,12,train,2025-02-28T01:52:00Z
W002916,L0117,16,300,621,32,12,train,2025-02-28T02:00:00Z
W002917,L0117,17,300,621,32,12,train,2025-02-28T02:08:00Z
W002918,L0117,18,300,621,32,12,train,2025-02-28T02:16:00Z
W002919,L0117,19,300,621,32,12,train,2025-02-28T02:24:00Z
W002920,L0117,20,300,621,32,12,train,2025-02-28T02:32:00Z
W002921,L0117,21,300,621,32,12,train,2025-02-28T02:40:00Z
W002922,L0117,22,300,621,32,12,train,2025-02-28T02:48:00Z
W002923,L0117,23,300,621,32,12,train,2025-02-28T02:56:00Z
W002924,L0117,24,300,621,32,12,train,2025-02-28T03:04:00Z
W002925,L0117,25,300,621,32,12,train,2025-02-28T03:12:00Z
W002926,L0118,1,300,621,32,12,train,2025-02-28T12:00:00Z
W002927,L0118,2,300,621,32,12,train,2025-02-28T12:08:00Z
W002928,L0118,3,300,621,32,12,train,2025-02-28T12:16:00Z
W002929,L0118,4,300,621,32,12,train,2025-02-28T12:24:00Z
W002930,L0118,5,300,621,32,12,train,2025-02-28T12:32:00Z
W002931,L0118,6,300,621,32,12,train,2025-02-28T12:40:00Z
W002932,L0118,7,300,621,32,12,train,2025-02-28T12:48:00Z
W002933,L0118,8,300,621,32,12,train,2025-02-28T12:56:00Z
W002934,L0118,9,300,621,32,12,train,2025-02-28T13:04:00Z
W002935,L0118,10,300,621,32,12,train,2025-02-28T13:12:00Z
W002936,L0118,11,300,621,32,12,train,2025-02-28T13:20:00Z
W002937,L0118,12,300,621,32,12,train,2025-02-28T13:28:00Z
W002938,L0118,13,300,621,32,12,train,2025-02-28T13:36:00Z
W002939,L0118,14,300,621,32,12,train,2025-02-28T13:44:00Z
W002940,L0118,15,300,621,32,12,train,2025-02-28T13:52:00Z
W002941,L0118,16,300,621,32,12,train,2025-02-28T14:00:00Z
W002942,L0118,17,300,621,32,12,train,2025-02-28T14:08:00Z
W002943,L0118,18,300,621,32,12,train,2025-02-28T14:16:00Z
W002944,L0118,19,300,621,32,12,train,2025-02-28T14:24:00Z
W002945,L0118,20,300,621,32,12,train,2025-02-28T14:32:00Z
W002946,L0118,21,300,621,32,12,train,2025-02-28T14:40:00Z
W002947,L0118,22,300,621,32,12,train,2025-02-28T14:48:00Z
W002948,L0118,23,300,621,32,12,train,2025-02-28T14:56:00Z
W002949,L0118,24,300,621,32,12,train,2025-02-28T15:04:00Z
W002950,L0118,25,300,621,32,12,train,2025-02-28T15:12:00Z
W002951,L0119,1,300,621,32,8,train,2025-03-01T00:00:00Z
W002952,L0119,2,300,621,32,8,train,2025-03-01T00:08:00Z
W002953,L0119,3,300,621,32,8,train,2025-03-01T00:16:00Z
W002954,L0119,4,300,621,32,8,train,2025-03-01T00:24:00Z
W002955,L0119,5,300,621,32,8,train,2025-03-01T00:32:00Z
W002956,L0119,6,300,621,32,8,train,2025-03-01T00:40:00Z
W002957,L0119,7,300,621,32,8,train,2025-03-01T00:48:00Z
W002958,L0119,8,300,621,32,8,train,2025-03-01T00:56:00Z
W002959,L0119,9,300,621,32,8,train,2025-03-01T01:04:00Z
W002960,L0119,10,300,621,32,8,train,2025-03-01T01:12:00Z
W002961,L0119,11,300,621,32,8,train,2025-03-01T01:20:00Z
W002962,L0119,12,300,621,32,8,train,2025-03-01T01:28:00Z
W002963,L0119,13,300,621,32,8,train,2025-03-01T01:36:00Z
W002964,L0119,14,300,621,32,8,train,2025-03-01T01:44:00Z
W002965,L0119,15,300,621,32,8,train,2025-03-01T01:52:00Z
W002966,L0119,16,300,621,32,8,train,2025-03-01T02:00:00Z
W002967,L0119,17,300,621,32,8,train,2025-03-01T02:08:00Z
W002968,L0119,18,300,621,32,8,train,2025-03-01T02:16:00Z
W002969,L0119,19,300,621,32,8,train,2025-03-01T02:24:00Z
W002970,L0119,20,300,621,32,8,train,2025-03-01T02:32:00Z
W002971,L0119,21,300,621,32,8,train,2025-03-01T02:40:00Z
W002972,L0119,22,300,621,32,8,train,2025-03-01T02:48:00Z
W002973,L0119,23,300,621,32,8,train,2025-03-01T02:56:00Z
W002974,L0119,24,300,621,32,8,train,2025-03-01T03:04:00Z
W002975,L0119,25,300,621,32,8,train,2025-03-01T03:12:00Z
W002976,L0120,1,300,621,32,12,train,2025-03-01T12:00:00Z
W002977,L0120,2,300,621,32,12,train,2025-03-01T12:08:00Z
W002978,L0120,3,300,621,32,12,train,2025-03-01T12:16:00Z
W002979,L0120,4,300,621,32,12,train,2025-03-01T12:24:00Z
W002980,L0120,5,300,621,32,12,train,2025-03-01T12:32:00Z
W002981,L0120,6,300,621,32,12,train,2025-03-01T12:40:00Z
W002982,L0120,7,300,621,32,12,train,2025-03-01T12:48:00Z
W002983,L0120,8,300,621,32,12,train,2025-03-01T12:56:00Z
W002984,L0120,9,300,621,32,12,train,2025-03-01T13:04:00Z
W002985,L0120,10,300,621,32,12,train,2025-03-01T13:12:00Z
W002986,L0120,11,300,621,32,12,train,2025-03-01T13:20:00Z
W002987,L0120,12,300,621,32,12,train,2025-03-01T13:28:00Z
W002988,L0120,13,300,621,32,12,train,2025-03-01T13:36:00Z
W002989,L0120,14,300,621,32,12,train,2025-03-01T13:44:00Z
W002990,L0120,15,300,621,32,12,train,2025-03-01T13:52:00Z
W002991,L0120,16,300,621,32,12,train,2025-03-01T14:00:00Z
W002992,L0120,17,300,621,32,12,train,2025-03-01T14:08:00Z
W002993,L0120,18,300,621,32,12,train,2025-03-01T14:16:00Z
W002994,L0120,19,300,621,32,12,train,2025-03-01T14:24:00Z
W002995,L0120,20,300,621,32,12,train,2025-03-01T14:32:00Z
W002996,L0120,21,300,621,32,12,train,2025-03-01T14:40:00Z
W002997,L0120,22,300,621,32,12,train,2025-03-01T14:48:00Z
W002998,L0120,23,300,621,32,12,train,2025-03-01T14:56:00Z
W002999,L0120,24,300,621,32,12,train,2025-03-01T15:04:00Z
W003000,L0120,25,300,621,32,12,train,2025-03-01T15:12:00Z
W003001,L0121,1,300,621,32,8,train,2025-03-02T00:00:00Z
W003002,L0121,2,300,621,32,8,train,2025-03-02T00:08:00Z
W003003,L0121,3,300,621,32,8,train,2025-03-02T00:16:00Z
W003004,L0121,4,300,621,32,8,train,2025-03-02T00:24:00Z
W003005,L0121,5,300,621,32,8,train,2025-03-02T00:32:00Z
W003006,L0121,6,300,621,32,8,train,2025-03-02T00:40:00Z
W003007,L0121,7,300,621,32,8,train,2025-03-02T00:48:00Z
W003008,L0121,8,300,621,32,8,train,2025-03-02T00:56:00Z
W003009,L0121,9,300,621,32,8,train,2025-03-02T01:04:00Z
W003010,L0121,10,300,621,32,8,train,2025-03-02T01:12:00Z
W003011,L0121,11,300,621,32,8,train,2025-03-02T01:20:00Z
W003012,L0121,12,300,621,32,8,train,2025-03-02T01:28:00Z
W003013,L0121,13,300,621,32,8,train,2025-03-02T01:36:00Z
W003014,L0121,14,300,621,32,8,train,2025-03-02T01:44:00Z
W003015,L0121,15,300,621,32,8,train,2025-03-02T01:52:00Z
W003016,L0121,16,300,621,32,8,train,2025-03-02T02:00:00Z
W003017,L0121,17,300,621,32,8,train,2025-03-02T02:08:00Z
W003018,L0121,18,300,621,32,8,train,2025-03-02T02:16:00Z
W003019,L0121,19,300,621,32,8,train,2025-03-02T02:24:00Z
W003020,L0121,20,300,621,32,8,train,2025-03-02T02:32:00Z
W003021,L0121,21,300,621,32,8,train,2025-03-02T02:40:00Z
W003022,L0121,22,300,621,32,8,train,2025-03-02T02:48:00Z
W003023,L0121,23,300,621,32,8,train,2025-03-02T02:56:00Z
W003024,L0121,24,300,621,32,8,train,2025-03-02T03:04:00Z
W003025,L0121,25,300,621,32,8,train,2025-03-02T03:12:00Z
W003026,L0122,1,300,621,32,8,train,2025-03-02T12:00:00Z
W003027,L0122,2,300,621,32,8,train,2025-03-02T12:08:00Z
W003028,L0122,3,300,621,32,8,train,2025-03-02T12:16:00Z
W003029,L0122,4,300,621,32,8,train,2025-03-02T12:24:00Z
W003030,L0122,5,300,621,32,8,train,2025-03-02T12:32:00Z
W003031,L0122,6,300,621,32,8,train,2025-03-02T12:40:00Z
W003032,L0122,7,300,621,32,8,train,2025-03-02T12:48:00Z
W003033,L0122,8,300,621,32,8,train,2025-03-02T12:56:00Z
W003034,L0122,9,300,621,32,8,train,2025-03-02T13:04:00Z
W003035,L0122,10,300,621,32,8,train,2025-03-02T13:12:00Z
W003036,L0122,11,300,621,32,8,train,2025-03-02T13:20:00Z
W003037,L0122,12,300,621,32,8,train,2025-03-02T13:28:00Z
W003038,L0122,13,300,621,32,8,train,2025-03-02T13:36:00Z
W003039,L0122,14,300,621,32,8,train,2025-03-02T13:44:00Z
W003040,L0122,15,300,621,32,8,train,2025-03-02T13:52:00Z
W003041,L0122,16,300,621,32,8,train,2025-03-02T14:00:00Z
W003042,L0122,17,300,621,32,8,train,2025-03-02T14:08:00Z
W003043,L0122,18,300,621,32,8,train,2025-03-02T14:16:00Z
W003044,L0122,19,300,621,32,8,train,2025-03-02T14:24:00Z
W003045,L0122,20,300,621,32,8,train,2025-03-02T14:32:00Z
W003046,L0122,21,300,621,32,8,train,2025-03-02T14:40:00Z
W003047,L0122,22,300,621,32,8,train,2025-03-02T14:48:00Z
W003048,L0122,23,300,621,32,8,train,2025-03-02T14:56:00Z
W003049,L0122,24,300,621,32,8,train,2025-03-02T15:04:00Z
W003050,L0122,25,300,621,32,8,train,2025-03-02T15:12:00Z
W003051,L0123,1,300,621,32,12,train,2025-03-03T00:00:00Z
W003052,L0123,2,300,621,32,12,train,2025-03-03T00:08:00Z
W003053,L0123,3,300,621,32,12,train,2025-03-03T00:16:00Z
W003054,L0123,4,300,621,32,12,train,2025-03-03T00:24:00Z
W003055,L0123,5,300,621,32,12,train,2025-03-03T00:32:00Z
W003056,L0123,6,300,621,32,12,train,2025-03-03T00:40:00Z
W003057,L0123,7,300,621,32,12,train,2025-03-03T00:48:00Z
W003058,L0123,8,300,621,32,12,train,2025-03-03T00:56:00Z
W003059,L0123,9,300,621,32,12,train,2025-03-03T01:04:00Z
W003060,L0123,10,300,621,32,12,train,2025-03-03T01:12:00Z
W003061,L0123,11,300,621,32,12,train,2025-03-03T01:20:00Z
W003062,L0123,12,300,621,32,12,train,2025-03-03T01:28:00Z
W003063,L0123,13,300,621,32,12,train,2025-03-03T01:36:00Z
W003064,L0123,14,300,621,32,12,train,2025-03-03T01:44:00Z
W003065,L0123,15,300,621,32,12,train,2025-03-03T01:52:00Z
W003066,L0123,16,300,621,32,12,train,2025-03-03T02:00:00Z
W003067,L0123,17,300,621,32,12,train,2025-03-03T02:08:00Z
W003068,L0123,18,300,621,32,12,train,2025-03-03T02:16:00Z
W003069,L0123,19,300,621,32,12,train,2025-03-03T02:24:00Z
W003070,L0123,20,300,621,32,12,train,2025-03-03T02:32:00Z
W003071,L0123,21,300,621,32,12,train,2025-03-03T02:40:00Z
W003072,L0123,22,300,621,32,12,train,2025-03-03T02:48:00Z
W003073,L0123,23,300,621,32,12,train,2025-03-03T02:56:00Z
W003074,L0123,24,300,621,32,12,train,2025-03-03T03:04:00Z
W003075,L0123,25,300,621,32,12,train,2025-03-03T03:12:00Z
W003076,L0124,1,300,621,32,8,train,2025-03-03T12:00:00Z
W003077,L0124,2,300,621,32,8,train,2025-03-03T12:08:00Z
W003078,L0124,3,300,621,32,8,train,2025-03-03T12:16:00Z
W003079,L0124,4,300,621,32,8,train,2025-03-03T12:24:00Z
W003080,L0124,5,300,621,32,8,train,2025-03-03T12:32:00Z
W003081,L0124,6,300,621,32,8,train,2025-03-03T12:40:00Z
W003082,L0124,7,300,621,32,8,train,2025-03-03T12:48:00Z
W003083,L0124,8,300,621,32,8,train,2025-03-03T12:56:00Z
W003084,L0124,9,300,621,32,8,train,2025-03-03T13:04:00Z
W003085,L0124,10,300,621,32,8,train,2025-03-03T13:12:00Z
W003086,L0124,11,300,621,32,8,train,2025-03-03T13:20:00Z
W003087,L0124,12,300,621,32,8,train,2025-03-03T13:28:00Z
W003088,L0124,13,300,621,32,8,train,2025-03-03T13:36:00Z
W003089,L0124,14,300,621,32,8,train,2025-03-03T13:44:00Z
W003090,L0124,15,300,621,32,8,train,2025-03-03T13:52:00Z
W003091,L0124,16,300,621,32,8,train,2025-03-03T14:00:00Z
W003092,L0124,17,300,621,32,8,train,2025-03-03T14:08:00Z
W003093,L0124,18,300,621,32,8,train,2025-03-03T14:16:00Z
W003094,L0124,19,300,621,32,8,train,2025-03-03T14:24:00Z
W003095,L0124,20,300,621,32,8,train,2025-03-03T14:32:00Z
W003096,L0124,21,300,621,32,8,train,2025-03-03T14:40:00Z
W003097,L0124,22,300,621,32,8,train,2025-03-03T14:48:00Z
W003098,L0124,23,300,621,32,8,train,2025-03-03T14:56:00Z
W003099,L0124,24,300,621,32,8,train,2025-03-03T15:04:00Z
W003100,L0124,25,300,621,32,8,train,2025-03-03T15:12:00Z
W003101,L0125,1,300,621,32,8,train,2025-03-04T00:00:00Z
W003102,L0125,2,300,621,32,8,train,2025-03-04T00:08:00Z
W003103,L0125,3,300,621,32,8,train,2025-03-04T00:16:00Z
W003104,L0125,4,300,621,32,8,train,2025-03-04T00:24:00Z
W003105,L0125,5,300,621,32,8,train,2025-03-04T00:32:00Z
W003106,L0125,6,300,621,32,8,train,2025-03-04T00:40:00Z
W003107,L0125,7,300,621,32,8,train,2025-03-04T00:48:00Z
W003108,L0125,8,300,621,32,8,train,2025-03-04T00:56:00Z
W003109,L0125,9,300,621,32,8,train,2025-03-04T01:04:00Z
W003110,L0125,10,300,621,32,8,train,2025-03-04T01:12:00Z
W003111,L0125,11,300,621,32,8,train,2025-03-04T01:20:00Z
W003112,L0125,12,300,621,32,8,train,2025-03-04T01:28:00Z
W003113,L0125,13,300,621,32,8,train,2025-03-04T01:36:00Z
W003114,L0125,14,300,621,32,8,train,2025-03-04T01:44:00Z
W003115,L0125,15,300,621,32,8,train,2025-03-04T01:52:00Z
W003116,L0125,16,300,621,32,8,train,2025-03-04T02:00:00Z
W003117,L0125,17,300,621,32,8,train,2025-03-04T02:08:00Z
W003118,L0125,18,300,621,32,8,train,2025-03-04T02:16:00Z
W003119,L0125,19,300,621,32,8,train,2025-03-04T02:24:00Z
W003120,L0125,20,300,621,32,8,train,2025-03-04T02:32:00Z
W003121,L0125,21,300,621,32,8,train,2025-03-04T02:40:00Z
W003122,L0125,22,300,621,32,8,train,2025-03-04T02:48:00Z
W003123,L0125,23,300,621,32,8,train,2025-03-04T02:56:00Z
W003124,L0125,24,300,621,32,8,train,2025-03-04T03:04:00Z
W003125,L0125,25,300,621,32,8,train,2025-03-04T03:12:00Z
W003126,L0126,1,300,621,32,8,train,2025-03-04T12:00:00Z
W003127,L0126,2,300,621,32,8,train,2025-03-04T12:08:00Z
W003128,L0126,3,300,621,32,8,train,2025-03-04T12:16:00Z
W003129,L0126,4,300,621,32,8,train,2025-03-04T12:24:00Z
W003130,L0126,5,300,621,32,8,train,2025-03-04T12:32:00Z
W003131,L0126,6,300,621,32,8,train,2025-03-04T12:40:00Z
W003132,L0126,7,300,621,32,8,train,2025-03-04T12:48:00Z
W003133,L0126,8,300,621,32,8,train,2025-03-04T12:56:00Z
W003134,L0126,9,300,621,32,8,train,2025-03-04T13:04:00Z
W003135,L0126,10,300,621,32,8,train,2025-03-04T13:12:00Z
W003136,L0126,11,300,621,32,8,train,2025-03-04T13:20:00Z
W003137,L0126,12,300,621,32,8,train,2025-03-04T13:28:00Z
W003138,L0126,13,300,621,32,8,train,2025-03-04T13:36:00Z
W003139,L0126,14,300,621,32,8,train,2025-03-04T13:44:00Z
W003140,L0126,15,300,621,32,8,train,2025-03-04T13:52:00Z
W003141,L0126,16,300,621,32,8,train,2025-03-04T14:00:00Z
W003142,L0126,17,300,621,32,8,train,2025-03-04T14:08:00Z
W003143,L0126,18,300,621,32,8,train,2025-03-04T14:16:00Z
W003144,L0126,19,300,621,32,8,train,2025-03-04T14:24:00Z
W003145,L0126,20,300,621,32,8,train,2025-03-04T14:32:00Z
W003146,L0126,21,300,621,32,8,train,2025-03-04T14:40:00Z
W003147,L0126,22,300,621,32,8,train,2025-03-04T14:48:00Z
W003148,L0126,23,300,621,32,8,train,2025-03-04T14:56:00Z
W003149,L0126,24,300,621,32,8,train,2025-03-04T15:04:00Z
W003150,L0126,25,300,621,32,8,train,2025-03-04T15:12:00Z
W003151,L0127,1,300,621,32,8,train,2025-03-05T00:00:00Z
W003152,L0127,2,300,621,32,8,train,2025-03-05T00:08:00Z
W003153,L0127,3,300,621,32,8,train,2025-03-05T00:16:00Z
W003154,L0127,4,300,621,32,8,train,2025-03-05T00:24:00Z
W003155,L0127,5,300,621,32,8,train,2025-03-05T00:32:00Z
W003156,L0127,6,300,621,32,8,train,2025-03-05T00:40:00Z
W003157,L0127,7,300,621,32,8,train,2025-03-05T00:48:00Z
W003158,L0127,8,300,621,32,8,train,2025-03-05T00:56:00Z
W003159,L0127,9,300,621,32,8,train,2025-03-05T01:04:00Z
W003160,L0127,10,300,621,32,8,train,2025-03-05T01:12:00Z
W003161,L0127,11,300,621,32,8,train,2025-03-05T01:20:00Z
W003162,L0127,12,300,621,32,8,train,2025-03-05T01:28:00Z
W003163,L0127,13,300,621,32,8,train,2025-03-05T01:36:00Z
W003164,L0127,14,300,621,32,8,train,2025-03-05T01:44:00Z
W003165,L0127,15,300,621,32,8,train,2025-03-05T01:52:00Z
W003166,L0127,16,300,621,32,8,train,2025-03-05T02:00:00Z
W003167,L0127,17,300,621,32,8,train,2025-03-05T02:08:00Z
W003168,L0127,18,300,621,32,8,train,2025-03-05T02:16:00Z
W003169,L0127,19,300,621,32,8,train,2025-03-05T02:24:00Z
W003170,L0127,20,300,621,32,8,train,2025-03-05T02:32:00Z
W003171,L0127,21,300,621,32,8,train,2025-03-05T02:40:00Z
W003172,L0127,22,300,621,32,8,train,2025-03-05T02:48:00Z
W003173,L0127,23,300,621,32,8,train,2025-03-05T02:56:00Z
W003174,L0127,24,300,621,32,8,train,2025-03-05T03:04:00Z
W003175,L0127,25,300,621,32,8,train,2025-03-05T03:12:00Z
W003176,L0128,1,300,621,32,12,train,2025-03-05T12:00:00Z
W003177,L0128,2,300,621,32,12,train,2025-03-05T12:08:00Z
W003178,L0128,3,300,621,32,12,train,2025-03-05T12:16:00Z
W003179,L0128,4,300,621,32,12,train,2025-03-05T12:24:00Z
W003180,L0128,5,300,621,32,12,train,2025-03-05T12:32:00Z
W003181,L0128,6,300,621,32,12,train,2025-03-05T12:40:00Z
W003182,L0128,7,300,621,32,12,train,2025-03-05T12:48:00Z
W003183,L0128,8,300,621,32,12,train,2025-03-05T12:56:00Z
W003184,L0128,9,300,621,32,12,train,2025-03-05T13:04:00Z
W003185,L0128,10,300,621,32,12,train,2025-03-05T13:12:00Z
W003186,L0128,11,300,621,32,12,train,2025-03-05T13:20:00Z
W003187,L0128,12,300,621,32,12,train,2025-03-05T13:28:00Z
W003188,L0128,13,300,621,32,12,train,2025-03-05T13:36:00Z
W003189,L0128,14,300,621,32,12,train,2025-03-05T13:44:00Z
W003190,L0128,15,300,621,32,12,train,2025-03-05T13:52:00Z
W003191,L0128,16,300,621,32,12,train,2025-03-05T14:00:00Z
W003192,L0128,17,300,621,32,12,train,2025-03-05T14:08:00Z
W003193,L0128,18,300,621,32,12,train,2025-03-05T14:16:00Z
W003194,L0128,19,300,621,32,12,train,2025-03-05T14:24:00Z
W003195,L0128,20,300,621,32,12,train,2025-03-05T14:32:00Z
W003196,L0128,21,300,621,32,12,train,2025-03-05T14:40:00Z
W003197,L0128,22,300,621,32,12,train,2025-03-05T14:48:00Z
W003198,L0128,23,300,621,32,12,train,2025-03-05T14:56:00Z
W003199,L0128,24,300,621,32,12,train,2025-03-05T15:04:00Z
W003200,L0128,25,300,621,32,12,train,2025-03-05T15:12:00Z
W003201,L0129,1,300,621,32,8,train,2025-03-06T00:00:00Z
W003202,L0129,2,300,621,32,8,train,2025-03-06T00:08:00Z
W003203,L0129,3,300,621,32,8,train,2025-03-06T00:16:00Z
W003204,L0129,4,300,621,32,8,train,2025-03-06T00:24:00Z
W003205,L0129,5,300,621,32,8,train,2025-03-06T00:32:00Z
W003206,L0129,6,300,621,32,8,train,2025-03-06T00:40:00Z
W003207,L0129,7,300,621,32,8,train,2025-03-06T00:48:00Z
W003208,L0129,8,300,621,32,8,train,2025-03-06T00:56:00Z
W003209,L0129,9,300,621,32,8,train,2025-03-06T01:04:00Z
W003210,L0129,10,300,621,32,8,train,2025-03-06T01:12:00Z
W003211,L0129,11,300,621,32,8,train,2025-03-06T01:20:00Z
W003212,L0129,12,300,621,32,8,train,2025-03-06T01:28:00Z
W003213,L0129,13,300,621,32,8,train,2025-03-06T01:36:00Z
W003214,L0129,14,300,621,32,8,train,2025-03-06T01:44:00Z
W003215,L0129,15,300,621,32,8,train,2025-03-06T01:52:00Z
W003216,L0129,16,300,621,32,8,train,2025-03-06T02:00:00Z
W003217,L0129,17,300,621,32,8,train,2025-03-06T02:08:00Z
W003218,L0129,18,300,621,32,8,train,2025-03-06T02:16:00Z
W003219,L0129,19,300,621,32,8,train,2025-03-06T02:24:00Z
W003220,L0129,20,300,621,32,8,train,2025-03-06T02:32:00Z
W003221,L0129,21,300,621,32,8,train,2025-03-06T02:40:00Z
W003222,L0129,22,300,621,32,8,train,2025-03-06T02:48:00Z
W003223,L0129,23,300,621,32,8,train,2025-03-06T02:56:00Z
W003224,L0129,24,300,621,32,8,train,2025-03-06T03:04:00Z
W003225,L0129,25,300,621,32,8,train,2025-03-06T03:12:00Z
W003226,L0130,1,300,621,32,12,train,2025-03-06T12:00:00Z
W003227,L0130,2,300,621,32,12,train,2025-03-06T12:08:00Z
W003228,L0130,3,300,621,32,12,train,2025-03-06T12:16:00Z
W003229,L0130,4,300,621,32,12,train,2025-03-06T12:24:00Z
W003230,L0130,5,300,621,32,12,train,2025-03-06T12:32:00Z
W003231,L0130,6,300,621,32,12,train,2025-03-06T12:40:00Z
W003232,L0130,7,300,621,32,12,train,2025-03-06T12:48:00Z
W003233,L0130,8,300,621,32,12,train,2025-03-06T12:56:00Z
W003234,L0130,9,300,621,32,12,train,2025-03-06T13:04:00Z
W003235,L0130,10,300,621,32,12,train,2025-03-06T13:12:00Z
W003236,L0130,11,300,621,32,12,train,2025-03-06T13:20:00Z
W003237,L0130,12,300,621,32,12,train,2025-03-06T13:28:00Z
W003238,L0130,13,300,621,32,12,train,2025-03-06T13:36:00Z
W003239,L0130,14,300,621,32,12,train,2025-03-06T13:44:00Z
W003240,L0130,15,300,621,32,12,train,2025-03-06T13:52:00Z
W003241,L0130,16,300,621,32,12,train,2025-03-06T14:00:00Z
W003242,L0130,17,300,621,32,12,train,2025-03-06T14:08:00Z
W003243,L0130,18,300,621,32,12,train,2025-03-06T14:16:00Z
W003244,L0130,19,300,621,32,12,train,2025-03-06T14:24:00Z
W003245,L0130,20,300,621,32,12,train,2025-03-06T14:32:00Z
W003246,L0130,21,300,621,32,12,train,2025-03-06T14:40:00Z
W003247,L0130,22,300,621,32,12,train,2025-03-06T14:48:00Z
W003248,L0130,23,300,621,32,12,train,2025-03-06T14:56:00Z
W003249,L0130,24,300,621,32,12,train,2025-03-06T15:04:00Z
W003250,L0130,25,300,621,32,12,train,2025-03-06T15:12:00Z
W003251,L0131,1,300,621,32,12,train,2025-03-07T00:00:00Z
W003252,L0131,2,300,621,32,12,train,2025-03-07T00:08:00Z
W003253,L0131,3,300,621,32,12,train,2025-03-07T00:16:00Z
W003254,L0131,4,300,621,32,12,train,2025-03-07T00:24:00Z
W003255,L0131,5,300,621,32,12,train,2025-03-07T00:32:00Z
W003256,L0131,6,300,621,32,12,train,2025-03-07T00:40:00Z
W003257,L0131,7,300,621,32,12,train,2025-03-07T00:48:00Z
W003258,L0131,8,300,621,32,12,train,2025-03-07T00:56:00Z
W003259,L0131,9,300,621,32,12,train,2025-03-07T01:04:00Z
W003260,L0131,10,300,621,32,12,train,2025-03-07T01:12:00Z
W003261,L0131,11,300,621,32,12,train,2025-03-07T01:20:00Z
W003262,L0131,12,300,621,32,12,train,2025-03-07T01:28:00Z
W003263,L0131,13,300,621,32,12,train,2025-03-07T01:36:00Z
W003264,L0131,14,300,621,32,12,train,2025-03-07T01:44:00Z
W003265,L0131,15,300,621,32,12,train,2025-03-07T01:52:00Z
W003266,L0131,16,300,621,32,12,train,2025-03-07T02:00:00Z
W003267,L0131,17,300,621,32,12,train,2025-03-07T02:08:00Z
W003268,L0131,18,300,621,32,12,train,2025-03-07T02:16:00Z
W003269,L0131,19,300,621,32,12,train,2025-03-07T02:24:00Z
W003270,L0131,20,300,621,32,12,train,2025-03-07T02:32:00Z
W003271,L0131,21,300,621,32,12,train,2025-03-07T02:40:00Z
W003272,L0131,22,300,621,32,12,train,2025-03-07T02:48:00Z
W003273,L0131,23,300,621,32,12,train,2025-03-07T02:56:00Z
W003274,L0131,24,300,621,32,12,train,2025-03-07T03:04:00Z
W003275,L0131,25,300,621,32,12,train,2025-03-07T03:12:00Z
W003276,L0132,1,300,621,32,8,train,2025-03-07T12:00:00Z
W003277,L0132,2,300,621,32,8,train,2025-03-07T12:08:00Z
W003278,L0132,3,300,621,32,8,train,2025-03-07T12:16:00Z
W003279,L0132,4,300,621,32,8,train,2025-03-07T12:24:00Z
W003280,L0132,5,300,621,32,8,train,2025-03-07T12:32:00Z
W003281,L0132,6,300,621,32,8,train,2025-03-07T12:40:00Z
W003282,L0132,7,300,621,32,8,train,2025-03-07T12:48:00Z
W003283,L0132,8,300,621,32,8,train,2025-03-07T12:56:00Z
W003284,L0132,9,300,621,32,8,train,2025-03-07T13:04:00Z
W003285,L0132,10,300,621,32,8,train,2025-03-07T13:12:00Z
W003286,L0132,11,300,621,32,8,train,2025-03-07T13:20:00Z
W003287,L0132,12,300,621,32,8,train,2025-03-07T13:28:00Z
W003288,L0132,13,300,621,32,8,train,2025-03-07T13:36:00Z
W003289,L0132,14,300,621,32,8,train,2025-03-07T13:44:00Z
W003290,L0132,15,300,621,32,8,train,2025-03-07T13:52:00Z
W003291,L0132,16,300,621,32,8,train,2025-03-07T14:00:00Z
W003292,L0132,17,300,621,32,8,train,2025-03-07T14:08:00Z
W003293,L0132,18,300,621,32,8,train,2025-03-07T14:16:00Z
W003294,L0132,19,300,621,32,8,train,2025-03-07T14:24:00Z
W003295,L0132,20,300,621,32,8,train,2025-03-07T14:32:00Z
W003296,L0132,21,300,621,32,8,train,2025-03-07T14:40:00Z
W003297,L0132,22,300,621,32,8,train,2025-03-07T14:48:00Z
W003298,L0132,23,300,621,32,8,train,2025-03-07T14:56:00Z
W003299,L0132,24,300,621,32,8,train,2025-03-07T15:04:00Z
W003300,L0132,25,300,621,32,8,train,2025-03-07T15:12:00Z
W003301,L0133,1,300,621,32,12,train,2025-03-08T00:00:00Z
W003302,L0133,2,300,621,32,12,train,2025-03-08T00:08:00Z
W003303,L0133,3,300,621,32,12,train,2025-03-08T00:16:00Z
W003304,L0133,4,300,621,32,12,train,2025-03-08T00:24:00Z
W003305,L0133,5,300,621,32,12,train,2025-03-08T00:32:00Z
W003306,L0133,6,300,621,32,12,train,2025-03-08T00:40:00Z
W003307,L0133,7,300,621,32,12,train,2025-03-08T00:48:00Z
W003308,L0133,8,300,621,32,12,train,2025-03-08T00:56:00Z
W003309,L0133,9,300,621,32,12,train,2025-03-08T01:04:00Z
W003310,L0133,10,300,621,32,12,train,2025-03-08T01:12:00Z
W003311,L0133,11,300,621,32,12,train,2025-03-08T01:20:00Z
W003312,L0133,12,300,621,32,12,train,2025-03-08T01:28:00Z
W003313,L0133,13,300,621,32,12,train,2025-03-08T01:36:00Z
W003314,L0133,14,300,621,32,12,train,2025-03-08T01:44:00Z
W003315,L0133,15,300,621,32,12,train,2025-03-08T01:52:00Z
W003316,L0133,16,300,621,32,12,train,2025-03-08T02:00:00Z
W003317,L0133,17,300,621,32,12,train,2025-03-08T02:08:00Z
W003318,L0133,18,300,621,32,12,train,2025-03-08T02:16:00Z
W003319,L0133,19,300,621,32,12,train,2025-03-08T02:24:00Z
W003320,L0133,20,300,621,32,12,train,2025-03-08T02:32:00Z
W003321,L0133,21,300,621,32,12,train,2025-03-08T02:40:00Z
W003322,L0133,22,300,621,32,12,train,2025-03-08T02:48:00Z
W003323,L0133,23,300,621,32,12,train,2025-03-08T02:56:00Z
W003324,L0133,24,300,621,32,12,train,2025-03-08T03:04:00Z
W003325,L0133,25,300,621,32,12,train,2025-03-08T03:12:00Z
W003326,L0134,1,300,621,32,12,train,2025-03-08T12:00:00Z
W003327,L0134,2,300,621,32,12,train,2025-03-08T12:08:00Z
W003328,L0134,3,300,621,32,12,train,2025-03-08T12:16:00Z
W003329,L0134,4,300,621,32,12,train,2025-03-08T12:24:00Z
W003330,L0134,5,300,621,32,12,train,2025-03-08T12:32:00Z
W003331,L0134,6,300,621,32,12,train,2025-03-08T12:40:00Z
W003332,L0134,7,300,621,32,12,train,2025-03-08T12:48:00Z
W003333,L0134,8,300,621,32,12,train,2025-03-08T12:56:00Z
W003334,L0134,9,300,621,32,12,train,2025-03-08T13:04:00Z
W003335,L0134,10,300,621,32,12,train,2025-03-08T13:12:00Z
W003336,L0134,11,300,621,32,12,train,2025-03-08T13:20:00Z
W003337,L0134,12,300,621,32,12,train,2025-03-08T13:28:00Z
W003338,L0134,13,300,621,32,12,train,2025-03-08T13:36:00Z
W003339,L0134,14,300,621,32,12,train,2025-03-08T13:44:00Z
W003340,L0134,15,300,621,32,12,train,2025-03-08T13:52:00Z
W003341,L0134,16,300,621,32,12,train,2025-03-08T14:00:00Z
W003342,L0134,17,300,621,32,12,train,2025-03-08T14:08:00Z
W003343,L0134,18,300,621,32,12,train,2025-03-08T14:16:00Z
W003344,L0134,19,300,621,32,12,train,2025-03-08T14:24:00Z
W003345,L0134,20,300,621,32,12,train,2025-03-08T14:32:00Z
W003346,L0134,21,300,621,32,12,train,2025-03-08T14:40:00Z
W003347,L0134,22,300,621,32,12,train,2025-03-08T14:48:00Z
W003348,L0134,23,300,621,32,12,train,2025-03-08T14:56:00Z
W003349,L0134,24,300,621,32,12,train,2025-03-08T15:04:00Z
W003350,L0134,25,300,621,32,12,train,2025-03-08T15:12:00Z
W003351,L0135,1,300,621,32,8,train,2025-03-09T00:00:00Z
W003352,L0135,2,300,621,32,8,train,2025-03-09T00:08:00Z
W003353,L0135,3,300,621,32,8,train,2025-03-09T00:16:00Z
W003354,L0135,4,300,621,32,8,train,2025-03-09T00:24:00Z
W003355,L0135,5,300,621,32,8,train,2025-03-09T00:32:00Z
W003356,L0135,6,300,621,32,8,train,2025-03-09T00:40:00Z
W003357,L0135,7,300,621,32,8,train,2025-03-09T00:48:00Z
W003358,L0135,8,300,621,32,8,train,2025-03-09T00:56:00Z
W003359,L0135,9,300,621,32,8,train,2025-03-09T01:04:00Z
W003360,L0135,10,300,621,32,8,train,2025-03-09T01:12:00Z
W003361,L0135,11,300,621,32,8,train,2025-03-09T01:20:00Z
W003362,L0135,12,300,621,32,8,train,2025-03-09T01:28:00Z
W003363,L0135,13,300,621,32,8,train,2025-03-09T01:36:00Z
W003364,L0135,14,300,621,32,8,train,2025-03-09T01:44:00Z
W003365,L0135,15,300,621,32,8,train,2025-03-09T01:52:00Z
W003366,L0135,16,300,621,32,8,train,2025-03-09T02:00:00Z
W003367,L0135,17,300,621,32,8,train,2025-03-09T02:08:00Z
W003368,L0135,18,300,621,32,8,train,2025-03-09T02:16:00Z
W003369,L0135,19,300,621,32,8,train,2025-03-09T02:24:00Z
W003370,L0135,20,300,621,32,8,train,2025-03-09T02:32:00Z
W003371,L0135,21,300,621,32,8,train,2025-03-09T02:40:00Z
W003372,L0135,22,300,621,32,8,train,2025-03-09T02:48:00Z
W003373,L0135,23,300,621,32,8,train,2025-03-09T02:56:00Z
W003374,L0135,24,300,621,32,8,train,2025-03-09T03:04:00Z
W003375,L0135,25,300,621,32,8,train,2025-03-09T03:12:00Z
W003376,L0136,1,300,621,32,8,train,2025-03-09T12:00:00Z
W003377,L0136,2,300,621,32,8,train,2025-03-09T12:08:00Z
W003378,L0136,3,300,621,32,8,train,2025-03-09T12:16:00Z
W003379,L0136,4,300,621,32,8,train,2025-03-09T12:24:00Z
W003380,L0136,5,300,621,32,8,train,2025-03-09T12:32:00Z
W003381,L0136,6,300,621,32,8,train,2025-03-09T12:40:00Z
W003382,L0136,7,300,621,32,8,train,2025-03-09T12:48:00Z
W003383,L0136,8,300,621,32,8,train,2025-03-09T12:56:00Z
W003384,L0136,9,300,621,32,8,train,2025-03-09T13:04:00Z
W003385,L0136,10,300,621,32,8,train,2025-03-09T13:12:00Z
W003386,L0136,11,300,621,32,8,train,2025-03-09T13:20:00Z
W003387,L0136,12,300,621,32,8,train,2025-03-09T13:28:00Z
W003388,L0136,13,300,621,32,8,train,2025-03-09T13:36:00Z
W003389,L0136,14,300,621,32,8,train,2025-03-09T13:44:00Z
W003390,L0136,15,300,621,32,8,train,2025-03-09T13:52:00Z
W003391,L0136,16,300,621,32,8,train,2025-03-09T14:00:00Z
W003392,L0136,17,300,621,32,8,train,2025-03-09T14:08:00Z
W003393,L0136,18,300,621,32,8,train,2025-03-09T14:16:00Z
W003394,L0136,19,300,621,32,8,train,2025-03-09T14:24:00Z
W003395,L0136,20,300,621,32,8,train,2025-03-09T14:32:00Z
W003396,L0136,21,300,621,32,8,train,2025-03-09T14:40:00Z
W003397,L0136,22,300,621,32,8,train,2025-03-09T14:48:00Z
W003398,L0136,23,300,621,32,8,train,2025-03-09T14:56:00Z
W003399,L0136,24,300,621,32,8,train,2025-03-09T15:04:00Z
W003400,L0136,25,300,621,32,8,train,2025-03-09T15:12:00Z
W003401,L0137,1,300,621,32,12,train,2025-03-10T00:00:00Z
W003402,L0137,2,300,621,32,12,train,2025-03-10T00:08:00Z
W003403,L0137,3,300,621,32,12,train,2025-03-10T00:16:00Z
W003404,L0137,4,300,621,32,12,train,2025-03-10T00:24:00Z
W003405,L0137,5,300,621,32,12,train,2025-03-10T00:32:00Z
W003406,L0137,6,300,621,32,12,train,2025-03-10T00:40:00Z
W003407,L0137,7,300,621,32,12,train,2025-03-10T00:48:00Z
W003408,L0137,8,300,621,32,12,train,2025-03-10T00:56:00Z
W003409,L0137,9,300,621,32,12,train,2025-03-10T01:04:00Z
W003410,L0137,10,300,621,32,12,train,2025-03-10T01:12:00Z
W003411,L0137,11,300,621,32,12,train,2025-03-10T01:20:00Z
W003412,L0137,12,300,621,32,12,train,2025-03-10T01:28:00Z
W003413,L0137,13,300,621,32,12,train,2025-03-10T01:36:00Z
W003414,L0137,14,300,621,32,12,train,2025-03-10T01:44:00Z
W003415,L0137,15,300,621,32,12,train,2025-03-10T01:52:00Z
W003416,L0137,16,300,621,32,12,train,2025-03-10T02:00:00Z
W003417,L0137,17,300,621,32,12,train,2025-03-10T02:08:00Z
W003418,L0137,18,300,621,32,12,train,2025-03-10T02:16:00Z
W003419,L0137,19,300,621,32,12,train,2025-03-10T02:24:00Z
W003420,L0137,20,300,621,32,12,train,2025-03-10T02:32:00Z
W003421,L0137,21,300,621,32,12,train,2025-03-10T02:40:00Z
W003422,L0137,22,300,621,32,12,train,2025-03-10T02:48:00Z
W003423,L0137,23,300,621,32,12,train,2025-03-10T02:56:00Z
W003424,L0137,24,300,621,32,12,train,2025-03-10T03:04:00Z
W003425,L0137,25,300,621,32,12,train,2025-03-10T03:12:00Z
W003426,L0138,1,300,621,32,12,train,2025-03-10T12:00:00Z
W003427,L0138,2,300,621,32,12,train,2025-03-10T12:08:00Z
W003428,L0138,3,300,621,32,12,train,2025-03-10T12:16:00Z
W003429,L0138,4,300,621,32,12,train,2025-03-10T12:24:00Z
W003430,L0138,5,300,621,32,12,train,2025-03-10T12:32:00Z
W003431,L0138,6,300,621,32,12,train,2025-03-10T12:40:00Z
W003432,L0138,7,300,621,32,12,train,2025-03-10T12:48:00Z
W003433,L0138,8,300,621,32,12,train,2025-03-10T12:56:00Z
W003434,L0138,9,300,621,32,12,train,2025-03-10T13:04:00Z
W003435,L0138,10,300,621,32,12,train,2025-03-10T13:12:00Z
W003436,L0138,11,300,621,32,12,train,2025-03-10T13:20:00Z
W003437,L0138,12,300,621,32,12,train,2025-03-10T13:28:00Z
W003438,L0138,13,300,621,32,12,train,2025-03-10T13:36:00Z
W003439,L0138,14,300,621,32,12,train,2025-03-10T13:44:00Z
W003440,L0138,15,300,621,32,12,train,2025-03-10T13:52:00Z
W003441,L0138,16,300,621,32,12,train,2025-03-10T14:00:00Z
W003442,L0138,17,300,621,32,12,train,2025-03-10T14:08:00Z
W003443,L0138,18,300,621,32,12,train,2025-03-10T14:16:00Z
W003444,L0138,19,300,621,32,12,train,2025-03-10T14:24:00Z
W003445,L0138,20,300,621,32,12,train,2025-03-10T14:32:00Z
W003446,L0138,21,300,621,32,12,train,2025-03-10T14:40:00Z
W003447,L0138,22,300,621,32,12,train,2025-03-10T14:48:00Z
W003448,L0138,23,300,621,32,12,train,2025-03-10T14:56:00Z
W003449,L0138,24,300,621,32,12,train,2025-03-10T15:04:00Z
W003450,L0138,25,300,621,32,12,train,2025-03-10T15:12:00Z
W003451,L0139,1,300,621,32,12,train,2025-03-11T00:00:00Z
W003452,L0139,2,300,621,32,12,train,2025-03-11T00:08:00Z
W003453,L0139,3,300,621,32,12,train,2025-03-11T00:16:00Z
W003454,L0139,4,300,621,32,12,train,2025-03-11T00:24:00Z
W003455,L0139,5,300,621,32,12,train,2025-03-11T00:32:00Z
W003456,L0139,6,300,621,32,12,train,2025-03-11T00:40:00Z
W003457,L0139,7,300,621,32,12,train,2025-03-11T00:48:00Z
W003458,L0139,8,300,621,32,12,train,2025-03-11T00:56:00Z
W003459,L0139,9,300,621,32,12,train,2025-03-11T01:04:00Z
W003460,L0139,10,300,621,32,12,train,2025-03-11T01:12:00Z
W003461,L0139,11,300,621,32,12,train,2025-03-11T01:20:00Z
W003462,L0139,12,300,621,32,12,train,2025-03-11T01:28:00Z
W003463,L0139,13,300,621,32,12,train,2025-03-11T01:36:00Z
W003464,L0139,14,300,621,32,12,train,2025-03-11T01:44:00Z
W003465,L0139,15,300,621,32,12,train,2025-03-11T01:52:00Z
W003466,L0139,16,300,621,32,12,train,2025-03-11T02:00:00Z
W003467,L0139,17,300,621,32,12,train,2025-03-11T02:08:00Z
W003468,L0139,18,300,621,32,12,train,2025-03-11T02:16:00Z
W003469,L0139,19,300,621,32,12,train,2025-03-11T02:24:00Z
W003470,L0139,20,300,621,32,12,train,2025-03-11T02:32:00Z
W003471,L0139,21,300,621,32,12,train,2025-03-11T02:40:00Z
W003472,L0139,22,300,621,32,12,train,2025-03-11T02:48:00Z
W003473,L0139,23,300,621,32,12,train,2025-03-11T02:56:00Z
W003474,L0139,24,300,621,32,12,train,2025-03-11T03:04:00Z
W003475,L0139,25,300,621,32,12,train,2025-03-11T03:12:00Z
W003476,L0140,1,300,621,32,8,train,2025-03-11T12:00:00Z
W003477,L0140,2,300,621,32,8,train,2025-03-11T12:08:00Z
W003478,L0140,3,300,621,32,8,train,2025-03-11T12:16:00Z
W003479,L0140,4,300,621,32,8,train,2025-03-11T12:24:00Z
W003480,L0140,5,300,621,32,8,train,2025-03-11T12:32:00Z
W003481,L0140,6,300,621,32,8,train,2025-03-11T12:40:00Z
W003482,L0140,7,300,621,32,8,train,2025-03-11T12:48:00Z
W003483,L0140,8,300,621,32,8,train,2025-03-11T12:56:00Z
W003484,L0140,9,300,621,32,8,train,2025-03-11T13:04:00Z
W003485,L0140,10,300,621,32,8,train,2025-03-11T13:12:00Z
W003486,L0140,11,300,621,32,8,train,2025-03-11T13:20:00Z
W003487,L0140,12,300,621,32,8,train,2025-03-11T13:28:00Z
W003488,L0140,13,300,621,32,8,train,2025-03-11T13:36:00Z
W003489,L0140,14,300,621,32,8,train,2025-03-11T13:44:00Z
W003490,L0140,15,300,621,32,8,train,2025-03-11T13:52:00Z
W003491,L0140,16,300,621,32,8,train,2025-03-11T14:00:00Z
W003492,L0140,17,300,621,32,8,train,2025-03-11T14:08:00Z
W003493,L0140,18,300,621,32,8,train,2025-03-11T14:16:00Z
W003494,L0140,19,300,621,32,8,train,2025-03-11T14:24:00Z
W003495,L0140,20,300,621,32,8,train,2025-03-11T14:32:00Z
W003496,L0140,21,300,621,32,8,train,2025-03-11T14:40:00Z
W003497,L0140,22,300,621,32,8,train,2025-03-11T14:48:00Z
W003498,L0140,23,300,621,32,8,train,2025-03-11T14:56:00Z
W003499,L0140,24,300,621,32,8,train,2025-03-11T15:04:00Z
W003500,L0140,25,300,621,32,8,train,2025-03-11T15:12:00Z
W003501,L0141,1,300,621,32,12,train,2025-03-12T00:00:00Z
W003502,L0141,2,300,621,32,12,train,2025-03-12T00:08:00Z
W003503,L0141,3,300,621,32,12,train,2025-03-12T00:16:00Z
W003504,L0141,4,300,621,32,12,train,2025-03-12T00:24:00Z
W003505,L0141,5,300,621,32,12,train,2025-03-12T00:32:00Z
W003506,L0141,6,300,621,32,12,train,2025-03-12T00:40:00Z
W003507,L0141,7,300,621,32,12,train,2025-03-12T00:48:00Z
W003508,L0141,8,300,621,32,12,train,2025-03-12T00:56:00Z
W003509,L0141,9,300,621,32,12,train,2025-03-12T01:04:00Z
W003510,L0141,10,300,621,32,12,train,2025-03-12T01:12:00Z
W003511,L0141,11,300,621,32,12,train,2025-03-12T01:20:00Z
W003512,L0141,12,300,621,32,12,train,2025-03-12T01:28:00Z
W003513,L0141,13,300,621,32,12,train,2025-03-12T01:36:00Z
W003514,L0141,14,300,621,32,12,train,2025-03-12T01:44:00Z
W003515,L0141,15,300,621,32,12,train,2025-03-12T01:52:00Z
W003516,L0141,16,300,621,32,12,train,2025-03-12T02:00:00Z
W003517,L0141,17,300,621,32,12,train,2025-03-12T02:08:00Z
W003518,L0141,18,300,621,32,12,train,2025-03-12T02:16:00Z
W003519,L0141,19,300,621,32,12,train,2025-03-12T02:24:00Z
W003520,L0141,20,300,621,32,12,train,2025-03-12T02:32:00Z
W003521,L0141,21,300,621,32,12,train,2025-03-12T02:40:00Z
W003522,L0141,22,300,621,32,12,train,2025-03-12T02:48:00Z
W003523,L0141,23,300,621,32,12,train,2025-03-12T02:56:00Z
W003524,L0141,24,300,621,32,12,train,2025-03-12T03:04:00Z
W003525,L0141,25,300,621,32,12,train,2025-03-12T03:12:00Z
W003526,L0142,1,300,621,32,12,train,2025-03-12T12:00:00Z
W003527,L0142,2,300,621,32,12,train,2025-03-12T12:08:00Z
W003528,L0142,3,300,621,32,12,train,2025-03-12T12:16:00Z
W003529,L0142,4,300,621,32,12,train,2025-03-12T12:24:00Z
W003530,L0142,5,300,621,32,12,train,2025-03-12T12:32:00Z
W003531,L0142,6,300,621,32,12,train,2025-03-12T12:40:00Z
W003532,L0142,7,300,621,32,12,train,2025-03-12T12:48:00Z
W003533,L0142,8,300,621,32,12,train,2025-03-12T12:56:00Z
W003534,L0142,9,300,621,32,12,train,2025-03-12T13:04:00Z
W003535,L0142,10,300,621,32,12,train,2025-03-12T13:12:00Z
W003536,L0142,11,300,621,32,12,train,2025-03-12T13:20:00Z
W003537,L0142,12,300,621,32,12,train,2025-03-12T13:28:00Z
W003538,L0142,13,300,621,32,12,train,2025-03-12T13:36:00Z
W003539,L0142,14,300,621,32,12,train,2025-03-12T13:44:00Z
W003540,L0142,15,300,621,32,12,train,2025-03-12T13:52:00Z
W003541,L0142,16,300,621,32,12,train,2025-03-12T14:00:00Z
W003542,L0142,17,300,621,32,12,train,2025-03-12T14:08:00Z
W003543,L0142,18,300,621,32,12,train,2025-03-12T14:16:00Z
W003544,L0142,19,300,621,32,12,train,2025-03-12T14:24:00Z
W003545,L0142,20,300,621,32,12,train,2025-03-12T14:32:00Z
W003546,L0142,21,300,621,32,12,train,2025-03-12T14:40:00Z
W003547,L0142,22,300,621,32,12,train,2025-03-12T14:48:00Z
W003548,L0142,23,300,621,32,12,train,2025-03-12T14:56:00Z
W003549,L0142,24,300,621,32,12,train,2025-03-12T15:04:00Z
W003550,L0142,25,300,621,32,12,train,2025-03-12T15:12:00Z
W003551,L0143,1,300,621,32,12,train,2025-03-13T00:00:00Z
W003552,L0143,2,300,621,32,12,train,2025-03-13T00:08:00Z
W003553,L0143,3,300,621,32,12,train,2025-03-13T00:16:00Z
W003554,L0143,4,300,621,32,12,train,2025-03-13T00:24:00Z
W003555,L0143,5,300,621,32,12,train,2025-03-13T00:32:00Z
W003556,L0143,6,300,621,32,12,train,2025-03-13T00:40:00Z
W003557,L0143,7,300,621,32,12,train,2025-03-13T00:48:00Z
W003558,L0143,8,300,621,32,12,train,2025-03-13T00:56:00Z
W003559,L0143,9,300,621,32,12,train,2025-03-13T01:04:00Z
W003560,L0143,10,300,621,32,12,train,2025-03-13T01:12:00Z
W003561,L0143,11,300,621,32,12,train,2025-03-13T01:20:00Z
W003562,L0143,12,300,621,32,12,train,2025-03-13T01:28:00Z
W003563,L0143,13,300,621,32,12,train,2025-03-13T01:36:00Z
W003564,L0143,14,300,621,32,12,train,2025-03-13T01:44:00Z
W003565,L0143,15,300,621,32,12,train,2025-03-13T01:52:00Z
W003566,L0143,16,300,621,32,12,train,2025-03-13T02:00:00Z
W003567,L0143,17,300,621,32,12,train,2025-03-13T02:08:00Z
W003568,L0143,18,300,621,32,12,train,2025-03-13T02:16:00Z
W003569,L0143,19,300,621,32,12,train,2025-03-13T02:24:00Z
W003570,L0143,20,300,621,32,12,train,2025-03-13T02:32:00Z
W003571,L0143,21,300,621,32,12,train,2025-03-13T02:40:00Z
W003572,L0143,22,300,621,32,12,train,2025-03-13T02:48:00Z
W003573,L0143,23,300,621,32,12,train,2025-03-13T02:56:00Z
W003574,L0143,24,300,621,32,12,train,2025-03-13T03:04:00Z
W003575,L0143,25,300,621,32,12,train,2025-03-13T03:12:00Z
W003576,L0144,1,300,621,32,8,train,2025-03-13T12:00:00Z
W003577,L0144,2,300,621,32,8,train,2025-03-13T12:08:00Z
W003578,L0144,3,300,621,32,8,train,2025-03-13T12:16:00Z
W003579,L0144,4,300,621,32,8,train,2025-03-13T12:24:00Z
W003580,L0144,5,300,621,32,8,train,2025-03-13T12:32:00Z
W003581,L0144,6,300,621,32,8,train,2025-03-13T12:40:00Z
W003582,L0144,7,300,621,32,8,train,2025-03-13T12:48:00Z
W003583,L0144,8,300,621,32,8,train,2025-03-13T12:56:00Z
W003584,L0144,9,300,621,32,8,train,2025-03-13T13:04:00Z
W003585,L0144,10,300,621,32,8,train,2025-03-13T13:12:00Z
W003586,L0144,11,300,621,32,8,train,2025-03-13T13:20:00Z
W003587,L0144,12,300,621,32,8,train,2025-03-13T13:28:00Z
W003588,L0144,13,300,621,32,8,train,2025-03-13T13:36:00Z
W003589,L0144,14,300,621,32,8,train,2025-03-13T13:44:00Z
W003590,L0144,15,300,621,32,8,train,2025-03-13T13:52:00Z
W003591,L0144,16,300,621,32,8,train,2025-03-13T14:00:00Z
W003592,L0144,17,300,621,32,8,train,2025-03-13T14:08:00Z
W003593,L0144,18,300,621,32,8,train,2025-03-13T14:16:00Z
W003594,L0144,19,300,621,32,8,train,2025-03-13T14:24:00Z
W003595,L0144,20,300,621,32,8,train,2025-03-13T14:32:00Z
W003596,L0144,21,300,621,32,8,train,2025-03-13T14:40:00Z
W003597,L0144,22,300,621,32,8,train,2025-03-13T14:48:00Z
W003598,L0144,23,300,621,32,8,train,2025-03-13T14:56:00Z
W003599,L0144,24,300,621,32,8,train,2025-03-13T15:04:00Z
W003600,L0144,25,300,621,32,8,train,2025-03-13T15:12:00Z
W003601,L0145,1,300,621,32,12,train,2025-03-14T00:00:00Z
W003602,L0145,2,300,621,32,12,train,2025-03-14T00:08:00Z
W003603,L0145,3,300,621,32,12,train,2025-03-14T00:16:00Z
W003604,L0145,4,300,621,32,12,train,2025-03-14T00:24:00Z
W003605,L0145,5,300,621,32,12,train,2025-03-14T00:32:00Z
W003606,L0145,6,300,621,32,12,train,2025-03-14T00:40:00Z
W003607,L0145,7,300,621,32,12,train,2025-03-14T00:48:00Z
W003608,L0145,8,300,621,32,12,train,2025-03-14T00:56:00Z
W003609,L0145,9,300,621,32,12,train,2025-03-14T01:04:00Z
W003610,L0145,10,300,621,32,12,train,2025-03-14T01:12:00Z
W003611,L0145,11,300,621,32,12,train,2025-03-14T01:20:00Z
W003612,L0145,12,300,621,32,12,train,2025-03-14T01:28:00Z
W003613,L0145,13,300,621,32,12,train,2025-03-14T01:36:00Z
W003614,L0145,14,300,621,32,12,train,2025-03-14T01:44:00Z
W003615,L0145,15,300,621,32,12,train,2025-03-14T01:52:00Z
W003616,L0145,16,300,621,32,12,train,2025-03-14T02:00:00Z
W003617,L0145,17,300,621,32,12,train,2025-03-14T02:08:00Z
W003618,L0145,18,300,621,32,12,train,2025-03-14T02:16:00Z
W003619,L0145,19,300,621,32,12,train,2025-03-14T02:24:00Z
W003620,L0145,20,300,621,32,12,train,2025-03-14T02:32:00Z
W003621,L0145,21,300,621,32,12,train,2025-03-14T02:40:00Z
W003622,L0145,22,300,621,32,12,train,2025-03-14T02:48:00Z
W003623,L0145,23,300,621,32,12,train,2025-03-14T02:56:00Z
W003624,L0145,24,300,621,32,12,train,2025-03-14T03:04:00Z
W003625,L0145,25,300,621,32,12,train,2025-03-14T03:12:00Z
W003626,L0146,1,300,621,32,8,train,2025-03-14T12:00:00Z
W003627,L0146,2,300,621,32,8,train,2025-03-14T12:08:00Z
W003628,L0146,3,300,621,32,8,train,2025-03-14T12:16:00Z
W003629,L0146,4,300,621,32,8,train,2025-03-14T12:24:00Z
W003630,L0146,5,300,621,32,8,train,2025-03-14T12:32:00Z
W003631,L0146,6,300,621,32,8,train,2025-03-14T12:40:00Z
W003632,L0146,7,300,621,32,8,train,2025-03-14T12:48:00Z
W003633,L0146,8,300,621,32,8,train,2025-03-14T12:56:00Z
W003634,L0146,9,300,621,32,8,train,2025-03-14T13:04:00Z
W003635,L0146,10,300,621,32,8,train,2025-03-14T13:12:00Z
W003636,L0146,11,300,621,32,8,train,2025-03-14T13:20:00Z
W003637,L0146,12,300,621,32,8,train,2025-03-14T13:28:00Z
W003638,L0146,13,300,621,32,8,train,2025-03-14T13:36:00Z
W003639,L0146,14,300,621,32,8,train,2025-03-14T13:44:00Z
W003640,L0146,15,300,621,32,8,train,2025-03-14T13:52:00Z
W003641,L0146,16,300,621,32,8,train,2025-03-14T14:00:00Z
W003642,L0146,17,300,621,32,8,train,2025-03-14T14:08:00Z
W003643,L0146,18,300,621,32,8,train,2025-03-14T14:16:00Z
W003644,L0146,19,300,621,32,8,train,2025-03-14T14:24:00Z
W003645,L0146,20,300,621,32,8,train,2025-03-14T14:32:00Z
W003646,L0146,21,300,621,32,8,train,2025-03-14T14:40:00Z
W003647,L0146,22,300,621,32,8,train,2025-03-14T14:48:00Z
W003648,L0146,23,300,621,32,8,train,2025-03-14T14:56:00Z
W003649,L0146,24,300,621,32,8,train,2025-03-14T15:04:00Z
W003650,L0146,25,300,621,32,8,train,2025-03-14T15:12:00Z
W003651,L0147,1,300,621,32,8,train,2025-03-15T00:00:00Z
W003652,L0147,2,300,621,32,8,train,2025-03-15T00:08:00Z
W003653,L0147,3,300,621,32,8,train,2025-03-15T00:16:00Z
W003654,L0147,4,300,621,32,8,train,2025-03-15T00:24:00Z
W003655,L0147,5,300,621,32,8,train,2025-03-15T00:32:00Z
W003656,L0147,6,300,621,32,8,train,2025-03-15T00:40:00Z
W003657,L0147,7,300,621,32,8,train,2025-03-15T00:48:00Z
W003658,L0147,8,300,621,32,8,train,2025-03-15T00:56:00Z
W003659,L0147,9,300,621,32,8,train,2025-03-15T01:04:00Z
W003660,L0147,10,300,621,32,8,train,2025-03-15T01:12:00Z
W003661,L0147,11,300,621,32,8,train,2025-03-15T01:20:00Z
W003662,L0147,12,300,621,32,8,train,2025-03-15T01:28:00Z
W003663,L0147,13,300,621,32,8,train,2025-03-15T01:36:00Z
W003664,L0147,14,300,621,32,8,train,2025-03-15T01:44:00Z
W003665,L0147,15,300,621,32,8,train,2025-03-15T01:52:00Z
W003666,L0147,16,300,621,32,8,train,2025-03-15T02:00:00Z
W003667,L0147,17,300,621,32,8,train,2025-03-15T02:08:00Z
W003668,L0147,18,300,621,32,8,train,2025-03-15T02:16:00Z
W003669,L0147,19,300,621,32,8,train,2025-03-15T02:24:00Z
W003670,L0147,20,300,621,32,8,train,2025-03-15T02:32:00Z
W003671,L0147,21,300,621,32,8,train,2025-03-15T02:40:00Z
W003672,L0147,22,300,621,32,8,train,2025-03-15T02:48:00Z
W003673,L0147,23,300,621,32,8,train,2025-03-15T02:56:00Z
W003674,L0147,24,300,621,32,8,train,2025-03-15T03:04:00Z
W003675,L0147,25,300,621,32,8,train,2025-03-15T03:12:00Z
W003676,L0148,1,300,621,32,12,train,2025-03-15T12:00:00Z
W003677,L0148,2,300,621,32,12,train,2025-03-15T12:08:00Z
W003678,L0148,3,300,621,32,12,train,2025-03-15T12:16:00Z
W003679,L0148,4,300,621,32,12,train,2025-03-15T12:24:00Z
W003680,L0148,5,300,621,32,12,train,2025-03-15T12:32:00Z
W003681,L0148,6,300,621,32,12,train,2025-03-15T12:40:00Z
W003682,L0148,7,300,621,32,12,train,2025-03-15T12:48:00Z
W003683,L0148,8,300,621,32,12,train,2025-03-15T12:56:00Z
W003684,L0148,9,300,621,32,12,train,2025-03-15T13:04:00Z
W003685,L0148,10,300,621,32,12,train,2025-03-15T13:12:00Z
W003686,L0148,11,300,621,32,12,train,2025-03-15T13:20:00Z
W003687,L0148,12,300,621,32,12,train,2025-03-15T13:28:00Z
W003688,L0148,13,300,621,32,12,train,2025-03-15T13:36:00Z
W003689,L0148,14,300,621,32,12,train,2025-03-15T13:44:00Z
W003690,L0148,15,300,621,32,12,train,2025-03-15T13:52:00Z
W003691,L0148,16,300,621,32,12,train,2025-03-15T14:00:00Z
W003692,L0148,17,300,621,32,12,train,2025-03-15T14:08:00Z
W003693,L0148,18,300,621,32,12,train,2025-03-15T14:16:00Z
W003694,L0148,19,300,621,32,12,train,2025-03-15T14:24:00Z
W003695,L0148,20,300,621,32,12,train,2025-03-15T14:32:00Z
W003696,L0148,21,300,621,32,12,train,2025-03-15T14:40:00Z
W003697,L0148,22,300,621,32,12,train,2025-03-15T14:48:00Z
W003698,L0148,23,300,621,32,12,train,2025-03-15T14:56:00Z
W003699,L0148,24,300,621,32,12,train,2025-03-15T15:04:00Z
W003700,L0148,25,300,621,32,12,train,2025-03-15T15:12:00Z
W003701,L0149,1,300,621,32,8,train,2025-03-16T00:00:00Z
W003702,L0149,2,300,621,32,8,train,2025-03-16T00:08:00Z
W003703,L0149,3,300,621,32,8,train,2025-03-16T00:16:00Z
W003704,L0149,4,300,621,32,8,train,2025-03-16T00:24:00Z
W003705,L0149,5,300,621,32,8,train,2025-03-16T00:32:00Z
W003706,L0149,6,300,621,32,8,train,2025-03-16T00:40:00Z
W003707,L0149,7,300,621,32,8,train,2025-03-16T00:48:00Z
W003708,L0149,8,300,621,32,8,train,2025-03-16T00:56:00Z
W003709,L0149,9,300,621,32,8,train,2025-03-16T01:04:00Z
W003710,L0149,10,300,621,32,8,train,2025-03-16T01:12:00Z
W003711,L0149,11,300,621,32,8,train,2025-03-16T01:20:00Z
W003712,L0149,12,300,621,32,8,train,2025-03-16T01:28:00Z
W003713,L0149,13,300,621,32,8,train,2025-03-16T01:36:00Z
W003714,L0149,14,300,621,32,8,train,2025-03-16T01:44:00Z
W003715,L0149,15,300,621,32,8,train,2025-03-16T01:52:00Z
W003716,L0149,16,300,621,32,8,train,2025-03-16T02:00:00Z
W003717,L0149,17,300,621,32,8,train,2025-03-16T02:08:00Z
W003718,L0149,18,300,621,32,8,train,2025-03-16T02:16:00Z
W003719,L0149,19,300,621,32,8,train,2025-03-16T02:24:00Z
W003720,L0149,20,300,621,32,8,train,2025-03-16T02:32:00Z
W003721,L0149,21,300,621,32,8,train,2025-03-16T02:40:00Z
W003722,L0149,22,300,621,32,8,train,2025-03-16T02:48:00Z
W003723,L0149,23,300,621,32,8,train,2025-03-16T02:56:00Z
W003724,L0149,24,300,621,32,8,train,2025-03-16T03:04:00Z
W003725,L0149,25,300,621,32,8,train,2025-03-16T03:12:00Z
W003726,L0150,1,300,621,32,8,train,2025-03-16T12:00:00Z
W003727,L0150,2,300,621,32,8,train,2025-03-16T12:08:00Z
W003728,L0150,3,300,621,32,8,train,2025-03-16T12:16:00Z
W003729,L0150,4,300,621,32,8,train,2025-03-16T12:24:00Z
W003730,L0150,5,300,621,32,8,train,2025-03-16T12:32:00Z
W003731,L0150,6,300,621,32,8,train,2025-03-16T12:40:00Z
W003732,L0150,7,300,621,32,8,train,2025-03-16T12:48:00Z
W003733,L0150,8,300,621,32,8,train,2025-03-16T12:56:00Z
W003734,L0150,9,300,621,32,8,train,2025-03-16T13:04:00Z
W003735,L0150,10,300,621,32,8,train,2025-03-16T13:12:00Z
W003736,L0150,11,300,621,32,8,train,2025-03-16T13:20:00Z
W003737,L0150,12,300,621,32,8,train,2025-03-16T13:28:00Z
W003738,L0150,13,300,621,32,8,train,2025-03-16T13:36:00Z
W003739,L0150,14,300,621,32,8,train,2025-03-16T13:44:00Z
W003740,L0150,15,300,621,32,8,train,2025-03-16T13:52:00Z
W003741,L0150,16,300,621,32,8,train,2025-03-16T14:00:00Z
W003742,L0150,17,300,621,32,8,train,2025-03-16T14:08:00Z
W003743,L0150,18,300,621,32,8,train,2025-03-16T14:16:00Z
W003744,L0150,19,300,621,32,8,train,2025-03-16T14:24:00Z
W003745,L0150,20,300,621,32,8,train,2025-03-16T14:32:00Z
W003746,L0150,21,300,621,32,8,train,2025-03-16T14:40:00Z
W003747,L0150,22,300,621,32,8,train,2025-03-16T14:48:00Z
W003748,L0150,23,300,621,32,8,train,2025-03-16T14:56:00Z
W003749,L0150,24,300,621,32,8,train,2025-03-16T15:04:00Z
W003750,L0150,25,300,621,32,8,train,2025-03-16T15:12:00Z
W003751,L0151,1,300,621,32,12,train,2025-03-17T00:00:00Z
W003752,L0151,2,300,621,32,12,train,2025-03-17T00:08:00Z
W003753,L0151,3,300,621,32,12,train,2025-03-17T00:16:00Z
W003754,L0151,4,300,621,32,12,train,2025-03-17T00:24:00Z
W003755,L0151,5,300,621,32,12,train,2025-03-17T00:32:00Z
W003756,L0151,6,300,621,32,12,train,2025-03-17T00:40:00Z
W003757,L0151,7,300,621,32,12,train,2025-03-17T00:48:00Z
W003758,L0151,8,300,621,32,12,train,2025-03-17T00:56:00Z
W003759,L0151,9,300,621,32,12,train,2025-03-17T01:04:00Z
W003760,L0151,10,300,621,32,12,train,2025-03-17T01:12:00Z
W003761,L0151,11,300,621,32,12,train,2025-03-17T01:20:00Z
W003762,L0151,12,300,621,32,12,train,2025-03-17T01:28:00Z
W003763,L0151,13,300,621,32,12,train,2025-03-17T01:36:00Z
W003764,L0151,14,300,621,32,12,train,2025-03-17T01:44:00Z
W003765,L0151,15,300,621,32,12,train,2025-03-17T01:52:00Z
W003766,L0151,16,300,621,32,12,train,2025-03-17T02:00:00Z
W003767,L0151,17,300,621,32,12,train,2025-03-17T02:08:00Z
W003768,L0151,18,300,621,32,12,train,2025-03-17T02:16:00Z
W003769,L0151,19,300,621,32,12,train,2025-03-17T02:24:00Z
W003770,L0151,20,300,621,32,12,train,2025-03-17T02:32:00Z
W003771,L0151,21,300,621,32,12,train,2025-03-17T02:40:00Z
W003772,L0151,22,300,621,32,12,train,2025-03-17T02:48:00Z
W003773,L0151,23,300,621,32,12,train,2025-03-17T02:56:00Z
W003774,L0151,24,300,621,32,12,train,2025-03-17T03:04:00Z
W003775,L0151,25,300,621,32,12,train,2025-03-17T03:12:00Z
W003776,L0152,1,300,621,32,8,train,2025-03-17T12:00:00Z
W003777,L0152,2,300,621,32,8,train,2025-03-17T12:08:00Z
W003778,L0152,3,300,621,32,8,train,2025-03-17T12:16:00Z
W003779,L0152,4,300,621,32,8,train,2025-03-17T12:24:00Z
W003780,L0152,5,300,621,32,8,train,2025-03-17T12:32:00Z
W003781,L0152,6,300,621,32,8,train,2025-03-17T12:40:00Z
W003782,L0152,7,300,621,32,8,train,2025-03-17T12:48:00Z
W003783,L0152,8,300,621,32,8,train,2025-03-17T12:56:00Z
W003784,L0152,9,300,621,32,8,train,2025-03-17T13:04:00Z
W003785,L0152,10,300,621,32,8,train,2025-03-17T13:12:00Z
W003786,L0152,11,300,621,32,8,train,2025-03-17T13:20:00Z
W003787,L0152,12,300,621,32,8,train,2025-03-17T13:28:00Z
W003788,L0152,13,300,621,32,8,train,2025-03-17T13:36:00Z
W003789,L0152,14,300,621,32,8,train,2025-03-17T13:44:00Z
W003790,L0152,15,300,621,32,8,train,2025-03-17T13:52:00Z
W003791,L0152,16,300,621,32,8,train,2025-03-17T14:00:00Z
W003792,L0152,17,300,621,32,8,train,2025-03-17T14:08:00Z
W003793,L0152,18,300,621,32,8,train,2025-03-17T14:16:00Z
W003794,L0152,19,300,621,32,8,train,2025-03-17T14:24:00Z
W003795,L0152,20,300,621,32,8,train,2025-03-17T14:32:00Z
W003796,L0152,21,300,621,32,8,train,2025-03-17T14:40:00Z
W003797,L0152,22,300,621,32,8,train,2025-03-17T14:48:00Z
W003798,L0152,23,300,621,32,8,train,2025-03-17T14:56:00Z
W003799,L0152,24,300,621,32,8,train,2025-03-17T15:04:00Z
W003800,L0152,25,300,621,32,8,train,2025-03-17T15:12:00Z
W003801,L0153,1,300,621,32,12,train,2025-03-18T00:00:00Z
W003802,L0153,2,300,621,32,12,train,2025-03-18T00:08:00Z
W003803,L0153,3,300,621,32,12,train,2025-03-18T00:16:00Z
W003804,L0153,4,300,621,32,12,train,2025-03-18T00:24:00Z
W003805,L0153,5,300,621,32,12,train,2025-03-18T00:32:00Z
W003806,L0153,6,300,621,32,12,train,2025-03-18T00:40:00Z
W003807,L0153,7,300,621,32,12,train,2025-03-18T00:48:00Z
W003808,L0153,8,300,621,32,12,train,2025-03-18T00:56:00Z
W003809,L0153,9,300,621,32,12,train,2025-03-18T01:04:00Z
W003810,L0153,10,300,621,32,12,train,2025-03-18T01:12:00Z
W003811,L0153,11,300,621,32,12,train,2025-03-18T01:20:00Z
W003812,L0153,12,300,621,32,12,train,2025-03-18T01:28:00Z
W003813,L0153,13,300,621,32,12,train,2025-03-18T01:36:00Z
W003814,L0153,14,300,621,32,12,train,2025-03-18T01:44:00Z
W003815,L0153,15,300,621,32,12,train,2025-03-18T01:52:00Z
W003816,L0153,16,300,621,32,12,train,2025-03-18T02:00:00Z
W003817,L0153,17,300,621,32,12,train,2025-03-18T02:08:00Z
W003818,L0153,18,300,621,32,12,train,2025-03-18T02:16:00Z
W003819,L0153,19,300,621,32,12,train,2025-03-18T02:24:00Z
W003820,L0153,20,300,621,32,12,train,2025-03-18T02:32:00Z
W003821,L0153,21,300,621,32,12,train,2025-03-18T02:40:00Z
W003822,L0153,22,300,621,32,12,train,2025-03-18T02:48:00Z
W003823,L0153,23,300,621,32,12,train,2025-03-18T02:56:00Z
W003824,L0153,24,300,621,32,12,train,2025-03-18T03:04:00Z
W003825,L0153,25,300,621,32,12,train,2025-03-18T03:12:00Z
W003826,L0154,1,300,621,32,12,train,2025-03-18T12:00:00Z
W003827,L0154,2,300,621,32,12,train,2025-03-18T12:08:00Z
W003828,L0154,3,300,621,32,12,train,2025-03-18T12:16:00Z
W003829,L0154,4,300,621,32,12,train,2025-03-18T12:24:00Z
W003830,L0154,5,300,621,32,12,train,2025-03-18T12:32:00Z
W003831,L0154,6,300,621,32,12,train,2025-03-18T12:40:00Z
W003832,L0154,7,300,621,32,12,train,2025-03-18T12:48:00Z
W003833,L0154,8,300,621,32,12,train,2025-03-18T12:56:00Z
W003834,L0154,9,300,621,32,12,train,2025-03-18T13:04:00Z
W003835,L0154,10,300,621,32,12,train,2025-03-18T13:12:00Z
W003836,L0154,11,300,621,32,12,train,2025-03-18T13:20:00Z
W003837,L0154,12,300,621,32,12,train,2025-03-18T13:28:00Z
W003838,L0154,13,300,621,32,12,train,2025-03-18T13:36:00Z
W003839,L0154,14,300,621,32,12,train,2025-03-18T13:44:00Z
W003840,L0154,15,300,621,32,12,train,2025-03-18T13:52:00Z
W003841,L0154,16,300,621,32,12,train,2025-03-18T14:00:00Z
W003842,L0154,17,300,621,32,12,train,2025-03-18T14:08:00Z
W003843,L0154,18,300,621,32,12,train,2025-03-18T14:16:00Z
W003844,L0154,19,300,621,32,12,train,2025-03-18T14:24:00Z
W003845,L0154,20,300,621,32,12,train,2025-03-18T14:32:00Z
W003846,L0154,21,300,621,32,12,train,2025-03-18T14:40:00Z
W003847,L0154,22,300,621,32,12,train,2025-03-18T14:48:00Z
W003848,L0154,23,300,621,32,12,train,2025-03-18T14:56:00Z
W003849,L0154,24,300,621,32,12,train,2025-03-18T15:04:00Z
W003850,L0154,25,300,621,32,12,train,2025-03-18T15:12:00Z
W003851,L0155,1,300,621,32,12,train,2025-03-19T00:00:00Z
W003852,L0155,2,300,621,32,12,train,2025-03-19T00:08:00Z
W003853,L0155,3,300,621,32,12,train,2025-03-19T00:16:00Z
W003854,L0155,4,300,621,32,12,train,2025-03-19T00:24:00Z
W003855,L0155,5,300,621,32,12,train,2025-03-19T00:32:00Z
W003856,L0155,6,300,621,32,12,train,2025-03-19T00:40:00Z
W003857,L0155,7,300,621,32,12,train,2025-03-19T00:48:00Z
W003858,L0155,8,300,621,32,12,train,2025-03-19T00:56:00Z
W003859,L0155,9,300,621,32,12,train,2025-03-19T01:04:00Z
W003860,L0155,10,300,621,32,12,train,2025-03-19T01:12:00Z
W003861,L0155,11,300,621,32,12,train,2025-03-19T01:20:00Z
W003862,L0155,12,300,621,32,12,train,2025-03-19T01:28:00Z
W003863,L0155,13,300,621,32,12,train,2025-03-19T01:36:00Z
W003864,L0155,14,300,621,32,12,train,2025-03-19T01:44:00Z
W003865,L0155,15,300,621,32,12,train,2025-03-19T01:52:00Z
W003866,L0155,16,300,621,32,12,train,2025-03-19T02:00:00Z
W003867,L0155,17,300,621,32,12,train,2025-03-19T02:08:00Z
W003868,L0155,18,300,621,32,12,train,2025-03-19T02:16:00Z
W003869,L0155,19,300,621,32,12,train,2025-03-19T02:24:00Z
W003870,L0155,20,300,621,32,12,train,2025-03-19T02:32:00Z
W003871,L0155,21,300,621,32,12,train,2025-03-19T02:40:00Z
W003872,L0155,22,300,621,32,12,train,2025-03-19T02:48:00Z
W003873,L0155,23,300,621,32,12,train,2025-03-19T02:56:00Z
W003874,L0155,24,300,621,32,12,train,2025-03-19T03:04:00Z
W003875,L0155,25,300,621,32,12,train,2025-03-19T03:12:00Z
W003876,L0156,1,300,621,32,12,train,2025-03-19T12:00:00Z
W003877,L0156,2,300,621,32,12,train,2025-03-19T12:08:00Z
W003878,L0156,3,300,621,32,12,train,2025-03-19T12:16:00Z
W003879,L0156,4,300,621,32,12,train,2025-03-19T12:24:00Z
W003880,L0156,5,300,621,32,12,train,2025-03-19T12:32:00Z
W003881,L0156,6,300,621,32,12,train,2025-03-19T12:40:00Z
W003882,L0156,7,300,621,32,12,train,2025-03-19T12:48:00Z
W003883,L0156,8,300,621,32,12,train,2025-03-19T12:56:00Z
W003884,L0156,9,300,621,32,12,train,2025-03-19T13:04:00Z
W003885,L0156,10,300,621,32,12,train,2025-03-19T13:12:00Z
W003886,L0156,11,300,621,32,12,train,2025-03-19T13:20:00Z
W003887,L0156,12,300,621,32,12,train,2025-03-19T13:28:00Z
W003888,L0156,13,300,621,32,12,train,2025-03-19T13:36:00Z
W003889,L0156,14,300,621,32,12,train,2025-03-19T13:44:00Z
W003890,L0156,15,300,621,32,12,train,2025-03-19T13:52:00Z
W003891,L0156,16,300,621,32,12,train,2025-03-19T14:00:00Z
W003892,L0156,17,300,621,32,12,train,2025-03-19T14:08:00Z
W003893,L0156,18,300,621,32,12,train,2025-03-19T14:16:00Z
W003894,L0156,19,300,621,32,12,train,2025-03-19T14:24:00Z
W003895,L0156,20,300,621,32,12,train,2025-03-19T14:32:00Z
W003896,L0156,21,300,621,32,12,train,2025-03-19T14:40:00Z
W003897,L0156,22,300,621,32,12,train,2025-03-19T14:48:00Z
W003898,L0156,23,300,621,32,12,train,2025-03-19T14:56:00Z
W003899,L0156,24,300,621,32,12,train,2025-03-19T15:04:00Z
W003900,L0156,25,300,621,32,12,train,2025-03-19T15:12:00Z
W003901,L0157,1,300,621,32,8,train,2025-03-20T00:00:00Z
W003902,L0157,2,300,621,32,8,train,2025-03-20T00:08:00Z
W003903,L0157,3,300,621,32,8,train,2025-03-20T00:16:00Z
W003904,L0157,4,300,621,32,8,train,2025-03-20T00:24:00Z
W003905,L0157,5,300,621,32,8,train,2025-03-20T00:32:00Z
W003906,L0157,6,300,621,32,8,train,2025-03-20T00:40:00Z
W003907,L0157,7,300,621,32,8,train,2025-03-20T00:48:00Z
W003908,L0157,8,300,621,32,8,train,2025-03-20T00:56:00Z
W003909,L0157,9,300,621,32,8,train,2025-03-20T01:04:00Z
W003910,L0157,10,300,621,32,8,train,2025-03-20T01:12:00Z
W003911,L0157,11,300,621,32,8,train,2025-03-20T01:20:00Z
W003912,L0157,12,300,621,32,8,train,2025-03-20T01:28:00Z
W003913,L0157,13,300,621,32,8,train,2025-03-20T01:36:00Z
W003914,L0157,14,300,621,32,8,train,2025-03-20T01:44:00Z
W003915,L0157,15,300,621,32,8,train,2025-03-20T01:52:00Z
W003916,L0157,16,300,621,32,8,train,2025-03-20T02:00:00Z
W003917,L0157,17,300,621,32,8,train,2025-03-20T02:08:00Z
W003918,L0157,18,300,621,32,8,train,2025-03-20T02:16:00Z
W003919,L0157,19,300,621,32,8,train,2025-03-20T02:24:00Z
W003920,L0157,20,300,621,32,8,train,2025-03-20T02:32:00Z
W003921,L0157,21,300,621,32,8,train,2025-03-20T02:40:00Z
W003922,L0157,22,300,621,32,8,train,2025-03-20T02:48:00Z
W003923,L0157,23,300,621,32,8,train,2025-03-20T02:56:00Z
W003924,L0157,24,300,621,32,8,train,2025-03-20T03:04:00Z
W003925,L0157,25,300,621,32,8,train,2025-03-20T03:12:00Z
W003926,L0158,1,300,621,32,12,train,2025-03-20T12:00:00Z
W003927,L0158,2,300,621,32,12,train,2025-03-20T12:08:00Z
W003928,L0158,3,300,621,32,12,train,2025-03-20T12:16:00Z
W003929,L0158,4,300,621,32,12,train,2025-03-20T12:24:00Z
W003930,L0158,5,300,621,32,12,train,2025-03-20T12:32:00Z
W003931,L0158,6,300,621,32,12,train,2025-03-20T12:40:00Z
W003932,L0158,7,300,621,32,12,train,2025-03-20T12:48:00Z
W003933,L0158,8,300,621,32,12,train,2025-03-20T12:56:00Z
W003934,L0158,9,300,621,32,12,train,2025-03-20T13:04:00Z
W003935,L0158,10,300,621,32,12,train,2025-03-20T13:12:00Z
W003936,L0158,11,300,621,32,12,train,2025-03-20T13:20:00Z
W003937,L0158,12,300,621,32,12,train,2025-03-20T13:28:00Z
W003938,L0158,13,300,621,32,12,train,2025-03-20T13:36:00Z
W003939,L0158,14,300,621,32,12,train,2025-03-20T13:44:00Z
W003940,L0158,15,300,621,32,12,train,2025-03-20T13:52:00Z
W003941,L0158,16,300,621,32,12,train,2025-03-20T14:00:00Z
W003942,L0158,17,300,621,32,12,train,2025-03-20T14:08:00Z
W003943,L0158,18,300,621,32,12,train,2025-03-20T14:16:00Z
W003944,L0158,19,300,621,32,12,train,2025-03-20T14:24:00Z
W003945,L0158,20,300,621,32,12,train,2025-03-20T14:32:00Z
W003946,L0158,21,300,621,32,12,train,2025-03-20T14:40:00Z
W003947,L0158,22,300,621,32,12,train,2025-03-20T14:48:00Z
W003948,L0158,23,300,621,32,12,train,2025-03-20T14:56:00Z
W003949,L0158,24,300,621,32,12,train,2025-03-20T15:04:00Z
W003950,L0158,25,300,621,32,12,train,2025-03-20T15:12:00Z
W003951,L0159,1,300,621,32,8,train,2025-03-21T00:00:00Z
W003952,L0159,2,300,621,32,8,train,2025-03-21T00:08:00Z
W003953,L0159,3,300,621,32,8,train,2025-03-21T00:16:00Z
W003954,L0159,4,300,621,32,8,train,2025-03-21T00:24:00Z
W003955,L0159,5,300,621,32,8,train,2025-03-21T00:32:00Z
W003956,L0159,6,300,621,32,8,train,2025-03-21T00:40:00Z
W003957,L0159,7,300,621,32,8,train,2025-03-21T00:48:00Z
W003958,L0159,8,300,621,32,8,train,2025-03-21T00:56:00Z
W003959,L0159,9,300,621,32,8,train,2025-03-21T01:04:00Z
W003960,L0159,10,300,621,32,8,train,2025-03-21T01:12:00Z
W003961,L0159,11,300,621,32,8,train,2025-03-21T01:20:00Z
W003962,L0159,12,300,621,32,8,train,2025-03-21T01:28:00Z
W003963,L0159,13,300,621,32,8,train,2025-03-21T01:36:00Z
W003964,L0159,14,300,621,32,8,train,2025-03-21T01:44:00Z
W003965,L0159,15,300,621,32,8,train,2025-03-21T01:52:00Z
W003966,L0159,16,300,621,32,8,train,2025-03-21T02:00:00Z
W003967,L0159,17,300,621,32,8,train,2025-03-21T02:08:00Z
W003968,L0159,18,300,621,32,8,train,2025-03-21T02:16:00Z
W003969,L0159,19,300,621,32,8,train,2025-03-21T02:24:00Z
W003970,L0159,20,300,621,32,8,train,2025-03-21T02:32:00Z
W003971,L0159,21,300,621,32,8,train,2025-03-21T02:40:00Z
W003972,L0159,22,300,621,32,8,train,2025-03-21T02:48:00Z
W003973,L0159,23,300,621,32,8,train,2025-03-21T02:56:00Z
W003974,L0159,24,300,621,32,8,train,2025-03-21T03:04:00Z
W003975,L0159,25,300,621,32,8,train,2025-03-21T03:12:00Z
W003976,L0160,1,300,621,32,12,train,2025-03-21T12:00:00Z
W003977,L0160,2,300,621,32,12,train,2025-03-21T12:08:00Z
W003978,L0160,3,300,621,32,12,train,2025-03-21T12:16:00Z
W003979,L0160,4,300,621,32,12,train,2025-03-21T12:24:00Z
W003980,L0160,5,300,621,32,12,train,2025-03-21T12:32:00Z
W003981,L0160,6,300,621,32,12,train,2025-03-21T12:40:00Z
W003982,L0160,7,300,621,32,12,train,2025-03-21T12:48:00Z
W003983,L0160,8,300,621,32,12,train,2025-03-21T12:56:00Z
W003984,L0160,9,300,621,32,12,train,2025-03-21T13:04:00Z
W003985,L0160,10,300,621,32,12,train,2025-03-21T13:12:00Z
W003986,L0160,11,300,621,32,12,train,2025-03-21T13:20:00Z
W003987,L0160,12,300,621,32,12,train,2025-03-21T13:28:00Z
W003988,L0160,13,300,621,32,12,train,2025-03-21T13:36:00Z
W003989,L0160,14,300,621,32,12,train,2025-03-21T13:44:00Z
W003990,L0160,15,300,621,32,12,train,2025-03-21T13:52:00Z
W003991,L0160,16,300,621,32,12,train,2025-03-21T14:00:00Z
W003992,L0160,17,300,621,32,12,train,2025-03-21T14:08:00Z
W003993,L0160,18,300,621,32,12,train,2025-03-21T14:16:00Z
W003994,L0160,19,300,621,32,12,train,2025-03-21T14:24:00Z
W003995,L0160,20,300,621,32,12,train,2025-03-21T14:32:00Z
W003996,L0160,21,300,621,32,12,train,2025-03-21T14:40:00Z
W003997,L0160,22,300,621,32,12,train,2025-03-21T14:48:00Z
W003998,L0160,23,300,621,32,12,train,2025-03-21T14:56:00Z
W003999,L0160,24,300,621,32,12,train,2025-03-21T15:04:00Z
W004000,L0160,25,300,621,32,12,train,2025-03-21T15:12:00Z
W004001,L0161,1,300,621,32,12,train,2025-03-22T00:00:00Z
W004002,L0161,2,300,621,32,12,train,2025-03-22T00:08:00Z
W004003,L0161,3,300,621,32,12,train,2025-03-22T00:16:00Z
W004004,L0161,4,300,621,32,12,train,2025-03-22T00:24:00Z
W004005,L0161,5,300,621,32,12,train,2025-03-22T00:32:00Z
W004006,L0161,6,300,621,32,12,train,2025-03-22T00:40:00Z
W004007,L0161,7,300,621,32,12,train,2025-03-22T00:48:00Z
W004008,L0161,8,300,621,32,12,train,2025-03-22T00:56:00Z
W004009,L0161,9,300,621,32,12,train,2025-03-22T01:04:00Z
W004010,L0161,10,300,621,32,12,train,2025-03-22T01:12:00Z
W004011,L0161,11,300,621,32,12,train,2025-03-22T01:20:00Z
W004012,L0161,12,300,621,32,12,train,2025-03-22T01:28:00Z
W004013,L0161,13,300,621,32,12,train,2025-03-22T01:36:00Z
W004014,L0161,14,300,621,32,12,train,2025-03-22T01:44:00Z
W004015,L0161,15,300,621,32,12,train,2025-03-22T01:52:00Z
W004016,L0161,16,300,621,32,12,train,2025-03-22T02:00:00Z
W004017,L0161,17,300,621,32,12,train,2025-03-22T02:08:00Z
W004018,L0161,18,300,621,32,12,train,2025-03-22T02:16:00Z
W004019,L0161,19,300,621,32,12,train,2025-03-22T02:24:00Z
W004020,L0161,20,300,621,32,12,train,2025-03-22T02:32:00Z
W004021,L0161,21,300,621,32,12,train,2025-03-22T02:40:00Z
W004022,L0161,22,300,621,32,12,train,2025-03-22T02:48:00Z
W004023,L0161,23,300,621,32,12,train,2025-03-22T02:56:00Z
W004024,L0161,24,300,621,32,12,train,2025-03-22T03:04:00Z
W004025,L0161,25,300,621,32,12,train,2025-03-22T03:12:00Z
W004026,L0162,1,300,621,32,12,train,2025-03-22T12:00:00Z
W004027,L0162,2,300,621,32,12,train,2025-03-22T12:08:00Z
W004028,L0162,3,300,621,32,12,train,2025-03-22T12:16:00Z
W004029,L0162,4,300,621,32,12,train,2025-03-22T12:24:00Z
W004030,L0162,5,300,621,32,12,train,2025-03-22T12:32:00Z
W004031,L0162,6,300,621,32,12,train,2025-03-22T12:40:00Z
W004032,L0162,7,300,621,32,12,train,2025-03-22T12:48:00Z
W004033,L0162,8,300,621,32,12,train,2025-03-22T12:56:00Z
W004034,L0162,9,300,621,32,12,train,2025-03-22T13:04:00Z
W004035,L0162,10,300,621,32,12,train,2025-03-22T13:12:00Z
W004036,L0162,11,300,621,32,12,train,2025-03-22T13:20:00Z
W004037,L0162,12,300,621,32,12,train,2025-03-22T13:28:00Z
W004038,L0162,13,300,621,32,12,train,2025-03-22T13:36:00Z
W004039,L0162,14,300,621,32,12,train,2025-03-22T13:44:00Z
W004040,L0162,15,300,621,32,12,train,2025-03-22T13:52:00Z
W004041,L0162,16,300,621,32,12,train,2025-03-22T14:00:00Z
W004042,L0162,17,300,621,32,12,train,2025-03-22T14:08:00Z
W004043,L0162,18,300,621,32,12,train,2025-03-22T14:16:00Z
W004044,L0162,19,300,621,32,12,train,2025-03-22T14:24:00Z
W004045,L0162,20,300,621,32,12,train,2025-03-22T14:32:00Z
W004046,L0162,21,300,621,32,12,train,2025-03-22T14:40:00Z
W004047,L0162,22,300,621,32,12,train,2025-03-22T14:48:00Z
W004048,L0162,23,300,621,32,12,train,2025-03-22T14:56:00Z
W004049,L0162,24,300,621,32,12,train,2025-03-22T15:04:00Z
W004050,L0162,25,300,621,32,12,train,2025-03-22T15:12:00Z
W004051,L0163,1,300,621,32,12,train,2025-03-23T00:00:00Z
W004052,L0163,2,300,621,32,12,train,2025-03-23T00:08:00Z
W004053,L0163,3,300,621,32,12,train,2025-03-23T00:16:00Z
W004054,L0163,4,300,621,32,12,train,2025-03-23T00:24:00Z
W004055,L0163,5,300,621,32,12,train,2025-03-23T00:32:00Z
W004056,L0163,6,300,621,32,12,train,2025-03-23T00:40:00Z
W004057,L0163,7,300,621,32,12,train,2025-03-23T00:48:00Z
W004058,L0163,8,300,621,32,12,train,2025-03-23T00:56:00Z
W004059,L0163,9,300,621,32,12,train,2025-03-23T01:04:00Z
W004060,L0163,10,300,621,32,12,train,2025-03-23T01:12:00Z
W004061,L0163,11,300,621,32,12,train,2025-03-23T01:20:00Z
W004062,L0163,12,300,621,32,12,train,2025-03-23T01:28:00Z
W004063,L0163,13,300,621,32,12,train,2025-03-23T01:36:00Z
W004064,L0163,14,300,621,32,12,train,2025-03-23T01:44:00Z
W004065,L0163,15,300,621,32,12,train,2025-03-23T01:52:00Z
W004066,L0163,16,300,621,32,12,train,2025-03-23T02:00:00Z
W004067,L0163,17,300,621,32,12,train,2025-03-23T02:08:00Z
W004068,L0163,18,300,621,32,12,train,2025-03-23T02:16:00Z
W004069,L0163,19,300,621,32,12,train,2025-03-23T02:24:00Z
W004070,L0163,20,300,621,32,12,train,2025-03-23T02:32:00Z
W004071,L0163,21,300,621,32,12,train,2025-03-23T02:40:00Z
W004072,L0163,22,300,621,32,12,train,2025-03-23T02:48:00Z
W004073,L0163,23,300,621,32,12,train,2025-03-23T02:56:00Z
W004074,L0163,24,300,621,32,12,train,2025-03-23T03:04:00Z
W004075,L0163,25,300,621,32,12,train,2025-03-23T03:12:00Z
W004076,L0164,1,300,621,32,8,train,2025-03-23T12:00:00Z
W004077,L0164,2,300,621,32,8,train,2025-03-23T12:08:00Z
W004078,L0164,3,300,621,32,8,train,2025-03-23T12:16:00Z
W004079,L0164,4,300,621,32,8,train,2025-03-23T12:24:00Z
W004080,L0164,5,300,621,32,8,train,2025-03-23T12:32:00Z
W004081,L0164,6,300,621,32,8,train,2025-03-23T12:40:00Z
W004082,L0164,7,300,621,32,8,train,2025-03-23T12:48:00Z
W004083,L0164,8,300,621,32,8,train,2025-03-23T12:56:00Z
W004084,L0164,9,300,621,32,8,train,2025-03-23T13:04:00Z
W004085,L0164,10,300,621,32,8,train,2025-03-23T13:12:00Z
W004086,L0164,11,300,621,32,8,train,2025-03-23T13:20:00Z
W004087,L0164,12,300,621,32,8,train,2025-03-23T13:28:00Z
W004088,L0164,13,300,621,32,8,train,2025-03-23T13:36:00Z
W004089,L0164,14,300,621,32,8,train,2025-03-23T13:44:00Z
W004090,L0164,15,300,621,32,8,train,2025-03-23T13:52:00Z
W004091,L0164,16,300,621,32,8,train,2025-03-23T14:00:00Z
W004092,L0164,17,300,621,32,8,train,2025-03-23T14:08:00Z
W004093,L0164,18,300,621,32,8,train,2025-03-23T14:16:00Z
W004094,L0164,19,300,621,32,8,train,2025-03-23T14:24:00Z
W004095,L0164,20,300,621,32,8,train,2025-03-23T14:32:00Z
W004096,L0164,21,300,621,32,8,train,2025-03-23T14:40:00Z
W004097,L0164,22,300,621,32,8,train,2025-03-23T14:48:00Z
W004098,L0164,23,300,621,32,8,train,2025-03-23T14:56:00Z
W004099,L0164,24,300,621,32,8,train,2025-03-23T15:04:00Z
W004100,L0164,25,300,621,32,8,train,2025-03-23T15:12:00Z
W004101,L0165,1,300,621,32,8,train,2025-03-24T00:00:00Z
W004102,L0165,2,300,621,32,8,train,2025-03-24T00:08:00Z
W004103,L0165,3,300,621,32,8,train,2025-03-24T00:16:00Z
W004104,L0165,4,300,621,32,8,train,2025-03-24T00:24:00Z
W004105,L0165,5,300,621,32,8,train,2025-03-24T00:32:00Z
W004106,L0165,6,300,621,32,8,train,2025-03-24T00:40:00Z
W004107,L0165,7,300,621,32,8,train,2025-03-24T00:48:00Z
W004108,L0165,8,300,621,32,8,train,2025-03-24T00:56:00Z
W004109,L0165,9,300,621,32,8,train,2025-03-24T01:04:00Z
W004110,L0165,10,300,621,32,8,train,2025-03-24T01:12:00Z
W004111,L0165,11,300,621,32,8,train,2025-03-24T01:20:00Z
W004112,L0165,12,300,621,32,8,train,2025-03-24T01:28:00Z
W004113,L0165,13,300,621,32,8,train,2025-03-24T01:36:00Z
W004114,L0165,14,300,621,32,8,train,2025-03-24T01:44:00Z
W004115,L0165,15,300,621,32,8,train,2025-03-24T01:52:00Z
W004116,L0165,16,300,621,32,8,train,2025-03-24T02:00:00Z
W004117,L0165,17,300,621,32,8,train,2025-03-24T02:08:00Z
W004118,L0165,18,300,621,32,8,train,2025-03-24T02:16:00Z
W004119,L0165,19,300,621,32,8,train,2025-03-24T02:24:00Z
W004120,L0165,20,300,621,32,8,train,2025-03-24T02:32:00Z
W004121,L0165,21,300,621,32,8,train,2025-03-24T02:40:00Z
W004122,L0165,22,300,621,32,8,train,2025-03-24T02:48:00Z
W004123,L0165,23,300,621,32,8,train,2025-03-24T02:56:00Z
W004124,L0165,24,300,621,32,8,train,2025-03-24T03:04:00Z
W004125,L0165,25,300,621,32,8,train,2025-03-24T03:12:00Z
W004126,L0166,1,300,621,32,8,train,2025-03-24T12:00:00Z
W004127,L0166,2,300,621,32,8,train,2025-03-24T12:08:00Z
W004128,L0166,3,300,621,32,8,train,2025-03-24T12:16:00Z
W004129,L0166,4,300,621,32,8,train,2025-03-24T12:24:00Z
W004130,L0166,5,300,621,32,8,train,2025-03-24T12:32:00Z
W004131,L0166,6,300,621,32,8,train,2025-03-24T12:40:00Z
W004132,L0166,7,300,621,32,8,train,2025-03-24T12:48:00Z
W004133,L0166,8,300,621,32,8,train,2025-03-24T12:56:00Z
W004134,L0166,9,300,621,32,8,train,2025-03-24T13:04:00Z
W004135,L0166,10,300,621,32,8,train,2025-03-24T13:12:00Z
W004136,L0166,11,300,621,32,8,train,2025-03-24T13:20:00Z
W004137,L0166,12,300,621,32,8,train,2025-03-24T13:28:00Z
W004138,L0166,13,300,621,32,8,train,2025-03-24T13:36:00Z
W004139,L0166,14,300,621,32,8,train,2025-03-24T13:44:00Z
W004140,L0166,15,300,621,32,8,train,2025-03-24T13:52:00Z
W004141,L0166,16,300,621,32,8,train,2025-03-24T14:00:00Z
W004142,L0166,17,300,621,32,8,train,2025-03-24T14:08:00Z
W004143,L0166,18,300,621,32,8,train,2025-03-24T14:16:00Z
W004144,L0166,19,300,621,32,8,train,2025-03-24T14:24:00Z
W004145,L0166,20,300,621,32,8,train,2025-03-24T14:32:00Z
W004146,L0166,21,300,621,32,8,train,2025-03-24T14:40:00Z
W004147,L0166,22,300,621,32,8,train,2025-03-24T14:48:00Z
W004148,L0166,23,300,621,32,8,train,2025-03-24T14:56:00Z
W004149,L0166,24,300,621,32,8,train,2025-03-24T15:04:00Z
W004150,L0166,25,300,621,32,8,train,2025-03-24T15:12:00Z
W004151,L0167,1,300,621,32,8,train,2025-03-25T00:00:00Z
W004152,L0167,2,300,621,32,8,train,2025-03-25T00:08:00Z
W004153,L0167,3,300,621,32,8,train,2025-03-25T00:16:00Z
W004154,L0167,4,300,621,32,8,train,2025-03-25T00:24:00Z
W004155,L0167,5,300,621,32,8,train,2025-03-25T00:32:00Z
W004156,L0167,6,300,621,32,8,train,2025-03-25T00:40:00Z
W004157,L0167,7,300,621,32,8,train,2025-03-25T00:48:00Z
W004158,L0167,8,300,621,32,8,train,2025-03-25T00:56:00Z
W004159,L0167,9,300,621,32,8,train,2025-03-25T01:04:00Z
W004160,L0167,10,300,621,32,8,train,2025-03-25T01:12:00Z
W004161,L0167,11,300,621,32,8,train,2025-03-25T01:20:00Z
W004162,L0167,12,300,621,32,8,train,2025-03-25T01:28:00Z
W004163,L0167,13,300,621,32,8,train,2025-03-25T01:36:00Z
W004164,L0167,14,300,621,32,8,train,2025-03-25T01:44:00Z
W004165,L0167,15,300,621,32,8,train,2025-03-25T01:52:00Z
W004166,L0167,16,300,621,32,8,train,2025-03-25T02:00:00Z
W004167,L0167,17,300,621,32,8,train,2025-03-25T02:08:00Z
W004168,L0167,18,300,621,32,8,train,2025-03-25T02:16:00Z
W004169,L0167,19,300,621,32,8,train,2025-03-25T02:24:00Z
W004170,L0167,20,300,621,32,8,train,2025-03-25T02:32:00Z
W004171,L0167,21,300,621,32,8,train,2025-03-25T02:40:00Z
W004172,L0167,22,300,621,32,8,train,2025-03-25T02:48:00Z
W004173,L0167,23,300,621,32,8,train,2025-03-25T02:56:00Z
W004174,L0167,24,300,621,32,8,train,2025-03-25T03:04:00Z
W004175,L0167,25,300,621,32,8,train,2025-03-25T03:12:00Z
W004176,L0168,1,300,621,32,12,train,2025-03-25T12:00:00Z
W004177,L0168,2,300,621,32,12,train,2025-03-25T12:08:00Z
W004178,L0168,3,300,621,32,12,train,2025-03-25T12:16:00Z
W004179,L0168,4,300,621,32,12,train,2025-03-25T12:24:00Z
W004180,L0168,5,300,621,32,12,train,2025-03-25T12:32:00Z
W004181,L0168,6,300,621,32,12,train,2025-03-25T12:40:00Z
W004182,L0168,7,300,621,32,12,train,2025-03-25T12:48:00Z
W004183,L0168,8,300,621,32,12,train,2025-03-25T12:56:00Z
W004184,L0168,9,300,621,32,12,train,2025-03-25T13:04:00Z
W004185,L0168,10,300,621,32,12,train,2025-03-25T13:12:00Z
W004186,L0168,11,300,621,32,12,train,2025-03-25T13:20:00Z
W004187,L0168,12,300,621,32,12,train,2025-03-25T13:28:00Z
W004188,L0168,13,300,621,32,12,train,2025-03-25T13:36:00Z
W004189,L0168,14,300,621,32,12,train,2025-03-25T13:44:00Z
W004190,L0168,15,300,621,32,12,train,2025-03-25T13:52:00Z
W004191,L0168,16,300,621,32,12,train,2025-03-25T14:00:00Z
W004192,L0168,17,300,621,32,12,train,2025-03-25T14:08:00Z
W004193,L0168,18,300,621,32,12,train,2025-03-25T14:16:00Z
W004194,L0168,19,300,621,32,12,train,2025-03-25T14:24:00Z
W004195,L0168,20,300,621,32,12,train,2025-03-25T14:32:00Z
W004196,L0168,21,300,621,32,12,train,2025-03-25T14:40:00Z
W004197,L0168,22,300,621,32,12,train,2025-03-25T14:48:00Z
W004198,L0168,23,300,621,32,12,train,2025-03-25T14:56:00Z
W004199,L0168,24,300,621,32,12,train,2025-03-25T15:04:00Z
W004200,L0168,25,300,621,32,12,train,2025-03-25T15:12:00Z
W004201,L0169,1,300,621,32,8,validation,2025-04-16T00:00:00Z
W004202,L0169,2,300,621,32,8,validation,2025-04-16T00:08:00Z
W004203,L0169,3,300,621,32,8,validation,2025-04-16T00:16:00Z
W004204,L0169,4,300,621,32,8,validation,2025-04-16T00:24:00Z
W004205,L0169,5,300,621,32,8,validation,2025-04-16T00:32:00Z
W004206,L0169,6,300,621,32,8,validation,2025-04-16T00:40:00Z
W004207,L0169,7,300,621,32,8,validation,2025-04-16T00:48:00Z
W004208,L0169,8,300,621,32,8,validation,2025-04-16T00:56:00Z
W004209,L0169,9,300,621,32,8,validation,2025-04-16T01:04:00Z
W004210,L0169,10,300,621,32,8,validation,2025-04-16T01:12:00Z
W004211,L0169,11,300,621,32,8,validation,2025-04-16T01:20:00Z
W004212,L0169,12,300,621,32,8,validation,2025-04-16T01:28:00Z
W004213,L0169,13,300,621,32,8,validation,2025-04-16T01:36:00Z
W004214,L0169,14,300,621,32,8,validation,2025-04-16T01:44:00Z
W004215,L0169,15,300,621,32,8,validation,2025-04-16T01:52:00Z
W004216,L0169,16,300,621,32,8,validation,2025-04-16T02:00:00Z
W004217,L0169,17,300,621,32,8,validation,2025-04-16T02:08:00Z
W004218,L0169,18,300,621,32,8,validation,2025-04-16T02:16:00Z
W004219,L0169,19,300,621,32,8,validation,2025-04-16T02:24:00Z
W004220,L0169,20,300,621,32,8,validation,2025-04-16T02:32:00Z
W004221,L0169,21,300,621,32,8,validation,2025-04-16T02:40:00Z
W004222,L0169,22,300,621,32,8,validation,2025-04-16T02:48:00Z
W004223,L0169,23,300,621,32,8,validation,2025-04-16T02:56:00Z
W004224,L0169,24,300,621,32,8,validation,2025-04-16T03:04:00Z
W004225,L0169,25,300,621,32,8,validation,2025-04-16T03:12:00Z
W004226,L0170,1,300,621,32,8,validation,2025-04-16T12:00:00Z
W004227,L0170,2,300,621,32,8,validation,2025-04-16T12:08:00Z
W004228,L0170,3,300,621,32,8,validation,2025-04-16T12:16:00Z
W004229,L0170,4,300,621,32,8,validation,2025-04-16T12:24:00Z
W004230,L0170,5,300,621,32,8,validation,2025-04-16T12:32:00Z
W004231,L0170,6,300,621,32,8,validation,2025-04-16T12:40:00Z
W004232,L0170,7,300,621,32,8,validation,2025-04-16T12:48:00Z
W004233,L0170,8,300,621,32,8,validation,2025-04-16T12:56:00Z
W004234,L0170,9,300,621,32,8,validation,2025-04-16T13:04:00Z
W004235,L0170,10,300,621,32,8,validation,2025-04-16T13:12:00Z
W004236,L0170,11,300,621,32,8,validation,2025-04-16T13:20:00Z
W004237,L0170,12,300,621,32,8,validation,2025-04-16T13:28:00Z
W004238,L0170,13,300,621,32,8,validation,2025-04-16T13:36:00Z
W004239,L0170,14,300,621,32,8,validation,2025-04-16T13:44:00Z
W004240,L0170,15,300,621,32,8,validation,2025-04-16T13:52:00Z
W004241,L0170,16,300,621,32,8,validation,2025-04-16T14:00:00Z
W004242,L0170,17,300,621,32,8,validation,2025-04-16T14:08:00Z
W004243,L0170,18,300,621,32,8,validation,2025-04-16T14:16:00Z
W004244,L0170,19,300,621,32,8,validation,2025-04-16T14:24:00Z
W004245,L0170,20,300,621,32,8,validation,2025-04-16T14:32:00Z
W004246,L0170,21,300,621,32,8,validation,2025-04-16T14:40:00Z
W004247,L0170,22,300,621,32,8,validation,2025-04-16T14:48:00Z
W004248,L0170,23,300,621,32,8,validation,2025-04-16T14:56:00Z
W004249,L0170,24,300,621,32,8,validation,2025-04-16T15:04:00Z
W004250,L0170,25,300,621,32,8,validation,2025-04-16T15:12:00Z
W004251,L0171,1,300,621,32,8,validation,2025-04-17T00:00:00Z
W004252,L0171,2,300,621,32,8,validation,2025-04-17T00:08:00Z
W004253,L0171,3,300,621,32,8,validation,2025-04-17T00:16:00Z
W004254,L0171,4,300,621,32,8,validation,2025-04-17T00:24:00Z
W004255,L0171,5,300,621,32,8,validation,2025-04-17T00:32:00Z
W004256,L0171,6,300,621,32,8,validation,2025-04-17T00:40:00Z
W004257,L0171,7,300,621,32,8,validation,2025-04-17T00:48:00Z
W004258,L0171,8,300,621,32,8,validation,2025-04-17T00:56:00Z
W004259,L0171,9,300,621,32,8,validation,2025-04-17T01:04:00Z
W004260,L0171,10,300,621,32,8,validation,2025-04-17T01:12:00Z
W004261,L0171,11,300,621,32,8,validation,2025-04-17T01:20:00Z
W004262,L0171,12,300,621,32,8,validation,2025-04-17T01:28:00Z
W004263,L0171,13,300,621,32,8,validation,2025-04-17T01:36:00Z
W004264,L0171,14,300,621,32,8,validation,2025-04-17T01:44:00Z
W004265,L0171,15,300,621,32,8,validation,2025-04-17T01:52:00Z
W004266,L0171,16,300,621,32,8,validation,2025-04-17T02:00:00Z
W004267,L0171,17,300,621,32,8,validation,2025-04-17T02:08:00Z
W004268,L0171,18,300,621,32,8,validation,2025-04-17T02:16:00Z
W004269,L0171,19,300,621,32,8,validation,2025-04-17T02:24:00Z
W004270,L0171,20,300,621,32,8,validation,2025-04-17T02:32:00Z
W004271,L0171,21,300,621,32,8,validation,2025-04-17T02:40:00Z
W004272,L0171,22,300,621,32,8,validation,2025-04-17T02:48:00Z
W004273,L0171,23,300,621,32,8,validation,2025-04-17T02:56:00Z
W004274,L0171,24,300,621,32,8,validation,2025-04-17T03:04:00Z
W004275,L0171,25,300,621,32,8,validation,2025-04-17T03:12:00Z
W004276,L0172,1,300,621,32,12,validation,2025-04-17T12:00:00Z
W004277,L0172,2,300,621,32,12,validation,2025-04-17T12:08:00Z
W004278,L0172,3,300,621,32,12,validation,2025-04-17T12:16:00Z
W004279,L0172,4,300,621,32,12,validation,2025-04-17T12:24:00Z
W004280,L0172,5,300,621,32,12,validation,2025-04-17T12:32:00Z
W004281,L0172,6,300,621,32,12,validation,2025-04-17T12:40:00Z
W004282,L0172,7,300,621,32,12,validation,2025-04-17T12:48:00Z
W004283,L0172,8,300,621,32,12,validation,2025-04-17T12:56:00Z
W004284,L0172,9,300,621,32,12,validation,2025-04-17T13:04:00Z
W004285,L0172,10,300,621,32,12,validation,2025-04-17T13:12:00Z
W004286,L0172,11,300,621,32,12,validation,2025-04-17T13:20:00Z
W004287,L0172,12,300,621,32,12,validation,2025-04-17T13:28:00Z
W004288,L0172,13,300,621,32,12,validation,2025-04-17T13:36:00Z
W004289,L0172,14,300,621,32,12,validation,2025-04-17T13:44:00Z
W004290,L0172,15,300,621,32,12,validation,2025-04-17T13:52:00Z
W004291,L0172,16,300,621,32,12,validation,2025-04-17T14:00:00Z
W004292,L0172,17,300,621,32,12,validation,2025-04-17T14:08:00Z
W004293,L0172,18,300,621,32,12,validation,2025-04-17T14:16:00Z
W004294,L0172,19,300,621,32,12,validation,2025-04-17T14:24:00Z
W004295,L0172,20,300,621,32,12,validation,2025-04-17T14:32:00Z
W004296,L0172,21,300,621,32,12,validation,2025-04-17T14:40:00Z
W004297,L0172,22,300,621,32,12,validation,2025-04-17T14:48:00Z
W004298,L0172,23,300,621,32,12,validation,2025-04-17T14:56:00Z
W004299,L0172,24,300,621,32,12,validation,2025-04-17T15:04:00Z
W004300,L0172,25,300,621,32,12,validation,2025-04-17T15:12:00Z
W004301,L0173,1,300,621,32,8,validation,2025-04-18T00:00:00Z
W004302,L0173,2,300,621,32,8,validation,2025-04-18T00:08:00Z
W004303,L0173,3,300,621,32,8,validation,2025-04-18T00:16:00Z
W004304,L0173,4,300,621,32,8,validation,2025-04-18T00:24:00Z
W004305,L0173,5,300,621,32,8,validation,2025-04-18T00:32:00Z
W004306,L0173,6,300,621,32,8,validation,2025-04-18T00:40:00Z
W004307,L0173,7,300,621,32,8,validation,2025-04-18T00:48:00Z
W004308,L0173,8,300,621,32,8,validation,2025-04-18T00:56:00Z
W004309,L0173,9,300,621,32,8,validation,2025-04-18T01:04:00Z
W004310,L0173,10,300,621,32,8,validation,2025-04-18T01:12:00Z
W004311,L0173,11,300,621,32,8,validation,2025-04-18T01:20:00Z
W004312,L0173,12,300,621,32,8,validation,2025-04-18T01:28:00Z
W004313,L0173,13,300,621,32,8,validation,2025-04-18T01:36:00Z
W004314,L0173,14,300,621,32,8,validation,2025-04-18T01:44:00Z
W004315,L0173,15,300,621,32,8,validation,2025-04-18T01:52:00Z
W004316,L0173,16,300,621,32,8,validation,2025-04-18T02:00:00Z
W004317,L0173,17,300,621,32,8,validation,2025-04-18T02:08:00Z
W004318,L0173,18,300,621,32,8,validation,2025-04-18T02:16:00Z
W004319,L0173,19,300,621,32,8,validation,2025-04-18T02:24:00Z
W004320,L0173,20,300,621,32,8,validation,2025-04-18T02:32:00Z
W004321,L0173,21,300,621,32,8,validation,2025-04-18T02:40:00Z
W004322,L0173,22,300,621,32,8,validation,2025-04-18T02:48:00Z
W004323,L0173,23,300,621,32,8,validation,2025-04-18T02:56:00Z
W004324,L0173,24,300,621,32,8,validation,2025-04-18T03:04:00Z
W004325,L0173,25,300,621,32,8,validation,2025-04-18T03:12:00Z
W004326,L0174,1,300,621,32,12,validation,2025-04-18T12:00:00Z
W004327,L0174,2,300,621,32,12,validation,2025-04-18T12:08:00Z
W004328,L0174,3,300,621,32,12,validation,2025-04-18T12:16:00Z
W004329,L0174,4,300,621,32,12,validation,2025-04-18T12:24:00Z
W004330,L0174,5,300,621,32,12,validation,2025-04-18T12:32:00Z
W004331,L0174,6,300,621,32,12,validation,2025-04-18T12:40:00Z
W004332,L0174,7,300,621,32,12,validation,2025-04-18T12:48:00Z
W004333,L0174,8,300,621,32,12,validation,2025-04-18T12:56:00Z
W004334,L0174,9,300,621,32,12,validation,2025-04-18T13:04:00Z
W004335,L0174,10,300,621,32,12,validation,2025-04-18T13:12:00Z
W004336,L0174,11,300,621,32,12,validation,2025-04-18T13:20:00Z
W004337,L0174,12,300,621,32,12,validation,2025-04-18T13:28:00Z
W004338,L0174,13,300,621,32,12,validation,2025-04-18T13:36:00Z
W004339,L0174,14,300,621,32,12,validation,2025-04-18T13:44:00Z
W004340,L0174,15,300,621,32,12,validation,2025-04-18T13:52:00Z
W004341,L0174,16,300,621,32,12,validation,2025-04-18T14:00:00Z
W004342,L0174,17,300,621,32,12,validation,2025-04-18T14:08:00Z
W004343,L0174,18,300,621,32,12,validation,2025-04-18T14:16:00Z
W004344,L0174,19,300,621,32,12,validation,2025-04-18T14:24:00Z
W004345,L0174,20,300,621,32,12,validation,2025-04-18T14:32:00Z
W004346,L0174,21,300,621,32,12,validation,2025-04-18T14:40:00Z
W004347,L0174,22,300,621,32,12,validation,2025-04-18T14:48:00Z
W004348,L0174,23,300,621,32,12,validation,2025-04-18T14:56:00Z
W004349,L0174,24,300,621,32,12,validation,2025-04-18T15:04:00Z
W004350,L0174,25,300,621,32,12,validation,2025-04-18T15:12:00Z
W004351,L0175,1,300,621,32,12,validation,2025-04-19T00:00:00Z
W004352,L0175,2,300,621,32,12,validation,2025-04-19T00:08:00Z
W004353,L0175,3,300,621,32,12,validation,2025-04-19T00:16:00Z
W004354,L0175,4,300,621,32,12,validation,2025-04-19T00:24:00Z
W004355,L0175,5,300,621,32,12,validation,2025-04-19T00:32:00Z
W004356,L0175,6,300,621,32,12,validation,2025-04-19T00:40:00Z
W004357,L0175,7,300,621,32,12,validation,2025-04-19T00:48:00Z
W004358,L0175,8,300,621,32,12,validation,2025-04-19T00:56:00Z
W004359,L0175,9,300,621,32,12,validation,2025-04-19T01:04:00Z
W004360,L0175,10,300,621,32,12,validation,2025-04-19T01:12:00Z
W004361,L0175,11,300,621,32,12,validation,2025-04-19T01:20:00Z
W004362,L0175,12,300,621,32,12,validation,2025-04-19T01:28:00Z
W004363,L0175,13,300,621,32,12,validation,2025-04-19T01:36:00Z
W004364,L0175,14,300,621,32,12,validation,2025-04-19T01:44:00Z
W004365,L0175,15,300,621,32,12,validation,2025-04-19T01:52:00Z
W004366,L0175,16,300,621,32,12,validation,2025-04-19T02:00:00Z
W004367,L0175,17,300,621,32,12,validation,2025-04-19T02:08:00Z
W004368,L0175,18,300,621,32,12,validation,2025-04-19T02:16:00Z
W004369,L0175,19,300,621,32,12,validation,2025-04-19T02:24:00Z
W004370,L0175,20,300,621,32,12,validation,2025-04-19T02:32:00Z
W004371,L0175,21,300,621,32,12,validation,2025-04-19T02:40:00Z
W004372,L0175,22,300,621,32,12,validation,2025-04-19T02:48:00Z
W004373,L0175,23,300,621,32,12,validation,2025-04-19T02:56:00Z
W004374,L0175,24,300,621,32,12,validation,2025-04-19T03:04:00Z
W004375,L0175,25,300,621,32,12,validation,2025-04-19T03:12:00Z
W004376,L0176,1,300,621,32,8,validation,2025-04-19T12:00:00Z
W004377,L0176,2,300,621,32,8,validation,2025-04-19T12:08:00Z
W004378,L0176,3,300,621,32,8,validation,2025-04-19T12:16:00Z
W004379,L0176,4,300,621,32,8,validation,2025-04-19T12:24:00Z
W004380,L0176,5,300,621,32,8,validation,2025-04-19T12:32:00Z
W004381,L0176,6,300,621,32,8,validation,2025-04-19T12:40:00Z
W004382,L0176,7,300,621,32,8,validation,2025-04-19T12:48:00Z
W004383,L0176,8,300,621,32,8,validation,2025-04-19T12:56:00Z
W004384,L0176,9,300,621,32,8,validation,2025-04-19T13:04:00Z
W004385,L0176,10,300,621,32,8,validation,2025-04-19T13:12:00Z
W004386,L0176,11,300,621,32,8,validation,2025-04-19T13:20:00Z
W004387,L0176,12,300,621,32,8,validation,2025-04-19T13:28:00Z
W004388,L0176,13,300,621,32,8,validation,2025-04-19T13:36:00Z
W004389,L0176,14,300,621,32,8,validation,2025-04-19T13:44:00Z
W004390,L0176,15,300,621,32,8,validation,2025-04-19T13:52:00Z
W004391,L0176,16,300,621,32,8,validation,2025-04-19T14:00:00Z
W004392,L0176,17,300,621,32,8,validation,2025-04-19T14:08:00Z
W004393,L0176,18,300,621,32,8,validation,2025-04-19T14:16:00Z
W004394,L0176,19,300,621,32,8,validation,2025-04-19T14:24:00Z
W004395,L0176,20,300,621,32,8,validation,2025-04-19T14:32:00Z
W004396,L0176,21,300,621,32,8,validation,2025-04-19T14:40:00Z
W004397,L0176,22,300,621,32,8,validation,2025-04-19T14:48:00Z
W004398,L0176,23,300,621,32,8,validation,2025-04-19T14:56:00Z
W004399,L0176,24,300,621,32,8,validation,2025-04-19T15:04:00Z
W004400,L0176,25,300,621,32,8,validation,2025-04-19T15:12:00Z
W004401,L0177,1,300,621,32,12,validation,2025-04-20T00:00:00Z
W004402,L0177,2,300,621,32,12,validation,2025-04-20T00:08:00Z
W004403,L0177,3,300,621,32,12,validation,2025-04-20T00:16:00Z
W004404,L0177,4,300,621,32,12,validation,2025-04-20T00:24:00Z
W004405,L0177,5,300,621,32,12,validation,2025-04-20T00:32:00Z
W004406,L0177,6,300,621,32,12,validation,2025-04-20T00:40:00Z
W004407,L0177,7,300,621,32,12,validation,2025-04-20T00:48:00Z
W004408,L0177,8,300,621,32,12,validation,2025-04-20T00:56:00Z
W004409,L0177,9,300,621,32,12,validation,2025-04-20T01:04:00Z
W004410,L0177,10,300,621,32,12,validation,2025-04-20T01:12:00Z
W004411,L0177,11,300,621,32,12,validation,2025-04-20T01:20:00Z
W004412,L0177,12,300,621,32,12,validation,2025-04-20T01:28:00Z
W004413,L0177,13,300,621,32,12,validation,2025-04-20T01:36:00Z
W004414,L0177,14,300,621,32,12,validation,2025-04-20T01:44:00Z
W004415,L0177,15,300,621,32,12,validation,2025-04-20T01:52:00Z
W004416,L0177,16,300,621,32,12,validation,2025-04-20T02:00:00Z
W004417,L0177,17,300,621,32,12,validation,2025-04-20T02:08:00Z
W004418,L0177,18,300,621,32,12,validation,2025-04-20T02:16:00Z
W004419,L0177,19,300,621,32,12,validation,2025-04-20T02:24:00Z
W004420,L0177,20,300,621,32,12,validation,2025-04-20T02:32:00Z
W004421,L0177,21,300,621,32,12,validation,2025-04-20T02:40:00Z
W004422,L0177,22,300,621,32,12,validation,2025-04-20T02:48:00Z
W004423,L0177,23,300,621,32,12,validation,2025-04-20T02:56:00Z
W004424,L0177,24,300,621,32,12,validation,2025-04-20T03:04:00Z
W004425,L0177,25,300,621,32,12,validation,2025-04-20T03:12:00Z
W004426,L0178,1,300,621,32,12,validation,2025-04-20T12:00:00Z
W004427,L0178,2,300,621,32,12,validation,2025-04-20T12:08:00Z
W004428,L0178,3,300,621,32,12,validation,2025-04-20T12:16:00Z
W004429,L0178,4,300,621,32,12,validation,2025-04-20T12:24:00Z
W004430,L0178,5,300,621,32,12,validation,2025-04-20T12:32:00Z
W004431,L0178,6,300,621,32,12,validation,2025-04-20T12:40:00Z
W004432,L0178,7,300,621,32,12,validation,2025-04-20T12:48:00Z
W004433,L0178,8,300,621,32,12,validation,2025-04-20T12:56:00Z
W004434,L0178,9,300,621,32,12,validation,2025-04-20T13:04:00Z
W004435,L0178,10,300,621,32,12,validation,2025-04-20T13:12:00Z
W004436,L0178,11,300,621,32,12,validation,2025-04-20T13:20:00Z
W004437,L0178,12,300,621,32,12,validation,2025-04-20T13:28:00Z
W004438,L0178,13,300,621,32,12,validation,2025-04-20T13:36:00Z
W004439,L0178,14,300,621,32,12,validation,2025-04-20T13:44:00Z
W004440,L0178,15,300,621,32,12,validation,2025-04-20T13:52:00Z
W004441,L0178,16,300,621,32,12,validation,2025-04-20T14:00:00Z
W004442,L0178,17,300,621,32,12,validation,2025-04-20T14:08:00Z
W004443,L0178,18,300,621,32,12,validation,2025-04-20T14:16:00Z
W004444,L0178,19,300,621,32,12,validation,2025-04-20T14:24:00Z
W004445,L0178,20,300,621,32,12,validation,2025-04-20T14:32:00Z
W004446,L0178,21,300,621,32,12,validation,2025-04-20T14:40:00Z
W004447,L0178,22,300,621,32,12,validation,2025-04-20T14:48:00Z
W004448,L0178,23,300,621,32,12,validation,2025-04-20T14:56:00Z
W004449,L0178,24,300,621,32,12,validation,2025-04-20T15:04:00Z
W004450,L0178,25,300,621,32,12,validation,2025-04-20T15:12:00Z
W004451,L0179,1,300,621,32,12,validation,2025-04-21T00:00:00Z
W004452,L0179,2,300,621,32,12,validation,2025-04-21T00:08:00Z
W004453,L0179,3,300,621,32,12,validation,2025-04-21T00:16:00Z
W004454,L0179,4,300,621,32,12,validation,2025-04-21T00:24:00Z
W004455,L0179,5,300,621,32,12,validation,2025-04-21T00:32:00Z
W004456,L0179,6,300,621,32,12,validation,2025-04-21T00:40:00Z
W004457,L0179,7,300,621,32,12,validation,2025-04-21T00:48:00Z
W004458,L0179,8,300,621,32,12,validation,2025-04-21T00:56:00Z
W004459,L0179,9,300,621,32,12,validation,2025-04-21T01:04:00Z
W004460,L0179,10,300,621,32,12,validation,2025-04-21T01:12:00Z
W004461,L0179,11,300,621,32,12,validation,2025-04-21T01:20:00Z
W004462,L0179,12,300,621,32,12,validation,2025-04-21T01:28:00Z
W004463,L0179,13,300,621,32,12,validation,2025-04-21T01:36:00Z
W004464,L0179,14,300,621,32,12,validation,2025-04-21T01:44:00Z
W004465,L0179,15,300,621,32,12,validation,2025-04-21T01:52:00Z
W004466,L0179,16,300,621,32,12,validation,2025-04-21T02:00:00Z
W004467,L0179,17,300,621,32,12,validation,2025-04-21T02:08:00Z
W004468,L0179,18,300,621,32,12,validation,2025-04-21T02:16:00Z
W004469,L0179,19,300,621,32,12,validation,2025-04-21T02:24:00Z
W004470,L0179,20,300,621,32,12,validation,2025-04-21T02:32:00Z
W004471,L0179,21,300,621,32,12,validation,2025-04-21T02:40:00Z
W004472,L0179,22,300,621,32,12,validation,2025-04-21T02:48:00Z
W004473,L0179,23,300,621,32,12,validation,2025-04-21T02:56:00Z
W004474,L0179,24,300,621,32,12,validation,2025-04-21T03:04:00Z
W004475,L0179,25,300,621,32,12,validation,2025-04-21T03:12:00Z
W004476,L0180,1,300,621,32,12,validation,2025-04-21T12:00:00Z
W004477,L0180,2,300,621,32,12,validation,2025-04-21T12:08:00Z
W004478,L0180,3,300,621,32,12,validation,2025-04-21T12:16:00Z
W004479,L0180,4,300,621,32,12,validation,2025-04-21T12:24:00Z
W004480,L0180,5,300,621,32,12,validation,2025-04-21T12:32:00Z
W004481,L0180,6,300,621,32,12,validation,2025-04-21T12:40:00Z
W004482,L0180,7,300,621,32,12,validation,2025-04-21T12:48:00Z
W004483,L0180,8,300,621,32,12,validation,2025-04-21T12:56:00Z
W004484,L0180,9,300,621,32,12,validation,2025-04-21T13:04:00Z
W004485,L0180,10,300,621,32,12,validation,2025-04-21T13:12:00Z
W004486,L0180,11,300,621,32,12,validation,2025-04-21T13:20:00Z
W004487,L0180,12,300,621,32,12,validation,2025-04-21T13:28:00Z
W004488,L0180,13,300,621,32,12,validation,2025-04-21T13:36:00Z
W004489,L0180,14,300,621,32,12,validation,2025-04-21T13:44:00Z
W004490,L0180,15,300,621,32,12,validation,2025-04-21T13:52:00Z
W004491,L0180,16,300,621,32,12,validation,2025-04-21T14:00:00Z
W004492,L0180,17,300,621,32,12,validation,2025-04-21T14:08:00Z
W004493,L0180,18,300,621,32,12,validation,2025-04-21T14:16:00Z
W004494,L0180,19,300,621,32,12,validation,2025-04-21T14:24:00Z
W004495,L0180,20,300,621,32,12,validation,2025-04-21T14:32:00Z
W004496,L0180,21,300,621,32,12,validation,2025-04-21T14:40:00Z
W004497,L0180,22,300,621,32,12,validation,2025-04-21T14:48:00Z
W004498,L0180,23,300,621,32,12,validation,2025-04-21T14:56:00Z
W004499,L0180,24,300,621,32,12,validation,2025-04-21T15:04:00Z
W004500,L0180,25,300,621,32,12,validation,2025-04-21T15:12:00Z
W004501,L0181,1,300,621,32,12,validation,2025-04-22T00:00:00Z
W004502,L0181,2,300,621,32,12,validation,2025-04-22T00:08:00Z
W004503,L0181,3,300,621,32,12,validation,2025-04-22T00:16:00Z
W004504,L0181,4,300,621,32,12,validation,2025-04-22T00:24:00Z
W004505,L0181,5,300,621,32,12,validation,2025-04-22T00:32:00Z
W004506,L0181,6,300,621,32,12,validation,2025-04-22T00:40:00Z
W004507,L0181,7,300,621,32,12,validation,2025-04-22T00:48:00Z
W004508,L0181,8,300,621,32,12,validation,2025-04-22T00:56:00Z
W004509,L0181,9,300,621,32,12,validation,2025-04-22T01:04:00Z
W004510,L0181,10,300,621,32,12,validation,2025-04-22T01:12:00Z
W004511,L0181,11,300,621,32,12,validation,2025-04-22T01:20:00Z
W004512,L0181,12,300,621,32,12,validation,2025-04-22T01:28:00Z
W004513,L0181,13,300,621,32,12,validation,2025-04-22T01:36:00Z
W004514,L0181,14,300,621,32,12,validation,2025-04-22T01:44:00Z
W004515,L0181,15,300,621,32,12,validation,2025-04-22T01:52:00Z
W004516,L0181,16,300,621,32,12,validation,2025-04-22T02:00:00Z
W004517,L0181,17,300,621,32,12,validation,2025-04-22T02:08:00Z
W004518,L0181,18,300,621,32,12,validation,2025-04-22T02:16:00Z
W004519,L0181,19,300,621,32,12,validation,2025-04-22T02:24:00Z
W004520,L0181,20,300,621,32,12,validation,2025-04-22T02:32:00Z
W004521,L0181,21,300,621,32,12,validation,2025-04-22T02:40:00Z
W004522,L0181,22,300,621,32,12,validation,2025-04-22T02:48:00Z
W004523,L0181,23,300,621,32,12,validation,2025-04-22T02:56:00Z
W004524,L0181,24,300,621,32,12,validation,2025-04-22T03:04:00Z
W004525,L0181,25,300,621,32,12,validation,2025-04-22T03:12:00Z
W004526,L0182,1,300,621,32,12,validation,2025-04-22T12:00:00Z
W004527,L0182,2,300,621,32,12,validation,2025-04-22T12:08:00Z
W004528,L0182,3,300,621,32,12,validation,2025-04-22T12:16:00Z
W004529,L0182,4,300,621,32,12,validation,2025-04-22T12:24:00Z
W004530,L0182,5,300,621,32,12,validation,2025-04-22T12:32:00Z
W004531,L0182,6,300,621,32,12,validation,2025-04-22T12:40:00Z
W004532,L0182,7,300,621,32,12,validation,2025-04-22T12:48:00Z
W004533,L0182,8,300,621,32,12,validation,2025-04-22T12:56:00Z
W004534,L0182,9,300,621,32,12,validation,2025-04-22T13:04:00Z
W004535,L0182,10,300,621,32,12,validation,2025-04-22T13:12:00Z
W004536,L0182,11,300,621,32,12,validation,2025-04-22T13:20:00Z
W004537,L0182,12,300,621,32,12,validation,2025-04-22T13:28:00Z
W004538,L0182,13,300,621,32,12,validation,2025-04-22T13:36:00Z
W004539,L0182,14,300,621,32,12,validation,2025-04-22T13:44:00Z
W004540,L0182,15,300,621,32,12,validation,2025-04-22T13:52:00Z
W004541,L0182,16,300,621,32,12,validation,2025-04-22T14:00:00Z
W004542,L0182,17,300,621,32,12,validation,2025-04-22T14:08:00Z
W004543,L0182,18,300,621,32,12,validation,2025-04-22T14:16:00Z
W004544,L0182,19,300,621,32,12,validation,2025-04-22T14:24:00Z
W004545,L0182,20,300,621,32,12,validation,2025-04-22T14:32:00Z
W004546,L0182,21,300,621,32,12,validation,2025-04-22T14:40:00Z
W004547,L0182,22,300,621,32,12,validation,2025-04-22T14:48:00Z
W004548,L0182,23,300,621,32,12,validation,2025-04-22T14:56:00Z
W004549,L0182,24,300,621,32,12,validation,2025-04-22T15:04:00Z
W004550,L0182,25,300,621,32,12,validation,2025-04-22T15:12:00Z
W004551,L0183,1,300,621,32,8,validation,2025-04-23T00:00:00Z
W004552,L0183,2,300,621,32,8,validation,2025-04-23T00:08:00Z
W004553,L0183,3,300,621,32,8,validation,2025-04-23T00:16:00Z
W004554,L0183,4,300,621,32,8,validation,2025-04-23T00:24:00Z
W004555,L0183,5,300,621,32,8,validation,2025-04-23T00:32:00Z
W004556,L0183,6,300,621,32,8,validation,2025-04-23T00:40:00Z
W004557,L0183,7,300,621,32,8,validation,2025-04-23T00:48:00Z
W004558,L0183,8,300,621,32,8,validation,2025-04-23T00:56:00Z
W004559,L0183,9,300,621,32,8,validation,2025-04-23T01:04:00Z
W004560,L0183,10,300,621,32,8,validation,2025-04-23T01:12:00Z
W004561,L0183,11,300,621,32,8,validation,2025-04-23T01:20:00Z
W004562,L0183,12,300,621,32,8,validation,2025-04-23T01:28:00Z
W004563,L0183,13,300,621,32,8,validation,2025-04-23T01:36:00Z
W004564,L0183,14,300,621,32,8,validation,2025-04-23T01:44:00Z
W004565,L0183,15,300,621,32,8,validation,2025-04-23T01:52:00Z
W004566,L0183,16,300,621,32,8,validation,2025-04-23T02:00:00Z
W004567,L0183,17,300,621,32,8,validation,2025-04-23T02:08:00Z
W004568,L0183,18,300,621,32,8,validation,2025-04-23T02:16:00Z
W004569,L0183,19,300,621,32,8,validation,2025-04-23T02:24:00Z
W004570,L0183,20,300,621,32,8,validation,2025-04-23T02:32:00Z
W004571,L0183,21,300,621,32,8,validation,2025-04-23T02:40:00Z
W004572,L0183,22,300,621,32,8,validation,2025-04-23T02:48:00Z
W004573,L0183,23,300,621,32,8,validation,2025-04-23T02:56:00Z
W004574,L0183,24,300,621,32,8,validation,2025-04-23T03:04:00Z
W004575,L0183,25,300,621,32,8,validation,2025-04-23T03:12:00Z
W004576,L0184,1,300,621,32,8,validation,2025-04-23T12:00:00Z
W004577,L0184,2,300,621,32,8,validation,2025-04-23T12:08:00Z
W004578,L0184,3,300,621,32,8,validation,2025-04-23T12:16:00Z
W004579,L0184,4,300,621,32,8,validation,2025-04-23T12:24:00Z
W004580,L0184,5,300,621,32,8,validation,2025-04-23T12:32:00Z
W004581,L0184,6,300,621,32,8,validation,2025-04-23T12:40:00Z
W004582,L0184,7,300,621,32,8,validation,2025-04-23T12:48:00Z
W004583,L0184,8,300,621,32,8,validation,2025-04-23T12:56:00Z
W004584,L0184,9,300,621,32,8,validation,2025-04-23T13:04:00Z
W004585,L0184,10,300,621,32,8,validation,2025-04-23T13:12:00Z
W004586,L0184,11,300,621,32,8,validation,2025-04-23T13:20:00Z
W004587,L0184,12,300,621,32,8,validation,2025-04-23T13:28:00Z
W004588,L0184,13,300,621,32,8,validation,2025-04-23T13:36:00Z
W004589,L0184,14,300,621,32,8,validation,2025-04-23T13:44:00Z
W004590,L0184,15,300,621,32,8,validation,2025-04-23T13:52:00Z
W004591,L0184,16,300,621,32,8,validation,2025-04-23T14:00:00Z
W004592,L0184,17,300,621,32,8,validation,2025-04-23T14:08:00Z
W004593,L0184,18,300,621,32,8,validation,2025-04-23T14:16:00Z
W004594,L0184,19,300,621,32,8,validation,2025-04-23T14:24:00Z
W004595,L0184,20,300,621,32,8,validation,2025-04-23T14:32:00Z
W004596,L0184,21,300,621,32,8,validation,2025-04-23T14:40:00Z
W004597,L0184,22,300,621,32,8,validation,2025-04-23T14:48:00Z
W004598,L0184,23,300,621,32,8,validation,2025-04-23T14:56:00Z
W004599,L0184,24,300,621,32,8,validation,2025-04-23T15:04:00Z
W004600,L0184,25,300,621,32,8,validation,2025-04-23T15:12:00Z
W004601,L0185,1,300,621,32,12,validation,2025-04-24T00:00:00Z
W004602,L0185,2,300,621,32,12,validation,2025-04-24T00:08:00Z
W004603,L0185,3,300,621,32,12,validation,2025-04-24T00:16:00Z
W004604,L0185,4,300,621,32,12,validation,2025-04-24T00:24:00Z
W004605,L0185,5,300,621,32,12,validation,2025-04-24T00:32:00Z
W004606,L0185,6,300,621,32,12,validation,2025-04-24T00:40:00Z
W004607,L0185,7,300,621,32,12,validation,2025-04-24T00:48:00Z
W004608,L0185,8,300,621,32,12,validation,2025-04-24T00:56:00Z
W004609,L0185,9,300,621,32,12,validation,2025-04-24T01:04:00Z
W004610,L0185,10,300,621,32,12,validation,2025-04-24T01:12:00Z
W004611,L0185,11,300,621,32,12,validation,2025-04-24T01:20:00Z
W004612,L0185,12,300,621,32,12,validation,2025-04-24T01:28:00Z
W004613,L0185,13,300,621,32,12,validation,2025-04-24T01:36:00Z
W004614,L0185,14,300,621,32,12,validation,2025-04-24T01:44:00Z
W004615,L0185,15,300,621,32,12,validation,2025-04-24T01:52:00Z
W004616,L0185,16,300,621,32,12,validation,2025-04-24T02:00:00Z
W004617,L0185,17,300,621,32,12,validation,2025-04-24T02:08:00Z
W004618,L0185,18,300,621,32,12,validation,2025-04-24T02:16:00Z
W004619,L0185,19,300,621,32,12,validation,2025-04-24T02:24:00Z
W004620,L0185,20,300,621,32,12,validation,2025-04-24T02:32:00Z
W004621,L0185,21,300,621,32,12,validation,2025-04-24T02:40:00Z
W004622,L0185,22,300,621,32,12,validation,2025-04-24T02:48:00Z
W004623,L0185,23,300,621,32,12,validation,2025-04-24T02:56:00Z
W004624,L0185,24,300,621,32,12,validation,2025-04-24T03:04:00Z
W004625,L0185,25,300,621,32,12,validation,2025-04-24T03:12:00Z
W004626,L0186,1,300,621,32,12,validation,2025-04-24T12:00:00Z
W004627,L0186,2,300,621,32,12,validation,2025-04-24T12:08:00Z
W004628,L0186,3,300,621,32,12,validation,2025-04-24T12:16:00Z
W004629,L0186,4,300,621,32,12,validation,2025-04-24T12:24:00Z
W004630,L0186,5,300,621,32,12,validation,2025-04-24T12:32:00Z
W004631,L0186,6,300,621,32,12,validation,2025-04-24T12:40:00Z
W004632,L0186,7,300,621,32,12,validation,2025-04-24T12:48:00Z
W004633,L0186,8,300,621,32,12,validation,2025-04-24T12:56:00Z
W004634,L0186,9,300,621,32,12,validation,2025-04-24T13:04:00Z
W004635,L0186,10,300,621,32,12,validation,2025-04-24T13:12:00Z
W004636,L0186,11,300,621,32,12,validation,2025-04-24T13:20:00Z
W004637,L0186,12,300,621,32,12,validation,2025-04-24T13:28:00Z
W004638,L0186,13,300,621,32,12,validation,2025-04-24T13:36:00Z
W004639,L0186,14,300,621,32,12,validation,2025-04-24T13:44:00Z
W004640,L0186,15,300,621,32,12,validation,2025-04-24T13:52:00Z
W004641,L0186,16,300,621,32,12,validation,2025-04-24T14:00:00Z
W004642,L0186,17,300,621,32,12,validation,2025-04-24T14:08:00Z
W004643,L0186,18,300,621,32,12,validation,2025-04-24T14:16:00Z
W004644,L0186,19,300,621,32,12,validation,2025-04-24T14:24:00Z
W004645,L0186,20,300,621,32,12,validation,2025-04-24T14:32:00Z
W004646,L0186,21,300,621,32,12,validation,2025-04-24T14:40:00Z
W004647,L0186,22,300,621,32,12,validation,2025-04-24T14:48:00Z
W004648,L0186,23,300,621,32,12,validation,2025-04-24T14:56:00Z
W004649,L0186,24,300,621,32,12,validation,2025-04-24T15:04:00Z
W004650,L0186,25,300,621,32,12,validation,2025-04-24T15:12:00Z
W004651,L0187,1,300,621,32,12,validation,2025-04-25T00:00:00Z
W004652,L0187,2,300,621,32,12,validation,2025-04-25T00:08:00Z
W004653,L0187,3,300,621,32,12,validation,2025-04-25T00:16:00Z
W004654,L0187,4,300,621,32,12,validation,2025-04-25T00:24:00Z
W004655,L0187,5,300,621,32,12,validation,2025-04-25T00:32:00Z
W004656,L0187,6,300,621,32,12,validation,2025-04-25T00:40:00Z
W004657,L0187,7,300,621,32,12,validation,2025-04-25T00:48:00Z
W004658,L0187,8,300,621,32,12,validation,2025-04-25T00:56:00Z
W004659,L0187,9,300,621,32,12,validation,2025-04-25T01:04:00Z
W004660,L0187,10,300,621,32,12,validation,2025-04-25T01:12:00Z
W004661,L0187,11,300,621,32,12,validation,2025-04-25T01:20:00Z
W004662,L0187,12,300,621,32,12,validation,2025-04-25T01:28:00Z
W004663,L0187,13,300,621,32,12,validation,2025-04-25T01:36:00Z
W004664,L0187,14,300,621,32,12,validation,2025-04-25T01:44:00Z
W004665,L0187,15,300,621,32,12,validation,2025-04-25T01:52:00Z
W004666,L0187,16,300,621,32,12,validation,2025-04-25T02:00:00Z
W004667,L0187,17,300,621,32,12,validation,2025-04-25T02:08:00Z
W004668,L0187,18,300,621,32,12,validation,2025-04-25T02:16:00Z
W004669,L0187,19,300,621,32,12,validation,2025-04-25T02:24:00Z
W004670,L0187,20,300,621,32,12,validation,2025-04-25T02:32:00Z
W004671,L0187,21,300,621,32,12,validation,2025-04-25T02:40:00Z
W004672,L0187,22,300,621,32,12,validation,2025-04-25T02:48:00Z
W004673,L0187,23,300,621,32,12,validation,2025-04-25T02:56:00Z
W004674,L0187,24,300,621,32,12,validation,2025-04-25T03:04:00Z
W004675,L0187,25,300,621,32,12,validation,2025-04-25T03:12:00Z
W004676,L0188,1,300,621,32,12,validation,2025-04-25T12:00:00Z
W004677,L0188,2,300,621,32,12,validation,2025-04-25T12:08:00Z
W004678,L0188,3,300,621,32,12,validation,2025-04-25T12:16:00Z
W004679,L0188,4,300,621,32,12,validation,2025-04-25T12:24:00Z
W004680,L0188,5,300,621,32,12,validation,2025-04-25T12:32:00Z
W004681,L0188,6,300,621,32,12,validation,2025-04-25T12:40:00Z
W004682,L0188,7,300,621,32,12,validation,2025-04-25T12:48:00Z
W004683,L0188,8,300,621,32,12,validation,2025-04-25T12:56:00Z
W004684,L0188,9,300,621,32,12,validation,2025-04-25T13:04:00Z
W004685,L0188,10,300,621,32,12,validation,2025-04-25T13:12:00Z
W004686,L0188,11,300,621,32,12,validation,2025-04-25T13:20:00Z
W004687,L0188,12,300,621,32,12,validation,2025-04-25T13:28:00Z
W004688,L0188,13,300,621,32,12,validation,2025-04-25T13:36:00Z
W004689,L0188,14,300,621,32,12,validation,2025-04-25T13:44:00Z
W004690,L0188,15,300,621,32,12,validation,2025-04-25T13:52:00Z
W004691,L0188,16,300,621,32,12,validation,2025-04-25T14:00:00Z
W004692,L0188,17,300,621,32,12,validation,2025-04-25T14:08:00Z
W004693,L0188,18,300,621,32,12,validation,2025-04-25T14:16:00Z
W004694,L0188,19,300,621,32,12,validation,2025-04-25T14:24:00Z
W004695,L0188,20,300,621,32,12,validation,2025-04-25T14:32:00Z
W004696,L0188,21,300,621,32,12,validation,2025-04-25T14:40:00Z
W004697,L0188,22,300,621,32,12,validation,2025-04-25T14:48:00Z
W004698,L0188,23,300,621,32,12,validation,2025-04-25T14:56:00Z
W004699,L0188,24,300,621,32,12,validation,2025-04-25T15:04:00Z
W004700,L0188,25,300,621,32,12,validation,2025-04-25T15:12:00Z
W004701,L0189,1,300,621,32,8,validation,2025-04-26T00:00:00Z
W004702,L0189,2,300,621,32,8,validation,2025-04-26T00:08:00Z
W004703,L0189,3,300,621,32,8,validation,2025-04-26T00:16:00Z
W004704,L0189,4,300,621,32,8,validation,2025-04-26T00:24:00Z
W004705,L0189,5,300,621,32,8,validation,2025-04-26T00:32:00Z
W004706,L0189,6,300,621,32,8,validation,2025-04-26T00:40:00Z
W004707,L0189,7,300,621,32,8,validation,2025-04-26T00:48:00Z
W004708,L0189,8,300,621,32,8,validation,2025-04-26T00:56:00Z
W004709,L0189,9,300,621,32,8,validation,2025-04-26T01:04:00Z
W004710,L0189,10,300,621,32,8,validation,2025-04-26T01:12:00Z
W004711,L0189,11,300,621,32,8,validation,2025-04-26T01:20:00Z
W004712,L0189,12,300,621,32,8,validation,2025-04-26T01:28:00Z
W004713,L0189,13,300,621,32,8,validation,2025-04-26T01:36:00Z
W004714,L0189,14,300,621,32,8,validation,2025-04-26T01:44:00Z
W004715,L0189,15,300,621,32,8,validation,2025-04-26T01:52:00Z
W004716,L0189,16,300,621,32,8,validation,2025-04-26T02:00:00Z
W004717,L0189,17,300,621,32,8,validation,2025-04-26T02:08:00Z
W004718,L0189,18,300,621,32,8,validation,2025-04-26T02:16:00Z
W004719,L0189,19,300,621,32,8,validation,2025-04-26T02:24:00Z
W004720,L0189,20,300,621,32,8,validation,2025-04-26T02:32:00Z
W004721,L0189,21,300,621,32,8,validation,2025-04-26T02:40:00Z
W004722,L0189,22,300,621,32,8,validation,2025-04-26T02:48:00Z
W004723,L0189,23,300,621,32,8,validation,2025-04-26T02:56:00Z
W004724,L0189,24,300,621,32,8,validation,2025-04-26T03:04:00Z
W004725,L0189,25,300,621,32,8,validation,2025-04-26T03:12:00Z
W004726,L0190,1,300,621,32,12,validation,2025-04-26T12:00:00Z
W004727,L0190,2,300,621,32,12,validation,2025-04-26T12:08:00Z
W004728,L0190,3,300,621,32,12,validation,2025-04-26T12:16:00Z
W004729,L0190,4,300,621,32,12,validation,2025-04-26T12:24:00Z
W004730,L0190,5,300,621,32,12,validation,2025-04-26T12:32:00Z
W004731,L0190,6,300,621,32,12,validation,2025-04-26T12:40:00Z
W004732,L0190,7,300,621,32,12,validation,2025-04-26T12:48:00Z
W004733,L0190,8,300,621,32,12,validation,2025-04-26T12:56:00Z
W004734,L0190,9,300,621,32,12,validation,2025-04-26T13:04:00Z
W004735,L0190,10,300,621,32,12,validation,2025-04-26T13:12:00Z
W004736,L0190,11,300,621,32,12,validation,2025-04-26T13:20:00Z
W004737,L0190,12,300,621,32,12,validation,2025-04-26T13:28:00Z
W004738,L0190,13,300,621,32,12,validation,2025-04-26T13:36:00Z
W004739,L0190,14,300,621,32,12,validation,2025-04-26T13:44:00Z
W004740,L0190,15,300,621,32,12,validation,2025-04-26T13:52:00Z
W004741,L0190,16,300,621,32,12,validation,2025-04-26T14:00:00Z
W004742,L0190,17,300,621,32,12,validation,2025-04-26T14:08:00Z
W004743,L0190,18,300,621,32,12,validation,2025-04-26T14:16:00Z
W004744,L0190,19,300,621,32,12,validation,2025-04-26T14:24:00Z
W004745,L0190,20,300,621,32,12,validation,2025-04-26T14:32:00Z
W004746,L0190,21,300,621,32,12,validation,2025-04-26T14:40:00Z
W004747,L0190,22,300,621,32,12,validation,2025-04-26T14:48:00Z
W004748,L0190,23,300,621,32,12,validation,2025-04-26T14:56:00Z
W004749,L0190,24,300,621,32,12,validation,2025-04-26T15:04:00Z
W004750,L0190,25,300,621,32,12,validation,2025-04-26T15:12:00Z
W004751,L0191,1,300,621,32,8,validation,2025-04-27T00:00:00Z
W004752,L0191,2,300,621,32,8,validation,2025-04-27T00:08:00Z
W004753,L0191,3,300,621,32,8,validation,2025-04-27T00:16:00Z
W004754,L0191,4,300,621,32,8,validation,2025-04-27T00:24:00Z
W004755,L0191,5,300,621,32,8,validation,2025-04-27T00:32:00Z
W004756,L0191,6,300,621,32,8,validation,2025-04-27T00:40:00Z
W004757,L0191,7,300,621,32,8,validation,2025-04-27T00:48:00Z
W004758,L0191,8,300,621,32,8,validation,2025-04-27T00:56:00Z
W004759,L0191,9,300,621,32,8,validation,2025-04-27T01:04:00Z
W004760,L0191,10,300,621,32,8,validation,2025-04-27T01:12:00Z
W004761,L0191,11,300,621,32,8,validation,2025-04-27T01:20:00Z
W004762,L0191,12,300,621,32,8,validation,2025-04-27T01:28:00Z
W004763,L0191,13,300,621,32,8,validation,2025-04-27T01:36:00Z
W004764,L0191,14,300,621,32,8,validation,2025-04-27T01:44:00Z
W004765,L0191,15,300,621,32,8,validation,2025-04-27T01:52:00Z
W004766,L0191,16,300,621,32,8,validation,2025-04-27T02:00:00Z
W004767,L0191,17,300,621,32,8,validation,2025-04-27T02:08:00Z
W004768,L0191,18,300,621,32,8,validation,2025-04-27T02:16:00Z
W004769,L0191,19,300,621,32,8,validation,2025-04-27T02:24:00Z
W004770,L0191,20,300,621,32,8,validation,2025-04-27T02:32:00Z
W004771,L0191,21,300,621,32,8,validation,2025-04-27T02:40:00Z
W004772,L0191,22,300,621,32,8,validation,2025-04-27T02:48:00Z
W004773,L0191,23,300,621,32,8,validation,2025-04-27T02:56:00Z
W004774,L0191,24,300,621,32,8,validation,2025-04-27T03:04:00Z
W004775,L0191,25,300,621,32,8,validation,2025-04-27T03:12:00Z
W004776,L0192,1,300,621,32,12,validation,2025-04-27T12:00:00Z
W004777,L0192,2,300,621,32,12,validation,2025-04-27T12:08:00Z
W004778,L0192,3,300,621,32,12,validation,2025-04-27T12:16:00Z
W004779,L0192,4,300,621,32,12,validation,2025-04-27T12:24:00Z
W004780,L0192,5,300,621,32,12,validation,2025-04-27T12:32:00Z
W004781,L0192,6,300,621,32,12,validation,2025-04-27T12:40:00Z
W004782,L0192,7,300,621,32,12,validation,2025-04-27T12:48:00Z
W004783,L0192,8,300,621,32,12,validation,2025-04-27T12:56:00Z
W004784,L0192,9,300,621,32,12,validation,2025-04-27T13:04:00Z
W004785,L0192,10,300,621,32,12,validation,2025-04-27T13:12:00Z
W004786,L0192,11,300,621,32,12,validation,2025-04-27T13:20:00Z
W004787,L0192,12,300,621,32,12,validation,2025-04-27T13:28:00Z
W004788,L0192,13,300,621,32,12,validation,2025-04-27T13:36:00Z
W004789,L0192,14,300,621,32,12,validation,2025-04-27T13:44:00Z
W004790,L0192,15,300,621,32,12,validation,2025-04-27T13:52:00Z
W004791,L0192,16,300,621,32,12,validation,2025-04-27T14:00:00Z
W004792,L0192,17,300,621,32,12,validation,2025-04-27T14:08:00Z
W004793,L0192,18,300,621,32,12,validation,2025-04-27T14:16:00Z
W004794,L0192,19,300,621,32,12,validation,2025-04-27T14:24:00Z
W004795,L0192,20,300,621,32,12,validation,2025-04-27T14:32:00Z
W004796,L0192,21,300,621,32,12,validation,2025-04-27T14:40:00Z
W004797,L0192,22,300,621,32,12,validation,2025-04-27T14:48:00Z
W004798,L0192,23,300,621,32,12,validation,2025-04-27T14:56:00Z
W004799,L0192,24,300,621,32,12,validation,2025-04-27T15:04:00Z
W004800,L0192,25,300,621,32,12,validation,2025-04-27T15:12:00Z
W004801,L0193,1,300,621,32,8,validation,2025-04-28T00:00:00Z
W004802,L0193,2,300,621,32,8,validation,2025-04-28T00:08:00Z
W004803,L0193,3,300,621,32,8,validation,2025-04-28T00:16:00Z
W004804,L0193,4,300,621,32,8,validation,2025-04-28T00:24:00Z
W004805,L0193,5,300,621,32,8,validation,2025-04-28T00:32:00Z
W004806,L0193,6,300,621,32,8,validation,2025-04-28T00:40:00Z
W004807,L0193,7,300,621,32,8,validation,2025-04-28T00:48:00Z
W004808,L0193,8,300,621,32,8,validation,2025-04-28T00:56:00Z
W004809,L0193,9,300,621,32,8,validation,2025-04-28T01:04:00Z
W004810,L0193,10,300,621,32,8,validation,2025-04-28T01:12:00Z
W004811,L0193,11,300,621,32,8,validation,2025-04-28T01:20:00Z
W004812,L0193,12,300,621,32,8,validation,2025-04-28T01:28:00Z
W004813,L0193,13,300,621,32,8,validation,2025-04-28T01:36:00Z
W004814,L0193,14,300,621,32,8,validation,2025-04-28T01:44:00Z
W004815,L0193,15,300,621,32,8,validation,2025-04-28T01:52:00Z
W004816,L0193,16,300,621,32,8,validation,2025-04-28T02:00:00Z
W004817,L0193,17,300,621,32,8,validation,2025-04-28T02:08:00Z
W004818,L0193,18,300,621,32,8,validation,2025-04-28T02:16:00Z
W004819,L0193,19,300,621,32,8,validation,2025-04-28T02:24:00Z
W004820,L0193,20,300,621,32,8,validation,2025-04-28T02:32:00Z
W004821,L0193,21,300,621,32,8,validation,2025-04-28T02:40:00Z
W004822,L0193,22,300,621,32,8,validation,2025-04-28T02:48:00Z
W004823,L0193,23,300,621,32,8,validation,2025-04-28T02:56:00Z
W004824,L0193,24,300,621,32,8,validation,2025-04-28T03:04:00Z
W004825,L0193,25,300,621,32,8,validation,2025-04-28T03:12:00Z
W004826,L0194,1,300,621,32,12,validation,2025-04-28T12:00:00Z
W004827,L0194,2,300,621,32,12,validation,2025-04-28T12:08:00Z
W004828,L0194,3,300,621,32,12,validation,2025-04-28T12:16:00Z
W004829,L0194,4,300,621,32,12,validation,2025-04-28T12:24:00Z
W004830,L0194,5,300,621,32,12,validation,2025-04-28T12:32:00Z
W004831,L0194,6,300,621,32,12,validation,2025-04-28T12:40:00Z
W004832,L0194,7,300,621,32,12,validation,2025-04-28T12:48:00Z
W004833,L0194,8,300,621,32,12,validation,2025-04-28T12:56:00Z
W004834,L0194,9,300,621,32,12,validation,2025-04-28T13:04:00Z
W004835,L0194,10,300,621,32,12,validation,2025-04-28T13:12:00Z
W004836,L0194,11,300,621,32,12,validation,2025-04-28T13:20:00Z
W004837,L0194,12,300,621,32,12,validation,2025-04-28T13:28:00Z
W004838,L0194,13,300,621,32,12,validation,2025-04-28T13:36:00Z
W004839,L0194,14,300,621,32,12,validation,2025-04-28T13:44:00Z
W004840,L0194,15,300,621,32,12,validation,2025-04-28T13:52:00Z
W004841,L0194,16,300,621,32,12,validation,2025-04-28T14:00:00Z
W004842,L0194,17,300,621,32,12,validation,2025-04-28T14:08:00Z
W004843,L0194,18,300,621,32,12,validation,2025-04-28T14:16:00Z
W004844,L0194,19,300,621,32,12,validation,2025-04-28T14:24:00Z
W004845,L0194,20,300,621,32,12,validation,2025-04-28T14:32:00Z
W004846,L0194,21,300,621,32,12,validation,2025-04-28T14:40:00Z
W004847,L0194,22,300,621,32,12,validation,2025-04-28T14:48:00Z
W004848,L0194,23,300,621,32,12,validation,2025-04-28T14:56:00Z
W004849,L0194,24,300,621,32,12,validation,2025-04-28T15:04:00Z
W004850,L0194,25,300,621,32,12,validation,2025-04-28T15:12:00Z
W004851,L0195,1,300,621,32,8,validation,2025-04-29T00:00:00Z
W004852,L0195,2,300,621,32,8,validation,2025-04-29T00:08:00Z
W004853,L0195,3,300,621,32,8,validation,2025-04-29T00:16:00Z
W004854,L0195,4,300,621,32,8,validation,2025-04-29T00:24:00Z
W004855,L0195,5,300,621,32,8,validation,2025-04-29T00:32:00Z
W004856,L0195,6,300,621,32,8,validation,2025-04-29T00:40:00Z
W004857,L0195,7,300,621,32,8,validation,2025-04-29T00:48:00Z
W004858,L0195,8,300,621,32,8,validation,2025-04-29T00:56:00Z
W004859,L0195,9,300,621,32,8,validation,2025-04-29T01:04:00Z
W004860,L0195,10,300,621,32,8,validation,2025-04-29T01:12:00Z
W004861,L0195,11,300,621,32,8,validation,2025-04-29T01:20:00Z
W004862,L0195,12,300,621,32,8,validation,2025-04-29T01:28:00Z
W004863,L0195,13,300,621,32,8,validation,2025-04-29T01:36:00Z
W004864,L0195,14,300,621,32,8,validation,2025-04-29T01:44:00Z
W004865,L0195,15,300,621,32,8,validation,2025-04-29T01:52:00Z
W004866,L0195,16,300,621,32,8,validation,2025-04-29T02:00:00Z
W004867,L0195,17,300,621,32,8,validation,2025-04-29T02:08:00Z
W004868,L0195,18,300,621,32,8,validation,2025-04-29T02:16:00Z
W004869,L0195,19,300,621,32,8,validation,2025-04-29T02:24:00Z
W004870,L0195,20,300,621,32,8,validation,2025-04-29T02:32:00Z
W004871,L0195,21,300,621,32,8,validation,2025-04-29T02:40:00Z
W004872,L0195,22,300,621,32,8,validation,2025-04-29T02:48:00Z
W004873,L0195,23,300,621,32,8,validation,2025-04-29T02:56:00Z
W004874,L0195,24,300,621,32,8,validation,2025-04-29T03:04:00Z
W004875,L0195,25,300,621,32,8,validation,2025-04-29T03:12:00Z
W004876,L0196,1,300,621,32,12,validation,2025-04-29T12:00:00Z
W004877,L0196,2,300,621,32,12,validation,2025-04-29T12:08:00Z
W004878,L0196,3,300,621,32,12,validation,2025-04-29T12:16:00Z
W004879,L0196,4,300,621,32,12,validation,2025-04-29T12:24:00Z
W004880,L0196,5,300,621,32,12,validation,2025-04-29T12:32:00Z
W004881,L0196,6,300,621,32,12,validation,2025-04-29T12:40:00Z
W004882,L0196,7,300,621,32,12,validation,2025-04-29T12:48:00Z
W004883,L0196,8,300,621,32,12,validation,2025-04-29T12:56:00Z
W004884,L0196,9,300,621,32,12,validation,2025-04-29T13:04:00Z
W004885,L0196,10,300,621,32,12,validation,2025-04-29T13:12:00Z
W004886,L0196,11,300,621,32,12,validation,2025-04-29T13:20:00Z
W004887,L0196,12,300,621,32,12,validation,2025-04-29T13:28:00Z
W004888,L0196,13,300,621,32,12,validation,2025-04-29T13:36:00Z
W004889,L0196,14,300,621,32,12,validation,2025-04-29T13:44:00Z
W004890,L0196,15,300,621,32,12,validation,2025-04-29T13:52:00Z
W004891,L0196,16,300,621,32,12,validation,2025-04-29T14:00:00Z
W004892,L0196,17,300,621,32,12,validation,2025-04-29T14:08:00Z
W004893,L0196,18,300,621,32,12,validation,2025-04-29T14:16:00Z
W004894,L0196,19,300,621,32,12,validation,2025-04-29T14:24:00Z
W004895,L0196,20,300,621,32,12,validation,2025-04-29T14:32:00Z
W004896,L0196,21,300,621,32,12,validation,2025-04-29T14:40:00Z
W004897,L0196,22,300,621,32,12,validation,2025-04-29T14:48:00Z
W004898,L0196,23,300,621,32,12,validation,2025-04-29T14:56:00Z
W004899,L0196,24,300,621,32,12,validation,2025-04-29T15:04:00Z
W004900,L0196,25,300,621,32,12,validation,2025-04-29T15:12:00Z
W004901,L0197,1,300,621,32,12,validation,2025-04-30T00:00:00Z
W004902,L0197,2,300,621,32,12,validation,2025-04-30T00:08:00Z
W004903,L0197,3,300,621,32,12,validation,2025-04-30T00:16:00Z
W004904,L0197,4,300,621,32,12,validation,2025-04-30T00:24:00Z
W004905,L0197,5,300,621,32,12,validation,2025-04-30T00:32:00Z
W004906,L0197,6,300,621,32,12,validation,2025-04-30T00:40:00Z
W004907,L0197,7,300,621,32,12,validation,2025-04-30T00:48:00Z
W004908,L0197,8,300,621,32,12,validation,2025-04-30T00:56:00Z
W004909,L0197,9,300,621,32,12,validation,2025-04-30T01:04:00Z
W004910,L0197,10,300,621,32,12,validation,2025-04-30T01:12:00Z
W004911,L0197,11,300,621,32,12,validation,2025-04-30T01:20:00Z
W004912,L0197,12,300,621,32,12,validation,2025-04-30T01:28:00Z
W004913,L0197,13,300,621,32,12,validation,2025-04-30T01:36:00Z
W004914,L0197,14,300,621,32,12,validation,2025-04-30T01:44:00Z
W004915,L0197,15,300,621,32,12,validation,2025-04-30T01:52:00Z
W004916,L0197,16,300,621,32,12,validation,2025-04-30T02:00:00Z
W004917,L0197,17,300,621,32,12,validation,2025-04-30T02:08:00Z
W004918,L0197,18,300,621,32,12,validation,2025-04-30T02:16:00Z
W004919,L0197,19,300,621,32,12,validation,2025-04-30T02:24:00Z
W004920,L0197,20,300,621,32,12,validation,2025-04-30T02:32:00Z
W004921,L0197,21,300,621,32,12,validation,2025-04-30T02:40:00Z
W004922,L0197,22,300,621,32,12,validation,2025-04-30T02:48:00Z
W004923,L0197,23,300,621,32,12,validation,2025-04-30T02:56:00Z
W004924,L0197,24,300,621,32,12,validation,2025-04-30T03:04:00Z
W004925,L0197,25,300,621,32,12,validation,2025-04-30T03:12:00Z
W004926,L0198,1,300,621,32,8,validation,2025-04-30T12:00:00Z
W004927,L0198,2,300,621,32,8,validation,2025-04-30T12:08:00Z
W004928,L0198,3,300,621,32,8,validation,2025-04-30T12:16:00Z
W004929,L0198,4,300,621,32,8,validation,2025-04-30T12:24:00Z
W004930,L0198,5,300,621,32,8,validation,2025-04-30T12:32:00Z
W004931,L0198,6,300,621,32,8,validation,2025-04-30T12:40:00Z
W004932,L0198,7,300,621,32,8,validation,2025-04-30T12:48:00Z
W004933,L0198,8,300,621,32,8,validation,2025-04-30T12:56:00Z
W004934,L0198,9,300,621,32,8,validation,2025-04-30T13:04:00Z
W004935,L0198,10,300,621,32,8,validation,2025-04-30T13:12:00Z
W004936,L0198,11,300,621,32,8,validation,2025-04-30T13:20:00Z
W004937,L0198,12,300,621,32,8,validation,2025-04-30T13:28:00Z
W004938,L0198,13,300,621,32,8,validation,2025-04-30T13:36:00Z
W004939,L0198,14,300,621,32,8,validation,2025-04-30T13:44:00Z
W004940,L0198,15,300,621,32,8,validation,2025-04-30T13:52:00Z
W004941,L0198,16,300,621,32,8,validation,2025-04-30T14:00:00Z
W004942,L0198,17,300,621,32,8,validation,2025-04-30T14:08:00Z
W004943,L0198,18,300,621,32,8,validation,2025-04-30T14:16:00Z
W004944,L0198,19,300,621,32,8,validation,2025-04-30T14:24:00Z
W004945,L0198,20,300,621,32,8,validation,2025-04-30T14:32:00Z
W004946,L0198,21,300,621,32,8,validation,2025-04-30T14:40:00Z
W004947,L0198,22,300,621,32,8,validation,2025-04-30T14:48:00Z
W004948,L0198,23,300,621,32,8,validation,2025-04-30T14:56:00Z
W004949,L0198,24,300,621,32,8,validation,2025-04-30T15:04:00Z
W004950,L0198,25,300,621,32,8,validation,2025-04-30T15:12:00Z
W004951,L0199,1,300,621,32,12,validation,2025-05-01T00:00:00Z
W004952,L0199,2,300,621,32,12,validation,2025-05-01T00:08:00Z
W004953,L0199,3,300,621,32,12,validation,2025-05-01T00:16:00Z
W004954,L0199,4,300,621,32,12,validation,2025-05-01T00:24:00Z
W004955,L0199,5,300,621,32,12,validation,2025-05-01T00:32:00Z
W004956,L0199,6,300,621,32,12,validation,2025-05-01T00:40:00Z
W004957,L0199,7,300,621,32,12,validation,2025-05-01T00:48:00Z
W004958,L0199,8,300,621,32,12,validation,2025-05-01T00:56:00Z
W004959,L0199,9,300,621,32,12,validation,2025-05-01T01:04:00Z
W004960,L0199,10,300,621,32,12,validation,2025-05-01T01:12:00Z
W004961,L0199,11,300,621,32,12,validation,2025-05-01T01:20:00Z
W004962,L0199,12,300,621,32,12,validation,2025-05-01T01:28:00Z
W004963,L0199,13,300,621,32,12,validation,2025-05-01T01:36:00Z
W004964,L0199,14,300,621,32,12,validation,2025-05-01T01:44:00Z
W004965,L0199,15,300,621,32,12,validation,2025-05-01T01:52:00Z
W004966,L0199,16,300,621,32,12,validation,2025-05-01T02:00:00Z
W004967,L0199,17,300,621,32,12,validation,2025-05-01T02:08:00Z
W004968,L0199,18,300,621,32,12,validation,2025-05-01T02:16:00Z
W004969,L0199,19,300,621,32,12,validation,2025-05-01T02:24:00Z
W004970,L0199,20,300,621,32,12,validation,2025-05-01T02:32:00Z
W004971,L0199,21,300,621,32,12,validation,2025-05-01T02:40:00Z
W004972,L0199,22,300,621,32,12,validation,2025-05-01T02:48:00Z
W004973,L0199,23,300,621,32,12,validation,2025-05-01T02:56:00Z
W004974,L0199,24,300,621,32,12,validation,2025-05-01T03:04:00Z
W004975,L0199,25,300,621,32,12,validation,2025-05-01T03:12:00Z
W004976,L0200,1,300,621,32,12,validation,2025-05-01T12:00:00Z
W004977,L0200,2,300,621,32,12,validation,2025-05-01T12:08:00Z
W004978,L0200,3,300,621,32,12,validation,2025-05-01T12:16:00Z
W004979,L0200,4,300,621,32,12,validation,2025-05-01T12:24:00Z
W004980,L0200,5,300,621,32,12,validation,2025-05-01T12:32:00Z
W004981,L0200,6,300,621,32,12,validation,2025-05-01T12:40:00Z
W004982,L0200,7,300,621,32,12,validation,2025-05-01T12:48:00Z
W004983,L0200,8,300,621,32,12,validation,2025-05-01T12:56:00Z
W004984,L0200,9,300,621,32,12,validation,2025-05-01T13:04:00Z
W004985,L0200,10,300,621,32,12,validation,2025-05-01T13:12:00Z
W004986,L0200,11,300,621,32,12,validation,2025-05-01T13:20:00Z
W004987,L0200,12,300,621,32,12,validation,2025-05-01T13:28:00Z
W004988,L0200,13,300,621,32,12,validation,2025-05-01T13:36:00Z
W004989,L0200,14,300,621,32,12,validation,2025-05-01T13:44:00Z
W004990,L0200,15,300,621,32,12,validation,2025-05-01T13:52:00Z
W004991,L0200,16,300,621,32,12,validation,2025-05-01T14:00:00Z
W004992,L0200,17,300,621,32,12,validation,2025-05-01T14:08:00Z
W004993,L0200,18,300,621,32,12,validation,2025-05-01T14:16:00Z
W004994,L0200,19,300,621,32,12,validation,2025-05-01T14:24:00Z
W004995,L0200,20,300,621,32,12,validation,2025-05-01T14:32:00Z
W004996,L0200,21,300,621,32,12,validation,2025-05-01T14:40:00Z
W004997,L0200,22,300,621,32,12,validation,2025-05-01T14:48:00Z
W004998,L0200,23,300,621,32,12,validation,2025-05-01T14:56:00Z
W004999,L0200,24,300,621,32,12,validation,2025-05-01T15:04:00Z
W005000,L0200,25,300,621,32,12,validation,2025-05-01T15:12:00Z
W005001,L0201,1,300,621,32,12,validation,2025-05-02T00:00:00Z
W005002,L0201,2,300,621,32,12,validation,2025-05-02T00:08:00Z
W005003,L0201,3,300,621,32,12,validation,2025-05-02T00:16:00Z
W005004,L0201,4,300,621,32,12,validation,2025-05-02T00:24:00Z
W005005,L0201,5,300,621,32,12,validation,2025-05-02T00:32:00Z
W005006,L0201,6,300,621,32,12,validation,2025-05-02T00:40:00Z
W005007,L0201,7,300,621,32,12,validation,2025-05-02T00:48:00Z
W005008,L0201,8,300,621,32,12,validation,2025-05-02T00:56:00Z
W005009,L0201,9,300,621,32,12,validation,2025-05-02T01:04:00Z
W005010,L0201,10,300,621,32,12,validation,2025-05-02T01:12:00Z
W005011,L0201,11,300,621,32,12,validation,2025-05-02T01:20:00Z
W005012,L0201,12,300,621,32,12,validation,2025-05-02T01:28:00Z
W005013,L0201,13,300,621,32,12,validation,2025-05-02T01:36:00Z
W005014,L0201,14,300,621,32,12,validation,2025-05-02T01:44:00Z
W005015,L0201,15,300,621,32,12,validation,2025-05-02T01:52:00Z
W005016,L0201,16,300,621,32,12,validation,2025-05-02T02:00:00Z
W005017,L0201,17,300,621,32,12,validation,2025-05-02T02:08:00Z
W005018,L0201,18,300,621,32,12,validation,2025-05-02T02:16:00Z
W005019,L0201,19,300,621,32,12,validation,2025-05-02T02:24:00Z
W005020,L0201,20,300,621,32,12,validation,2025-05-02T02:32:00Z
W005021,L0201,21,300,621,32,12,validation,2025-05-02T02:40:00Z
W005022,L0201,22,300,621,32,12,validation,2025-05-02T02:48:00Z
W005023,L0201,23,300,621,32,12,validation,2025-05-02T02:56:00Z
W005024,L0201,24,300,621,32,12,validation,2025-05-02T03:04:00Z
W005025,L0201,25,300,621,32,12,validation,2025-05-02T03:12:00Z
W005026,L0202,1,300,621,32,8,validation,2025-05-02T12:00:00Z
W005027,L0202,2,300,621,32,8,validation,2025-05-02T12:08:00Z
W005028,L0202,3,300,621,32,8,validation,2025-05-02T12:16:00Z
W005029,L0202,4,300,621,32,8,validation,2025-05-02T12:24:00Z
W005030,L0202,5,300,621,32,8,validation,2025-05-02T12:32:00Z
W005031,L0202,6,300,621,32,8,validation,2025-05-02T12:40:00Z
W005032,L0202,7,300,621,32,8,validation,2025-05-02T12:48:00Z
W005033,L0202,8,300,621,32,8,validation,2025-05-02T12:56:00Z
W005034,L0202,9,300,621,32,8,validation,2025-05-02T13:04:00Z
W005035,L0202,10,300,621,32,8,validation,2025-05-02T13:12:00Z
W005036,L0202,11,300,621,32,8,validation,2025-05-02T13:20:00Z
W005037,L0202,12,300,621,32,8,validation,2025-05-02T13:28:00Z
W005038,L0202,13,300,621,32,8,validation,2025-05-02T13:36:00Z
W005039,L0202,14,300,621,32,8,validation,2025-05-02T13:44:00Z
W005040,L0202,15,300,621,32,8,validation,2025-05-02T13:52:00Z
W005041,L0202,16,300,621,32,8,validation,2025-05-02T14:00:00Z
W005042,L0202,17,300,621,32,8,validation,2025-05-02T14:08:00Z
W005043,L0202,18,300,621,32,8,validation,2025-05-02T14:16:00Z
W005044,L0202,19,300,621,32,8,validation,2025-05-02T14:24:00Z
W005045,L0202,20,300,621,32,8,validation,2025-05-02T14:32:00Z
W005046,L0202,21,300,621,32,8,validation,2025-05-02T14:40:00Z
W005047,L0202,22,300,621,32,8,validation,2025-05-02T14:48:00Z
W005048,L0202,23,300,621,32,8,validation,2025-05-02T14:56:00Z
W005049,L0202,24,300,621,32,8,validation,2025-05-02T15:04:00Z
W005050,L0202,25,300,621,32,8,validation,2025-05-02T15:12:00Z
W005051,L0203,1,300,621,32,12,validation,2025-05-03T00:00:00Z
W005052,L0203,2,300,621,32,12,validation,2025-05-03T00:08:00Z
W005053,L0203,3,300,621,32,12,validation,2025-05-03T00:16:00Z
W005054,L0203,4,300,621,32,12,validation,2025-05-03T00:24:00Z
W005055,L0203,5,300,621,32,12,validation,2025-05-03T00:32:00Z
W005056,L0203,6,300,621,32,12,validation,2025-05-03T00:40:00Z
W005057,L0203,7,300,621,32,12,validation,2025-05-03T00:48:00Z
W005058,L0203,8,300,621,32,12,validation,2025-05-03T00:56:00Z
W005059,L0203,9,300,621,32,12,validation,2025-05-03T01:04:00Z
W005060,L0203,10,300,621,32,12,validation,2025-05-03T01:12:00Z
W005061,L0203,11,300,621,32,12,validation,2025-05-03T01:20:00Z
W005062,L0203,12,300,621,32,12,validation,2025-05-03T01:28:00Z
W005063,L0203,13,300,621,32,12,validation,2025-05-03T01:36:00Z
W005064,L0203,14,300,621,32,12,validation,2025-05-03T01:44:00Z
W005065,L0203,15,300,621,32,12,validation,2025-05-03T01:52:00Z
W005066,L0203,16,300,621,32,12,validation,2025-05-03T02:00:00Z
W005067,L0203,17,300,621,32,12,validation,2025-05-03T02:08:00Z
W005068,L0203,18,300,621,32,12,validation,2025-05-03T02:16:00Z
W005069,L0203,19,300,621,32,12,validation,2025-05-03T02:24:00Z
W005070,L0203,20,300,621,32,12,validation,2025-05-03T02:32:00Z
W005071,L0203,21,300,621,32,12,validation,2025-05-03T02:40:00Z
W005072,L0203,22,300,621,32,12,validation,2025-05-03T02:48:00Z
W005073,L0203,23,300,621,32,12,validation,2025-05-03T02:56:00Z
W005074,L0203,24,300,621,32,12,validation,2025-05-03T03:04:00Z
W005075,L0203,25,300,621,32,12,validation,2025-05-03T03:12:00Z
W005076,L0204,1,300,621,32,12,validation,2025-05-03T12:00:00Z
W005077,L0204,2,300,621,32,12,validation,2025-05-03T12:08:00Z
W005078,L0204,3,300,621,32,12,validation,2025-05-03T12:16:00Z
W005079,L0204,4,300,621,32,12,validation,2025-05-03T12:24:00Z
W005080,L0204,5,300,621,32,12,validation,2025-05-03T12:32:00Z
W005081,L0204,6,300,621,32,12,validation,2025-05-03T12:40:00Z
W005082,L0204,7,300,621,32,12,validation,2025-05-03T12:48:00Z
W005083,L0204,8,300,621,32,12,validation,2025-05-03T12:56:00Z
W005084,L0204,9,300,621,32,12,validation,2025-05-03T13:04:00Z
W005085,L0204,10,300,621,32,12,validation,2025-05-03T13:12:00Z
W005086,L0204,11,300,621,32,12,validation,2025-05-03T13:20:00Z
W005087,L0204,12,300,621,32,12,validation,2025-05-03T13:28:00Z
W005088,L0204,13,300,621,32,12,validation,2025-05-03T13:36:00Z
W005089,L0204,14,300,621,32,12,validation,2025-05-03T13:44:00Z
W005090,L0204,15,300,621,32,12,validation,2025-05-03T13:52:00Z
W005091,L0204,16,300,621,32,12,validation,2025-05-03T14:00:00Z
W005092,L0204,17,300,621,32,12,validation,2025-05-03T14:08:00Z
W005093,L0204,18,300,621,32,12,validation,2025-05-03T14:16:00Z
W005094,L0204,19,300,621,32,12,validation,2025-05-03T14:24:00Z
W005095,L0204,20,300,621,32,12,validation,2025-05-03T14:32:00Z
W005096,L0204,21,300,621,32,12,validation,2025-05-03T14:40:00Z
W005097,L0204,22,300,621,32,12,validation,2025-05-03T14:48:00Z
W005098,L0204,23,300,621,32,12,validation,2025-05-03T14:56:00Z
W005099,L0204,24,300,621,32,12,validation,2025-05-03T15:04:00Z
W005100,L0204,25,300,621,32,12,validation,2025-05-03T15:12:00Z
W005101,L0205,1,300,621,32,8,test,2025-05-25T00:00:00Z
W005102,L0205,2,300,621,32,8,test,2025-05-25T00:08:00Z
W005103,L0205,3,300,621,32,8,test,2025-05-25T00:16:00Z
W005104,L0205,4,300,621,32,8,test,2025-05-25T00:24:00Z
W005105,L0205,5,300,621,32,8,test,2025-05-25T00:32:00Z
W005106,L0205,6,300,621,32,8,test,2025-05-25T00:40:00Z
W005107,L0205,7,300,621,32,8,test,2025-05-25T00:48:00Z
W005108,L0205,8,300,621,32,8,test,2025-05-25T00:56:00Z
W005109,L0205,9,300,621,32,8,test,2025-05-25T01:04:00Z
W005110,L0205,10,300,621,32,8,test,2025-05-25T01:12:00Z
W005111,L0205,11,300,621,32,8,test,2025-05-25T01:20:00Z
W005112,L0205,12,300,621,32,8,test,2025-05-25T01:28:00Z
W005113,L0205,13,300,621,32,8,test,2025-05-25T01:36:00Z
W005114,L0205,14,300,621,32,8,test,2025-05-25T01:44:00Z
W005115,L0205,15,300,621,32,8,test,2025-05-25T01:52:00Z
W005116,L0205,16,300,621,32,8,test,2025-05-25T02:00:00Z
W005117,L0205,17,300,621,32,8,test,2025-05-25T02:08:00Z
W005118,L0205,18,300,621,32,8,test,2025-05-25T02:16:00Z
W005119,L0205,19,300,621,32,8,test,2025-05-25T02:24:00Z
W005120,L0205,20,300,621,32,8,test,2025-05-25T02:32:00Z
W005121,L0205,21,300,621,32,8,test,2025-05-25T02:40:00Z
W005122,L0205,22,300,621,32,8,test,2025-05-25T02:48:00Z
W005123,L0205,23,300,621,32,8,test,2025-05-25T02:56:00Z
W005124,L0205,24,300,621,32,8,test,2025-05-25T03:04:00Z
W005125,L0205,25,300,621,32,8,test,2025-05-25T03:12:00Z
W005126,L0206,1,300,621,32,8,test,2025-05-25T12:00:00Z
W005127,L0206,2,300,621,32,8,test,2025-05-25T12:08:00Z
W005128,L0206,3,300,621,32,8,test,2025-05-25T12:16:00Z
W005129,L0206,4,300,621,32,8,test,2025-05-25T12:24:00Z
W005130,L0206,5,300,621,32,8,test,2025-05-25T12:32:00Z
W005131,L0206,6,300,621,32,8,test,2025-05-25T12:40:00Z
W005132,L0206,7,300,621,32,8,test,2025-05-25T12:48:00Z
W005133,L0206,8,300,621,32,8,test,2025-05-25T12:56:00Z
W005134,L0206,9,300,621,32,8,test,2025-05-25T13:04:00Z
W005135,L0206,10,300,621,32,8,test,2025-05-25T13:12:00Z
W005136,L0206,11,300,621,32,8,test,2025-05-25T13:20:00Z
W005137,L0206,12,300,621,32,8,test,2025-05-25T13:28:00Z
W005138,L0206,13,300,621,32,8,test,2025-05-25T13:36:00Z
W005139,L0206,14,300,621,32,8,test,2025-05-25T13:44:00Z
W005140,L0206,15,300,621,32,8,test,2025-05-25T13:52:00Z
W005141,L0206,16,300,621,32,8,test,2025-05-25T14:00:00Z
W005142,L0206,17,300,621,32,8,test,2025-05-25T14:08:00Z
W005143,L0206,18,300,621,32,8,test,2025-05-25T14:16:00Z
W005144,L0206,19,300,621,32,8,test,2025-05-25T14:24:00Z
W005145,L0206,20,300,621,32,8,test,2025-05-25T14:32:00Z
W005146,L0206,21,300,621,32,8,test,2025-05-25T14:40:00Z
W005147,L0206,22,300,621,32,8,test,2025-05-25T14:48:00Z
W005148,L0206,23,300,621,32,8,test,2025-05-25T14:56:00Z
W005149,L0206,24,300,621,32,8,test,2025-05-25T15:04:00Z
W005150,L0206,25,300,621,32,8,test,2025-05-25T15:12:00Z
W005151,L0207,1,300,621,32,12,test,2025-05-26T00:00:00Z
W005152,L0207,2,300,621,32,12,test,2025-05-26T00:08:00Z
W005153,L0207,3,300,621,32,12,test,2025-05-26T00:16:00Z
W005154,L0207,4,300,621,32,12,test,2025-05-26T00:24:00Z
W005155,L0207,5,300,621,32,12,test,2025-05-26T00:32:00Z
W005156,L0207,6,300,621,32,12,test,2025-05-26T00:40:00Z
W005157,L0207,7,300,621,32,12,test,2025-05-26T00:48:00Z
W005158,L0207,8,300,621,32,12,test,2025-05-26T00:56:00Z
W005159,L0207,9,300,621,32,12,test,2025-05-26T01:04:00Z
W005160,L0207,10,300,621,32,12,test,2025-05-26T01:12:00Z
W005161,L0207,11,300,621,32,12,test,2025-05-26T01:20:00Z
W005162,L0207,12,300,621,32,12,test,2025-05-26T01:28:00Z
W005163,L0207,13,300,621,32,12,test,2025-05-26T01:36:00Z
W005164,L0207,14,300,621,32,12,test,2025-05-26T01:44:00Z
W005165,L0207,15,300,621,32,12,test,2025-05-26T01:52:00Z
W005166,L0207,16,300,621,32,12,test,2025-05-26T02:00:00Z
W005167,L0207,17,300,621,32,12,test,2025-05-26T02:08:00Z
W005168,L0207,18,300,621,32,12,test,2025-05-26T02:16:00Z
W005169,L0207,19,300,621,32,12,test,2025-05-26T02:24:00Z
W005170,L0207,20,300,621,32,12,test,2025-05-26T02:32:00Z
W005171,L0207,21,300,621,32,12,test,2025-05-26T02:40:00Z
W005172,L0207,22,300,621,32,12,test,2025-05-26T02:48:00Z
W005173,L0207,23,300,621,32,12,test,2025-05-26T02:56:00Z
W005174,L0207,24,300,621,32,12,test,2025-05-26T03:04:00Z
W005175,L0207,25,300,621,32,12,test,2025-05-26T03:12:00Z
W005176,L0208,1,300,621,32,12,test,2025-05-26T12:00:00Z
W005177,L0208,2,300,621,32,12,test,2025-05-26T12:08:00Z
W005178,L0208,3,300,621,32,12,test,2025-05-26T12:16:00Z
W005179,L0208,4,300,621,32,12,test,2025-05-26T12:24:00Z
W005180,L0208,5,300,621,32,12,test,2025-05-26T12:32:00Z
W005181,L0208,6,300,621,32,12,test,2025-05-26T12:40:00Z
W005182,L0208,7,300,621,32,12,test,2025-05-26T12:48:00Z
W005183,L0208,8,300,621,32,12,test,2025-05-26T12:56:00Z
W005184,L0208,9,300,621,32,12,test,2025-05-26T13:04:00Z
W005185,L0208,10,300,621,32,12,test,2025-05-26T13:12:00Z
W005186,L0208,11,300,621,32,12,test,2025-05-26T13:20:00Z
W005187,L0208,12,300,621,32,12,test,2025-05-26T13:28:00Z
W005188,L0208,13,300,621,32,12,test,2025-05-26T13:36:00Z
W005189,L0208,14,300,621,32,12,test,2025-05-26T13:44:00Z
W005190,L0208,15,300,621,32,12,test,2025-05-26T13:52:00Z
W005191,L0208,16,300,621,32,12,test,2025-05-26T14:00:00Z
W005192,L0208,17,300,621,32,12,test,2025-05-26T14:08:00Z
W005193,L0208,18,300,621,32,12,test,2025-05-26T14:16:00Z
W005194,L0208,19,300,621,32,12,test,2025-05-26T14:24:00Z
W005195,L0208,20,300,621,32,12,test,2025-05-26T14:32:00Z
W005196,L0208,21,300,621,32,12,test,2025-05-26T14:40:00Z
W005197,L0208,22,300,621,32,12,test,2025-05-26T14:48:00Z
W005198,L0208,23,300,621,32,12,test,2025-05-26T14:56:00Z
W005199,L0208,24,300,621,32,12,test,2025-05-26T15:04:00Z
W005200,L0208,25,300,621,32,12,test,2025-05-26T15:12:00Z
W005201,L0209,1,300,621,32,12,test,2025-05-27T00:00:00Z
W005202,L0209,2,300,621,32,12,test,2025-05-27T00:08:00Z
W005203,L0209,3,300,621,32,12,test,2025-05-27T00:16:00Z
W005204,L0209,4,300,621,32,12,test,2025-05-27T00:24:00Z
W005205,L0209,5,300,621,32,12,test,2025-05-27T00:32:00Z
W005206,L0209,6,300,621,32,12,test,2025-05-27T00:40:00Z
W005207,L0209,7,300,621,32,12,test,2025-05-27T00:48:00Z
W005208,L0209,8,300,621,32,12,test,2025-05-27T00:56:00Z
W005209,L0209,9,300,621,32,12,test,2025-05-27T01:04:00Z
W005210,L0209,10,300,621,32,12,test,2025-05-27T01:12:00Z
W005211,L0209,11,300,621,32,12,test,2025-05-27T01:20:00Z
W005212,L0209,12,300,621,32,12,test,2025-05-27T01:28:00Z
W005213,L0209,13,300,621,32,12,test,2025-05-27T01:36:00Z
W005214,L0209,14,300,621,32,12,test,2025-05-27T01:44:00Z
W005215,L0209,15,300,621,32,12,test,2025-05-27T01:52:00Z
W005216,L0209,16,300,621,32,12,test,2025-05-27T02:00:00Z
W005217,L0209,17,300,621,32,12,test,2025-05-27T02:08:00Z
W005218,L0209,18,300,621,32,12,test,2025-05-27T02:16:00Z
W005219,L0209,19,300,621,32,12,test,2025-05-27T02:24:00Z
W005220,L0209,20,300,621,32,12,test,2025-05-27T02:32:00Z
W005221,L0209,21,300,621,32,12,test,2025-05-27T02:40:00Z
W005222,L0209,22,300,621,32,12,test,2025-05-27T02:48:00Z
W005223,L0209,23,300,621,32,12,test,2025-05-27T02:56:00Z
W005224,L0209,24,300,621,32,12,test,2025-05-27T03:04:00Z
W005225,L0209,25,300,621,32,12,test,2025-05-27T03:12:00Z
W005226,L0210,1,300,621,32,12,test,2025-05-27T12:00:00Z
W005227,L0210,2,300,621,32,12,test,2025-05-27T12:08:00Z
W005228,L0210,3,300,621,32,12,test,2025-05-27T12:16:00Z
W005229,L0210,4,300,621,32,12,test,2025-05-27T12:24:00Z
W005230,L0210,5,300,621,32,12,test,2025-05-27T12:32:00Z
W005231,L0210,6,300,621,32,12,test,2025-05-27T12:40:00Z
W005232,L0210,7,300,621,32,12,test,2025-05-27T12:48:00Z
W005233,L0210,8,300,621,32,12,test,2025-05-27T12:56:00Z
W005234,L0210,9,300,621,32,12,test,2025-05-27T13:04:00Z
W005235,L0210,10,300,621,32,12,test,2025-05-27T13:12:00Z
W005236,L0210,11,300,621,32,12,test,2025-05-27T13:20:00Z
W005237,L0210,12,300,621,32,12,test,2025-05-27T13:28:00Z
W005238,L0210,13,300,621,32,12,test,2025-05-27T13:36:00Z
W005239,L0210,14,300,621,32,12,test,2025-05-27T13:44:00Z
W005240,L0210,15,300,621,32,12,test,2025-05-27T13:52:00Z
W005241,L0210,16,300,621,32,12,test,2025-05-27T14:00:00Z
W005242,L0210,17,300,621,32,12,test,2025-05-27T14:08:00Z
W005243,L0210,18,300,621,32,12,test,2025-05-27T14:16:00Z
W005244,L0210,19,300,621,32,12,test,2025-05-27T14:24:00Z
W005245,L0210,20,300,621,32,12,test,2025-05-27T14:32:00Z
W005246,L0210,21,300,621,32,12,test,2025-05-27T14:40:00Z
W005247,L0210,22,300,621,32,12,test,2025-05-27T14:48:00Z
W005248,L0210,23,300,621,32,12,test,2025-05-27T14:56:00Z
W005249,L0210,24,300,621,32,12,test,2025-05-27T15:04:00Z
W005250,L0210,25,300,621,32,12,test,2025-05-27T15:12:00Z
W005251,L0211,1,300,621,32,12,test,2025-05-28T00:00:00Z
W005252,L0211,2,300,621,32,12,test,2025-05-28T00:08:00Z
W005253,L0211,3,300,621,32,12,test,2025-05-28T00:16:00Z
W005254,L0211,4,300,621,32,12,test,2025-05-28T00:24:00Z
W005255,L0211,5,300,621,32,12,test,2025-05-28T00:32:00Z
W005256,L0211,6,300,621,32,12,test,2025-05-28T00:40:00Z
W005257,L0211,7,300,621,32,12,test,2025-05-28T00:48:00Z
W005258,L0211,8,300,621,32,12,test,2025-05-28T00:56:00Z
W005259,L0211,9,300,621,32,12,test,2025-05-28T01:04:00Z
W005260,L0211,10,300,621,32,12,test,2025-05-28T01:12:00Z
W005261,L0211,11,300,621,32,12,test,2025-05-28T01:20:00Z
W005262,L0211,12,300,621,32,12,test,2025-05-28T01:28:00Z
W005263,L0211,13,300,621,32,12,test,2025-05-28T01:36:00Z
W005264,L0211,14,300,621,32,12,test,2025-05-28T01:44:00Z
W005265,L0211,15,300,621,32,12,test,2025-05-28T01:52:00Z
W005266,L0211,16,300,621,32,12,test,2025-05-28T02:00:00Z
W005267,L0211,17,300,621,32,12,test,2025-05-28T02:08:00Z
W005268,L0211,18,300,621,32,12,test,2025-05-28T02:16:00Z
W005269,L0211,19,300,621,32,12,test,2025-05-28T02:24:00Z
W005270,L0211,20,300,621,32,12,test,2025-05-28T02:32:00Z
W005271,L0211,21,300,621,32,12,test,2025-05-28T02:40:00Z
W005272,L0211,22,300,621,32,12,test,2025-05-28T02:48:00Z
W005273,L0211,23,300,621,32,12,test,2025-05-28T02:56:00Z
W005274,L0211,24,300,621,32,12,test,2025-05-28T03:04:00Z
W005275,L0211,25,300,621,32,12,test,2025-05-28T03:12:00Z
W005276,L0212,1,300,621,32,8,test,2025-05-28T12:00:00Z
W005277,L0212,2,300,621,32,8,test,2025-05-28T12:08:00Z
W005278,L0212,3,300,621,32,8,test,2025-05-28T12:16:00Z
W005279,L0212,4,300,621,32,8,test,2025-05-28T12:24:00Z
W005280,L0212,5,300,621,32,8,test,2025-05-28T12:32:00Z
W005281,L0212,6,300,621,32,8,test,2025-05-28T12:40:00Z
W005282,L0212,7,300,621,32,8,test,2025-05-28T12:48:00Z
W005283,L0212,8,300,621,32,8,test,2025-05-28T12:56:00Z
W005284,L0212,9,300,621,32,8,test,2025-05-28T13:04:00Z
W005285,L0212,10,300,621,32,8,test,2025-05-28T13:12:00Z
W005286,L0212,11,300,621,32,8,test,2025-05-28T13:20:00Z
W005287,L0212,12,300,621,32,8,test,2025-05-28T13:28:00Z
W005288,L0212,13,300,621,32,8,test,2025-05-28T13:36:00Z
W005289,L0212,14,300,621,32,8,test,2025-05-28T13:44:00Z
W005290,L0212,15,300,621,32,8,test,2025-05-28T13:52:00Z
W005291,L0212,16,300,621,32,8,test,2025-05-28T14:00:00Z
W005292,L0212,17,300,621,32,8,test,2025-05-28T14:08:00Z
W005293,L0212,18,300,621,32,8,test,2025-05-28T14:16:00Z
W005294,L0212,19,300,621,32,8,test,2025-05-28T14:24:00Z
W005295,L0212,20,300,621,32,8,test,2025-05-28T14:32:00Z
W005296,L0212,21,300,621,32,8,test,2025-05-28T14:40:00Z
W005297,L0212,22,300,621,32,8,test,2025-05-28T14:48:00Z
W005298,L0212,23,300,621,32,8,test,2025-05-28T14:56:00Z
W005299,L0212,24,300,621,32,8,test,2025-05-28T15:04:00Z
W005300,L0212,25,300,621,32,8,test,2025-05-28T15:12:00Z
W005301,L0213,1,300,621,32,12,test,2025-05-29T00:00:00Z
W005302,L0213,2,300,621,32,12,test,2025-05-29T00:08:00Z
W005303,L0213,3,300,621,32,12,test,2025-05-29T00:16:00Z
W005304,L0213,4,300,621,32,12,test,2025-05-29T00:24:00Z
W005305,L0213,5,300,621,32,12,test,2025-05-29T00:32:00Z
W005306,L0213,6,300,621,32,12,test,2025-05-29T00:40:00Z
W005307,L0213,7,300,621,32,12,test,2025-05-29T00:48:00Z
W005308,L0213,8,300,621,32,12,test,2025-05-29T00:56:00Z
W005309,L0213,9,300,621,32,12,test,2025-05-29T01:04:00Z
W005310,L0213,10,300,621,32,12,test,2025-05-29T01:12:00Z
W005311,L0213,11,300,621,32,12,test,2025-05-29T01:20:00Z
W005312,L0213,12,300,621,32,12,test,2025-05-29T01:28:00Z
W005313,L0213,13,300,621,32,12,test,2025-05-29T01:36:00Z
W005314,L0213,14,300,621,32,12,test,2025-05-29T01:44:00Z
W005315,L0213,15,300,621,32,12,test,2025-05-29T01:52:00Z
W005316,L0213,16,300,621,32,12,test,2025-05-29T02:00:00Z
W005317,L0213,17,300,621,32,12,test,2025-05-29T02:08:00Z
W005318,L0213,18,300,621,32,12,test,2025-05-29T02:16:00Z
W005319,L0213,19,300,621,32,12,test,2025-05-29T02:24:00Z
W005320,L0213,20,300,621,32,12,test,2025-05-29T02:32:00Z
W005321,L0213,21,300,621,32,12,test,2025-05-29T02:40:00Z
W005322,L0213,22,300,621,32,12,test,2025-05-29T02:48:00Z
W005323,L0213,23,300,621,32,12,test,2025-05-29T02:56:00Z
W005324,L0213,24,300,621,32,12,test,2025-05-29T03:04:00Z
W005325,L0213,25,300,621,32,12,test,2025-05-29T03:12:00Z
W005326,L0214,1,300,621,32,8,test,2025-05-29T12:00:00Z
W005327,L0214,2,300,621,32,8,test,2025-05-29T12:08:00Z
W005328,L0214,3,300,621,32,8,test,2025-05-29T12:16:00Z
W005329,L0214,4,300,621,32,8,test,2025-05-29T12:24:00Z
W005330,L0214,5,300,621,32,8,test,2025-05-29T12:32:00Z
W005331,L0214,6,300,621,32,8,test,2025-05-29T12:40:00Z
W005332,L0214,7,300,621,32,8,test,2025-05-29T12:48:00Z
W005333,L0214,8,300,621,32,8,test,2025-05-29T12:56:00Z
W005334,L0214,9,300,621,32,8,test,2025-05-29T13:04:00Z
W005335,L0214,10,300,621,32,8,test,2025-05-29T13:12:00Z
W005336,L0214,11,300,621,32,8,test,2025-05-29T13:20:00Z
W005337,L0214,12,300,621,32,8,test,2025-05-29T13:28:00Z
W005338,L0214,13,300,621,32,8,test,2025-05-29T13:36:00Z
W005339,L0214,14,300,621,32,8,test,2025-05-29T13:44:00Z
W005340,L0214,15,300,621,32,8,test,2025-05-29T13:52:00Z
W005341,L0214,16,300,621,32,8,test,2025-05-29T14:00:00Z
W005342,L0214,17,300,621,32,8,test,2025-05-29T14:08:00Z
W005343,L0214,18,300,621,32,8,test,2025-05-29T14:16:00Z
W005344,L0214,19,300,621,32,8,test,2025-05-29T14:24:00Z
W005345,L0214,20,300,621,32,8,test,2025-05-29T14:32:00Z
W005346,L0214,21,300,621,32,8,test,2025-05-29T14:40:00Z
W005347,L0214,22,300,621,32,8,test,2025-05-29T14:48:00Z
W005348,L0214,23,300,621,32,8,test,2025-05-29T14:56:00Z
W005349,L0214,24,300,621,32,8,test,2025-05-29T15:04:00Z
W005350,L0214,25,300,621,32,8,test,2025-05-29T15:12:00Z
W005351,L0215,1,300,621,32,8,test,2025-05-30T00:00:00Z
W005352,L0215,2,300,621,32,8,test,2025-05-30T00:08:00Z
W005353,L0215,3,300,621,32,8,test,2025-05-30T00:16:00Z
W005354,L0215,4,300,621,32,8,test,2025-05-30T00:24:00Z
W005355,L0215,5,300,621,32,8,test,2025-05-30T00:32:00Z
W005356,L0215,6,300,621,32,8,test,2025-05-30T00:40:00Z
W005357,L0215,7,300,621,32,8,test,2025-05-30T00:48:00Z
W005358,L0215,8,300,621,32,8,test,2025-05-30T00:56:00Z
W005359,L0215,9,300,621,32,8,test,2025-05-30T01:04:00Z
W005360,L0215,10,300,621,32,8,test,2025-05-30T01:12:00Z
W005361,L0215,11,300,621,32,8,test,2025-05-30T01:20:00Z
W005362,L0215,12,300,621,32,8,test,2025-05-30T01:28:00Z
W005363,L0215,13,300,621,32,8,test,2025-05-30T01:36:00Z
W005364,L0215,14,300,621,32,8,test,2025-05-30T01:44:00Z
W005365,L0215,15,300,621,32,8,test,2025-05-30T01:52:00Z
W005366,L0215,16,300,621,32,8,test,2025-05-30T02:00:00Z
W005367,L0215,17,300,621,32,8,test,2025-05-30T02:08:00Z
W005368,L0215,18,300,621,32,8,test,2025-05-30T02:16:00Z
W005369,L0215,19,300,621,32,8,test,2025-05-30T02:24:00Z
W005370,L0215,20,300,621,32,8,test,2025-05-30T02:32:00Z
W005371,L0215,21,300,621,32,8,test,2025-05-30T02:40:00Z
W005372,L0215,22,300,621,32,8,test,2025-05-30T02:48:00Z
W005373,L0215,23,300,621,32,8,test,2025-05-30T02:56:00Z
W005374,L0215,24,300,621,32,8,test,2025-05-30T03:04:00Z
W005375,L0215,25,300,621,32,8,test,2025-05-30T03:12:00Z
W005376,L0216,1,300,621,32,12,test,2025-05-30T12:00:00Z
W005377,L0216,2,300,621,32,12,test,2025-05-30T12:08:00Z
W005378,L0216,3,300,621,32,12,test,2025-05-30T12:16:00Z
W005379,L0216,4,300,621,32,12,test,2025-05-30T12:24:00Z
W005380,L0216,5,300,621,32,12,test,2025-05-30T12:32:00Z
W005381,L0216,6,300,621,32,12,test,2025-05-30T12:40:00Z
W005382,L0216,7,300,621,32,12,test,2025-05-30T12:48:00Z
W005383,L0216,8,300,621,32,12,test,2025-05-30T12:56:00Z
W005384,L0216,9,300,621,32,12,test,2025-05-30T13:04:00Z
W005385,L0216,10,300,621,32,12,test,2025-05-30T13:12:00Z
W005386,L0216,11,300,621,32,12,test,2025-05-30T13:20:00Z
W005387,L0216,12,300,621,32,12,test,2025-05-30T13:28:00Z
W005388,L0216,13,300,621,32,12,test,2025-05-30T13:36:00Z
W005389,L0216,14,300,621,32,12,test,2025-05-30T13:44:00Z
W005390,L0216,15,300,621,32,12,test,2025-05-30T13:52:00Z
W005391,L0216,16,300,621,32,12,test,2025-05-30T14:00:00Z
W005392,L0216,17,300,621,32,12,test,2025-05-30T14:08:00Z
W005393,L0216,18,300,621,32,12,test,2025-05-30T14:16:00Z
W005394,L0216,19,300,621,32,12,test,2025-05-30T14:24:00Z
W005395,L0216,20,300,621,32,12,test,2025-05-30T14:32:00Z
W005396,L0216,21,300,621,32,12,test,2025-05-30T14:40:00Z
W005397,L0216,22,300,621,32,12,test,2025-05-30T14:48:00Z
W005398,L0216,23,300,621,32,12,test,2025-05-30T14:56:00Z
W005399,L0216,24,300,621,32,12,test,2025-05-30T15:04:00Z
W005400,L0216,25,300,621,32,12,test,2025-05-30T15:12:00Z
W005401,L0217,1,300,621,32,12,test,2025-05-31T00:00:00Z
W005402,L0217,2,300,621,32,12,test,2025-05-31T00:08:00Z
W005403,L0217,3,300,621,32,12,test,2025-05-31T00:16:00Z
W005404,L0217,4,300,621,32,12,test,2025-05-31T00:24:00Z
W005405,L0217,5,300,621,32,12,test,2025-05-31T00:32:00Z
W005406,L0217,6,300,621,32,12,test,2025-05-31T00:40:00Z
W005407,L0217,7,300,621,32,12,test,2025-05-31T00:48:00Z
W005408,L0217,8,300,621,32,12,test,2025-05-31T00:56:00Z
W005409,L0217,9,300,621,32,12,test,2025-05-31T01:04:00Z
W005410,L0217,10,300,621,32,12,test,2025-05-31T01:12:00Z
W005411,L0217,11,300,621,32,12,test,2025-05-31T01:20:00Z
W005412,L0217,12,300,621,32,12,test,2025-05-31T01:28:00Z
W005413,L0217,13,300,621,32,12,test,2025-05-31T01:36:00Z
W005414,L0217,14,300,621,32,12,test,2025-05-31T01:44:00Z
W005415,L0217,15,300,621,32,12,test,2025-05-31T01:52:00Z
W005416,L0217,16,300,621,32,12,test,2025-05-31T02:00:00Z
W005417,L0217,17,300,621,32,12,test,2025-05-31T02:08:00Z
W005418,L0217,18,300,621,32,12,test,2025-05-31T02:16:00Z
W005419,L0217,19,300,621,32,12,test,2025-05-31T02:24:00Z
W005420,L0217,20,300,621,32,12,test,2025-05-31T02:32:00Z
W005421,L0217,21,300,621,32,12,test,2025-05-31T02:40:00Z
W005422,L0217,22,300,621,32,12,test,2025-05-31T02:48:00Z
W005423,L0217,23,300,621,32,12,test,2025-05-31T02:56:00Z
W005424,L0217,24,300,621,32,12,test,2025-05-31T03:04:00Z
W005425,L0217,25,300,621,32,12,test,2025-05-31T03:12:00Z
W005426,L0218,1,300,621,32,8,test,2025-05-31T12:00:00Z
W005427,L0218,2,300,621,32,8,test,2025-05-31T12:08:00Z
W005428,L0218,3,300,621,32,8,test,2025-05-31T12:16:00Z
W005429,L0218,4,300,621,32,8,test,2025-05-31T12:24:00Z
W005430,L0218,5,300,621,32,8,test,2025-05-31T12:32:00Z
W005431,L0218,6,300,621,32,8,test,2025-05-31T12:40:00Z
W005432,L0218,7,300,621,32,8,test,2025-05-31T12:48:00Z
W005433,L0218,8,300,621,32,8,test,2025-05-31T12:56:00Z
W005434,L0218,9,300,621,32,8,test,2025-05-31T13:04:00Z
W005435,L0218,10,300,621,32,8,test,2025-05-31T13:12:00Z
W005436,L0218,11,300,621,32,8,test,2025-05-31T13:20:00Z
W005437,L0218,12,300,621,32,8,test,2025-05-31T13:28:00Z
W005438,L0218,13,300,621,32,8,test,2025-05-31T13:36:00Z
W005439,L0218,14,300,621,32,8,test,2025-05-31T13:44:00Z
W005440,L0218,15,300,621,32,8,test,2025-05-31T13:52:00Z
W005441,L0218,16,300,621,32,8,test,2025-05-31T14:00:00Z
W005442,L0218,17,300,621,32,8,test,2025-05-31T14:08:00Z
W005443,L0218,18,300,621,32,8,test,2025-05-31T14:16:00Z
W005444,L0218,19,300,621,32,8,test,2025-05-31T14:24:00Z
W005445,L0218,20,300,621,32,8,test,2025-05-31T14:32:00Z
W005446,L0218,21,300,621,32,8,test,2025-05-31T14:40:00Z
W005447,L0218,22,300,621,32,8,test,2025-05-31T14:48:00Z
W005448,L0218,23,300,621,32,8,test,2025-05-31T14:56:00Z
W005449,L0218,24,300,621,32,8,test,2025-05-31T15:04:00Z
W005450,L0218,25,300,621,32,8,test,2025-05-31T15:12:00Z
W005451,L0219,1,300,621,32,12,test,2025-06-01T00:00:00Z
W005452,L0219,2,300,621,32,12,test,2025-06-01T00:08:00Z
W005453,L0219,3,300,621,32,12,test,2025-06-01T00:16:00Z
W005454,L0219,4,300,621,32,12,test,2025-06-01T00:24:00Z
W005455,L0219,5,300,621,32,12,test,2025-06-01T00:32:00Z
W005456,L0219,6,300,621,32,12,test,2025-06-01T00:40:00Z
W005457,L0219,7,300,621,32,12,test,2025-06-01T00:48:00Z
W005458,L0219,8,300,621,32,12,test,2025-06-01T00:56:00Z
W005459,L0219,9,300,621,32,12,test,2025-06-01T01:04:00Z
W005460,L0219,10,300,621,32,12,test,2025-06-01T01:12:00Z
W005461,L0219,11,300,621,32,12,test,2025-06-01T01:20:00Z
W005462,L0219,12,300,621,32,12,test,2025-06-01T01:28:00Z
W005463,L0219,13,300,621,32,12,test,2025-06-01T01:36:00Z
W005464,L0219,14,300,621,32,12,test,2025-06-01T01:44:00Z
W005465,L0219,15,300,621,32,12,test,2025-06-01T01:52:00Z
W005466,L0219,16,300,621,32,12,test,2025-06-01T02:00:00Z
W005467,L0219,17,300,621,32,12,test,2025-06-01T02:08:00Z
W005468,L0219,18,300,621,32,12,test,2025-06-01T02:16:00Z
W005469,L0219,19,300,621,32,12,test,2025-06-01T02:24:00Z
W005470,L0219,20,300,621,32,12,test,2025-06-01T02:32:00Z
W005471,L0219,21,300,621,32,12,test,2025-06-01T02:40:00Z
W005472,L0219,22,300,621,32,12,test,2025-06-01T02:48:00Z
W005473,L0219,23,300,621,32,12,test,2025-06-01T02:56:00Z
W005474,L0219,24,300,621,32,12,test,2025-06-01T03:04:00Z
W005475,L0219,25,300,621,32,12,test,2025-06-01T03:12:00Z
W005476,L0220,1,300,621,32,12,test,2025-06-01T12:00:00Z
W005477,L0220,2,300,621,32,12,test,2025-06-01T12:08:00Z
W005478,L0220,3,300,621,32,12,test,2025-06-01T12:16:00Z
W005479,L0220,4,300,621,32,12,test,2025-06-01T12:24:00Z
W005480,L0220,5,300,621,32,12,test,2025-06-01T12:32:00Z
W005481,L0220,6,300,621,32,12,test,2025-06-01T12:40:00Z
W005482,L0220,7,300,621,32,12,test,2025-06-01T12:48:00Z
W005483,L0220,8,300,621,32,12,test,2025-06-01T12:56:00Z
W005484,L0220,9,300,621,32,12,test,2025-06-01T13:04:00Z
W005485,L0220,10,300,621,32,12,test,2025-06-01T13:12:00Z
W005486,L0220,11,300,621,32,12,test,2025-06-01T13:20:00Z
W005487,L0220,12,300,621,32,12,test,2025-06-01T13:28:00Z
W005488,L0220,13,300,621,32,12,test,2025-06-01T13:36:00Z
W005489,L0220,14,300,621,32,12,test,2025-06-01T13:44:00Z
W005490,L0220,15,300,621,32,12,test,2025-06-01T13:52:00Z
W005491,L0220,16,300,621,32,12,test,2025-06-01T14:00:00Z
W005492,L0220,17,300,621,32,12,test,2025-06-01T14:08:00Z
W005493,L0220,18,300,621,32,12,test,2025-06-01T14:16:00Z
W005494,L0220,19,300,621,32,12,test,2025-06-01T14:24:00Z
W005495,L0220,20,300,621,32,12,test,2025-06-01T14:32:00Z
W005496,L0220,21,300,621,32,12,test,2025-06-01T14:40:00Z
W005497,L0220,22,300,621,32,12,test,2025-06-01T14:48:00Z
W005498,L0220,23,300,621,32,12,test,2025-06-01T14:56:00Z
W005499,L0220,24,300,621,32,12,test,2025-06-01T15:04:00Z
W005500,L0220,25,300,621,32,12,test,2025-06-01T15:12:00Z
W005501,L0221,1,300,621,32,8,test,2025-06-02T00:00:00Z
W005502,L0221,2,300,621,32,8,test,2025-06-02T00:08:00Z
W005503,L0221,3,300,621,32,8,test,2025-06-02T00:16:00Z
W005504,L0221,4,300,621,32,8,test,2025-06-02T00:24:00Z
W005505,L0221,5,300,621,32,8,test,2025-06-02T00:32:00Z
W005506,L0221,6,300,621,32,8,test,2025-06-02T00:40:00Z
W005507,L0221,7,300,621,32,8,test,2025-06-02T00:48:00Z
W005508,L0221,8,300,621,32,8,test,2025-06-02T00:56:00Z
W005509,L0221,9,300,621,32,8,test,2025-06-02T01:04:00Z
W005510,L0221,10,300,621,32,8,test,2025-06-02T01:12:00Z
W005511,L0221,11,300,621,32,8,test,2025-06-02T01:20:00Z
W005512,L0221,12,300,621,32,8,test,2025-06-02T01:28:00Z
W005513,L0221,13,300,621,32,8,test,2025-06-02T01:36:00Z
W005514,L0221,14,300,621,32,8,test,2025-06-02T01:44:00Z
W005515,L0221,15,300,621,32,8,test,2025-06-02T01:52:00Z
W005516,L0221,16,300,621,32,8,test,2025-06-02T02:00:00Z
W005517,L0221,17,300,621,32,8,test,2025-06-02T02:08:00Z
W005518,L0221,18,300,621,32,8,test,2025-06-02T02:16:00Z
W005519,L0221,19,300,621,32,8,test,2025-06-02T02:24:00Z
W005520,L0221,20,300,621,32,8,test,2025-06-02T02:32:00Z
W005521,L0221,21,300,621,32,8,test,2025-06-02T02:40:00Z
W005522,L0221,22,300,621,32,8,test,2025-06-02T02:48:00Z
W005523,L0221,23,300,621,32,8,test,2025-06-02T02:56:00Z
W005524,L0221,24,300,621,32,8,test,2025-06-02T03:04:00Z
W005525,L0221,25,300,621,32,8,test,2025-06-02T03:12:00Z
W005526,L0222,1,300,621,32,12,test,2025-06-02T12:00:00Z
W005527,L0222,2,300,621,32,12,test,2025-06-02T12:08:00Z
W005528,L0222,3,300,621,32,12,test,2025-06-02T12:16:00Z
W005529,L0222,4,300,621,32,12,test,2025-06-02T12:24:00Z
W005530,L0222,5,300,621,32,12,test,2025-06-02T12:32:00Z
W005531,L0222,6,300,621,32,12,test,2025-06-02T12:40:00Z
W005532,L0222,7,300,621,32,12,test,2025-06-02T12:48:00Z
W005533,L0222,8,300,621,32,12,test,2025-06-02T12:56:00Z
W005534,L0222,9,300,621,32,12,test,2025-06-02T13:04:00Z
W005535,L0222,10,300,621,32,12,test,2025-06-02T13:12:00Z
W005536,L0222,11,300,621,32,12,test,2025-06-02T13:20:00Z
W005537,L0222,12,300,621,32,12,test,2025-06-02T13:28:00Z
W005538,L0222,13,300,621,32,12,test,2025-06-02T13:36:00Z
W005539,L0222,14,300,621,32,12,test,2025-06-02T13:44:00Z
W005540,L0222,15,300,621,32,12,test,2025-06-02T13:52:00Z
W005541,L0222,16,300,621,32,12,test,2025-06-02T14:00:00Z
W005542,L0222,17,300,621,32,12,test,2025-06-02T14:08:00Z
W005543,L0222,18,300,621,32,12,test,2025-06-02T14:16:00Z
W005544,L0222,19,300,621,32,12,test,2025-06-02T14:24:00Z
W005545,L0222,20,300,621,32,12,test,2025-06-02T14:32:00Z
W005546,L0222,21,300,621,32,12,test,2025-06-02T14:40:00Z
W005547,L0222,22,300,621,32,12,test,2025-06-02T14:48:00Z
W005548,L0222,23,300,621,32,12,test,2025-06-02T14:56:00Z
W005549,L0222,24,300,621,32,12,test,2025-06-02T15:04:00Z
W005550,L0222,25,300,621,32,12,test,2025-06-02T15:12:00Z
W005551,L0223,1,300,621,32,12,test,2025-06-03T00:00:00Z
W005552,L0223,2,300,621,32,12,test,2025-06-03T00:08:00Z
W005553,L0223,3,300,621,32,12,test,2025-06-03T00:16:00Z
W005554,L0223,4,300,621,32,12,test,2025-06-03T00:24:00Z
W005555,L0223,5,300,621,32,12,test,2025-06-03T00:32:00Z
W005556,L0223,6,300,621,32,12,test,2025-06-03T00:40:00Z
W005557,L0223,7,300,621,32,12,test,2025-06-03T00:48:00Z
W005558,L0223,8,300,621,32,12,test,2025-06-03T00:56:00Z
W005559,L0223,9,300,621,32,12,test,2025-06-03T01:04:00Z
W005560,L0223,10,300,621,32,12,test,2025-06-03T01:12:00Z
W005561,L0223,11,300,621,32,12,test,2025-06-03T01:20:00Z
W005562,L0223,12,300,621,32,12,test,2025-06-03T01:28:00Z
W005563,L0223,13,300,621,32,12,test,2025-06-03T01:36:00Z
W005564,L0223,14,300,621,32,12,test,2025-06-03T01:44:00Z
W005565,L0223,15,300,621,32,12,test,2025-06-03T01:52:00Z
W005566,L0223,16,300,621,32,12,test,2025-06-03T02:00:00Z
W005567,L0223,17,300,621,32,12,test,2025-06-03T02:08:00Z
W005568,L0223,18,300,621,32,12,test,2025-06-03T02:16:00Z
W005569,L0223,19,300,621,32,12,test,2025-06-03T02:24:00Z
W005570,L0223,20,300,621,32,12,test,2025-06-03T02:32:00Z
W005571,L0223,21,300,621,32,12,test,2025-06-03T02:40:00Z
W005572,L0223,22,300,621,32,12,test,2025-06-03T02:48:00Z
W005573,L0223,23,300,621,32,12,test,2025-06-03T02:56:00Z
W005574,L0223,24,300,621,32,12,test,2025-06-03T03:04:00Z
W005575,L0223,25,300,621,32,12,test,2025-06-03T03:12:00Z
W005576,L0224,1,300,621,32,12,test,2025-06-03T12:00:00Z
W005577,L0224,2,300,621,32,12,test,2025-06-03T12:08:00Z
W005578,L0224,3,300,621,32,12,test,2025-06-03T12:16:00Z
W005579,L0224,4,300,621,32,12,test,2025-06-03T12:24:00Z
W005580,L0224,5,300,621,32,12,test,2025-06-03T12:32:00Z
W005581,L0224,6,300,621,32,12,test,2025-06-03T12:40:00Z
W005582,L0224,7,300,621,32,12,test,2025-06-03T12:48:00Z
W005583,L0224,8,300,621,32,12,test,2025-06-03T12:56:00Z
W005584,L0224,9,300,621,32,12,test,2025-06-03T13:04:00Z
W005585,L0224,10,300,621,32,12,test,2025-06-03T13:12:00Z
W005586,L0224,11,300,621,32,12,test,2025-06-03T13:20:00Z
W005587,L0224,12,300,621,32,12,test,2025-06-03T13:28:00Z
W005588,L0224,13,300,621,32,12,test,2025-06-03T13:36:00Z
W005589,L0224,14,300,621,32,12,test,2025-06-03T13:44:00Z
W005590,L0224,15,300,621,32,12,test,2025-06-03T13:52:00Z
W005591,L0224,16,300,621,32,12,test,2025-06-03T14:00:00Z
W005592,L0224,17,300,621,32,12,test,2025-06-03T14:08:00Z
W005593,L0224,18,300,621,32,12,test,2025-06-03T14:16:00Z
W005594,L0224,19,300,621,32,12,test,2025-06-03T14:24:00Z
W005595,L0224,20,300,621,32,12,test,2025-06-03T14:32:00Z
W005596,L0224,21,300,621,32,12,test,2025-06-03T14:40:00Z
W005597,L0224,22,300,621,32,12,test,2025-06-03T14:48:00Z
W005598,L0224,23,300,621,32,12,test,2025-06-03T14:56:00Z
W005599,L0224,24,300,621,32,12,test,2025-06-03T15:04:00Z
W005600,L0224,25,300,621,32,12,test,2025-06-03T15:12:00Z
W005601,L0225,1,300,621,32,12,test,2025-06-04T00:00:00Z
W005602,L0225,2,300,621,32,12,test,2025-06-04T00:08:00Z
W005603,L0225,3,300,621,32,12,test,2025-06-04T00:16:00Z
W005604,L0225,4,300,621,32,12,test,2025-06-04T00:24:00Z
W005605,L0225,5,300,621,32,12,test,2025-06-04T00:32:00Z
W005606,L0225,6,300,621,32,12,test,2025-06-04T00:40:00Z
W005607,L0225,7,300,621,32,12,test,2025-06-04T00:48:00Z
W005608,L0225,8,300,621,32,12,test,2025-06-04T00:56:00Z
W005609,L0225,9,300,621,32,12,test,2025-06-04T01:04:00Z
W005610,L0225,10,300,621,32,12,test,2025-06-04T01:12:00Z
W005611,L0225,11,300,621,32,12,test,2025-06-04T01:20:00Z
W005612,L0225,12,300,621,32,12,test,2025-06-04T01:28:00Z
W005613,L0225,13,300,621,32,12,test,2025-06-04T01:36:00Z
W005614,L0225,14,300,621,32,12,test,2025-06-04T01:44:00Z
W005615,L0225,15,300,621,32,12,test,2025-06-04T01:52:00Z
W005616,L0225,16,300,621,32,12,test,2025-06-04T02:00:00Z
W005617,L0225,17,300,621,32,12,test,2025-06-04T02:08:00Z
W005618,L0225,18,300,621,32,12,test,2025-06-04T02:16:00Z
W005619,L0225,19,300,621,32,12,test,2025-06-04T02:24:00Z
W005620,L0225,20,300,621,32,12,test,2025-06-04T02:32:00Z
W005621,L0225,21,300,621,32,12,test,2025-06-04T02:40:00Z
W005622,L0225,22,300,621,32,12,test,2025-06-04T02:48:00Z
W005623,L0225,23,300,621,32,12,test,2025-06-04T02:56:00Z
W005624,L0225,24,300,621,32,12,test,2025-06-04T03:04:00Z
W005625,L0225,25,300,621,32,12,test,2025-06-04T03:12:00Z
W005626,L0226,1,300,621,32,12,test,2025-06-04T12:00:00Z
W005627,L0226,2,300,621,32,12,test,2025-06-04T12:08:00Z
W005628,L0226,3,300,621,32,12,test,2025-06-04T12:16:00Z
W005629,L0226,4,300,621,32,12,test,2025-06-04T12:24:00Z
W005630,L0226,5,300,621,32,12,test,2025-06-04T12:32:00Z
W005631,L0226,6,300,621,32,12,test,2025-06-04T12:40:00Z
W005632,L0226,7,300,621,32,12,test,2025-06-04T12:48:00Z
W005633,L0226,8,300,621,32,12,test,2025-06-04T12:56:00Z
W005634,L0226,9,300,621,32,12,test,2025-06-04T13:04:00Z
W005635,L0226,10,300,621,32,12,test,2025-06-04T13:12:00Z
W005636,L0226,11,300,621,32,12,test,2025-06-04T13:20:00Z
W005637,L0226,12,300,621,32,12,test,2025-06-04T13:28:00Z
W005638,L0226,13,300,621,32,12,test,2025-06-04T13:36:00Z
W005639,L0226,14,300,621,32,12,test,2025-06-04T13:44:00Z
W005640,L0226,15,300,621,32,12,test,2025-06-04T13:52:00Z
W005641,L0226,16,300,621,32,12,test,2025-06-04T14:00:00Z
W005642,L0226,17,300,621,32,12,test,2025-06-04T14:08:00Z
W005643,L0226,18,300,621,32,12,test,2025-06-04T14:16:00Z
W005644,L0226,19,300,621,32,12,test,2025-06-04T14:24:00Z
W005645,L0226,20,300,621,32,12,test,2025-06-04T14:32:00Z
W005646,L0226,21,300,621,32,12,test,2025-06-04T14:40:00Z
W005647,L0226,22,300,621,32,12,test,2025-06-04T14:48:00Z
W005648,L0226,23,300,621,32,12,test,2025-06-04T14:56:00Z
W005649,L0226,24,300,621,32,12,test,2025-06-04T15:04:00Z
W005650,L0226,25,300,621,32,12,test,2025-06-04T15:12:00Z
W005651,L0227,1,300,621,32,12,test,2025-06-05T00:00:00Z
W005652,L0227,2,300,621,32,12,test,2025-06-05T00:08:00Z
W005653,L0227,3,300,621,32,12,test,2025-06-05T00:16:00Z
W005654,L0227,4,300,621,32,12,test,2025-06-05T00:24:00Z
W005655,L0227,5,300,621,32,12,test,2025-06-05T00:32:00Z
W005656,L0227,6,300,621,32,12,test,2025-06-05T00:40:00Z
W005657,L0227,7,300,621,32,12,test,2025-06-05T00:48:00Z
W005658,L0227,8,300,621,32,12,test,2025-06-05T00:56:00Z
W005659,L0227,9,300,621,32,12,test,2025-06-05T01:04:00Z
W005660,L0227,10,300,621,32,12,test,2025-06-05T01:12:00Z
W005661,L0227,11,300,621,32,12,test,2025-06-05T01:20:00Z
W005662,L0227,12,300,621,32,12,test,2025-06-05T01:28:00Z
W005663,L0227,13,300,621,32,12,test,2025-06-05T01:36:00Z
W005664,L0227,14,300,621,32,12,test,2025-06-05T01:44:00Z
W005665,L0227,15,300,621,32,12,test,2025-06-05T01:52:00Z
W005666,L0227,16,300,621,32,12,test,2025-06-05T02:00:00Z
W005667,L0227,17,300,621,32,12,test,2025-06-05T02:08:00Z
W005668,L0227,18,300,621,32,12,test,2025-06-05T02:16:00Z
W005669,L0227,19,300,621,32,12,test,2025-06-05T02:24:00Z
W005670,L0227,20,300,621,32,12,test,2025-06-05T02:32:00Z
W005671,L0227,21,300,621,32,12,test,2025-06-05T02:40:00Z
W005672,L0227,22,300,621,32,12,test,2025-06-05T02:48:00Z
W005673,L0227,23,300,621,32,12,test,2025-06-05T02:56:00Z
W005674,L0227,24,300,621,32,12,test,2025-06-05T03:04:00Z
W005675,L0227,25,300,621,32,12,test,2025-06-05T03:12:00Z
W005676,L0228,1,300,621,32,12,test,2025-06-05T12:00:00Z
W005677,L0228,2,300,621,32,12,test,2025-06-05T12:08:00Z
W005678,L0228,3,300,621,32,12,test,2025-06-05T12:16:00Z
W005679,L0228,4,300,621,32,12,test,2025-06-05T12:24:00Z
W005680,L0228,5,300,621,32,12,test,2025-06-05T12:32:00Z
W005681,L0228,6,300,621,32,12,test,2025-06-05T12:40:00Z
W005682,L0228,7,300,621,32,12,test,2025-06-05T12:48:00Z
W005683,L0228,8,300,621,32,12,test,2025-06-05T12:56:00Z
W005684,L0228,9,300,621,32,12,test,2025-06-05T13:04:00Z
W005685,L0228,10,300,621,32,12,test,2025-06-05T13:12:00Z
W005686,L0228,11,300,621,32,12,test,2025-06-05T13:20:00Z
W005687,L0228,12,300,621,32,12,test,2025-06-05T13:28:00Z
W005688,L0228,13,300,621,32,12,test,2025-06-05T13:36:00Z
W005689,L0228,14,300,621,32,12,test,2025-06-05T13:44:00Z
W005690,L0228,15,300,621,32,12,test,2025-06-05T13:52:00Z
W005691,L0228,16,300,621,32,12,test,2025-06-05T14:00:00Z
W005692,L0228,17,300,621,32,12,test,2025-06-05T14:08:00Z
W005693,L0228,18,300,621,32,12,test,2025-06-05T14:16:00Z
W005694,L0228,19,300,621,32,12,test,2025-06-05T14:24:00Z
W005695,L0228,20,300,621,32,12,test,2025-06-05T14:32:00Z
W005696,L0228,21,300,621,32,12,test,2025-06-05T14:40:00Z
W005697,L0228,22,300,621,32,12,test,2025-06-05T14:48:00Z
W005698,L0228,23,300,621,32,12,test,2025-06-05T14:56:00Z
W005699,L0228,24,300,621,32,12,test,2025-06-05T15:04:00Z
W005700,L0228,25,300,621,32,12,test,2025-06-05T15:12:00Z
W005701,L0229,1,300,621,32,12,test,2025-06-06T00:00:00Z
W005702,L0229,2,300,621,32,12,test,2025-06-06T00:08:00Z
W005703,L0229,3,300,621,32,12,test,2025-06-06T00:16:00Z
W005704,L0229,4,300,621,32,12,test,2025-06-06T00:24:00Z
W005705,L0229,5,300,621,32,12,test,2025-06-06T00:32:00Z
W005706,L0229,6,300,621,32,12,test,2025-06-06T00:40:00Z
W005707,L0229,7,300,621,32,12,test,2025-06-06T00:48:00Z
W005708,L0229,8,300,621,32,12,test,2025-06-06T00:56:00Z
W005709,L0229,9,300,621,32,12,test,2025-06-06T01:04:00Z
W005710,L0229,10,300,621,32,12,test,2025-06-06T01:12:00Z
W005711,L0229,11,300,621,32,12,test,2025-06-06T01:20:00Z
W005712,L0229,12,300,621,32,12,test,2025-06-06T01:28:00Z
W005713,L0229,13,300,621,32,12,test,2025-06-06T01:36:00Z
W005714,L0229,14,300,621,32,12,test,2025-06-06T01:44:00Z
W005715,L0229,15,300,621,32,12,test,2025-06-06T01:52:00Z
W005716,L0229,16,300,621,32,12,test,2025-06-06T02:00:00Z
W005717,L0229,17,300,621,32,12,test,2025-06-06T02:08:00Z
W005718,L0229,18,300,621,32,12,test,2025-06-06T02:16:00Z
W005719,L0229,19,300,621,32,12,test,2025-06-06T02:24:00Z
W005720,L0229,20,300,621,32,12,test,2025-06-06T02:32:00Z
W005721,L0229,21,300,621,32,12,test,2025-06-06T02:40:00Z
W005722,L0229,22,300,621,32,12,test,2025-06-06T02:48:00Z
W005723,L0229,23,300,621,32,12,test,2025-06-06T02:56:00Z
W005724,L0229,24,300,621,32,12,test,2025-06-06T03:04:00Z
W005725,L0229,25,300,621,32,12,test,2025-06-06T03:12:00Z
W005726,L0230,1,300,621,32,12,test,2025-06-06T12:00:00Z
W005727,L0230,2,300,621,32,12,test,2025-06-06T12:08:00Z
W005728,L0230,3,300,621,32,12,test,2025-06-06T12:16:00Z
W005729,L0230,4,300,621,32,12,test,2025-06-06T12:24:00Z
W005730,L0230,5,300,621,32,12,test,2025-06-06T12:32:00Z
W005731,L0230,6,300,621,32,12,test,2025-06-06T12:40:00Z
W005732,L0230,7,300,621,32,12,test,2025-06-06T12:48:00Z
W005733,L0230,8,300,621,32,12,test,2025-06-06T12:56:00Z
W005734,L0230,9,300,621,32,12,test,2025-06-06T13:04:00Z
W005735,L0230,10,300,621,32,12,test,2025-06-06T13:12:00Z
W005736,L0230,11,300,621,32,12,test,2025-06-06T13:20:00Z
W005737,L0230,12,300,621,32,12,test,2025-06-06T13:28:00Z
W005738,L0230,13,300,621,32,12,test,2025-06-06T13:36:00Z
W005739,L0230,14,300,621,32,12,test,2025-06-06T13:44:00Z
W005740,L0230,15,300,621,32,12,test,2025-06-06T13:52:00Z
W005741,L0230,16,300,621,32,12,test,2025-06-06T14:00:00Z
W005742,L0230,17,300,621,32,12,test,2025-06-06T14:08:00Z
W005743,L0230,18,300,621,32,12,test,2025-06-06T14:16:00Z
W005744,L0230,19,300,621,32,12,test,2025-06-06T14:24:00Z
W005745,L0230,20,300,621,32,12,test,2025-06-06T14:32:00Z
W005746,L0230,21,300,621,32,12,test,2025-06-06T14:40:00Z
W005747,L0230,22,300,621,32,12,test,2025-06-06T14:48:00Z
W005748,L0230,23,300,621,32,12,test,2025-06-06T14:56:00Z
W005749,L0230,24,300,621,32,12,test,2025-06-06T15:04:00Z
W005750,L0230,25,300,621,32,12,test,2025-06-06T15:12:00Z
W005751,L0231,1,300,621,32,8,test,2025-06-07T00:00:00Z
W005752,L0231,2,300,621,32,8,test,2025-06-07T00:08:00Z
W005753,L0231,3,300,621,32,8,test,2025-06-07T00:16:00Z
W005754,L0231,4,300,621,32,8,test,2025-06-07T00:24:00Z
W005755,L0231,5,300,621,32,8,test,2025-06-07T00:32:00Z
W005756,L0231,6,300,621,32,8,test,2025-06-07T00:40:00Z
W005757,L0231,7,300,621,32,8,test,2025-06-07T00:48:00Z
W005758,L0231,8,300,621,32,8,test,2025-06-07T00:56:00Z
W005759,L0231,9,300,621,32,8,test,2025-06-07T01:04:00Z
W005760,L0231,10,300,621,32,8,test,2025-06-07T01:12:00Z
W005761,L0231,11,300,621,32,8,test,2025-06-07T01:20:00Z
W005762,L0231,12,300,621,32,8,test,2025-06-07T01:28:00Z
W005763,L0231,13,300,621,32,8,test,2025-06-07T01:36:00Z
W005764,L0231,14,300,621,32,8,test,2025-06-07T01:44:00Z
W005765,L0231,15,300,621,32,8,test,2025-06-07T01:52:00Z
W005766,L0231,16,300,621,32,8,test,2025-06-07T02:00:00Z
W005767,L0231,17,300,621,32,8,test,2025-06-07T02:08:00Z
W005768,L0231,18,300,621,32,8,test,2025-06-07T02:16:00Z
W005769,L0231,19,300,621,32,8,test,2025-06-07T02:24:00Z
W005770,L0231,20,300,621,32,8,test,2025-06-07T02:32:00Z
W005771,L0231,21,300,621,32,8,test,2025-06-07T02:40:00Z
W005772,L0231,22,300,621,32,8,test,2025-06-07T02:48:00Z
W005773,L0231,23,300,621,32,8,test,2025-06-07T02:56:00Z
W005774,L0231,24,300,621,32,8,test,2025-06-07T03:04:00Z
W005775,L0231,25,300,621,32,8,test,2025-06-07T03:12:00Z
W005776,L0232,1,300,621,32,12,test,2025-06-07T12:00:00Z
W005777,L0232,2,300,621,32,12,test,2025-06-07T12:08:00Z
W005778,L0232,3,300,621,32,12,test,2025-06-07T12:16:00Z
W005779,L0232,4,300,621,32,12,test,2025-06-07T12:24:00Z
W005780,L0232,5,300,621,32,12,test,2025-06-07T12:32:00Z
W005781,L0232,6,300,621,32,12,test,2025-06-07T12:40:00Z
W005782,L0232,7,300,621,32,12,test,2025-06-07T12:48:00Z
W005783,L0232,8,300,621,32,12,test,2025-06-07T12:56:00Z
W005784,L0232,9,300,621,32,12,test,2025-06-07T13:04:00Z
W005785,L0232,10,300,621,32,12,test,2025-06-07T13:12:00Z
W005786,L0232,11,300,621,32,12,test,2025-06-07T13:20:00Z
W005787,L0232,12,300,621,32,12,test,2025-06-07T13:28:00Z
W005788,L0232,13,300,621,32,12,test,2025-06-07T13:36:00Z
W005789,L0232,14,300,621,32,12,test,2025-06-07T13:44:00Z
W005790,L0232,15,300,621,32,12,test,2025-06-07T13:52:00Z
W005791,L0232,16,300,621,32,12,test,2025-06-07T14:00:00Z
W005792,L0232,17,300,621,32,12,test,2025-06-07T14:08:00Z
W005793,L0232,18,300,621,32,12,test,2025-06-07T14:16:00Z
W005794,L0232,19,300,621,32,12,test,2025-06-07T14:24:00Z
W005795,L0232,20,300,621,32,12,test,2025-06-07T14:32:00Z
W005796,L0232,21,300,621,32,12,test,2025-06-07T14:40:00Z
W005797,L0232,22,300,621,32,12,test,2025-06-07T14:48:00Z
W005798,L0232,23,300,621,32,12,test,2025-06-07T14:56:00Z
W005799,L0232,24,300,621,32,12,test,2025-06-07T15:04:00Z
W005800,L0232,25,300,621,32,12,test,2025-06-07T15:12:00Z
W005801,L0233,1,300,621,32,8,test,2025-06-08T00:00:00Z
W005802,L0233,2,300,621,32,8,test,2025-06-08T00:08:00Z
W005803,L0233,3,300,621,32,8,test,2025-06-08T00:16:00Z
W005804,L0233,4,300,621,32,8,test,2025-06-08T00:24:00Z
W005805,L0233,5,300,621,32,8,test,2025-06-08T00:32:00Z
W005806,L0233,6,300,621,32,8,test,2025-06-08T00:40:00Z
W005807,L0233,7,300,621,32,8,test,2025-06-08T00:48:00Z
W005808,L0233,8,300,621,32,8,test,2025-06-08T00:56:00Z
W005809,L0233,9,300,621,32,8,test,2025-06-08T01:04:00Z
W005810,L0233,10,300,621,32,8,test,2025-06-08T01:12:00Z
W005811,L0233,11,300,621,32,8,test,2025-06-08T01:20:00Z
W005812,L0233,12,300,621,32,8,test,2025-06-08T01:28:00Z
W005813,L0233,13,300,621,32,8,test,2025-06-08T01:36:00Z
W005814,L0233,14,300,621,32,8,test,2025-06-08T01:44:00Z
W005815,L0233,15,300,621,32,8,test,2025-06-08T01:52:00Z
W005816,L0233,16,300,621,32,8,test,2025-06-08T02:00:00Z
W005817,L0233,17,300,621,32,8,test,2025-06-08T02:08:00Z
W005818,L0233,18,300,621,32,8,test,2025-06-08T02:16:00Z
W005819,L0233,19,300,621,32,8,test,2025-06-08T02:24:00Z
W005820,L0233,20,300,621,32,8,test,2025-06-08T02:32:00Z
W005821,L0233,21,300,621,32,8,test,2025-06-08T02:40:00Z
W005822,L0233,22,300,621,32,8,test,2025-06-08T02:48:00Z
W005823,L0233,23,300,621,32,8,test,2025-06-08T02:56:00Z
W005824,L0233,24,300,621,32,8,test,2025-06-08T03:04:00Z
W005825,L0233,25,300,621,32,8,test,2025-06-08T03:12:00Z
W005826,L0234,1,300,621,32,8,test,2025-06-08T12:00:00Z
W005827,L0234,2,300,621,32,8,test,2025-06-08T12:08:00Z
W005828,L0234,3,300,621,32,8,test,2025-06-08T12:16:00Z
W005829,L0234,4,300,621,32,8,test,2025-06-08T12:24:00Z
W005830,L0234,5,300,621,32,8,test,2025-06-08T12:32:00Z
W005831,L0234,6,300,621,32,8,test,2025-06-08T12:40:00Z
W005832,L0234,7,300,621,32,8,test,2025-06-08T12:48:00Z
W005833,L0234,8,300,621,32,8,test,2025-06-08T12:56:00Z
W005834,L0234,9,300,621,32,8,test,2025-06-08T13:04:00Z
W005835,L0234,10,300,621,32,8,test,2025-06-08T13:12:00Z
W005836,L0234,11,300,621,32,8,test,2025-06-08T13:20:00Z
W005837,L0234,12,300,621,32,8,test,2025-06-08T13:28:00Z
W005838,L0234,13,300,621,32,8,test,2025-06-08T13:36:00Z
W005839,L0234,14,300,621,32,8,test,2025-06-08T13:44:00Z
W005840,L0234,15,300,621,32,8,test,2025-06-08T13:52:00Z
W005841,L0234,16,300,621,32,8,test,2025-06-08T14:00:00Z
W005842,L0234,17,300,621,32,8,test,2025-06-08T14:08:00Z
W005843,L0234,18,300,621,32,8,test,2025-06-08T14:16:00Z
W005844,L0234,19,300,621,32,8,test,2025-06-08T14:24:00Z
W005845,L0234,20,300,621,32,8,test,2025-06-08T14:32:00Z
W005846,L0234,21,300,621,32,8,test,2025-06-08T14:40:00Z
W005847,L0234,22,300,621,32,8,test,2025-06-08T14:48:00Z
W005848,L0234,23,300,621,32,8,test,2025-06-08T14:56:00Z
W005849,L0234,24,300,621,32,8,test,2025-06-08T15:04:00Z
W005850,L0234,25,300,621,32,8,test,2025-06-08T15:12:00Z
W005851,L0235,1,300,621,32,12,test,2025-06-09T00:00:00Z
W005852,L0235,2,300,621,32,12,test,2025-06-09T00:08:00Z
W005853,L0235,3,300,621,32,12,test,2025-06-09T00:16:00Z
W005854,L0235,4,300,621,32,12,test,2025-06-09T00:24:00Z
W005855,L0235,5,300,621,32,12,test,2025-06-09T00:32:00Z
W005856,L0235,6,300,621,32,12,test,2025-06-09T00:40:00Z
W005857,L0235,7,300,621,32,12,test,2025-06-09T00:48:00Z
W005858,L0235,8,300,621,32,12,test,2025-06-09T00:56:00Z
W005859,L0235,9,300,621,32,12,test,2025-06-09T01:04:00Z
W005860,L0235,10,300,621,32,12,test,2025-06-09T01:12:00Z
W005861,L0235,11,300,621,32,12,test,2025-06-09T01:20:00Z
W005862,L0235,12,300,621,32,12,test,2025-06-09T01:28:00Z
W005863,L0235,13,300,621,32,12,test,2025-06-09T01:36:00Z
W005864,L0235,14,300,621,32,12,test,2025-06-09T01:44:00Z
W005865,L0235,15,300,621,32,12,test,2025-06-09T01:52:00Z
W005866,L0235,16,300,621,32,12,test,2025-06-09T02:00:00Z
W005867,L0235,17,300,621,32,12,test,2025-06-09T02:08:00Z
W005868,L0235,18,300,621,32,12,test,2025-06-09T02:16:00Z
W005869,L0235,19,300,621,32,12,test,2025-06-09T02:24:00Z
W005870,L0235,20,300,621,32,12,test,2025-06-09T02:32:00Z
W005871,L0235,21,300,621,32,12,test,2025-06-09T02:40:00Z
W005872,L0235,22,300,621,32,12,test,2025-06-09T02:48:00Z
W005873,L0235,23,300,621,32,12,test,2025-06-09T02:56:00Z
W005874,L0235,24,300,621,32,12,test,2025-06-09T03:04:00Z
W005875,L0235,25,300,621,32,12,test,2025-06-09T03:12:00Z
W005876,L0236,1,300,621,32,8,test,2025-06-09T12:00:00Z
W005877,L0236,2,300,621,32,8,test,2025-06-09T12:08:00Z
W005878,L0236,3,300,621,32,8,test,2025-06-09T12:16:00Z
W005879,L0236,4,300,621,32,8,test,2025-06-09T12:24:00Z
W005880,L0236,5,300,621,32,8,test,2025-06-09T12:32:00Z
W005881,L0236,6,300,621,32,8,test,2025-06-09T12:40:00Z
W005882,L0236,7,300,621,32,8,test,2025-06-09T12:48:00Z
W005883,L0236,8,300,621,32,8,test,2025-06-09T12:56:00Z
W005884,L0236,9,300,621,32,8,test,2025-06-09T13:04:00Z
W005885,L0236,10,300,621,32,8,test,2025-06-09T13:12:00Z
W005886,L0236,11,300,621,32,8,test,2025-06-09T13:20:00Z
W005887,L0236,12,300,621,32,8,test,2025-06-09T13:28:00Z
W005888,L0236,13,300,621,32,8,test,2025-06-09T13:36:00Z
W005889,L0236,14,300,621,32,8,test,2025-06-09T13:44:00Z
W005890,L0236,15,300,621,32,8,test,2025-06-09T13:52:00Z
W005891,L0236,16,300,621,32,8,test,2025-06-09T14:00:00Z
W005892,L0236,17,300,621,32,8,test,2025-06-09T14:08:00Z
W005893,L0236,18,300,621,32,8,test,2025-06-09T14:16:00Z
W005894,L0236,19,300,621,32,8,test,2025-06-09T14:24:00Z
W005895,L0236,20,300,621,32,8,test,2025-06-09T14:32:00Z
W005896,L0236,21,300,621,32,8,test,2025-06-09T14:40:00Z
W005897,L0236,22,300,621,32,8,test,2025-06-09T14:48:00Z
W005898,L0236,23,300,621,32,8,test,2025-06-09T14:56:00Z
W005899,L0236,24,300,621,32,8,test,2025-06-09T15:04:00Z
W005900,L0236,25,300,621,32,8,test,2025-06-09T15:12:00Z
W005901,L0237,1,300,621,32,12,test,2025-06-10T00:00:00Z
W005902,L0237,2,300,621,32,12,test,2025-06-10T00:08:00Z
W005903,L0237,3,300,621,32,12,test,2025-06-10T00:16:00Z
W005904,L0237,4,300,621,32,12,test,2025-06-10T00:24:00Z
W005905,L0237,5,300,621,32,12,test,2025-06-10T00:32:00Z
W005906,L0237,6,300,621,32,12,test,2025-06-10T00:40:00Z
W005907,L0237,7,300,621,32,12,test,2025-06-10T00:48:00Z
W005908,L0237,8,300,621,32,12,test,2025-06-10T00:56:00Z
W005909,L0237,9,300,621,32,12,test,2025-06-10T01:04:00Z
W005910,L0237,10,300,621,32,12,test,2025-06-10T01:12:00Z
W005911,L0237,11,300,621,32,12,test,2025-06-10T01:20:00Z
W005912,L0237,12,300,621,32,12,test,2025-06-10T01:28:00Z
W005913,L0237,13,300,621,32,12,test,2025-06-10T01:36:00Z
W005914,L0237,14,300,621,32,12,test,2025-06-10T01:44:00Z
W005915,L0237,15,300,621,32,12,test,2025-06-10T01:52:00Z
W005916,L0237,16,300,621,32,12,test,2025-06-10T02:00:00Z
W005917,L0237,17,300,621,32,12,test,2025-06-10T02:08:00Z
W005918,L0237,18,300,621,32,12,test,2025-06-10T02:16:00Z
W005919,L0237,19,300,621,32,12,test,2025-06-10T02:24:00Z
W005920,L0237,20,300,621,32,12,test,2025-06-10T02:32:00Z
W005921,L0237,21,300,621,32,12,test,2025-06-10T02:40:00Z
W005922,L0237,22,300,621,32,12,test,2025-06-10T02:48:00Z
W005923,L0237,23,300,621,32,12,test,2025-06-10T02:56:00Z
W005924,L0237,24,300,621,32,12,test,2025-06-10T03:04:00Z
W005925,L0237,25,300,621,32,12,test,2025-06-10T03:12:00Z
W005926,L0238,1,300,621,32,12,test,2025-06-10T12:00:00Z
W005927,L0238,2,300,621,32,12,test,2025-06-10T12:08:00Z
W005928,L0238,3,300,621,32,12,test,2025-06-10T12:16:00Z
W005929,L0238,4,300,621,32,12,test,2025-06-10T12:24:00Z
W005930,L0238,5,300,621,32,12,test,2025-06-10T12:32:00Z
W005931,L0238,6,300,621,32,12,test,2025-06-10T12:40:00Z
W005932,L0238,7,300,621,32,12,test,2025-06-10T12:48:00Z
W005933,L0238,8,300,621,32,12,test,2025-06-10T12:56:00Z
W005934,L0238,9,300,621,32,12,test,2025-06-10T13:04:00Z
W005935,L0238,10,300,621,32,12,test,2025-06-10T13:12:00Z
W005936,L0238,11,300,621,32,12,test,2025-06-10T13:20:00Z
W005937,L0238,12,300,621,32,12,test,2025-06-10T13:28:00Z
W005938,L0238,13,300,621,32,12,test,2025-06-10T13:36:00Z
W005939,L0238,14,300,621,32,12,test,2025-06-10T13:44:00Z
W005940,L0238,15,300,621,32,12,test,2025-06-10T13:52:00Z
W005941,L0238,16,300,621,32,12,test,2025-06-10T14:00:00Z
W005942,L0238,17,300,621,32,12,test,2025-06-10T14:08:00Z
W005943,L0238,18,300,621,32,12,test,2025-06-10T14:16:00Z
W005944,L0238,19,300,621,32,12,test,2025-06-10T14:24:00Z
W005945,L0238,20,300,621,32,12,test,2025-06-10T14:32:00Z
W005946,L0238,21,300,621,32,12,test,2025-06-10T14:40:00Z
W005947,L0238,22,300,621,32,12,test,2025-06-10T14:48:00Z
W005948,L0238,23,300,621,32,12,test,2025-06-10T14:56:00Z
W005949,L0238,24,300,621,32,12,test,2025-06-10T15:04:00Z
W005950,L0238,25,300,621,32,12,test,2025-06-10T15:12:00Z
W005951,L0239,1,300,621,32,12,test,2025-06-11T00:00:00Z
W005952,L0239,2,300,621,32,12,test,2025-06-11T00:08:00Z
W005953,L0239,3,300,621,32,12,test,2025-06-11T00:16:00Z
W005954,L0239,4,300,621,32,12,test,2025-06-11T00:24:00Z
W005955,L0239,5,300,621,32,12,test,2025-06-11T00:32:00Z
W005956,L0239,6,300,621,32,12,test,2025-06-11T00:40:00Z
W005957,L0239,7,300,621,32,12,test,2025-06-11T00:48:00Z
W005958,L0239,8,300,621,32,12,test,2025-06-11T00:56:00Z
W005959,L0239,9,300,621,32,12,test,2025-06-11T01:04:00Z
W005960,L0239,10,300,621,32,12,test,2025-06-11T01:12:00Z
W005961,L0239,11,300,621,32,12,test,2025-06-11T01:20:00Z
W005962,L0239,12,300,621,32,12,test,2025-06-11T01:28:00Z
W005963,L0239,13,300,621,32,12,test,2025-06-11T01:36:00Z
W005964,L0239,14,300,621,32,12,test,2025-06-11T01:44:00Z
W005965,L0239,15,300,621,32,12,test,2025-06-11T01:52:00Z
W005966,L0239,16,300,621,32,12,test,2025-06-11T02:00:00Z
W005967,L0239,17,300,621,32,12,test,2025-06-11T02:08:00Z
W005968,L0239,18,300,621,32,12,test,2025-06-11T02:16:00Z
W005969,L0239,19,300,621,32,12,test,2025-06-11T02:24:00Z
W005970,L0239,20,300,621,32,12,test,2025-06-11T02:32:00Z
W005971,L0239,21,300,621,32,12,test,2025-06-11T02:40:00Z
W005972,L0239,22,300,621,32,12,test,2025-06-11T02:48:00Z
W005973,L0239,23,300,621,32,12,test,2025-06-11T02:56:00Z
W005974,L0239,24,300,621,32,12,test,2025-06-11T03:04:00Z
W005975,L0239,25,300,621,32,12,test,2025-06-11T03:12:00Z
W005976,L0240,1,300,621,32,12,test,2025-06-11T12:00:00Z
W005977,L0240,2,300,621,32,12,test,2025-06-11T12:08:00Z
W005978,L0240,3,300,621,32,12,test,2025-06-11T12:16:00Z
W005979,L0240,4,300,621,32,12,test,2025-06-11T12:24:00Z
W005980,L0240,5,300,621,32,12,test,2025-06-11T12:32:00Z
W005981,L0240,6,300,621,32,12,test,2025-06-11T12:40:00Z
W005982,L0240,7,300,621,32,12,test,2025-06-11T12:48:00Z
W005983,L0240,8,300,621,32,12,test,2025-06-11T12:56:00Z
W005984,L0240,9,300,621,32,12,test,2025-06-11T13:04:00Z
W005985,L0240,10,300,621,32,12,test,2025-06-11T13:12:00Z
W005986,L0240,11,300,621,32,12,test,2025-06-11T13:20:00Z
W005987,L0240,12,300,621,32,12,test,2025-06-11T13:28:00Z
W005988,L0240,13,300,621,32,12,test,2025-06-11T13:36:00Z
W005989,L0240,14,300,621,32,12,test,2025-06-11T13:44:00Z
W005990,L0240,15,300,621,32,12,test,2025-06-11T13:52:00Z
W005991,L0240,16,300,621,32,12,test,2025-06-11T14:00:00Z
W005992,L0240,17,300,621,32,12,test,2025-06-11T14:08:00Z
W005993,L0240,18,300,621,32,12,test,2025-06-11T14:16:00Z
W005994,L0240,19,300,621,32,12,test,2025-06-11T14:24:00Z
W005995,L0240,20,300,621,32,12,test,2025-06-11T14:32:00Z
W005996,L0240,21,300,621,32,12,test,2025-06-11T14:40:00Z
W005997,L0240,22,300,621,32,12,test,2025-06-11T14:48:00Z
W005998,L0240,23,300,621,32,12,test,2025-06-11T14:56:00Z
W005999,L0240,24,300,621,32,12,test,2025-06-11T15:04:00Z
W006000,L0240,25,300,621,32,12,test,2025-06-11T15:12:00Z
