table,column,dtype,unit,grain,description,available_at,role,nullable_in_this_release,missing_count,null_meaning,generation_family,generator_expressions,parent_symbol_definitions,calibration_status
lots,lot_id,str,category/text,one DRAM lot,Fictional lot identifier for traceability or configuration.,at lot release,identifier_or_metadata,False,0,No missing values in this generated cohort.,"Product choice, categorical allocation, ordered lot timestamps and split rules.",generate.py:50: [f'L{i+1:04}' for i in li] | generate.py:72: lots.lot_id.to_numpy()[wlot] | generate.py:364: lots.lot_id.iloc[l],"li = np.arange(nl) | wlot = wi//nw | lots = pd.DataFrame(dict(lot_id=[f'L{i+1:04}' for i in li], release_time_utc=stamp(released),         split=splits, product_generation='HBM3E', stack_layer_count=h,         capacity_gb=h*c['core_die_density_gb'], scenario=c['scenario'],         material_batch_id=[f'MAT{i//6+1:03}' for i in li], wafers_in_cohort=nw,         sampled_dies_per_wafer=nd))",illustrative_simulation_assumption
lots,release_time_utc,str,UTC ISO-8601,one DRAM lot,"Release time, in a wholly simulated chronology.",at lot release,identifier_or_metadata,False,0,No missing values in this generated cohort.,"Product choice, categorical allocation, ordered lot timestamps and split rules.",generate.py:50: stamp(released),"released = pd.Timestamp(c['start_time_utc']) + pd.to_timedelta(li*c['lot_spacing_hours'], unit='h')                 + pd.to_timedelta(gap*c['split_embargo_days'], unit='D')",illustrative_simulation_assumption
lots,split,str,category/text,one DRAM lot,"Preassigned time-ordered lot partition: train, validation or test.",at lot release,identifier_or_metadata,False,0,No missing values in this generated cohort.,"Product choice, categorical allocation, ordered lot timestamps and split rules.",generate.py:50: splits | generate.py:72: splits[wlot] | generate.py:364: splits[l] | generate.py:267: splits[l] | generate.py:426: splits[l],"splits = np.where(li < train_end, 'train', np.where(li < val_end, 'validation', 'test')) | wlot = wi//nw",illustrative_simulation_assumption
lots,product_generation,str,category/text,one DRAM lot,HBM3E for this release; no HBM4 process sourcing is assumed.,at lot release,observation_or_process_context,False,0,No missing values in this generated cohort.,"Product choice, categorical allocation, ordered lot timestamps and split rules.",generate.py:50: 'HBM3E' | generate.py:364: 'HBM3E',,public_architecture_context; simulated row allocation (SOURCES.md)
lots,stack_layer_count,int64,count/index,one DRAM lot,"Number of core DRAM dies, excluding the base die.",at lot release,observation_or_process_context,False,0,No missing values in this generated cohort.,"Product choice, categorical allocation, ordered lot timestamps and split rules.",generate.py:50: h | generate.py:72: hl | generate.py:195: hl[dw] | generate.py:364: hh | generate.py:141: hh,"h = np.where(rng.random(nl) < c['product_12_high_fraction'], 12, 8) | hl = h[wlot] | dw = np.repeat(wi,nd) | hh = int(h[l])",public_architecture_context; simulated row allocation (SOURCES.md)
lots,capacity_gb,int64,GB,one DRAM lot,Stack DRAM capacity; core layer count times 3 GB per core die.,at lot release,observation_or_process_context,False,0,No missing values in this generated cohort.,"Product choice, categorical allocation, ordered lot timestamps and split rules.",generate.py:50: h*c['core_die_density_gb'] | generate.py:364: hh*c['core_die_density_gb'],"h = np.where(rng.random(nl) < c['product_12_high_fraction'], 12, 8) | hh = int(h[l])",public_architecture_context; simulated row allocation (SOURCES.md)
lots,scenario,str,category/text,one DRAM lot,"Named synthetic product/manufacturer scenario, not a company data source.",at lot release,identifier_or_metadata,False,0,No missing values in this generated cohort.,"Product choice, categorical allocation, ordered lot timestamps and split rules.",generate.py:485: c['scenario'] | generate.py:50: c['scenario'],,illustrative_simulation_assumption
lots,material_batch_id,str,category/text,one DRAM lot,Fictional material batch identifier for traceability or configuration.,at lot release,identifier_or_metadata,False,0,No missing values in this generated cohort.,"Product choice, categorical allocation, ordered lot timestamps and split rules.",generate.py:50: [f'MAT{i//6+1:03}' for i in li],li = np.arange(nl),illustrative_simulation_assumption
lots,wafers_in_cohort,int64,count/index,one DRAM lot,Number of wafers represented for the lot.,at lot release,observation_or_process_context,False,0,No missing values in this generated cohort.,"Product choice, categorical allocation, ordered lot timestamps and split rules.",generate.py:50: nw,,illustrative_simulation_assumption
lots,sampled_dies_per_wafer,int64,count/index,one DRAM lot,"Cohort sample size, not total physical dies on a wafer.",at lot release,observation_or_process_context,False,0,No missing values in this generated cohort.,"Product choice, categorical allocation, ordered lot timestamps and split rules.",generate.py:50: nd,,illustrative_simulation_assumption
wafers,wafer_id,str,category/text,one wafer,Fictional wafer identifier for traceability or configuration.,before selected wafer modules,identifier_or_metadata,False,0,No missing values in this generated cohort.,Deterministic lot/slot mapping and geometric wafer sampling frame.,generate.py:72: wafer_ids | generate.py:195: wafer_ids[dw] | generate.py:122: wafer_ids[j] | generate.py:464: row.wafer_id,"wafer_ids = np.array([f'W{i+1:06}' for i in wi]) | dw = np.repeat(wi,nd)",illustrative_simulation_assumption
wafers,lot_id,str,category/text,one wafer,Fictional lot identifier for traceability or configuration.,before selected wafer modules,identifier_or_metadata,False,0,No missing values in this generated cohort.,Deterministic lot/slot mapping and geometric wafer sampling frame.,generate.py:50: [f'L{i+1:04}' for i in li] | generate.py:72: lots.lot_id.to_numpy()[wlot] | generate.py:364: lots.lot_id.iloc[l],"li = np.arange(nl) | wlot = wi//nw | lots = pd.DataFrame(dict(lot_id=[f'L{i+1:04}' for i in li], release_time_utc=stamp(released),         split=splits, product_generation='HBM3E', stack_layer_count=h,         capacity_gb=h*c['core_die_density_gb'], scenario=c['scenario'],         material_batch_id=[f'MAT{i//6+1:03}' for i in li], wafers_in_cohort=nw,         sampled_dies_per_wafer=nd))",illustrative_simulation_assumption
wafers,wafer_slot,int64,count/index,one wafer,Carrier slot 1 through configured wafers_per_lot.,before selected wafer modules,observation_or_process_context,False,0,No missing values in this generated cohort.,Deterministic lot/slot mapping and geometric wafer sampling frame.,generate.py:72: wi % nw+1,wi = np.arange(n_w),illustrative_simulation_assumption
wafers,wafer_diameter_mm,int64,mm,one wafer,Physical wafer diameter for the assumed sampling frame (300 mm).,before selected wafer modules,observation_or_process_context,False,0,No missing values in this generated cohort.,Deterministic lot/slot mapping and geometric wafer sampling frame.,generate.py:72: c['wafer_diameter_mm'],,illustrative_simulation_assumption
wafers,full_die_sites_on_assumed_grid,int64,count/index,one wafer,Count of complete assumed 10 mm square sites within the wafer edge exclusion.,before selected wafer modules,observation_or_process_context,False,0,No missing values in this generated cohort.,Deterministic lot/slot mapping and geometric wafer sampling frame.,generate.py:72: len(sites),"sites = np.column_stack([xx[keep], yy[keep]])",illustrative_simulation_assumption
wafers,sampled_die_sites,int64,count/index,one wafer,Number of die locations sampled without replacement on this wafer.,before selected wafer modules,observation_or_process_context,False,0,No missing values in this generated cohort.,Deterministic lot/slot mapping and geometric wafer sampling frame.,generate.py:72: nd,,illustrative_simulation_assumption
wafers,stack_layer_count,int64,count/index,one wafer,"Number of core DRAM dies, excluding the base die.",before selected wafer modules,observation_or_process_context,False,0,No missing values in this generated cohort.,Deterministic lot/slot mapping and geometric wafer sampling frame.,generate.py:50: h | generate.py:72: hl | generate.py:195: hl[dw] | generate.py:364: hh | generate.py:141: hh,"h = np.where(rng.random(nl) < c['product_12_high_fraction'], 12, 8) | hl = h[wlot] | dw = np.repeat(wi,nd) | hh = int(h[l])",public_architecture_context; simulated row allocation (SOURCES.md)
wafers,split,str,category/text,one wafer,"Preassigned time-ordered lot partition: train, validation or test.",before selected wafer modules,identifier_or_metadata,False,0,No missing values in this generated cohort.,Deterministic lot/slot mapping and geometric wafer sampling frame.,generate.py:50: splits | generate.py:72: splits[wlot] | generate.py:364: splits[l] | generate.py:267: splits[l] | generate.py:426: splits[l],"splits = np.where(li < train_end, 'train', np.where(li < val_end, 'validation', 'test')) | wlot = wi//nw",illustrative_simulation_assumption
wafers,start_time_utc,str,UTC ISO-8601,one wafer,"Start time, in a wholly simulated chronology.",before selected wafer modules,identifier_or_metadata,False,0,No missing values in this generated cohort.,Deterministic lot/slot mapping and geometric wafer sampling frame.,generate.py:72: stamp(wafer_start) | generate.py:122: start[j].strftime('%Y-%m-%dT%H:%M:%SZ'),"wafer_start = released[wlot] + pd.to_timedelta((wi % nw)*8, unit='m') | start = wafer_start + pd.to_timedelta(si*8, unit='h')",illustrative_simulation_assumption
recipes,recipe_id,str,category/text,one stage/product recipe,Fictional recipe identifier for traceability or configuration.,before the run,identifier_or_metadata,False,0,No missing values in this generated cohort.,"Fixed illustrative stage recipe lookup, from recipes_raw in generate.py.",generate.py:122: recipe_id | generate.py:141: f'R_{stage}_H{hh}_V1',"recipe_id = f'R_{stage}_H{hl[j]}_V1' | stage = 'none' if not failed else ('multiple' if len(mode_list)>1 else {                 'dram_electrical':'dram_or_base','tsv_open_short':'tsv_or_interconnect',                 'microbump_open_bridge':'reflow','die_crack':'handling',                 'warpage':'assembly','underfill_void':'molding','delamination':'molding'}[mode_list[0]]) | hh = int(h[l])",illustrative_simulation_assumption
recipes,process_step,str,category/text,one stage/product recipe,One of ten selected process modules; not the complete upstream DRAM route.,before the run,observation_or_process_context,False,0,No missing values in this generated cohort.,"Fixed illustrative stage recipe lookup, from recipes_raw in generate.py.",generate.py:122: stage | generate.py:141: stage | generate.py:464: row.process_step,"stage = 'none' if not failed else ('multiple' if len(mode_list)>1 else {                 'dram_electrical':'dram_or_base','tsv_open_short':'tsv_or_interconnect',                 'microbump_open_bridge':'reflow','die_crack':'handling',                 'warpage':'assembly','underfill_void':'molding','delamination':'molding'}[mode_list[0]])",illustrative_simulation_assumption
recipes,stack_layer_count,int64,count/index,one stage/product recipe,"Number of core DRAM dies, excluding the base die.",before the run,observation_or_process_context,False,0,No missing values in this generated cohort.,"Fixed illustrative stage recipe lookup, from recipes_raw in generate.py.",generate.py:50: h | generate.py:72: hl | generate.py:195: hl[dw] | generate.py:364: hh | generate.py:141: hh,"h = np.where(rng.random(nl) < c['product_12_high_fraction'], 12, 8) | hl = h[wlot] | dw = np.repeat(wi,nd) | hh = int(h[l])",public_architecture_context; simulated row allocation (SOURCES.md)
recipes,temperature_setpoint_c,int64,degC,one stage/product recipe,Illustrative recipe lookup: temperature setpoint c. Fixed per stage/product in recipes_raw.,before the run,observation_or_process_context,False,0,No missing values in this generated cohort.,"Fixed illustrative stage recipe lookup, from recipes_raw in generate.py.",generate.py:141: temp,,illustrative_simulation_assumption
recipes,pressure_setpoint_torr,float64,Torr absolute,one stage/product recipe,Illustrative recipe lookup: pressure setpoint torr. Fixed per stage/product in recipes_raw.,before the run,observation_or_process_context,True,10,Structural not-applicable stage/recipe sensor.,"Fixed illustrative stage recipe lookup, from recipes_raw in generate.py.",generate.py:141: pressure,,illustrative_simulation_assumption
recipes,gas_flow_setpoint_sccm,float64,standard cm^3/min,one stage/product recipe,Illustrative recipe lookup: gas flow setpoint sccm. Fixed per stage/product in recipes_raw.,before the run,observation_or_process_context,True,10,Structural not-applicable stage/recipe sensor.,"Fixed illustrative stage recipe lookup, from recipes_raw in generate.py.",generate.py:141: gas,,illustrative_simulation_assumption
recipes,etch_rate_nominal_nm_min,float64,nm/min,one stage/product recipe,Illustrative recipe lookup: etch rate nominal nm min. Fixed per stage/product in recipes_raw.,before the run,observation_or_process_context,True,16,Structural not-applicable stage/recipe sensor.,"Fixed illustrative stage recipe lookup, from recipes_raw in generate.py.",generate.py:141: rate,,illustrative_simulation_assumption
recipes,rf_source_power_setpoint_w,float64,W,one stage/product recipe,Illustrative recipe lookup: rf source power setpoint w. Fixed per stage/product in recipes_raw.,before the run,observation_or_process_context,True,12,Structural not-applicable stage/recipe sensor.,"Fixed illustrative stage recipe lookup, from recipes_raw in generate.py.",generate.py:141: power,"power = positive(7.0+0.45*hh+0.15*leakage[di].sum()+0.5*int(failed)+rtest.normal(0,0.35),1)",illustrative_simulation_assumption
recipes,duration_nominal_sec,int64,s,one stage/product recipe,Illustrative recipe lookup: duration nominal sec. Fixed per stage/product in recipes_raw.,before the run,observation_or_process_context,False,0,No missing values in this generated cohort.,"Fixed illustrative stage recipe lookup, from recipes_raw in generate.py.",generate.py:141: duration,,illustrative_simulation_assumption
recipes,provenance,str,category/text,one stage/product recipe,Recipe numeric parameters are illustrative assumptions.,before the run,observation_or_process_context,False,0,No missing values in this generated cohort.,"Fixed illustrative stage recipe lookup, from recipes_raw in generate.py.",generate.py:141: 'illustrative_assumption',,illustrative_simulation_assumption
wafer_process,run_id,str,category/text,one wafer/module run,Fictional run identifier for traceability or configuration.,at end_time_utc,identifier_or_metadata,False,0,No missing values in this generated cohort.,"Stage setpoint plus chamber offset, run-age drift, persistent excursion, shared lot/wafer state and correlated noise.",generate.py:122: f'R{si*n_w+j+1:07}' | generate.py:464: row.run_id,n_w = nl*nw,illustrative_simulation_assumption
wafer_process,wafer_id,str,category/text,one wafer/module run,Fictional wafer identifier for traceability or configuration.,at end_time_utc,identifier_or_metadata,False,0,No missing values in this generated cohort.,"Stage setpoint plus chamber offset, run-age drift, persistent excursion, shared lot/wafer state and correlated noise.",generate.py:72: wafer_ids | generate.py:195: wafer_ids[dw] | generate.py:122: wafer_ids[j] | generate.py:464: row.wafer_id,"wafer_ids = np.array([f'W{i+1:06}' for i in wi]) | dw = np.repeat(wi,nd)",illustrative_simulation_assumption
wafer_process,process_step,str,category/text,one wafer/module run,One of ten selected process modules; not the complete upstream DRAM route.,at end_time_utc,observation_or_process_context,False,0,No missing values in this generated cohort.,"Stage setpoint plus chamber offset, run-age drift, persistent excursion, shared lot/wafer state and correlated noise.",generate.py:122: stage | generate.py:141: stage | generate.py:464: row.process_step,"stage = 'none' if not failed else ('multiple' if len(mode_list)>1 else {                 'dram_electrical':'dram_or_base','tsv_open_short':'tsv_or_interconnect',                 'microbump_open_bridge':'reflow','die_crack':'handling',                 'warpage':'assembly','underfill_void':'molding','delamination':'molding'}[mode_list[0]])",illustrative_simulation_assumption
wafer_process,process_order,int64,count/index,one wafer/module run,"Ordering of the selected process modules, 1 through 10.",at end_time_utc,observation_or_process_context,False,0,No missing values in this generated cohort.,"Stage setpoint plus chamber offset, run-age drift, persistent excursion, shared lot/wafer state and correlated noise.",generate.py:122: si+1,,illustrative_simulation_assumption
wafer_process,tool_id,str,category/text,one wafer/module run,Fictional tool identifier for traceability or configuration.,at end_time_utc,identifier_or_metadata,False,0,No missing values in this generated cohort.,"Stage setpoint plus chamber offset, run-age drift, persistent excursion, shared lot/wafer state and correlated noise.",generate.py:122: f'{stage}_T{bank[j]//2+1:02}',"stage = 'none' if not failed else ('multiple' if len(mode_list)>1 else {                 'dram_electrical':'dram_or_base','tsv_open_short':'tsv_or_interconnect',                 'microbump_open_bridge':'reflow','die_crack':'handling',                 'warpage':'assembly','underfill_void':'molding','delamination':'molding'}[mode_list[0]]) | bank = (wlot+wi % nw) % 8",illustrative_simulation_assumption
wafer_process,chamber_id,str,category/text,one wafer/module run,Fictional chamber identifier for traceability or configuration.,at end_time_utc,identifier_or_metadata,False,0,No missing values in this generated cohort.,"Stage setpoint plus chamber offset, run-age drift, persistent excursion, shared lot/wafer state and correlated noise.",generate.py:122: f'{stage}_C{bank[j]+1:02}',"stage = 'none' if not failed else ('multiple' if len(mode_list)>1 else {                 'dram_electrical':'dram_or_base','tsv_open_short':'tsv_or_interconnect',                 'microbump_open_bridge':'reflow','die_crack':'handling',                 'warpage':'assembly','underfill_void':'molding','delamination':'molding'}[mode_list[0]]) | bank = (wlot+wi % nw) % 8",illustrative_simulation_assumption
wafer_process,recipe_id,str,category/text,one wafer/module run,Fictional recipe identifier for traceability or configuration.,at end_time_utc,identifier_or_metadata,False,0,No missing values in this generated cohort.,"Stage setpoint plus chamber offset, run-age drift, persistent excursion, shared lot/wafer state and correlated noise.",generate.py:122: recipe_id | generate.py:141: f'R_{stage}_H{hh}_V1',"recipe_id = f'R_{stage}_H{hl[j]}_V1' | stage = 'none' if not failed else ('multiple' if len(mode_list)>1 else {                 'dram_electrical':'dram_or_base','tsv_open_short':'tsv_or_interconnect',                 'microbump_open_bridge':'reflow','die_crack':'handling',                 'warpage':'assembly','underfill_void':'molding','delamination':'molding'}[mode_list[0]]) | hh = int(h[l])",illustrative_simulation_assumption
wafer_process,start_time_utc,str,UTC ISO-8601,one wafer/module run,"Start time, in a wholly simulated chronology.",at end_time_utc,identifier_or_metadata,False,0,No missing values in this generated cohort.,"Stage setpoint plus chamber offset, run-age drift, persistent excursion, shared lot/wafer state and correlated noise.",generate.py:72: stamp(wafer_start) | generate.py:122: start[j].strftime('%Y-%m-%dT%H:%M:%SZ'),"wafer_start = released[wlot] + pd.to_timedelta((wi % nw)*8, unit='m') | start = wafer_start + pd.to_timedelta(si*8, unit='h')",illustrative_simulation_assumption
wafer_process,end_time_utc,str,UTC ISO-8601,one wafer/module run,"End time, in a wholly simulated chronology.",at end_time_utc,identifier_or_metadata,False,0,No missing values in this generated cohort.,"Stage setpoint plus chamber offset, run-age drift, persistent excursion, shared lot/wafer state and correlated noise.",generate.py:122: end[j].strftime('%Y-%m-%dT%H:%M:%SZ'),"end = start+pd.to_timedelta(dur, unit='s')",illustrative_simulation_assumption
wafer_process,duration_sec,float64,s,one wafer/module run,Simulated operation duration in seconds.,at end_time_utc,observation_or_process_context,False,0,No missing values in this generated cohort.,"Stage setpoint plus chamber offset, run-age drift, persistent excursion, shared lot/wafer state and correlated noise.",generate.py:122: dur[j],"dur = positive(duration*(1+0.015*state+rng.normal(0, 0.015, n_w)), 10)",illustrative_simulation_assumption
wafer_process,temperature_c,float64,degC,one wafer/module run,Controlled temperature at this process module; not universally the silicon junction temperature.,at end_time_utc,observation_or_process_context,False,0,No missing values in this generated cohort.,"Stage setpoint plus chamber offset, run-age drift, persistent excursion, shared lot/wafer state and correlated noise.","generate.py:122: temp+max(0.3,temp*0.006)*ztemp[j]","ztemp = 0.55*state+rng.normal(0, 0.5, n_w)",illustrative_simulation_assumption
wafer_process,pressure_torr,float64,Torr absolute,one wafer/module run,Absolute processing-chamber pressure for applicable recipe stages.,at end_time_utc,observation_or_process_context,True,30000,Structural not-applicable stage/recipe sensor.,"Stage setpoint plus chamber offset, run-age drift, persistent excursion, shared lot/wafer state and correlated noise.",generate.py:122: None if pressure is None else pressure*np.exp(0.035*zpressure[j]),"zpressure = 0.65*state+rng.normal(0, 0.5, n_w)",illustrative_simulation_assumption
wafer_process,gas_flow_sccm,float64,standard cm^3/min,one wafer/module run,Total recipe process-gas flow at standard conditions; individual gas species are not resolved.,at end_time_utc,observation_or_process_context,True,30000,Structural not-applicable stage/recipe sensor.,"Stage setpoint plus chamber offset, run-age drift, persistent excursion, shared lot/wafer state and correlated noise.",generate.py:122: None if gas is None else gas*np.exp(0.025*zgas[j]),"zgas = -0.3*state+0.3*zpressure+rng.normal(0, 0.6, n_w)",illustrative_simulation_assumption
wafer_process,etch_rate_nm_min,float64,nm/min,one wafer/module run,Etch removal-rate proxy at etching stages only.,at end_time_utc,observation_or_process_context,True,48000,Structural not-applicable stage/recipe sensor.,"Stage setpoint plus chamber offset, run-age drift, persistent excursion, shared lot/wafer state and correlated noise.","generate.py:122: None if rate is None else rate*np.exp(0.05*state[j]+rng.normal(0,0.02))",state = toolbias[bank]+drift+excursion+0.35*lot_effect[wlot]+wafer_effect,illustrative_simulation_assumption
wafer_process,rf_source_power_w,float64,W,one wafer/module run,RF source power for the applicable plasma-based process stages.,at end_time_utc,observation_or_process_context,True,36000,Structural not-applicable stage/recipe sensor.,"Stage setpoint plus chamber offset, run-age drift, persistent excursion, shared lot/wafer state and correlated noise.","generate.py:122: None if power is None else power*np.exp(0.02*state[j]+rng.normal(0,0.01))","power = positive(7.0+0.45*hh+0.15*leakage[di].sum()+0.5*int(failed)+rtest.normal(0,0.35),1) | state = toolbias[bank]+drift+excursion+0.35*lot_effect[wlot]+wafer_effect",illustrative_simulation_assumption
wafer_process,temperature_std_c,float64,degC,one wafer/module run,Within-run temperature sample standard deviation; equals the sampled trace SD when a trace is present.,at end_time_utc,observation_or_process_context,False,0,No missing values in this generated cohort.,"Stage setpoint plus chamber offset, run-age drift, persistent excursion, shared lot/wafer state and correlated noise.","generate.py:122: max(0.03, max(0.12,temp*0.002)*(1+max(state[j],0)*0.3))",state = toolbias[bank]+drift+excursion+0.35*lot_effect[wlot]+wafer_effect,illustrative_simulation_assumption
wafer_process,temperature_slope_c_min,float64,degC/min,one wafer/module run,"Temperature slope; on traced runs, least-squares slope fitted to the generated trace.",at end_time_utc,observation_or_process_context,False,0,No missing values in this generated cohort.,"Stage setpoint plus chamber offset, run-age drift, persistent excursion, shared lot/wafer state and correlated noise.","generate.py:122: rng.normal(0,0.02)+0.025*drift[j]",drift = np.zeros(n_w),illustrative_simulation_assumption
wafer_process,wafers_since_chamber_clean,int64,count/index,one wafer/module run,Per-chamber run counter modulo 120; resets on a simulated cleaning event.,at end_time_utc,observation_or_process_context,False,0,No missing values in this generated cohort.,"Stage setpoint plus chamber offset, run-age drift, persistent excursion, shared lot/wafer state and correlated noise.",generate.py:122: seq[j]%120,"seq = np.zeros(n_w, dtype=int)",illustrative_simulation_assumption
wafer_process,hours_since_maintenance,float64,h,one wafer/module run,Elapsed wall-clock hours since the chamber run at the last maintenance reset.,at end_time_utc,observation_or_process_context,False,0,No missing values in this generated cohort.,"Stage setpoint plus chamber offset, run-age drift, persistent excursion, shared lot/wafer state and correlated noise.",generate.py:122: maint_age[j],maint_age = np.zeros(n_w),illustrative_simulation_assumption
wafer_process,consumable_age_cycles,int64,count/index,one wafer/module run,Per-chamber run counter modulo 600.,at end_time_utc,observation_or_process_context,False,0,No missing values in this generated cohort.,"Stage setpoint plus chamber offset, run-age drift, persistent excursion, shared lot/wafer state and correlated noise.",generate.py:122: seq[j]%600,"seq = np.zeros(n_w, dtype=int)",illustrative_simulation_assumption
wafer_process,alarm_count_run,int64,count/index,one wafer/module run,Number of simulated equipment alarms in the run.,at end_time_utc,observation_or_process_context,False,0,No missing values in this generated cohort.,"Stage setpoint plus chamber offset, run-age drift, persistent excursion, shared lot/wafer state and correlated noise.","generate.py:122: rng.poisson(0.02+0.15*max(state[j]-1,0))",state = toolbias[bank]+drift+excursion+0.35*lot_effect[wlot]+wafer_effect,illustrative_simulation_assumption
wafer_process,cleanroom_humidity_pct,float64,percent 0..100,one wafer/module run,Relative humidity of the synthetic cleanroom environment.,at end_time_utc,observation_or_process_context,False,0,No missing values in this generated cohort.,"Stage setpoint plus chamber offset, run-age drift, persistent excursion, shared lot/wafer state and correlated noise.","generate.py:122: np.clip(43+2*lot_effect[wlot[j]]+rng.normal(0,1),25,60)","lot_effect = rng.normal(0, 0.45, nl) | wlot = wi//nw",illustrative_simulation_assumption
wafer_process,airborne_particles_per_m3,int64,particles/m^3,one wafer/module run,Count per one cubic metre of sampled cleanroom air.,at end_time_utc,observation_or_process_context,False,0,No missing values in this generated cohort.,"Stage setpoint plus chamber offset, run-age drift, persistent excursion, shared lot/wafer state and correlated noise.",generate.py:122: rng.poisson(3*np.exp(0.3*lot_effect[wlot[j]])),"lot_effect = rng.normal(0, 0.45, nl) | wlot = wi//nw",illustrative_simulation_assumption
die_metrology,die_id,str,category/text,one sampled core DRAM die,Fictional die identifier for traceability or configuration.,at available_time_utc,identifier_or_metadata,False,0,No missing values in this generated cohort.,"Shared lot/wafer/module state, radial and local-cluster effects, measurement noise, sampled metrology and screening.",generate.py:195: die_ids | generate.py:232: die_ids | generate.py:442: die_ids | generate.py:444: die_ids | generate.py:307: None | generate.py:302: die_ids[d],die_ids = np.array([f'D{i+1:07}' for i in range(n_d)]),illustrative_simulation_assumption
die_metrology,wafer_id,str,category/text,one sampled core DRAM die,Fictional wafer identifier for traceability or configuration.,at available_time_utc,identifier_or_metadata,False,0,No missing values in this generated cohort.,"Shared lot/wafer/module state, radial and local-cluster effects, measurement noise, sampled metrology and screening.",generate.py:72: wafer_ids | generate.py:195: wafer_ids[dw] | generate.py:122: wafer_ids[j] | generate.py:464: row.wafer_id,"wafer_ids = np.array([f'W{i+1:06}' for i in wi]) | dw = np.repeat(wi,nd)",illustrative_simulation_assumption
die_metrology,die_x,int64,count/index,one sampled core DRAM die,Integer column coordinate of the sampled die center on the assumed grid.,at available_time_utc,observation_or_process_context,False,0,No missing values in this generated cohort.,"Shared lot/wafer/module state, radial and local-cluster effects, measurement noise, sampled metrology and screening.","generate.py:195: dsite[:,0]","dsite = np.concatenate([sites[rng.choice(len(sites),nd,replace=False)] for _ in wi])",illustrative_simulation_assumption
die_metrology,die_y,int64,count/index,one sampled core DRAM die,Integer row coordinate of the sampled die center on the assumed grid.,at available_time_utc,observation_or_process_context,False,0,No missing values in this generated cohort.,"Shared lot/wafer/module state, radial and local-cluster effects, measurement noise, sampled metrology and screening.","generate.py:195: dsite[:,1]","dsite = np.concatenate([sites[rng.choice(len(sites),nd,replace=False)] for _ in wi])",illustrative_simulation_assumption
die_metrology,radius_fraction,float64,dimensionless,one sampled core DRAM die,Die-center radial distance divided by usable wafer radius.,at available_time_utc,observation_or_process_context,False,0,No missing values in this generated cohort.,"Shared lot/wafer/module state, radial and local-cluster effects, measurement noise, sampled metrology and screening.",generate.py:195: radius,radius = np.sqrt((dsite**2).sum(1))*pitch/usable_r,illustrative_simulation_assumption
die_metrology,stack_layer_count,int64,count/index,one sampled core DRAM die,"Number of core DRAM dies, excluding the base die.",at available_time_utc,observation_or_process_context,False,0,No missing values in this generated cohort.,"Shared lot/wafer/module state, radial and local-cluster effects, measurement noise, sampled metrology and screening.",generate.py:50: h | generate.py:72: hl | generate.py:195: hl[dw] | generate.py:364: hh | generate.py:141: hh,"h = np.where(rng.random(nl) < c['product_12_high_fraction'], 12, 8) | hl = h[wlot] | dw = np.repeat(wi,nd) | hh = int(h[l])",public_architecture_context; simulated row allocation (SOURCES.md)
die_metrology,die_density_gb,int64,GB,one sampled core DRAM die,"Capacity of one core DRAM die, in product-label GB units.",at available_time_utc,observation_or_process_context,False,0,No missing values in this generated cohort.,"Shared lot/wafer/module state, radial and local-cluster effects, measurement noise, sampled metrology and screening.",generate.py:195: c['core_die_density_gb'],,public_architecture_context; simulated row allocation (SOURCES.md)
die_metrology,available_time_utc,str,UTC ISO-8601,one sampled core DRAM die,"Available time, in a wholly simulated chronology.",at available_time_utc,identifier_or_metadata,False,0,No missing values in this generated cohort.,"Shared lot/wafer/module state, radial and local-cluster effects, measurement noise, sampled metrology and screening.",generate.py:195: stamp(available_time) | generate.py:232: stamp(available_time),available_time = probe_time+pd.Timedelta(hours=6),illustrative_simulation_assumption
die_metrology,metrology_sampled,int64,0/1,one sampled core DRAM die,"Die chosen for detailed metrology, including records subsequently lost to dropout.",at available_time_utc,observation_or_process_context,False,0,No missing values in this generated cohort.,"Shared lot/wafer/module state, radial and local-cluster effects, measurement noise, sampled metrology and screening.",generate.py:195: sampling.astype(int),sampling = rmeasurement.random(n_d) < c['metrology_sample_probability'],illustrative_simulation_assumption
die_metrology,metrology_missing_reason,str,category/text,one sampled core DRAM die,"none, not_sampled, or instrument_dropout; basic inspection fields remain populated.",at available_time_utc,observation_or_process_context,False,0,No missing values in this generated cohort.,"Shared lot/wafer/module state, radial and local-cluster effects, measurement noise, sampled metrology and screening.","generate.py:195: np.where(~sampling,'not_sampled',np.where(dropout,'instrument_dropout','none'))",sampling = rmeasurement.random(n_d) < c['metrology_sample_probability'] | dropout = sampling & (rmeasurement.random(n_d)<c['metrology_dropout_probability']),illustrative_simulation_assumption
die_metrology,critical_dimension_nm,float64,nm,one sampled core DRAM die,"Sampled critical feature-width proxy, not a disclosed node geometry.",at available_time_utc,observation_or_process_context,True,145468,Detailed metrology not sampled or instrument dropout; join die_metrology.metrology_missing_reason.,"Shared lot/wafer/module state, radial and local-cluster effects, measurement noise, sampled metrology and screening.",generate.py:195: sampled(cd),"cd = 24+0.35*lith+0.25*die_stress+rng.normal(0,0.18,n_d)",illustrative_simulation_assumption
die_metrology,overlay_error_x_nm,float64,nm,one sampled core DRAM die,Signed X pattern-registration error at the modeled lithography module.,at available_time_utc,observation_or_process_context,True,145468,Detailed metrology not sampled or instrument dropout; join die_metrology.metrology_missing_reason.,"Shared lot/wafer/module state, radial and local-cluster effects, measurement noise, sampled metrology and screening.",generate.py:195: sampled(ox),"ox = 0.8*lith+0.25*dsite[:,0]/10+rng.normal(0,0.55,n_d)",illustrative_simulation_assumption
die_metrology,overlay_error_y_nm,float64,nm,one sampled core DRAM die,Signed Y pattern-registration error at the modeled lithography module.,at available_time_utc,observation_or_process_context,True,145468,Detailed metrology not sampled or instrument dropout; join die_metrology.metrology_missing_reason.,"Shared lot/wafer/module state, radial and local-cluster effects, measurement noise, sampled metrology and screening.",generate.py:195: sampled(oy),"oy = -0.3*lith+0.25*dsite[:,1]/10+rng.normal(0,0.55,n_d)",illustrative_simulation_assumption
die_metrology,film_thickness_nm,float64,nm,one sampled core DRAM die,Sampled deposited film thickness at the modeled deposition module.,at available_time_utc,observation_or_process_context,True,145468,Detailed metrology not sampled or instrument dropout; join die_metrology.metrology_missing_reason.,"Shared lot/wafer/module state, radial and local-cluster effects, measurement noise, sampled metrology and screening.",generate.py:195: sampled(film),"film = 40+0.7*dep+0.5*radius**2+rng.normal(0,0.4,n_d)",illustrative_simulation_assumption
die_metrology,etch_depth_nm,float64,nm,one sampled core DRAM die,"Sampled etched depth of the generic DRAM module, distinct from TSV etched depth.",at available_time_utc,observation_or_process_context,True,145468,Detailed metrology not sampled or instrument dropout; join die_metrology.metrology_missing_reason.,"Shared lot/wafer/module state, radial and local-cluster effects, measurement noise, sampled metrology and screening.","generate.py:195: sampled(100+2*etch+die_stress+rng.normal(0,1,n_d))","die_stress = 0.7*lot_effect[dl]+wafer_effect[dw]+0.45*radius**2+local+rng.normal(0,0.3,n_d) | n_d = n_w*nd | etch = process_latent['ETCHING'][dw]",illustrative_simulation_assumption
die_metrology,particle_count,int64,count/index,one sampled core DRAM die,Inspected contamination-particle count at the sampled die.,at available_time_utc,observation_or_process_context,False,0,No missing values in this generated cohort.,"Shared lot/wafer/module state, radial and local-cluster effects, measurement noise, sampled metrology and screening.",generate.py:195: particles,particles = rng.poisson(np.exp(-0.8+0.65*die_stress)),illustrative_simulation_assumption
die_metrology,sheet_resistance_ohm_sq,float64,ohm/square,one sampled core DRAM die,"Sampled thin-film sheet resistance, in ohms per square.",at available_time_utc,observation_or_process_context,True,145468,Detailed metrology not sampled or instrument dropout; join die_metrology.metrology_missing_reason.,"Shared lot/wafer/module state, radial and local-cluster effects, measurement noise, sampled metrology and screening.","generate.py:195: sampled(70*np.exp(0.015*dep+rng.normal(0,0.02,n_d)))",dep = process_latent['DEPOSITION'][dw] | n_d = n_w*nd,illustrative_simulation_assumption
die_metrology,final_die_thickness_um,float64,um,one sampled core DRAM die,Silicon thickness after thinning; also used as final TSV conductor length.,at available_time_utc,observation_or_process_context,False,0,No missing values in this generated cohort.,"Shared lot/wafer/module state, radial and local-cluster effects, measurement noise, sampled metrology and screening.",generate.py:195: final_thickness,"final_thickness = positive(nominal_thickness+0.5*thinning+0.35*(radius**2-0.5)+rng.normal(0,0.22,n_d),20)",illustrative_simulation_assumption
die_metrology,thickness_variation_um,float64,um,one sampled core DRAM die,"Nonnegative within-die thickness range surrogate, not across-wafer sample standard deviation.",at available_time_utc,observation_or_process_context,False,0,No missing values in this generated cohort.,"Shared lot/wafer/module state, radial and local-cluster effects, measurement noise, sampled metrology and screening.",generate.py:195: ttv,"ttv = positive(0.7+0.22*abs(thinning)+0.2*radius+rng.normal(0,0.12,n_d),0.15)",illustrative_simulation_assumption
die_metrology,die_warpage_um,float64,um,one sampled core DRAM die,Nonnegative die-curvature magnitude after thinning.,at available_time_utc,observation_or_process_context,False,0,No missing values in this generated cohort.,"Shared lot/wafer/module state, radial and local-cluster effects, measurement noise, sampled metrology and screening.",generate.py:195: warpage,"warpage = positive(0.5+0.3*ttv+0.3*abs(thinning)+0.22*(hl[dw]==12)+0.22*local+rng.normal(0,0.18,n_d),0.05)",illustrative_simulation_assumption
die_metrology,backside_roughness_nm,float64,nm,one sampled core DRAM die,Sampled backside surface-roughness proxy.,at available_time_utc,observation_or_process_context,True,145468,Detailed metrology not sampled or instrument dropout; join die_metrology.metrology_missing_reason.,"Shared lot/wafer/module state, radial and local-cluster effects, measurement noise, sampled metrology and screening.",generate.py:195: sampled(roughness),"roughness = positive(8+1.6*thinning+3*local+rng.normal(0,1,n_d),1)",illustrative_simulation_assumption
die_metrology,microcrack_detected,int64,0/1,one sampled core DRAM die,Binary inspection result for a modeled microcrack. Perfect crack detection is assumed here.,at available_time_utc,observation_or_process_context,False,0,No missing values in this generated cohort.,"Shared lot/wafer/module state, radial and local-cluster effects, measurement noise, sampled metrology and screening.",generate.py:195: cracks,"cracks = rng.binomial(1,crack_prob)",illustrative_simulation_assumption
die_metrology,leakage_current_ua,float64,uA,one sampled core DRAM die,Die leakage-current proxy at the simulated incoming screen.,at available_time_utc,observation_or_process_context,False,0,No missing values in this generated cohort.,"Shared lot/wafer/module state, radial and local-cluster effects, measurement noise, sampled metrology and screening.",generate.py:195: leakage,"leakage = np.exp(np.log(0.7)+0.23*die_stress+0.04*particles+rng.normal(0,0.18,n_d))",illustrative_simulation_assumption
die_metrology,repair_count,int64,count/index,one sampled core DRAM die,Count of repair resources used; more than eight causes rejection in this scenario.,at available_time_utc,observation_or_process_context,False,0,No missing values in this generated cohort.,"Shared lot/wafer/module state, radial and local-cluster effects, measurement noise, sampled metrology and screening.",generate.py:195: repairs,repairs = rng.poisson(np.exp(-0.3+0.55*die_stress+0.18*particles)),illustrative_simulation_assumption
die_metrology,wafer_probe_pass,int64,0/1,one sampled core DRAM die,Incoming electrical screen passed; latent cell faults can escape its imperfect detector.,at available_time_utc,upstream_screening_outcome,False,0,No missing values in this generated cohort.,"Shared lot/wafer/module state, radial and local-cluster effects, measurement noise, sampled metrology and screening.",generate.py:195: probe_pass.astype(int),probe_pass = ~(probe_detect | (repairs>8)),illustrative_simulation_assumption
die_metrology,bump_height_um,float64,um,one sampled core DRAM die,Mean microbump height conditional on product and bump-process state.,at available_time_utc,observation_or_process_context,False,0,No missing values in this generated cohort.,"Shared lot/wafer/module state, radial and local-cluster effects, measurement noise, sampled metrology and screening.",generate.py:225: bumpheight,"bumpheight = np.where(hl[dw]==12,13.,15.)+0.14*bumpstate+rng.normal(0,0.15,n_d)",illustrative_simulation_assumption
die_metrology,bump_height_variation_um,float64,um,one sampled core DRAM die,Bump coplanarity/height range surrogate.,at available_time_utc,observation_or_process_context,False,0,No missing values in this generated cohort.,"Shared lot/wafer/module state, radial and local-cluster effects, measurement noise, sampled metrology and screening.",generate.py:226: coplanarity,"coplanarity = positive(0.45+0.12*abs(bumpstate)+0.08*warpage+rng.normal(0,0.08,n_d),0.05)",illustrative_simulation_assumption
die_metrology,missing_bump_count,int64,count/index,one sampled core DRAM die,"Detected missing-bump fault, modeled as a rare 0/1 count.",at available_time_utc,observation_or_process_context,False,0,No missing values in this generated cohort.,"Shared lot/wafer/module state, radial and local-cluster effects, measurement noise, sampled metrology and screening.",generate.py:227: missing_bumps,"missing_bumps = rng.binomial(1,sigmoid(-6+0.55*bumpstate+0.3*die_stress))",illustrative_simulation_assumption
die_metrology,bridged_bump_count,int64,count/index,one sampled core DRAM die,"Detected bridged-bump fault, modeled as a rare 0/1 count.",at available_time_utc,observation_or_process_context,False,0,No missing values in this generated cohort.,"Shared lot/wafer/module state, radial and local-cluster effects, measurement noise, sampled metrology and screening.",generate.py:228: bridged_bumps,"bridged_bumps = rng.binomial(1,sigmoid(-6.5+0.6*bumpstate+0.3*die_stress))",illustrative_simulation_assumption
die_metrology,known_good_die,int64,0/1,one sampled core DRAM die,Passed electrical and TSV screens with no detected crack/missing/bridged bump.,at available_time_utc,upstream_screening_outcome,False,0,No missing values in this generated cohort.,"Shared lot/wafer/module state, radial and local-cluster effects, measurement noise, sampled metrology and screening.",generate.py:230: kgd.astype(int),kgd = probe_pass & tsv_pass & (cracks==0)&(missing_bumps==0)&(bridged_bumps==0),illustrative_simulation_assumption
tsv_inspection,die_id,str,category/text,one sampled core DRAM die,Fictional die identifier for traceability or configuration.,at available_time_utc,identifier_or_metadata,False,0,No missing values in this generated cohort.,TSV geometry and void fraction conditional on etch/fill states; geometric resistance; imperfect continuity screen; sampled geometry.,generate.py:195: die_ids | generate.py:232: die_ids | generate.py:442: die_ids | generate.py:444: die_ids | generate.py:307: None | generate.py:302: die_ids[d],die_ids = np.array([f'D{i+1:07}' for i in range(n_d)]),illustrative_simulation_assumption
tsv_inspection,available_time_utc,str,UTC ISO-8601,one sampled core DRAM die,"Available time, in a wholly simulated chronology.",at available_time_utc,identifier_or_metadata,False,0,No missing values in this generated cohort.,TSV geometry and void fraction conditional on etch/fill states; geometric resistance; imperfect continuity screen; sampled geometry.,generate.py:195: stamp(available_time) | generate.py:232: stamp(available_time),available_time = probe_time+pd.Timedelta(hours=6),illustrative_simulation_assumption
tsv_inspection,tsv_count_assumed,int64,count/index,one sampled core DRAM die,Assumed number of TSVs per die (8192); not a disclosed SK hynix count.,at available_time_utc,observation_or_process_context,False,0,No missing values in this generated cohort.,TSV geometry and void fraction conditional on etch/fill states; geometric resistance; imperfect continuity screen; sampled geometry.,generate.py:232: c['tsv_count_per_die_assumed'],,illustrative_simulation_assumption
tsv_inspection,tsv_pitch_um_assumed,int64,um,one sampled core DRAM die,Assumed TSV pitch (35 um); not a disclosed SK hynix geometry.,at available_time_utc,observation_or_process_context,False,0,No missing values in this generated cohort.,TSV geometry and void fraction conditional on etch/fill states; geometric resistance; imperfect continuity screen; sampled geometry.,generate.py:232: c['tsv_pitch_um_assumed'],,illustrative_simulation_assumption
tsv_inspection,tsv_diameter_um,float64,um,one sampled core DRAM die,Sampled mean TSV opening diameter.,at available_time_utc,observation_or_process_context,True,145468,Detailed metrology not sampled or instrument dropout; join die_metrology.metrology_missing_reason.,TSV geometry and void fraction conditional on etch/fill states; geometric resistance; imperfect continuity screen; sampled geometry.,generate.py:232: sampled(diameter),"diameter = positive(c['tsv_diameter_um']+0.06*tv+0.04*radius+rng.normal(0,0.06,n_d),2)",illustrative_simulation_assumption
tsv_inspection,tsv_etched_depth_um,float64,um,one sampled core DRAM die,Blind-via etched depth before wafer thinning.,at available_time_utc,observation_or_process_context,True,145468,Detailed metrology not sampled or instrument dropout; join die_metrology.metrology_missing_reason.,TSV geometry and void fraction conditional on etch/fill states; geometric resistance; imperfect continuity screen; sampled geometry.,generate.py:232: sampled(blind_depth),"blind_depth = c['tsv_blind_depth_um']+0.5*tv+rng.normal(0,0.45,n_d)",illustrative_simulation_assumption
tsv_inspection,tsv_etch_aspect_ratio,float64,dimensionless,one sampled core DRAM die,Derived pre-thinning etched depth divided by opening diameter.,at available_time_utc,observation_or_process_context,True,145468,Detailed metrology not sampled or instrument dropout; join die_metrology.metrology_missing_reason.,TSV geometry and void fraction conditional on etch/fill states; geometric resistance; imperfect continuity screen; sampled geometry.,generate.py:232: sampled(blind_depth/diameter),"blind_depth = c['tsv_blind_depth_um']+0.5*tv+rng.normal(0,0.45,n_d) | diameter = positive(c['tsv_diameter_um']+0.06*tv+0.04*radius+rng.normal(0,0.06,n_d),2)",derived_identity from simulated inputs
tsv_inspection,tsv_conductor_length_um,float64,um,one sampled core DRAM die,"Final conductive TSV length after thinning, equal to final_die_thickness_um.",at available_time_utc,observation_or_process_context,False,0,No missing values in this generated cohort.,TSV geometry and void fraction conditional on etch/fill states; geometric resistance; imperfect continuity screen; sampled geometry.,generate.py:232: final_thickness,"final_thickness = positive(nominal_thickness+0.5*thinning+0.35*(radius**2-0.5)+rng.normal(0,0.22,n_d),20)",derived_identity from simulated inputs
tsv_inspection,tsv_sidewall_angle_deg,float64,degree,one sampled core DRAM die,Sampled TSV sidewall angle to wafer plane; 90 degrees denotes vertical.,at available_time_utc,observation_or_process_context,True,145468,Detailed metrology not sampled or instrument dropout; join die_metrology.metrology_missing_reason.,TSV geometry and void fraction conditional on etch/fill states; geometric resistance; imperfect continuity screen; sampled geometry.,"generate.py:232: sampled(np.clip(89.5-0.08*abs(tv)+rng.normal(0,0.06,n_d),87,90))",n_d = n_w*nd | tv = process_latent['TSV_ETCH'][dw],illustrative_simulation_assumption
tsv_inspection,tsv_liner_thickness_nm,float64,nm,one sampled core DRAM die,Sampled electrical isolation-liner thickness.,at available_time_utc,observation_or_process_context,True,145468,Detailed metrology not sampled or instrument dropout; join die_metrology.metrology_missing_reason.,TSV geometry and void fraction conditional on etch/fill states; geometric resistance; imperfect continuity screen; sampled geometry.,"generate.py:232: sampled(200+4*process_latent['TSV_LINER'][dw]+rng.normal(0,3,n_d))","n_d = n_w*nd | dw = np.repeat(wi,nd) | process_latent = {}",illustrative_simulation_assumption
tsv_inspection,tsv_copper_void_pct,float64,percent 0..100,one sampled core DRAM die,Mean per-via copper-fill void-volume percentage surrogate; not percent faulty TSVs.,at available_time_utc,observation_or_process_context,True,145468,Detailed metrology not sampled or instrument dropout; join die_metrology.metrology_missing_reason.,TSV geometry and void fraction conditional on etch/fill states; geometric resistance; imperfect continuity screen; sampled geometry.,generate.py:232: sampled(void),"void = np.minimum(15, np.exp(-1.2+0.45*fill+0.28*die_stress+rng.normal(0,0.35,n_d)))",illustrative_simulation_assumption
tsv_inspection,tsv_resistance_mohm,float64,mOhm,one sampled core DRAM die,"Mean conductive-path resistance proxy from final geometry, void fraction, 3 mOhm contact term and lognormal measurement noise.",at available_time_utc,observation_or_process_context,False,0,No missing values in this generated cohort.,TSV geometry and void fraction conditional on etch/fill states; geometric resistance; imperfect continuity screen; sampled geometry.,generate.py:232: resistance,"resistance = (c['copper_resistivity_ohm_m']*final_thickness*1e-6/(np.pi*(diameter*1e-6/2)**2)                   *1000/(1-void/100)+3)*np.exp(rng.normal(0,0.025,n_d))",illustrative_simulation_assumption
tsv_inspection,detected_tsv_open_count,int64,count/index,one sampled core DRAM die,Detected aggregate TSV-open fault count; 0/1 model with 93% detection.,at available_time_utc,observation_or_process_context,False,0,No missing values in this generated cohort.,TSV geometry and void fraction conditional on etch/fill states; geometric resistance; imperfect continuity screen; sampled geometry.,generate.py:232: detected_open.astype(int),detected_open = tsv_bad*(rng.random(n_d)<0.93),illustrative_simulation_assumption
tsv_inspection,detected_tsv_short_count,int64,count/index,one sampled core DRAM die,Detected aggregate TSV-short fault count; 0/1 model with 97% detection.,at available_time_utc,observation_or_process_context,False,0,No missing values in this generated cohort.,TSV geometry and void fraction conditional on etch/fill states; geometric resistance; imperfect continuity screen; sampled geometry.,generate.py:232: detected_short.astype(int),detected_short = tsvshort*(rng.random(n_d)<0.97),illustrative_simulation_assumption
tsv_inspection,tsv_continuity_pass,int64,0/1,one sampled core DRAM die,No detected TSV open or short; hidden faults can remain.,at available_time_utc,upstream_screening_outcome,False,0,No missing values in this generated cohort.,TSV geometry and void fraction conditional on etch/fill states; geometric resistance; imperfect continuity screen; sampled geometry.,generate.py:232: tsv_pass.astype(int),tsv_pass = (detected_open==0)&(detected_short==0),illustrative_simulation_assumption
base_die,base_die_id,str,category/text,one base die,Fictional base die identifier for traceability or configuration.,at probe_time_utc except inventory_status,identifier_or_metadata,False,0,No missing values in this generated cohort.,"Separate base pool per receiving lot: lognormal leakage, noisy thickness, latent fault and imperfect incoming screen.",generate.py:364: bid | generate.py:267: bids[j] | generate.py:307: bid | generate.py:302: None,bid = bids[b] | bids = [f'B{next_base+j:07}' for j in range(nb)],illustrative_simulation_assumption
base_die,base_lot_id,str,category/text,one base die,Fictional base lot identifier for traceability or configuration.,at probe_time_utc except inventory_status,identifier_or_metadata,False,0,No missing values in this generated cohort.,"Separate base pool per receiving lot: lognormal leakage, noisy thickness, latent fault and imperfect incoming screen.",generate.py:267: f'BL{l+1:04}',,illustrative_simulation_assumption
base_die,receiving_lot_id,str,category/text,one base die,Fictional receiving lot identifier for traceability or configuration.,at probe_time_utc except inventory_status,identifier_or_metadata,False,0,No missing values in this generated cohort.,"Separate base pool per receiving lot: lognormal leakage, noisy thickness, latent fault and imperfect incoming screen.",generate.py:267: lots.lot_id.iloc[l],"lots = pd.DataFrame(dict(lot_id=[f'L{i+1:04}' for i in li], release_time_utc=stamp(released),         split=splits, product_generation='HBM3E', stack_layer_count=h,         capacity_gb=h*c['core_die_density_gb'], scenario=c['scenario'],         material_batch_id=[f'MAT{i//6+1:03}' for i in li], wafers_in_cohort=nw,         sampled_dies_per_wafer=nd))",illustrative_simulation_assumption
base_die,base_die_source,str,category/text,one base die,Fictional internal base-die source consistent with HBM3E scenario scope.,at probe_time_utc except inventory_status,observation_or_process_context,False,0,No missing values in this generated cohort.,"Separate base pool per receiving lot: lognormal leakage, noisy thickness, latent fault and imperfect incoming screen.",generate.py:267: 'synthetic_internal_HBM3E',,illustrative_simulation_assumption
base_die,probe_time_utc,str,UTC ISO-8601,one base die,"Probe time, in a wholly simulated chronology.",at probe_time_utc except inventory_status,identifier_or_metadata,False,0,No missing values in this generated cohort.,"Separate base pool per receiving lot: lognormal leakage, noisy thickness, latent fault and imperfect incoming screen.",generate.py:267: base_test_time.strftime('%Y-%m-%dT%H:%M:%SZ'),base_test_time = released[l]+pd.Timedelta(days=5),illustrative_simulation_assumption
base_die,base_die_thickness_um,float64,um,one base die,"Base-die silicon thickness, separate from core DRAM thickness.",at probe_time_utc except inventory_status,observation_or_process_context,False,0,No missing values in this generated cohort.,"Separate base pool per receiving lot: lognormal leakage, noisy thickness, latent fault and imperfect incoming screen.",generate.py:416: bthick[b] | generate.py:267: bthick[j],"bthick = c['base_die_thickness_um']+rbase.normal(0,0.35,nb) | b = available_bases[k]",illustrative_simulation_assumption
base_die,base_leakage_current_ua,float64,uA,one base die,Base-die incoming leakage measurement.,at probe_time_utc except inventory_status,observation_or_process_context,False,0,No missing values in this generated cohort.,"Separate base pool per receiving lot: lognormal leakage, noisy thickness, latent fault and imperfect incoming screen.",generate.py:416: base_leak[b] | generate.py:267: base_leak[j],"base_leak = np.exp(np.log(1.2)+rbase.normal(0,0.2,nb)+0.1*lot_effect[l]) | b = available_bases[k]",illustrative_simulation_assumption
base_die,base_probe_pass,int64,0/1,one base die,Incoming base-die test passed; the detector may miss a latent fault.,at probe_time_utc except inventory_status,upstream_screening_outcome,False,0,No missing values in this generated cohort.,"Separate base pool per receiving lot: lognormal leakage, noisy thickness, latent fault and imperfect incoming screen.",generate.py:267: int(base_ok[j]),base_ok = ~base_detect,illustrative_simulation_assumption
base_die,split,str,category/text,one base die,"Preassigned time-ordered lot partition: train, validation or test.",at probe_time_utc except inventory_status,identifier_or_metadata,False,0,No missing values in this generated cohort.,"Separate base pool per receiving lot: lognormal leakage, noisy thickness, latent fault and imperfect incoming screen.",generate.py:50: splits | generate.py:72: splits[wlot] | generate.py:364: splits[l] | generate.py:267: splits[l] | generate.py:426: splits[l],"splits = np.where(li < train_end, 'train', np.where(li < val_end, 'validation', 'test')) | wlot = wi//nw",illustrative_simulation_assumption
base_die,inventory_status,str,category/text,one base die,"rejected, assembled or eligible_unassigned for a base die.",at probe_time_utc except inventory_status,post_selection_outcome_metadata,False,0,No missing values in this generated cohort.,"Separate base pool per receiving lot: lognormal leakage, noisy thickness, latent fault and imperfect incoming screen.","generate.py:431: np.where(tables['base_die'].base_probe_pass.eq(0),'rejected',         np.where(tables['base_die'].base_die_id.isin(used_base),'assembled','eligible_unassigned'))",used_base = set(),illustrative_simulation_assumption
stack_membership,stack_id,str,category/text,one physical die/stack assignment,Fictional stack identifier for traceability or configuration.,at placement_time_utc,identifier_or_metadata,False,0,No missing values in this generated cohort.,Single-use eligible core/base allocation; core placement noise depends on assembly state. Base is layer zero.,generate.py:442: assigned_stack | generate.py:364: sid | generate.py:307: sid | generate.py:379: sid | generate.py:397: sid | generate.py:405: sid | generate.py:426: sid | generate.py:302: sid,"assigned_stack = np.full(n_d,'',dtype=object) | sid = f'S{next_stack:06}'",illustrative_simulation_assumption
stack_membership,die_role,str,category/text,one physical die/stack assignment,core DRAM die or base die. These roles have different ID columns.,at placement_time_utc,observation_or_process_context,False,0,No missing values in this generated cohort.,Single-use eligible core/base allocation; core placement noise depends on assembly state. Base is layer zero.,generate.py:307: 'base' | generate.py:302: 'core',,illustrative_simulation_assumption
stack_membership,die_id,str,category/text,one physical die/stack assignment,Fictional die identifier for traceability or configuration.,at placement_time_utc,identifier_or_metadata,True,17793,Base/core role uses a different ID; placement observations apply to core rows only.,Single-use eligible core/base allocation; core placement noise depends on assembly state. Base is layer zero.,generate.py:195: die_ids | generate.py:232: die_ids | generate.py:442: die_ids | generate.py:444: die_ids | generate.py:307: None | generate.py:302: die_ids[d],die_ids = np.array([f'D{i+1:07}' for i in range(n_d)]),illustrative_simulation_assumption
stack_membership,base_die_id,str,category/text,one physical die/stack assignment,Fictional base die identifier for traceability or configuration.,at placement_time_utc,identifier_or_metadata,True,180648,Base/core role uses a different ID; placement observations apply to core rows only.,Single-use eligible core/base allocation; core placement noise depends on assembly state. Base is layer zero.,generate.py:364: bid | generate.py:267: bids[j] | generate.py:307: bid | generate.py:302: None,bid = bids[b] | bids = [f'B{next_base+j:07}' for j in range(nb)],illustrative_simulation_assumption
stack_membership,layer_index,int64,count/index,one physical die/stack assignment,0 for the base die; 1 through stack_layer_count for DRAM dies.,at placement_time_utc,observation_or_process_context,False,0,No missing values in this generated cohort.,Single-use eligible core/base allocation; core placement noise depends on assembly state. Base is layer zero.,generate.py:307: 0 | generate.py:302: j+1,,illustrative_simulation_assumption
stack_membership,placement_time_utc,str,UTC ISO-8601,one physical die/stack assignment,"Placement time, in a wholly simulated chronology.",at placement_time_utc,identifier_or_metadata,False,0,No missing values in this generated cohort.,Single-use eligible core/base allocation; core placement noise depends on assembly state. Base is layer zero.,generate.py:307: start.strftime('%Y-%m-%dT%H:%M:%SZ') | generate.py:302: (start+pd.Timedelta(seconds=10*(j+1))).strftime('%Y-%m-%dT%H:%M:%SZ'),"start = wafer_start + pd.to_timedelta(si*8, unit='h')",illustrative_simulation_assumption
stack_membership,alignment_offset_x_um,float64,um,one physical die/stack assignment,Signed incremental placement error in X for a core layer.,at placement_time_utc,observation_or_process_context,True,17793,Base/core role uses a different ID; placement observations apply to core rows only.,Single-use eligible core/base allocation; core placement noise depends on assembly state. Base is layer zero.,generate.py:307: None | generate.py:302: px[j],"px = rng.normal(0,0.23,hh)+0.14*ast",illustrative_simulation_assumption
stack_membership,alignment_offset_y_um,float64,um,one physical die/stack assignment,Signed incremental placement error in Y for a core layer.,at placement_time_utc,observation_or_process_context,True,17793,Base/core role uses a different ID; placement observations apply to core rows only.,Single-use eligible core/base allocation; core placement noise depends on assembly state. Base is layer zero.,generate.py:307: None | generate.py:302: py[j],"py = rng.normal(0,0.23,hh)-0.08*ast",illustrative_simulation_assumption
stack_membership,rotation_error_deg,float64,degree,one physical die/stack assignment,Signed incremental die-placement rotation error.,at placement_time_utc,observation_or_process_context,True,17793,Base/core role uses a different ID; placement observations apply to core rows only.,Single-use eligible core/base allocation; core placement noise depends on assembly state. Base is layer zero.,generate.py:307: None | generate.py:302: angle[j],"angle = rng.normal(0,0.006,hh)",illustrative_simulation_assumption
stack_membership,placement_force_n,float64,N,one physical die/stack assignment,"Die-placement force, not mass-reflow furnace pressure.",at placement_time_utc,observation_or_process_context,True,17793,Base/core role uses a different ID; placement observations apply to core rows only.,Single-use eligible core/base allocation; core placement noise depends on assembly state. Base is layer zero.,generate.py:307: None | generate.py:302: force[j],"force = positive(1.2+0.06*ast+rng.normal(0,0.05,hh),0.4)",illustrative_simulation_assumption
stack_membership,placement_temperature_c,float64,degC,one physical die/stack assignment,Temperature at the placement operation; actual mass reflow occurs later.,at placement_time_utc,observation_or_process_context,True,17793,Base/core role uses a different ID; placement observations apply to core rows only.,Single-use eligible core/base allocation; core placement noise depends on assembly state. Base is layer zero.,generate.py:307: None | generate.py:302: placetemp[j],"placetemp = 60+1.3*ast+rng.normal(0,0.6,hh)",illustrative_simulation_assumption
stack_membership,placement_duration_sec,float64,s,one physical die/stack assignment,Duration of the modeled placement contact operation.,at placement_time_utc,observation_or_process_context,True,17793,Base/core role uses a different ID; placement observations apply to core rows only.,Single-use eligible core/base allocation; core placement noise depends on assembly state. Base is layer zero.,"generate.py:307: None | generate.py:302: 0.8+abs(rng.normal(0,0.12))",,illustrative_simulation_assumption
stack_membership,inter_die_gap_um,float64,um,one physical die/stack assignment,"Interface gap below this core die, including core layer 1 to base.",at placement_time_utc,observation_or_process_context,True,17793,Base/core role uses a different ID; placement observations apply to core rows only.,Single-use eligible core/base allocation; core placement noise depends on assembly state. Base is layer zero.,generate.py:307: None | generate.py:302: gaps[j],"gaps = bumpheight[di]+rng.normal(0,0.07,hh)",illustrative_simulation_assumption
stack_assembly,stack_id,str,category/text,one assembled HBM stack,Fictional stack identifier for traceability or configuration.,at feature_available_time_utc,identifier_or_metadata,False,0,No missing values in this generated cohort.,"Conditional placement, reflow and molding process; geometry from constituents; package inspection before final acceptance.",generate.py:442: assigned_stack | generate.py:364: sid | generate.py:307: sid | generate.py:379: sid | generate.py:397: sid | generate.py:405: sid | generate.py:426: sid | generate.py:302: sid,"assigned_stack = np.full(n_d,'',dtype=object) | sid = f'S{next_stack:06}'",illustrative_simulation_assumption
stack_assembly,lot_id,str,category/text,one assembled HBM stack,Fictional lot identifier for traceability or configuration.,at feature_available_time_utc,identifier_or_metadata,False,0,No missing values in this generated cohort.,"Conditional placement, reflow and molding process; geometry from constituents; package inspection before final acceptance.",generate.py:50: [f'L{i+1:04}' for i in li] | generate.py:72: lots.lot_id.to_numpy()[wlot] | generate.py:364: lots.lot_id.iloc[l],"li = np.arange(nl) | wlot = wi//nw | lots = pd.DataFrame(dict(lot_id=[f'L{i+1:04}' for i in li], release_time_utc=stamp(released),         split=splits, product_generation='HBM3E', stack_layer_count=h,         capacity_gb=h*c['core_die_density_gb'], scenario=c['scenario'],         material_batch_id=[f'MAT{i//6+1:03}' for i in li], wafers_in_cohort=nw,         sampled_dies_per_wafer=nd))",illustrative_simulation_assumption
stack_assembly,split,str,category/text,one assembled HBM stack,"Preassigned time-ordered lot partition: train, validation or test.",at feature_available_time_utc,identifier_or_metadata,False,0,No missing values in this generated cohort.,"Conditional placement, reflow and molding process; geometry from constituents; package inspection before final acceptance.",generate.py:50: splits | generate.py:72: splits[wlot] | generate.py:364: splits[l] | generate.py:267: splits[l] | generate.py:426: splits[l],"splits = np.where(li < train_end, 'train', np.where(li < val_end, 'validation', 'test')) | wlot = wi//nw",illustrative_simulation_assumption
stack_assembly,product_generation,str,category/text,one assembled HBM stack,HBM3E for this release; no HBM4 process sourcing is assumed.,at feature_available_time_utc,observation_or_process_context,False,0,No missing values in this generated cohort.,"Conditional placement, reflow and molding process; geometry from constituents; package inspection before final acceptance.",generate.py:50: 'HBM3E' | generate.py:364: 'HBM3E',,public_architecture_context; simulated row allocation (SOURCES.md)
stack_assembly,stack_layer_count,int64,count/index,one assembled HBM stack,"Number of core DRAM dies, excluding the base die.",at feature_available_time_utc,observation_or_process_context,False,0,No missing values in this generated cohort.,"Conditional placement, reflow and molding process; geometry from constituents; package inspection before final acceptance.",generate.py:50: h | generate.py:72: hl | generate.py:195: hl[dw] | generate.py:364: hh | generate.py:141: hh,"h = np.where(rng.random(nl) < c['product_12_high_fraction'], 12, 8) | hl = h[wlot] | dw = np.repeat(wi,nd) | hh = int(h[l])",public_architecture_context; simulated row allocation (SOURCES.md)
stack_assembly,capacity_gb,int64,GB,one assembled HBM stack,Stack DRAM capacity; core layer count times 3 GB per core die.,at feature_available_time_utc,observation_or_process_context,False,0,No missing values in this generated cohort.,"Conditional placement, reflow and molding process; geometry from constituents; package inspection before final acceptance.",generate.py:50: h*c['core_die_density_gb'] | generate.py:364: hh*c['core_die_density_gb'],"h = np.where(rng.random(nl) < c['product_12_high_fraction'], 12, 8) | hh = int(h[l])",public_architecture_context; simulated row allocation (SOURCES.md)
stack_assembly,packaging_route,str,category/text,one assembled HBM stack,Advanced MR-MUF-inspired synthetic process; no proprietary recipe is reproduced.,at feature_available_time_utc,observation_or_process_context,False,0,No missing values in this generated cohort.,"Conditional placement, reflow and molding process; geometry from constituents; package inspection before final acceptance.",generate.py:364: 'Advanced_MR_MUF_inspired',,public_architecture_context; simulated row allocation (SOURCES.md)
stack_assembly,assembly_tool_id,str,category/text,one assembled HBM stack,Fictional assembly-line group containing multiple stations; not a single-resource schedule.,at feature_available_time_utc,identifier_or_metadata,False,0,No missing values in this generated cohort.,"Conditional placement, reflow and molding process; geometry from constituents; package inspection before final acceptance.",generate.py:364: f'ASSEMBLY_T{bank+1:02}',bank = (wlot+wi % nw) % 8,illustrative_simulation_assumption
stack_assembly,emc_batch_id,str,category/text,one assembled HBM stack,Fictional emc batch identifier for traceability or configuration.,at feature_available_time_utc,identifier_or_metadata,False,0,No missing values in this generated cohort.,"Conditional placement, reflow and molding process; geometry from constituents; package inspection before final acceptance.",generate.py:364: emcb,emcb = f'EMC{l//4+1:03}',illustrative_simulation_assumption
stack_assembly,base_die_id,str,category/text,one assembled HBM stack,Fictional base die identifier for traceability or configuration.,at feature_available_time_utc,identifier_or_metadata,False,0,No missing values in this generated cohort.,"Conditional placement, reflow and molding process; geometry from constituents; package inspection before final acceptance.",generate.py:364: bid | generate.py:267: bids[j] | generate.py:307: bid | generate.py:302: None,bid = bids[b] | bids = [f'B{next_base+j:07}' for j in range(nb)],illustrative_simulation_assumption
stack_assembly,assembly_start_time_utc,str,UTC ISO-8601,one assembled HBM stack,"Assembly start time, in a wholly simulated chronology.",at feature_available_time_utc,identifier_or_metadata,False,0,No missing values in this generated cohort.,"Conditional placement, reflow and molding process; geometry from constituents; package inspection before final acceptance.",generate.py:364: start.strftime('%Y-%m-%dT%H:%M:%SZ'),"start = wafer_start + pd.to_timedelta(si*8, unit='h')",illustrative_simulation_assumption
stack_assembly,reflow_start_time_utc,str,UTC ISO-8601,one assembled HBM stack,"Reflow start time, in a wholly simulated chronology.",at feature_available_time_utc,identifier_or_metadata,False,0,No missing values in this generated cohort.,"Conditional placement, reflow and molding process; geometry from constituents; package inspection before final acceptance.",generate.py:364: reflow_start.strftime('%Y-%m-%dT%H:%M:%SZ'),reflow_start = start+pd.Timedelta(minutes=5),illustrative_simulation_assumption
stack_assembly,assembly_end_time_utc,str,UTC ISO-8601,one assembled HBM stack,"Assembly end time, in a wholly simulated chronology.",at feature_available_time_utc,identifier_or_metadata,False,0,No missing values in this generated cohort.,"Conditional placement, reflow and molding process; geometry from constituents; package inspection before final acceptance.",generate.py:364: end.strftime('%Y-%m-%dT%H:%M:%SZ'),"end = start+pd.to_timedelta(dur, unit='s')",illustrative_simulation_assumption
stack_assembly,feature_available_time_utc,str,UTC ISO-8601,one assembled HBM stack,"Feature available time, in a wholly simulated chronology.",at feature_available_time_utc,identifier_or_metadata,False,0,No missing values in this generated cohort.,"Conditional placement, reflow and molding process; geometry from constituents; package inspection before final acceptance.",generate.py:364: observed.strftime('%Y-%m-%dT%H:%M:%SZ'),observed = end+pd.Timedelta(hours=2),illustrative_simulation_assumption
stack_assembly,stack_height_um,float64,um,one assembled HBM stack,"Sum of N core thicknesses, N interface gaps, base thickness and mold cap.",at feature_available_time_utc,observation_or_process_context,False,0,No missing values in this generated cohort.,"Conditional placement, reflow and molding process; geometry from constituents; package inspection before final acceptance.",generate.py:364: stackheight,stackheight = final_thickness[di].sum()+gaps.sum()+bthick[b]+moldcap,derived_identity from simulated inputs
stack_assembly,mold_cap_thickness_um,float64,um,one assembled HBM stack,Top mold allowance used in total stack-height accounting.,at feature_available_time_utc,observation_or_process_context,False,0,No missing values in this generated cohort.,"Conditional placement, reflow and molding process; geometry from constituents; package inspection before final acceptance.",generate.py:364: moldcap,"moldcap = c['mold_cap_thickness_um']+rng.normal(0,0.5)",illustrative_simulation_assumption
stack_assembly,inter_die_gap_mean_um,float64,um,one assembled HBM stack,Arithmetic mean of the N core-to-lower-layer interface gaps.,at feature_available_time_utc,observation_or_process_context,False,0,No missing values in this generated cohort.,"Conditional placement, reflow and molding process; geometry from constituents; package inspection before final acceptance.",generate.py:364: gaps.mean(),"gaps = bumpheight[di]+rng.normal(0,0.07,hh)",illustrative_simulation_assumption
stack_assembly,max_alignment_offset_um,float64,um,one assembled HBM stack,Maximum Euclidean incremental placement-offset magnitude over core layers.,at feature_available_time_utc,observation_or_process_context,False,0,No missing values in this generated cohort.,"Conditional placement, reflow and molding process; geometry from constituents; package inspection before final acceptance.",generate.py:364: maxoffset,maxoffset = radial_offset.max(),illustrative_simulation_assumption
stack_assembly,cumulative_die_shift_um,float64,um,one assembled HBM stack,Euclidean magnitude of the sum of incremental X/Y offsets over core layers.,at feature_available_time_utc,observation_or_process_context,False,0,No missing values in this generated cohort.,"Conditional placement, reflow and molding process; geometry from constituents; package inspection before final acceptance.",generate.py:364: cumshift,cumshift = np.sqrt(px.sum()**2+py.sum()**2),illustrative_simulation_assumption
stack_assembly,emc_viscosity_pa_s,float64,Pa*s,one assembled HBM stack,Assumed epoxy molding-compound viscosity at dispensing conditions.,at feature_available_time_utc,observation_or_process_context,False,0,No missing values in this generated cohort.,"Conditional placement, reflow and molding process; geometry from constituents; package inspection before final acceptance.",generate.py:364: viscosity,"viscosity = np.exp(np.log(8)+0.2*emc_effect[l//4]+0.10*ast+rng.normal(0,0.08))",illustrative_simulation_assumption
stack_assembly,molding_pressure_mpa,float64,MPa,one assembled HBM stack,Applied molding-pressure scenario variable; not converted from a published press load.,at feature_available_time_utc,observation_or_process_context,False,0,No missing values in this generated cohort.,"Conditional placement, reflow and molding process; geometry from constituents; package inspection before final acceptance.",generate.py:364: mold_pressure,"mold_pressure = 7+0.25*ast+rng.normal(0,0.18)",illustrative_simulation_assumption
stack_assembly,molding_vacuum_absolute_kpa,float64,kPa absolute,one assembled HBM stack,Absolute evacuation pressure: a larger value means weaker vacuum.,at feature_available_time_utc,observation_or_process_context,False,0,No missing values in this generated cohort.,"Conditional placement, reflow and molding process; geometry from constituents; package inspection before final acceptance.",generate.py:364: vacuum,"vacuum = np.exp(np.log(2.5)+0.3*ast+rng.normal(0,0.12))",illustrative_simulation_assumption
stack_assembly,reflow_peak_temperature_c,float64,degC,one assembled HBM stack,Peak mass-reflow temperature.,at feature_available_time_utc,observation_or_process_context,False,0,No missing values in this generated cohort.,"Conditional placement, reflow and molding process; geometry from constituents; package inspection before final acceptance.",generate.py:364: peak,"peak = 245+2.0*ast+rng.normal(0,1.8)",illustrative_simulation_assumption
stack_assembly,time_above_liquidus_sec,float64,s,one assembled HBM stack,Reflow time above the scenario solder liquidus.,at feature_available_time_utc,observation_or_process_context,False,0,No missing values in this generated cohort.,"Conditional placement, reflow and molding process; geometry from constituents; package inspection before final acceptance.",generate.py:364: tal,"tal = 55+3*ast+rng.normal(0,3)",illustrative_simulation_assumption
stack_assembly,heating_rate_c_sec,float64,degC/s,one assembled HBM stack,Reflow heating-rate summary.,at feature_available_time_utc,observation_or_process_context,False,0,No missing values in this generated cohort.,"Conditional placement, reflow and molding process; geometry from constituents; package inspection before final acceptance.",generate.py:364: heatrate,"heatrate = 1.5+rng.normal(0,0.08)",illustrative_simulation_assumption
stack_assembly,cure_temperature_c,float64,degC,one assembled HBM stack,Molding compound curing temperature.,at feature_available_time_utc,observation_or_process_context,False,0,No missing values in this generated cohort.,"Conditional placement, reflow and molding process; geometry from constituents; package inspection before final acceptance.",generate.py:364: curetemp,"curetemp = 175+1.1*ast+rng.normal(0,1)",illustrative_simulation_assumption
stack_assembly,cure_duration_min,float64,min,one assembled HBM stack,Molding compound cure duration.,at feature_available_time_utc,observation_or_process_context,False,0,No missing values in this generated cohort.,"Conditional placement, reflow and molding process; geometry from constituents; package inspection before final acceptance.",generate.py:364: curemin,"curemin = 60+rng.normal(0,2)",illustrative_simulation_assumption
stack_assembly,underfill_void_pct,float64,percent 0..100,one assembled HBM stack,Void area as percent of inspected underfill cross-section area.,at feature_available_time_utc,observation_or_process_context,False,0,No missing values in this generated cohort.,"Conditional placement, reflow and molding process; geometry from constituents; package inspection before final acceptance.",generate.py:364: vfrac,"vfrac = np.exp(-1.7+0.18*(viscosity-8)+0.25*(vacuum-2.5)+0.22*ast                 +0.08*(14-gaps.mean())+0.1*max(7-mold_pressure,0)+rng.normal(0,0.4))",illustrative_simulation_assumption
stack_assembly,delamination_area_pct,float64,percent 0..100,one assembled HBM stack,Separated area as percent of inspected package interface area.,at feature_available_time_utc,observation_or_process_context,False,0,No missing values in this generated cohort.,"Conditional placement, reflow and molding process; geometry from constituents; package inspection before final acceptance.",generate.py:364: delam,"delam = min(30,np.exp(-2.9+0.15*(pwarp-10)+0.6*vfrac+0.25*cure_deficit+rng.normal(0,0.5)))",illustrative_simulation_assumption
stack_assembly,package_warpage_um,float64,um,one assembled HBM stack,Package-curvature magnitude after molding.,at feature_available_time_utc,observation_or_process_context,False,0,No missing values in this generated cohort.,"Conditional placement, reflow and molding process; geometry from constituents; package inspection before final acceptance.",generate.py:364: pwarp,"pwarp = positive(8+2*warpage[di].mean()+0.9*cumshift+1.2*(hh==12)+1.6*ast                 +0.6*emc_effect[l//4]+0.6*abs(mold_pressure-7)+0.25*(curetemp-175)+rng.normal(0,1.3))",illustrative_simulation_assumption
stack_assembly,stacks_since_tool_service,int64,count/index,one assembled HBM stack,Run-age proxy modulo 200 for the synthetic assembly-line group.,at feature_available_time_utc,observation_or_process_context,False,0,No missing values in this generated cohort.,"Conditional placement, reflow and molding process; geometry from constituents; package inspection before final acceptance.",generate.py:364: age,age = seq[ix] % 120,illustrative_simulation_assumption
stack_assembly,inspection_sampled,int64,0/1,one assembled HBM stack,Package-inspection coverage flag; 1 for every stack in this release.,at feature_available_time_utc,observation_or_process_context,False,0,No missing values in this generated cohort.,"Conditional placement, reflow and molding process; geometry from constituents; package inspection before final acceptance.",generate.py:364: 1,,illustrative_simulation_assumption
electrical_test,stack_id,str,category/text,one stack final acceptance test,Fictional stack identifier for traceability or configuration.,at test_time_utc,identifier_or_metadata,False,0,No missing values in this generated cohort.,Measurements conditional on realized latent fault modes under fixed synthetic test conditions; acceptance combines mechanical and electrical gates.,generate.py:442: assigned_stack | generate.py:364: sid | generate.py:307: sid | generate.py:379: sid | generate.py:397: sid | generate.py:405: sid | generate.py:426: sid | generate.py:302: sid,"assigned_stack = np.full(n_d,'',dtype=object) | sid = f'S{next_stack:06}'",illustrative_simulation_assumption
electrical_test,test_time_utc,str,UTC ISO-8601,one stack final acceptance test,"Test time, in a wholly simulated chronology.",at test_time_utc,identifier_or_metadata,False,0,No missing values in this generated cohort.,Measurements conditional on realized latent fault modes under fixed synthetic test conditions; acceptance combines mechanical and electrical gates.,generate.py:379: testtime.strftime('%Y-%m-%dT%H:%M:%SZ') | generate.py:397: None if not selected else reliability_time.strftime('%Y-%m-%dT%H:%M:%SZ'),"testtime = observed+pd.Timedelta(hours=12) | selected = rtrace.choice(n_w, min(c['trace_runs_per_stage'], n_w), replace=False) | reliability_time = testtime+pd.Timedelta(days=7) if selected else None",illustrative_simulation_assumption
electrical_test,test_program_id,str,category/text,one stack final acceptance test,Fictional test program identifier for traceability or configuration.,at test_time_utc,identifier_or_metadata,False,0,No missing values in this generated cohort.,Measurements conditional on realized latent fault modes under fixed synthetic test conditions; acceptance combines mechanical and electrical gates.,generate.py:379: 'SYN_HBM3E_FINAL_V1',,illustrative_simulation_assumption
electrical_test,test_temperature_c,int64,degC,one stack final acceptance test,Controlled package-top case temperature for the synthetic test (85 degC).,at test_time_utc,observation_or_process_context,False,0,No missing values in this generated cohort.,Measurements conditional on realized latent fault modes under fixed synthetic test conditions; acceptance combines mechanical and electrical gates.,generate.py:379: 85,,illustrative_simulation_assumption
electrical_test,test_voltage_v,float64,V,one stack final acceptance test,Synthetic test supply voltage (1.1 V).,at test_time_utc,observation_or_process_context,False,0,No missing values in this generated cohort.,Measurements conditional on realized latent fault modes under fixed synthetic test conditions; acceptance combines mechanical and electrical gates.,generate.py:379: 1.1,,illustrative_simulation_assumption
electrical_test,test_duration_sec,int64,s,one stack final acceptance test,Duration of the synthetic electrical-test program.,at test_time_utc,observation_or_process_context,False,0,No missing values in this generated cohort.,Measurements conditional on realized latent fault modes under fixed synthetic test conditions; acceptance combines mechanical and electrical gates.,generate.py:379: 120,,illustrative_simulation_assumption
electrical_test,offered_data_rate_gbps,float64,Gbit/s per pin,one stack final acceptance test,"Offered per-pin rate during test, 9.6 Gbit/s.",at test_time_utc,observation_or_process_context,False,0,No missing values in this generated cohort.,Measurements conditional on realized latent fault modes under fixed synthetic test conditions; acceptance combines mechanical and electrical gates.,generate.py:379: 9.6,,illustrative_simulation_assumption
electrical_test,bus_width_bits,int64,count/index,one stack final acceptance test,"HBM3E data-bus width in bits, 1024; not number of TSVs.",at test_time_utc,observation_or_process_context,False,0,No missing values in this generated cohort.,Measurements conditional on realized latent fault modes under fixed synthetic test conditions; acceptance combines mechanical and electrical gates.,generate.py:379: 1024,,public_architecture_context; simulated row allocation (SOURCES.md)
electrical_test,nominal_peak_bandwidth_gb_s,float64,GB/s,one stack final acceptance test,"Offered data rate times bus width divided by 8, in GB/s.",at test_time_utc,observation_or_process_context,False,0,No missing values in this generated cohort.,Measurements conditional on realized latent fault modes under fixed synthetic test conditions; acceptance combines mechanical and electrical gates.,generate.py:379: nominal_bw,nominal_bw = 9.6*1024/8,derived_identity from simulated inputs
electrical_test,max_pass_data_rate_gbps,float64,Gbit/s per pin,one stack final acceptance test,"Maximum passing per-pin data rate, conditional on realized electrical health.",at test_time_utc,observation_or_process_context,False,0,No missing values in this generated cohort.,Measurements conditional on realized latent fault modes under fixed synthetic test conditions; acceptance combines mechanical and electrical gates.,generate.py:379: max_pass_rate,"max_pass_rate = (9.6+speed_margin) if not electrical_bad else 9.6-rtest.uniform(0.4,3.5)",illustrative_simulation_assumption
electrical_test,measured_bandwidth_gb_s,float64,GB/s,one stack final acceptance test,"min(nominal rate, maximum passing rate) times bus width / 8, with 97%-99.5% efficiency.",at test_time_utc,observation_or_process_context,False,0,No missing values in this generated cohort.,Measurements conditional on realized latent fault modes under fixed synthetic test conditions; acceptance combines mechanical and electrical gates.,generate.py:379: measured_bw,"measured_bw = min(nominal_bw,max_pass_rate*1024/8)*rtest.uniform(0.97,0.995)",illustrative_simulation_assumption
electrical_test,tested_bit_count,int64,count/index,one stack final acceptance test,"Bits sampled for BER, not full data volume moved during the entire test program.",at test_time_utc,observation_or_process_context,False,0,No missing values in this generated cohort.,Measurements conditional on realized latent fault modes under fixed synthetic test conditions; acceptance combines mechanical and electrical gates.,generate.py:379: tested_bits,tested_bits = 10**12,illustrative_simulation_assumption
electrical_test,uncorrected_error_count,int64,count/index,one stack final acceptance test,Uncorrected failures in tested_bit_count; zero on an electrical pass in this scenario.,at test_time_utc,observation_or_process_context,False,0,No missing values in this generated cohort.,Measurements conditional on realized latent fault modes under fixed synthetic test conditions; acceptance combines mechanical and electrical gates.,generate.py:379: errors,errors = 0 if not electrical_bad else 1+rtest.poisson(8+20*sum(modes.values())),illustrative_simulation_assumption
electrical_test,bit_error_rate,float64,probability/fraction 0..1,one stack final acceptance test,uncorrected_error_count / tested_bit_count.,at test_time_utc,observation_or_process_context,False,0,No missing values in this generated cohort.,Measurements conditional on realized latent fault modes under fixed synthetic test conditions; acceptance combines mechanical and electrical gates.,generate.py:379: errors/tested_bits,errors = 0 if not electrical_bad else 1+rtest.poisson(8+20*sum(modes.values())) | tested_bits = 10**12,derived_identity from simulated inputs
electrical_test,ecc_corrected_errors,int64,count/index,one stack final acceptance test,"Corrected-error count during the synthetic test, not a BER numerator.",at test_time_utc,observation_or_process_context,False,0,No missing values in this generated cohort.,Measurements conditional on realized latent fault modes under fixed synthetic test conditions; acceptance combines mechanical and electrical gates.,generate.py:379: corrected,corrected = rtest.poisson(0.6+0.08*repairs[di].sum()+2*modes['dram_electrical']),illustrative_simulation_assumption
electrical_test,detected_interconnect_failures,int64,count/index,one stack final acceptance test,Sum of realized TSV and microbump aggregate electrical faults.,at test_time_utc,observation_or_process_context,False,0,No missing values in this generated cohort.,Measurements conditional on realized latent fault modes under fixed synthetic test conditions; acceptance combines mechanical and electrical gates.,generate.py:379: opens,opens = modes['tsv_open_short']+modes['microbump_open_bridge'],illustrative_simulation_assumption
electrical_test,power_consumption_w,float64,W,one stack final acceptance test,Package power proxy under the declared electrical test workload.,at test_time_utc,observation_or_process_context,False,0,No missing values in this generated cohort.,Measurements conditional on realized latent fault modes under fixed synthetic test conditions; acceptance combines mechanical and electrical gates.,generate.py:379: power,"power = positive(7.0+0.45*hh+0.15*leakage[di].sum()+0.5*int(failed)+rtest.normal(0,0.35),1)",illustrative_simulation_assumption
electrical_test,thermal_resistance_c_w,float64,degC/W,one stack final acceptance test,Effective junction-to-package-top thermal resistance with controlled 85 degC top boundary.,at test_time_utc,observation_or_process_context,False,0,No missing values in this generated cohort.,Measurements conditional on realized latent fault modes under fixed synthetic test conditions; acceptance combines mechanical and electrical gates.,generate.py:379: thermal_r,"thermal_r = positive(1.3+0.15*(hh==12)+0.20*vfrac+0.10*delam+rtest.normal(0,0.07),0.5)",illustrative_simulation_assumption
electrical_test,timing_margin_ps,float64,ps,one stack final acceptance test,Positive for electrically passing stacks and negative for simulated electrical failures.,at test_time_utc,observation_or_process_context,False,0,No missing values in this generated cohort.,Measurements conditional on realized latent fault modes under fixed synthetic test conditions; acceptance combines mechanical and electrical gates.,"generate.py:379: rtest.uniform(8,22) if not electrical_bad else -rtest.uniform(1,15)",electrical_bad = bool(modes['dram_electrical'] or modes['tsv_open_short'] or modes['microbump_open_bridge']),illustrative_simulation_assumption
electrical_test,stack_assembly_pass,int64,0/1,one stack final acceptance test,"Acceptance gate: no realized die-crack, warpage, underfill-void or delamination failure.",at test_time_utc,outcome_label,False,0,No missing values in this generated cohort.,Measurements conditional on realized latent fault modes under fixed synthetic test conditions; acceptance combines mechanical and electrical gates.,generate.py:379: assembled_pass,assembled_pass = int(not (modes['die_crack'] or modes['warpage'] or modes['underfill_void'] or modes['delamination'])),illustrative_simulation_assumption
electrical_test,electrical_test_pass,int64,0/1,one stack final acceptance test,"Acceptance gate: no realized DRAM/base, TSV or microbump electrical failure.",at test_time_utc,outcome_label,False,0,No missing values in this generated cohort.,Measurements conditional on realized latent fault modes under fixed synthetic test conditions; acceptance combines mechanical and electrical gates.,generate.py:379: int(not electrical_bad),electrical_bad = bool(modes['dram_electrical'] or modes['tsv_open_short'] or modes['microbump_open_bridge']),illustrative_simulation_assumption
electrical_test,final_test_pass,int64,0/1,one stack final acceptance test,Final acceptance passed both assembly inspection and electrical test.,at test_time_utc,outcome_label,False,0,No missing values in this generated cohort.,Measurements conditional on realized latent fault modes under fixed synthetic test conditions; acceptance combines mechanical and electrical gates.,generate.py:379: int(not failed) | generate.py:426: int(not failed),failed = bool(mode_list),illustrative_simulation_assumption
electrical_test,defect_type,str,category/text,one stack final acceptance test,"none, one of seven named mechanisms, or multiple; simulator-assigned outcome.",at test_time_utc,outcome_label,False,0,No missing values in this generated cohort.,Measurements conditional on realized latent fault modes under fixed synthetic test conditions; acceptance combines mechanical and electrical gates.,generate.py:379: defect_type | generate.py:426: defect_type,defect_type = 'none' if not mode_list else ('multiple' if len(mode_list)>1 else mode_list[0]),illustrative_simulation_assumption
electrical_test,defect_stage,str,category/text,one stack final acceptance test,Coarse origin assigned from the simulated mechanism; multiple when mechanisms coexist.,at test_time_utc,outcome_label,False,0,No missing values in this generated cohort.,Measurements conditional on realized latent fault modes under fixed synthetic test conditions; acceptance combines mechanical and electrical gates.,generate.py:379: stage | generate.py:426: stage,"stage = 'none' if not failed else ('multiple' if len(mode_list)>1 else {                 'dram_electrical':'dram_or_base','tsv_open_short':'tsv_or_interconnect',                 'microbump_open_bridge':'reflow','die_crack':'handling',                 'warpage':'assembly','underfill_void':'molding','delamination':'molding'}[mode_list[0]])",illustrative_simulation_assumption
electrical_test,defect_severity,str,category/text,one stack final acceptance test,"none, major for one mode, critical for multiple modes; scenario labels, not real severity scoring.",at test_time_utc,outcome_label,False,0,No missing values in this generated cohort.,Measurements conditional on realized latent fault modes under fixed synthetic test conditions; acceptance combines mechanical and electrical gates.,generate.py:379: 'none' if not failed else ('critical' if len(mode_list)>1 else 'major'),"failed = bool(mode_list) | mode_list = [m for m,v in modes.items() if v]",illustrative_simulation_assumption
electrical_test,final_disposition,str,category/text,one stack final acceptance test,"accept on final acceptance pass, otherwise scrap; stack rework is not simulated.",at test_time_utc,post_selection_outcome_metadata,False,0,No missing values in this generated cohort.,Measurements conditional on realized latent fault modes under fixed synthetic test conditions; acceptance combines mechanical and electrical gates.,generate.py:379: 'accept' if not failed else 'scrap',failed = bool(mode_list),illustrative_simulation_assumption
reliability_test,stack_id,str,category/text,one stack sampling status and optional stress test,Fictional stack identifier for traceability or configuration.,at test_time_utc if sampled,identifier_or_metadata,False,0,No missing values in this generated cohort.,Random sample of final acceptance passers; probabilistic stress-screen response; untested outcomes remain null.,generate.py:442: assigned_stack | generate.py:364: sid | generate.py:307: sid | generate.py:379: sid | generate.py:397: sid | generate.py:405: sid | generate.py:426: sid | generate.py:302: sid,"assigned_stack = np.full(n_d,'',dtype=object) | sid = f'S{next_stack:06}'",illustrative_simulation_assumption
reliability_test,reliability_sampled,int64,0/1,one stack sampling status and optional stress test,Selected for the later synthetic stress screen; only final acceptance passers are eligible.,at test_time_utc if sampled,observation_or_process_context,False,0,No missing values in this generated cohort.,Random sample of final acceptance passers; probabilistic stress-screen response; untested outcomes remain null.,generate.py:397: int(selected) | generate.py:426: int(selected),"selected = rtrace.choice(n_w, min(c['trace_runs_per_stage'], n_w), replace=False)",illustrative_simulation_assumption
reliability_test,sampling_reason,str,category/text,one stack sampling status and optional stress test,"sampled, not_sampled or failed_final_test.",at test_time_utc if sampled,observation_or_process_context,False,0,No missing values in this generated cohort.,Random sample of final acceptance passers; probabilistic stress-screen response; untested outcomes remain null.,generate.py:397: 'sampled' if selected else ('failed_final_test' if failed else 'not_sampled'),"selected = rtrace.choice(n_w, min(c['trace_runs_per_stage'], n_w), replace=False) | failed = bool(mode_list)",illustrative_simulation_assumption
reliability_test,test_time_utc,str,UTC ISO-8601,one stack sampling status and optional stress test,"Test time, in a wholly simulated chronology.",at test_time_utc if sampled,identifier_or_metadata,True,14413,Not stress tested; use reliability_sampled and sampling_reason.,Random sample of final acceptance passers; probabilistic stress-screen response; untested outcomes remain null.,generate.py:379: testtime.strftime('%Y-%m-%dT%H:%M:%SZ') | generate.py:397: None if not selected else reliability_time.strftime('%Y-%m-%dT%H:%M:%SZ'),"testtime = observed+pd.Timedelta(hours=12) | selected = rtrace.choice(n_w, min(c['trace_runs_per_stage'], n_w), replace=False) | reliability_time = testtime+pd.Timedelta(days=7) if selected else None",illustrative_simulation_assumption
reliability_test,stress_protocol_id,str,category/text,one stack sampling status and optional stress test,Fictional stress protocol identifier for traceability or configuration.,at test_time_utc if sampled,identifier_or_metadata,True,14413,Not stress tested; use reliability_sampled and sampling_reason.,Random sample of final acceptance passers; probabilistic stress-screen response; untested outcomes remain null.,generate.py:397: 'SYN_CYCLE_SCREEN_V1' if selected else None,"selected = rtrace.choice(n_w, min(c['trace_runs_per_stage'], n_w), replace=False)",illustrative_simulation_assumption
reliability_test,cycles_applied,float64,count/index,one stack sampling status and optional stress test,"200 thermal cycles for selected stacks, otherwise unavailable.",at test_time_utc if sampled,observation_or_process_context,True,14413,Not stress tested; use reliability_sampled and sampling_reason.,Random sample of final acceptance passers; probabilistic stress-screen response; untested outcomes remain null.,generate.py:397: 200 if selected else None,"selected = rtrace.choice(n_w, min(c['trace_runs_per_stage'], n_w), replace=False)",illustrative_simulation_assumption
reliability_test,stress_low_temperature_c,float64,degC,one stack sampling status and optional stress test,Synthetic stress-cycle lower temperature (-40 degC); not a qualification-standard claim.,at test_time_utc if sampled,observation_or_process_context,True,14413,Not stress tested; use reliability_sampled and sampling_reason.,Random sample of final acceptance passers; probabilistic stress-screen response; untested outcomes remain null.,generate.py:397: -40 if selected else None,"selected = rtrace.choice(n_w, min(c['trace_runs_per_stage'], n_w), replace=False)",illustrative_simulation_assumption
reliability_test,stress_high_temperature_c,float64,degC,one stack sampling status and optional stress test,Synthetic stress-cycle upper temperature (125 degC).,at test_time_utc if sampled,observation_or_process_context,True,14413,Not stress tested; use reliability_sampled and sampling_reason.,Random sample of final acceptance passers; probabilistic stress-screen response; untested outcomes remain null.,generate.py:397: 125 if selected else None,"selected = rtrace.choice(n_w, min(c['trace_runs_per_stage'], n_w), replace=False)",illustrative_simulation_assumption
reliability_test,reliability_pass,float64,0/1,one stack sampling status and optional stress test,"1 passed, 0 failed the stress screen, null not tested.",at test_time_utc if sampled,outcome_label,True,14413,Not stress tested; use reliability_sampled and sampling_reason.,Random sample of final acceptance passers; probabilistic stress-screen response; untested outcomes remain null.,generate.py:397: rpass | generate.py:426: rpass,rpass = int(rtest.random()>=rp) if selected else None,illustrative_simulation_assumption
ml_stack_features,stack_id,str,category/text,one stack feature snapshot,Fictional stack identifier for traceability or configuration.,"after package inspection, before final test",identifier_or_metadata,False,0,No missing values in this generated cohort.,Copy of pre-final-test assembly observations plus constituent-die aggregates. Only measured sampled values enter sampled aggregates.,generate.py:442: assigned_stack | generate.py:364: sid | generate.py:307: sid | generate.py:379: sid | generate.py:397: sid | generate.py:405: sid | generate.py:426: sid | generate.py:302: sid,"assigned_stack = np.full(n_d,'',dtype=object) | sid = f'S{next_stack:06}'",illustrative_simulation_assumption
ml_stack_features,lot_id,str,category/text,one stack feature snapshot,Fictional lot identifier for traceability or configuration.,"after package inspection, before final test",identifier_or_metadata,False,0,No missing values in this generated cohort.,Copy of pre-final-test assembly observations plus constituent-die aggregates. Only measured sampled values enter sampled aggregates.,generate.py:50: [f'L{i+1:04}' for i in li] | generate.py:72: lots.lot_id.to_numpy()[wlot] | generate.py:364: lots.lot_id.iloc[l],"li = np.arange(nl) | wlot = wi//nw | lots = pd.DataFrame(dict(lot_id=[f'L{i+1:04}' for i in li], release_time_utc=stamp(released),         split=splits, product_generation='HBM3E', stack_layer_count=h,         capacity_gb=h*c['core_die_density_gb'], scenario=c['scenario'],         material_batch_id=[f'MAT{i//6+1:03}' for i in li], wafers_in_cohort=nw,         sampled_dies_per_wafer=nd))",illustrative_simulation_assumption
ml_stack_features,split,str,category/text,one stack feature snapshot,"Preassigned time-ordered lot partition: train, validation or test.","after package inspection, before final test",identifier_or_metadata,False,0,No missing values in this generated cohort.,Copy of pre-final-test assembly observations plus constituent-die aggregates. Only measured sampled values enter sampled aggregates.,generate.py:50: splits | generate.py:72: splits[wlot] | generate.py:364: splits[l] | generate.py:267: splits[l] | generate.py:426: splits[l],"splits = np.where(li < train_end, 'train', np.where(li < val_end, 'validation', 'test')) | wlot = wi//nw",illustrative_simulation_assumption
ml_stack_features,stack_layer_count,int64,count/index,one stack feature snapshot,"Number of core DRAM dies, excluding the base die.","after package inspection, before final test",allowed_primary_task_predictor,False,0,No missing values in this generated cohort.,Copy of pre-final-test assembly observations plus constituent-die aggregates. Only measured sampled values enter sampled aggregates.,generate.py:50: h | generate.py:72: hl | generate.py:195: hl[dw] | generate.py:364: hh | generate.py:141: hh,"h = np.where(rng.random(nl) < c['product_12_high_fraction'], 12, 8) | hl = h[wlot] | dw = np.repeat(wi,nd) | hh = int(h[l])",public_architecture_context; simulated row allocation (SOURCES.md)
ml_stack_features,capacity_gb,int64,GB,one stack feature snapshot,Stack DRAM capacity; core layer count times 3 GB per core die.,"after package inspection, before final test",allowed_primary_task_predictor,False,0,No missing values in this generated cohort.,Copy of pre-final-test assembly observations plus constituent-die aggregates. Only measured sampled values enter sampled aggregates.,generate.py:50: h*c['core_die_density_gb'] | generate.py:364: hh*c['core_die_density_gb'],"h = np.where(rng.random(nl) < c['product_12_high_fraction'], 12, 8) | hh = int(h[l])",public_architecture_context; simulated row allocation (SOURCES.md)
ml_stack_features,assembly_tool_id,str,category/text,one stack feature snapshot,Fictional assembly-line group containing multiple stations; not a single-resource schedule.,"after package inspection, before final test",allowed_primary_task_predictor,False,0,No missing values in this generated cohort.,Copy of pre-final-test assembly observations plus constituent-die aggregates. Only measured sampled values enter sampled aggregates.,generate.py:364: f'ASSEMBLY_T{bank+1:02}',bank = (wlot+wi % nw) % 8,illustrative_simulation_assumption
ml_stack_features,feature_available_time_utc,str,UTC ISO-8601,one stack feature snapshot,"Feature available time, in a wholly simulated chronology.","after package inspection, before final test",identifier_or_metadata,False,0,No missing values in this generated cohort.,Copy of pre-final-test assembly observations plus constituent-die aggregates. Only measured sampled values enter sampled aggregates.,generate.py:364: observed.strftime('%Y-%m-%dT%H:%M:%SZ'),observed = end+pd.Timedelta(hours=2),illustrative_simulation_assumption
ml_stack_features,stack_height_um,float64,um,one stack feature snapshot,"Sum of N core thicknesses, N interface gaps, base thickness and mold cap.","after package inspection, before final test",allowed_primary_task_predictor,False,0,No missing values in this generated cohort.,Copy of pre-final-test assembly observations plus constituent-die aggregates. Only measured sampled values enter sampled aggregates.,generate.py:364: stackheight,stackheight = final_thickness[di].sum()+gaps.sum()+bthick[b]+moldcap,derived_identity from simulated inputs
ml_stack_features,inter_die_gap_mean_um,float64,um,one stack feature snapshot,Arithmetic mean of the N core-to-lower-layer interface gaps.,"after package inspection, before final test",allowed_primary_task_predictor,False,0,No missing values in this generated cohort.,Copy of pre-final-test assembly observations plus constituent-die aggregates. Only measured sampled values enter sampled aggregates.,generate.py:364: gaps.mean(),"gaps = bumpheight[di]+rng.normal(0,0.07,hh)",illustrative_simulation_assumption
ml_stack_features,max_alignment_offset_um,float64,um,one stack feature snapshot,Maximum Euclidean incremental placement-offset magnitude over core layers.,"after package inspection, before final test",allowed_primary_task_predictor,False,0,No missing values in this generated cohort.,Copy of pre-final-test assembly observations plus constituent-die aggregates. Only measured sampled values enter sampled aggregates.,generate.py:364: maxoffset,maxoffset = radial_offset.max(),illustrative_simulation_assumption
ml_stack_features,cumulative_die_shift_um,float64,um,one stack feature snapshot,Euclidean magnitude of the sum of incremental X/Y offsets over core layers.,"after package inspection, before final test",allowed_primary_task_predictor,False,0,No missing values in this generated cohort.,Copy of pre-final-test assembly observations plus constituent-die aggregates. Only measured sampled values enter sampled aggregates.,generate.py:364: cumshift,cumshift = np.sqrt(px.sum()**2+py.sum()**2),illustrative_simulation_assumption
ml_stack_features,emc_viscosity_pa_s,float64,Pa*s,one stack feature snapshot,Assumed epoxy molding-compound viscosity at dispensing conditions.,"after package inspection, before final test",allowed_primary_task_predictor,False,0,No missing values in this generated cohort.,Copy of pre-final-test assembly observations plus constituent-die aggregates. Only measured sampled values enter sampled aggregates.,generate.py:364: viscosity,"viscosity = np.exp(np.log(8)+0.2*emc_effect[l//4]+0.10*ast+rng.normal(0,0.08))",illustrative_simulation_assumption
ml_stack_features,molding_pressure_mpa,float64,MPa,one stack feature snapshot,Applied molding-pressure scenario variable; not converted from a published press load.,"after package inspection, before final test",allowed_primary_task_predictor,False,0,No missing values in this generated cohort.,Copy of pre-final-test assembly observations plus constituent-die aggregates. Only measured sampled values enter sampled aggregates.,generate.py:364: mold_pressure,"mold_pressure = 7+0.25*ast+rng.normal(0,0.18)",illustrative_simulation_assumption
ml_stack_features,molding_vacuum_absolute_kpa,float64,kPa absolute,one stack feature snapshot,Absolute evacuation pressure: a larger value means weaker vacuum.,"after package inspection, before final test",allowed_primary_task_predictor,False,0,No missing values in this generated cohort.,Copy of pre-final-test assembly observations plus constituent-die aggregates. Only measured sampled values enter sampled aggregates.,generate.py:364: vacuum,"vacuum = np.exp(np.log(2.5)+0.3*ast+rng.normal(0,0.12))",illustrative_simulation_assumption
ml_stack_features,reflow_peak_temperature_c,float64,degC,one stack feature snapshot,Peak mass-reflow temperature.,"after package inspection, before final test",allowed_primary_task_predictor,False,0,No missing values in this generated cohort.,Copy of pre-final-test assembly observations plus constituent-die aggregates. Only measured sampled values enter sampled aggregates.,generate.py:364: peak,"peak = 245+2.0*ast+rng.normal(0,1.8)",illustrative_simulation_assumption
ml_stack_features,time_above_liquidus_sec,float64,s,one stack feature snapshot,Reflow time above the scenario solder liquidus.,"after package inspection, before final test",allowed_primary_task_predictor,False,0,No missing values in this generated cohort.,Copy of pre-final-test assembly observations plus constituent-die aggregates. Only measured sampled values enter sampled aggregates.,generate.py:364: tal,"tal = 55+3*ast+rng.normal(0,3)",illustrative_simulation_assumption
ml_stack_features,heating_rate_c_sec,float64,degC/s,one stack feature snapshot,Reflow heating-rate summary.,"after package inspection, before final test",allowed_primary_task_predictor,False,0,No missing values in this generated cohort.,Copy of pre-final-test assembly observations plus constituent-die aggregates. Only measured sampled values enter sampled aggregates.,generate.py:364: heatrate,"heatrate = 1.5+rng.normal(0,0.08)",illustrative_simulation_assumption
ml_stack_features,cure_temperature_c,float64,degC,one stack feature snapshot,Molding compound curing temperature.,"after package inspection, before final test",allowed_primary_task_predictor,False,0,No missing values in this generated cohort.,Copy of pre-final-test assembly observations plus constituent-die aggregates. Only measured sampled values enter sampled aggregates.,generate.py:364: curetemp,"curetemp = 175+1.1*ast+rng.normal(0,1)",illustrative_simulation_assumption
ml_stack_features,cure_duration_min,float64,min,one stack feature snapshot,Molding compound cure duration.,"after package inspection, before final test",allowed_primary_task_predictor,False,0,No missing values in this generated cohort.,Copy of pre-final-test assembly observations plus constituent-die aggregates. Only measured sampled values enter sampled aggregates.,generate.py:364: curemin,"curemin = 60+rng.normal(0,2)",illustrative_simulation_assumption
ml_stack_features,underfill_void_pct,float64,percent 0..100,one stack feature snapshot,Void area as percent of inspected underfill cross-section area.,"after package inspection, before final test",allowed_primary_task_predictor,False,0,No missing values in this generated cohort.,Copy of pre-final-test assembly observations plus constituent-die aggregates. Only measured sampled values enter sampled aggregates.,generate.py:364: vfrac,"vfrac = np.exp(-1.7+0.18*(viscosity-8)+0.25*(vacuum-2.5)+0.22*ast                 +0.08*(14-gaps.mean())+0.1*max(7-mold_pressure,0)+rng.normal(0,0.4))",illustrative_simulation_assumption
ml_stack_features,delamination_area_pct,float64,percent 0..100,one stack feature snapshot,Separated area as percent of inspected package interface area.,"after package inspection, before final test",allowed_primary_task_predictor,False,0,No missing values in this generated cohort.,Copy of pre-final-test assembly observations plus constituent-die aggregates. Only measured sampled values enter sampled aggregates.,generate.py:364: delam,"delam = min(30,np.exp(-2.9+0.15*(pwarp-10)+0.6*vfrac+0.25*cure_deficit+rng.normal(0,0.5)))",illustrative_simulation_assumption
ml_stack_features,package_warpage_um,float64,um,one stack feature snapshot,Package-curvature magnitude after molding.,"after package inspection, before final test",allowed_primary_task_predictor,False,0,No missing values in this generated cohort.,Copy of pre-final-test assembly observations plus constituent-die aggregates. Only measured sampled values enter sampled aggregates.,generate.py:364: pwarp,"pwarp = positive(8+2*warpage[di].mean()+0.9*cumshift+1.2*(hh==12)+1.6*ast                 +0.6*emc_effect[l//4]+0.6*abs(mold_pressure-7)+0.25*(curetemp-175)+rng.normal(0,1.3))",illustrative_simulation_assumption
ml_stack_features,stacks_since_tool_service,int64,count/index,one stack feature snapshot,Run-age proxy modulo 200 for the synthetic assembly-line group.,"after package inspection, before final test",allowed_primary_task_predictor,False,0,No missing values in this generated cohort.,Copy of pre-final-test assembly observations plus constituent-die aggregates. Only measured sampled values enter sampled aggregates.,generate.py:364: age,age = seq[ix] % 120,illustrative_simulation_assumption
ml_stack_features,core_thickness_mean_um,float64,um,one stack feature snapshot,Mean measured silicon thickness of the core dies assigned to the stack.,"after package inspection, before final test",allowed_primary_task_predictor,False,0,No missing values in this generated cohort.,Copy of pre-final-test assembly observations plus constituent-die aggregates. Only measured sampled values enter sampled aggregates.,generate.py:416: final_thickness[di].mean(),"final_thickness = positive(nominal_thickness+0.5*thinning+0.35*(radius**2-0.5)+rng.normal(0,0.22,n_d),20) | di = eligible[k*h[l]:(k+1)*h[l]]",illustrative_simulation_assumption
ml_stack_features,core_thickness_std_um,float64,um,one stack feature snapshot,Population SD (ddof=0) of the core-die thicknesses in the stack.,"after package inspection, before final test",allowed_primary_task_predictor,False,0,No missing values in this generated cohort.,Copy of pre-final-test assembly observations plus constituent-die aggregates. Only measured sampled values enter sampled aggregates.,generate.py:416: final_thickness[di].std(),"final_thickness = positive(nominal_thickness+0.5*thinning+0.35*(radius**2-0.5)+rng.normal(0,0.22,n_d),20) | di = eligible[k*h[l]:(k+1)*h[l]]",illustrative_simulation_assumption
ml_stack_features,core_warpage_max_um,float64,um,one stack feature snapshot,Largest measured warpage among the assigned core dies.,"after package inspection, before final test",allowed_primary_task_predictor,False,0,No missing values in this generated cohort.,Copy of pre-final-test assembly observations plus constituent-die aggregates. Only measured sampled values enter sampled aggregates.,generate.py:416: warpage[di].max(),"warpage = positive(0.5+0.3*ttv+0.3*abs(thinning)+0.22*(hl[dw]==12)+0.22*local+rng.normal(0,0.18,n_d),0.05) | di = eligible[k*h[l]:(k+1)*h[l]]",illustrative_simulation_assumption
ml_stack_features,core_ttv_mean_um,float64,um,one stack feature snapshot,Mean within-die thickness variation among the assigned core dies.,"after package inspection, before final test",allowed_primary_task_predictor,False,0,No missing values in this generated cohort.,Copy of pre-final-test assembly observations plus constituent-die aggregates. Only measured sampled values enter sampled aggregates.,generate.py:416: ttv[di].mean(),"ttv = positive(0.7+0.22*abs(thinning)+0.2*radius+rng.normal(0,0.12,n_d),0.15) | di = eligible[k*h[l]:(k+1)*h[l]]",illustrative_simulation_assumption
ml_stack_features,core_leakage_mean_ua,float64,uA,one stack feature snapshot,Mean incoming leakage current of the assigned core dies.,"after package inspection, before final test",allowed_primary_task_predictor,False,0,No missing values in this generated cohort.,Copy of pre-final-test assembly observations plus constituent-die aggregates. Only measured sampled values enter sampled aggregates.,generate.py:416: leakage[di].mean(),"leakage = np.exp(np.log(0.7)+0.23*die_stress+0.04*particles+rng.normal(0,0.18,n_d)) | di = eligible[k*h[l]:(k+1)*h[l]]",illustrative_simulation_assumption
ml_stack_features,core_repair_count_sum,int64,count/index,one stack feature snapshot,Total incoming repair resources used by the assigned core dies.,"after package inspection, before final test",allowed_primary_task_predictor,False,0,No missing values in this generated cohort.,Copy of pre-final-test assembly observations plus constituent-die aggregates. Only measured sampled values enter sampled aggregates.,generate.py:416: int(repairs[di].sum()),repairs = rng.poisson(np.exp(-0.3+0.55*die_stress+0.18*particles)) | di = eligible[k*h[l]:(k+1)*h[l]],illustrative_simulation_assumption
ml_stack_features,core_particle_count_sum,int64,count/index,one stack feature snapshot,Total inspected contamination particles across the assigned core dies.,"after package inspection, before final test",allowed_primary_task_predictor,False,0,No missing values in this generated cohort.,Copy of pre-final-test assembly observations plus constituent-die aggregates. Only measured sampled values enter sampled aggregates.,generate.py:416: int(particles[di].sum()),particles = rng.poisson(np.exp(-0.8+0.65*die_stress)) | di = eligible[k*h[l]:(k+1)*h[l]],illustrative_simulation_assumption
ml_stack_features,core_tsv_resistance_mean_mohm,float64,mOhm,one stack feature snapshot,Mean incoming TSV path-resistance proxy across the assigned core dies.,"after package inspection, before final test",allowed_primary_task_predictor,False,0,No missing values in this generated cohort.,Copy of pre-final-test assembly observations plus constituent-die aggregates. Only measured sampled values enter sampled aggregates.,generate.py:416: resistance[di].mean(),"resistance = (c['copper_resistivity_ohm_m']*final_thickness*1e-6/(np.pi*(diameter*1e-6/2)**2)                   *1000/(1-void/100)+3)*np.exp(rng.normal(0,0.025,n_d)) | di = eligible[k*h[l]:(k+1)*h[l]]",illustrative_simulation_assumption
ml_stack_features,core_tsv_resistance_max_mohm,float64,mOhm,one stack feature snapshot,Largest incoming TSV path-resistance proxy among the assigned core dies.,"after package inspection, before final test",allowed_primary_task_predictor,False,0,No missing values in this generated cohort.,Copy of pre-final-test assembly observations plus constituent-die aggregates. Only measured sampled values enter sampled aggregates.,generate.py:416: resistance[di].max(),"resistance = (c['copper_resistivity_ohm_m']*final_thickness*1e-6/(np.pi*(diameter*1e-6/2)**2)                   *1000/(1-void/100)+3)*np.exp(rng.normal(0,0.025,n_d)) | di = eligible[k*h[l]:(k+1)*h[l]]",illustrative_simulation_assumption
ml_stack_features,core_bump_coplanarity_max_um,float64,um,one stack feature snapshot,Largest incoming bump-height variation among the assigned core dies.,"after package inspection, before final test",allowed_primary_task_predictor,False,0,No missing values in this generated cohort.,Copy of pre-final-test assembly observations plus constituent-die aggregates. Only measured sampled values enter sampled aggregates.,generate.py:416: coplanarity[di].max(),"coplanarity = positive(0.45+0.12*abs(bumpstate)+0.08*warpage+rng.normal(0,0.08,n_d),0.05) | di = eligible[k*h[l]:(k+1)*h[l]]",illustrative_simulation_assumption
ml_stack_features,n_source_wafers,int64,count/index,one stack feature snapshot,Distinct source wafer count among core dies in the stack.,"after package inspection, before final test",allowed_primary_task_predictor,False,0,No missing values in this generated cohort.,Copy of pre-final-test assembly observations plus constituent-die aggregates. Only measured sampled values enter sampled aggregates.,generate.py:416: len(np.unique(dw[di])),"dw = np.repeat(wi,nd) | di = eligible[k*h[l]:(k+1)*h[l]]",illustrative_simulation_assumption
ml_stack_features,n_dies_with_detailed_metrology,int64,count/index,one stack feature snapshot,Number of core dies with sampled metrology successfully observed.,"after package inspection, before final test",allowed_primary_task_predictor,False,0,No missing values in this generated cohort.,Copy of pre-final-test assembly observations plus constituent-die aggregates. Only measured sampled values enter sampled aggregates.,generate.py:416: int(measured[di].sum()),measured = sampling & ~dropout | di = eligible[k*h[l]:(k+1)*h[l]],illustrative_simulation_assumption
ml_stack_features,sampled_core_tsv_void_mean_pct,float64,percent 0..100,one stack feature snapshot,Mean of observed constituent TSV void measurements only; null when none were observed.,"after package inspection, before final test",allowed_primary_task_predictor,True,1214,No constituent die with successfully observed detailed metrology.,Copy of pre-final-test assembly observations plus constituent-die aggregates. Only measured sampled values enter sampled aggregates.,generate.py:416: float(void[di][measured[di]].mean()) if measured[di].any() else np.nan,"measured = sampling & ~dropout | di = eligible[k*h[l]:(k+1)*h[l]] | void = np.minimum(15, np.exp(-1.2+0.45*fill+0.28*die_stress+rng.normal(0,0.35,n_d)))",illustrative_simulation_assumption
ml_stack_features,sampled_core_cd_mean_nm,float64,nm,one stack feature snapshot,Mean of observed constituent critical dimensions only; null when none were observed.,"after package inspection, before final test",allowed_primary_task_predictor,True,1214,No constituent die with successfully observed detailed metrology.,Copy of pre-final-test assembly observations plus constituent-die aggregates. Only measured sampled values enter sampled aggregates.,generate.py:416: float(cd[di][measured[di]].mean()) if measured[di].any() else np.nan,"measured = sampling & ~dropout | di = eligible[k*h[l]:(k+1)*h[l]] | cd = 24+0.35*lith+0.25*die_stress+rng.normal(0,0.18,n_d)",illustrative_simulation_assumption
ml_stack_features,base_leakage_current_ua,float64,uA,one stack feature snapshot,Base-die incoming leakage measurement.,"after package inspection, before final test",allowed_primary_task_predictor,False,0,No missing values in this generated cohort.,Copy of pre-final-test assembly observations plus constituent-die aggregates. Only measured sampled values enter sampled aggregates.,generate.py:416: base_leak[b] | generate.py:267: base_leak[j],"base_leak = np.exp(np.log(1.2)+rbase.normal(0,0.2,nb)+0.1*lot_effect[l]) | b = available_bases[k]",illustrative_simulation_assumption
ml_stack_features,base_die_thickness_um,float64,um,one stack feature snapshot,"Base-die silicon thickness, separate from core DRAM thickness.","after package inspection, before final test",allowed_primary_task_predictor,False,0,No missing values in this generated cohort.,Copy of pre-final-test assembly observations plus constituent-die aggregates. Only measured sampled values enter sampled aggregates.,generate.py:416: bthick[b] | generate.py:267: bthick[j],"bthick = c['base_die_thickness_um']+rbase.normal(0,0.35,nb) | b = available_bases[k]",illustrative_simulation_assumption
ml_stack_labels,stack_id,str,category/text,one stack label record,Fictional stack identifier for traceability or configuration.,at label_available_time_utc; reliability later,identifier_or_metadata,False,0,No missing values in this generated cohort.,Labels copied from corresponding final acceptance and optional reliability tests.,generate.py:442: assigned_stack | generate.py:364: sid | generate.py:307: sid | generate.py:379: sid | generate.py:397: sid | generate.py:405: sid | generate.py:426: sid | generate.py:302: sid,"assigned_stack = np.full(n_d,'',dtype=object) | sid = f'S{next_stack:06}'",illustrative_simulation_assumption
ml_stack_labels,split,str,category/text,one stack label record,"Preassigned time-ordered lot partition: train, validation or test.",at label_available_time_utc; reliability later,identifier_or_metadata,False,0,No missing values in this generated cohort.,Labels copied from corresponding final acceptance and optional reliability tests.,generate.py:50: splits | generate.py:72: splits[wlot] | generate.py:364: splits[l] | generate.py:267: splits[l] | generate.py:426: splits[l],"splits = np.where(li < train_end, 'train', np.where(li < val_end, 'validation', 'test')) | wlot = wi//nw",illustrative_simulation_assumption
ml_stack_labels,final_test_pass,int64,0/1,one stack label record,Final acceptance passed both assembly inspection and electrical test.,at label_available_time_utc; reliability later,outcome_label,False,0,No missing values in this generated cohort.,Labels copied from corresponding final acceptance and optional reliability tests.,generate.py:379: int(not failed) | generate.py:426: int(not failed),failed = bool(mode_list),illustrative_simulation_assumption
ml_stack_labels,final_test_fail,int64,0/1,one stack label record,Primary target: 1 minus final_test_pass. One means final acceptance rejection.,at label_available_time_utc; reliability later,outcome_label,False,0,No missing values in this generated cohort.,Labels copied from corresponding final acceptance and optional reliability tests.,generate.py:426: int(failed),failed = bool(mode_list),illustrative_simulation_assumption
ml_stack_labels,defect_type,str,category/text,one stack label record,"none, one of seven named mechanisms, or multiple; simulator-assigned outcome.",at label_available_time_utc; reliability later,outcome_label,False,0,No missing values in this generated cohort.,Labels copied from corresponding final acceptance and optional reliability tests.,generate.py:379: defect_type | generate.py:426: defect_type,defect_type = 'none' if not mode_list else ('multiple' if len(mode_list)>1 else mode_list[0]),illustrative_simulation_assumption
ml_stack_labels,defect_stage,str,category/text,one stack label record,Coarse origin assigned from the simulated mechanism; multiple when mechanisms coexist.,at label_available_time_utc; reliability later,outcome_label,False,0,No missing values in this generated cohort.,Labels copied from corresponding final acceptance and optional reliability tests.,generate.py:379: stage | generate.py:426: stage,"stage = 'none' if not failed else ('multiple' if len(mode_list)>1 else {                 'dram_electrical':'dram_or_base','tsv_open_short':'tsv_or_interconnect',                 'microbump_open_bridge':'reflow','die_crack':'handling',                 'warpage':'assembly','underfill_void':'molding','delamination':'molding'}[mode_list[0]])",illustrative_simulation_assumption
ml_stack_labels,label_available_time_utc,str,UTC ISO-8601,one stack label record,"Label available time, in a wholly simulated chronology.",at label_available_time_utc; reliability later,identifier_or_metadata,False,0,No missing values in this generated cohort.,Labels copied from corresponding final acceptance and optional reliability tests.,generate.py:426: testtime.strftime('%Y-%m-%dT%H:%M:%SZ'),testtime = observed+pd.Timedelta(hours=12),illustrative_simulation_assumption
ml_stack_labels,reliability_pass,float64,0/1,one stack label record,"1 passed, 0 failed the stress screen, null not tested.",at label_available_time_utc; reliability later,outcome_label,True,14413,Not stress tested; use reliability_sampled and sampling_reason.,Labels copied from corresponding final acceptance and optional reliability tests.,generate.py:397: rpass | generate.py:426: rpass,rpass = int(rtest.random()>=rp) if selected else None,illustrative_simulation_assumption
ml_stack_labels,reliability_sampled,int64,0/1,one stack label record,Selected for the later synthetic stress screen; only final acceptance passers are eligible.,at label_available_time_utc; reliability later,observation_or_process_context,False,0,No missing values in this generated cohort.,Labels copied from corresponding final acceptance and optional reliability tests.,generate.py:397: int(selected) | generate.py:426: int(selected),"selected = rtrace.choice(n_w, min(c['trace_runs_per_stage'], n_w), replace=False)",illustrative_simulation_assumption
stack_training,stack_id,str,category/text,one stack modeling row,Fictional stack identifier for traceability or configuration.,features before final test; target after,identifier_or_metadata,False,0,No missing values in this generated cohort.,One-to-one join of ml_stack_features to only final_test_fail from ml_stack_labels.,generate.py:442: assigned_stack | generate.py:364: sid | generate.py:307: sid | generate.py:379: sid | generate.py:397: sid | generate.py:405: sid | generate.py:426: sid | generate.py:302: sid,"assigned_stack = np.full(n_d,'',dtype=object) | sid = f'S{next_stack:06}'",illustrative_simulation_assumption
stack_training,lot_id,str,category/text,one stack modeling row,Fictional lot identifier for traceability or configuration.,features before final test; target after,identifier_or_metadata,False,0,No missing values in this generated cohort.,One-to-one join of ml_stack_features to only final_test_fail from ml_stack_labels.,generate.py:50: [f'L{i+1:04}' for i in li] | generate.py:72: lots.lot_id.to_numpy()[wlot] | generate.py:364: lots.lot_id.iloc[l],"li = np.arange(nl) | wlot = wi//nw | lots = pd.DataFrame(dict(lot_id=[f'L{i+1:04}' for i in li], release_time_utc=stamp(released),         split=splits, product_generation='HBM3E', stack_layer_count=h,         capacity_gb=h*c['core_die_density_gb'], scenario=c['scenario'],         material_batch_id=[f'MAT{i//6+1:03}' for i in li], wafers_in_cohort=nw,         sampled_dies_per_wafer=nd))",illustrative_simulation_assumption
stack_training,split,str,category/text,one stack modeling row,"Preassigned time-ordered lot partition: train, validation or test.",features before final test; target after,identifier_or_metadata,False,0,No missing values in this generated cohort.,One-to-one join of ml_stack_features to only final_test_fail from ml_stack_labels.,generate.py:50: splits | generate.py:72: splits[wlot] | generate.py:364: splits[l] | generate.py:267: splits[l] | generate.py:426: splits[l],"splits = np.where(li < train_end, 'train', np.where(li < val_end, 'validation', 'test')) | wlot = wi//nw",illustrative_simulation_assumption
stack_training,stack_layer_count,int64,count/index,one stack modeling row,"Number of core DRAM dies, excluding the base die.",features before final test; target after,allowed_primary_task_predictor,False,0,No missing values in this generated cohort.,One-to-one join of ml_stack_features to only final_test_fail from ml_stack_labels.,generate.py:50: h | generate.py:72: hl | generate.py:195: hl[dw] | generate.py:364: hh | generate.py:141: hh,"h = np.where(rng.random(nl) < c['product_12_high_fraction'], 12, 8) | hl = h[wlot] | dw = np.repeat(wi,nd) | hh = int(h[l])",public_architecture_context; simulated row allocation (SOURCES.md)
stack_training,capacity_gb,int64,GB,one stack modeling row,Stack DRAM capacity; core layer count times 3 GB per core die.,features before final test; target after,allowed_primary_task_predictor,False,0,No missing values in this generated cohort.,One-to-one join of ml_stack_features to only final_test_fail from ml_stack_labels.,generate.py:50: h*c['core_die_density_gb'] | generate.py:364: hh*c['core_die_density_gb'],"h = np.where(rng.random(nl) < c['product_12_high_fraction'], 12, 8) | hh = int(h[l])",public_architecture_context; simulated row allocation (SOURCES.md)
stack_training,assembly_tool_id,str,category/text,one stack modeling row,Fictional assembly-line group containing multiple stations; not a single-resource schedule.,features before final test; target after,allowed_primary_task_predictor,False,0,No missing values in this generated cohort.,One-to-one join of ml_stack_features to only final_test_fail from ml_stack_labels.,generate.py:364: f'ASSEMBLY_T{bank+1:02}',bank = (wlot+wi % nw) % 8,illustrative_simulation_assumption
stack_training,feature_available_time_utc,str,UTC ISO-8601,one stack modeling row,"Feature available time, in a wholly simulated chronology.",features before final test; target after,identifier_or_metadata,False,0,No missing values in this generated cohort.,One-to-one join of ml_stack_features to only final_test_fail from ml_stack_labels.,generate.py:364: observed.strftime('%Y-%m-%dT%H:%M:%SZ'),observed = end+pd.Timedelta(hours=2),illustrative_simulation_assumption
stack_training,stack_height_um,float64,um,one stack modeling row,"Sum of N core thicknesses, N interface gaps, base thickness and mold cap.",features before final test; target after,allowed_primary_task_predictor,False,0,No missing values in this generated cohort.,One-to-one join of ml_stack_features to only final_test_fail from ml_stack_labels.,generate.py:364: stackheight,stackheight = final_thickness[di].sum()+gaps.sum()+bthick[b]+moldcap,derived_identity from simulated inputs
stack_training,inter_die_gap_mean_um,float64,um,one stack modeling row,Arithmetic mean of the N core-to-lower-layer interface gaps.,features before final test; target after,allowed_primary_task_predictor,False,0,No missing values in this generated cohort.,One-to-one join of ml_stack_features to only final_test_fail from ml_stack_labels.,generate.py:364: gaps.mean(),"gaps = bumpheight[di]+rng.normal(0,0.07,hh)",illustrative_simulation_assumption
stack_training,max_alignment_offset_um,float64,um,one stack modeling row,Maximum Euclidean incremental placement-offset magnitude over core layers.,features before final test; target after,allowed_primary_task_predictor,False,0,No missing values in this generated cohort.,One-to-one join of ml_stack_features to only final_test_fail from ml_stack_labels.,generate.py:364: maxoffset,maxoffset = radial_offset.max(),illustrative_simulation_assumption
stack_training,cumulative_die_shift_um,float64,um,one stack modeling row,Euclidean magnitude of the sum of incremental X/Y offsets over core layers.,features before final test; target after,allowed_primary_task_predictor,False,0,No missing values in this generated cohort.,One-to-one join of ml_stack_features to only final_test_fail from ml_stack_labels.,generate.py:364: cumshift,cumshift = np.sqrt(px.sum()**2+py.sum()**2),illustrative_simulation_assumption
stack_training,emc_viscosity_pa_s,float64,Pa*s,one stack modeling row,Assumed epoxy molding-compound viscosity at dispensing conditions.,features before final test; target after,allowed_primary_task_predictor,False,0,No missing values in this generated cohort.,One-to-one join of ml_stack_features to only final_test_fail from ml_stack_labels.,generate.py:364: viscosity,"viscosity = np.exp(np.log(8)+0.2*emc_effect[l//4]+0.10*ast+rng.normal(0,0.08))",illustrative_simulation_assumption
stack_training,molding_pressure_mpa,float64,MPa,one stack modeling row,Applied molding-pressure scenario variable; not converted from a published press load.,features before final test; target after,allowed_primary_task_predictor,False,0,No missing values in this generated cohort.,One-to-one join of ml_stack_features to only final_test_fail from ml_stack_labels.,generate.py:364: mold_pressure,"mold_pressure = 7+0.25*ast+rng.normal(0,0.18)",illustrative_simulation_assumption
stack_training,molding_vacuum_absolute_kpa,float64,kPa absolute,one stack modeling row,Absolute evacuation pressure: a larger value means weaker vacuum.,features before final test; target after,allowed_primary_task_predictor,False,0,No missing values in this generated cohort.,One-to-one join of ml_stack_features to only final_test_fail from ml_stack_labels.,generate.py:364: vacuum,"vacuum = np.exp(np.log(2.5)+0.3*ast+rng.normal(0,0.12))",illustrative_simulation_assumption
stack_training,reflow_peak_temperature_c,float64,degC,one stack modeling row,Peak mass-reflow temperature.,features before final test; target after,allowed_primary_task_predictor,False,0,No missing values in this generated cohort.,One-to-one join of ml_stack_features to only final_test_fail from ml_stack_labels.,generate.py:364: peak,"peak = 245+2.0*ast+rng.normal(0,1.8)",illustrative_simulation_assumption
stack_training,time_above_liquidus_sec,float64,s,one stack modeling row,Reflow time above the scenario solder liquidus.,features before final test; target after,allowed_primary_task_predictor,False,0,No missing values in this generated cohort.,One-to-one join of ml_stack_features to only final_test_fail from ml_stack_labels.,generate.py:364: tal,"tal = 55+3*ast+rng.normal(0,3)",illustrative_simulation_assumption
stack_training,heating_rate_c_sec,float64,degC/s,one stack modeling row,Reflow heating-rate summary.,features before final test; target after,allowed_primary_task_predictor,False,0,No missing values in this generated cohort.,One-to-one join of ml_stack_features to only final_test_fail from ml_stack_labels.,generate.py:364: heatrate,"heatrate = 1.5+rng.normal(0,0.08)",illustrative_simulation_assumption
stack_training,cure_temperature_c,float64,degC,one stack modeling row,Molding compound curing temperature.,features before final test; target after,allowed_primary_task_predictor,False,0,No missing values in this generated cohort.,One-to-one join of ml_stack_features to only final_test_fail from ml_stack_labels.,generate.py:364: curetemp,"curetemp = 175+1.1*ast+rng.normal(0,1)",illustrative_simulation_assumption
stack_training,cure_duration_min,float64,min,one stack modeling row,Molding compound cure duration.,features before final test; target after,allowed_primary_task_predictor,False,0,No missing values in this generated cohort.,One-to-one join of ml_stack_features to only final_test_fail from ml_stack_labels.,generate.py:364: curemin,"curemin = 60+rng.normal(0,2)",illustrative_simulation_assumption
stack_training,underfill_void_pct,float64,percent 0..100,one stack modeling row,Void area as percent of inspected underfill cross-section area.,features before final test; target after,allowed_primary_task_predictor,False,0,No missing values in this generated cohort.,One-to-one join of ml_stack_features to only final_test_fail from ml_stack_labels.,generate.py:364: vfrac,"vfrac = np.exp(-1.7+0.18*(viscosity-8)+0.25*(vacuum-2.5)+0.22*ast                 +0.08*(14-gaps.mean())+0.1*max(7-mold_pressure,0)+rng.normal(0,0.4))",illustrative_simulation_assumption
stack_training,delamination_area_pct,float64,percent 0..100,one stack modeling row,Separated area as percent of inspected package interface area.,features before final test; target after,allowed_primary_task_predictor,False,0,No missing values in this generated cohort.,One-to-one join of ml_stack_features to only final_test_fail from ml_stack_labels.,generate.py:364: delam,"delam = min(30,np.exp(-2.9+0.15*(pwarp-10)+0.6*vfrac+0.25*cure_deficit+rng.normal(0,0.5)))",illustrative_simulation_assumption
stack_training,package_warpage_um,float64,um,one stack modeling row,Package-curvature magnitude after molding.,features before final test; target after,allowed_primary_task_predictor,False,0,No missing values in this generated cohort.,One-to-one join of ml_stack_features to only final_test_fail from ml_stack_labels.,generate.py:364: pwarp,"pwarp = positive(8+2*warpage[di].mean()+0.9*cumshift+1.2*(hh==12)+1.6*ast                 +0.6*emc_effect[l//4]+0.6*abs(mold_pressure-7)+0.25*(curetemp-175)+rng.normal(0,1.3))",illustrative_simulation_assumption
stack_training,stacks_since_tool_service,int64,count/index,one stack modeling row,Run-age proxy modulo 200 for the synthetic assembly-line group.,features before final test; target after,allowed_primary_task_predictor,False,0,No missing values in this generated cohort.,One-to-one join of ml_stack_features to only final_test_fail from ml_stack_labels.,generate.py:364: age,age = seq[ix] % 120,illustrative_simulation_assumption
stack_training,core_thickness_mean_um,float64,um,one stack modeling row,Mean measured silicon thickness of the core dies assigned to the stack.,features before final test; target after,allowed_primary_task_predictor,False,0,No missing values in this generated cohort.,One-to-one join of ml_stack_features to only final_test_fail from ml_stack_labels.,generate.py:416: final_thickness[di].mean(),"final_thickness = positive(nominal_thickness+0.5*thinning+0.35*(radius**2-0.5)+rng.normal(0,0.22,n_d),20) | di = eligible[k*h[l]:(k+1)*h[l]]",illustrative_simulation_assumption
stack_training,core_thickness_std_um,float64,um,one stack modeling row,Population SD (ddof=0) of the core-die thicknesses in the stack.,features before final test; target after,allowed_primary_task_predictor,False,0,No missing values in this generated cohort.,One-to-one join of ml_stack_features to only final_test_fail from ml_stack_labels.,generate.py:416: final_thickness[di].std(),"final_thickness = positive(nominal_thickness+0.5*thinning+0.35*(radius**2-0.5)+rng.normal(0,0.22,n_d),20) | di = eligible[k*h[l]:(k+1)*h[l]]",illustrative_simulation_assumption
stack_training,core_warpage_max_um,float64,um,one stack modeling row,Largest measured warpage among the assigned core dies.,features before final test; target after,allowed_primary_task_predictor,False,0,No missing values in this generated cohort.,One-to-one join of ml_stack_features to only final_test_fail from ml_stack_labels.,generate.py:416: warpage[di].max(),"warpage = positive(0.5+0.3*ttv+0.3*abs(thinning)+0.22*(hl[dw]==12)+0.22*local+rng.normal(0,0.18,n_d),0.05) | di = eligible[k*h[l]:(k+1)*h[l]]",illustrative_simulation_assumption
stack_training,core_ttv_mean_um,float64,um,one stack modeling row,Mean within-die thickness variation among the assigned core dies.,features before final test; target after,allowed_primary_task_predictor,False,0,No missing values in this generated cohort.,One-to-one join of ml_stack_features to only final_test_fail from ml_stack_labels.,generate.py:416: ttv[di].mean(),"ttv = positive(0.7+0.22*abs(thinning)+0.2*radius+rng.normal(0,0.12,n_d),0.15) | di = eligible[k*h[l]:(k+1)*h[l]]",illustrative_simulation_assumption
stack_training,core_leakage_mean_ua,float64,uA,one stack modeling row,Mean incoming leakage current of the assigned core dies.,features before final test; target after,allowed_primary_task_predictor,False,0,No missing values in this generated cohort.,One-to-one join of ml_stack_features to only final_test_fail from ml_stack_labels.,generate.py:416: leakage[di].mean(),"leakage = np.exp(np.log(0.7)+0.23*die_stress+0.04*particles+rng.normal(0,0.18,n_d)) | di = eligible[k*h[l]:(k+1)*h[l]]",illustrative_simulation_assumption
stack_training,core_repair_count_sum,int64,count/index,one stack modeling row,Total incoming repair resources used by the assigned core dies.,features before final test; target after,allowed_primary_task_predictor,False,0,No missing values in this generated cohort.,One-to-one join of ml_stack_features to only final_test_fail from ml_stack_labels.,generate.py:416: int(repairs[di].sum()),repairs = rng.poisson(np.exp(-0.3+0.55*die_stress+0.18*particles)) | di = eligible[k*h[l]:(k+1)*h[l]],illustrative_simulation_assumption
stack_training,core_particle_count_sum,int64,count/index,one stack modeling row,Total inspected contamination particles across the assigned core dies.,features before final test; target after,allowed_primary_task_predictor,False,0,No missing values in this generated cohort.,One-to-one join of ml_stack_features to only final_test_fail from ml_stack_labels.,generate.py:416: int(particles[di].sum()),particles = rng.poisson(np.exp(-0.8+0.65*die_stress)) | di = eligible[k*h[l]:(k+1)*h[l]],illustrative_simulation_assumption
stack_training,core_tsv_resistance_mean_mohm,float64,mOhm,one stack modeling row,Mean incoming TSV path-resistance proxy across the assigned core dies.,features before final test; target after,allowed_primary_task_predictor,False,0,No missing values in this generated cohort.,One-to-one join of ml_stack_features to only final_test_fail from ml_stack_labels.,generate.py:416: resistance[di].mean(),"resistance = (c['copper_resistivity_ohm_m']*final_thickness*1e-6/(np.pi*(diameter*1e-6/2)**2)                   *1000/(1-void/100)+3)*np.exp(rng.normal(0,0.025,n_d)) | di = eligible[k*h[l]:(k+1)*h[l]]",illustrative_simulation_assumption
stack_training,core_tsv_resistance_max_mohm,float64,mOhm,one stack modeling row,Largest incoming TSV path-resistance proxy among the assigned core dies.,features before final test; target after,allowed_primary_task_predictor,False,0,No missing values in this generated cohort.,One-to-one join of ml_stack_features to only final_test_fail from ml_stack_labels.,generate.py:416: resistance[di].max(),"resistance = (c['copper_resistivity_ohm_m']*final_thickness*1e-6/(np.pi*(diameter*1e-6/2)**2)                   *1000/(1-void/100)+3)*np.exp(rng.normal(0,0.025,n_d)) | di = eligible[k*h[l]:(k+1)*h[l]]",illustrative_simulation_assumption
stack_training,core_bump_coplanarity_max_um,float64,um,one stack modeling row,Largest incoming bump-height variation among the assigned core dies.,features before final test; target after,allowed_primary_task_predictor,False,0,No missing values in this generated cohort.,One-to-one join of ml_stack_features to only final_test_fail from ml_stack_labels.,generate.py:416: coplanarity[di].max(),"coplanarity = positive(0.45+0.12*abs(bumpstate)+0.08*warpage+rng.normal(0,0.08,n_d),0.05) | di = eligible[k*h[l]:(k+1)*h[l]]",illustrative_simulation_assumption
stack_training,n_source_wafers,int64,count/index,one stack modeling row,Distinct source wafer count among core dies in the stack.,features before final test; target after,allowed_primary_task_predictor,False,0,No missing values in this generated cohort.,One-to-one join of ml_stack_features to only final_test_fail from ml_stack_labels.,generate.py:416: len(np.unique(dw[di])),"dw = np.repeat(wi,nd) | di = eligible[k*h[l]:(k+1)*h[l]]",illustrative_simulation_assumption
stack_training,n_dies_with_detailed_metrology,int64,count/index,one stack modeling row,Number of core dies with sampled metrology successfully observed.,features before final test; target after,allowed_primary_task_predictor,False,0,No missing values in this generated cohort.,One-to-one join of ml_stack_features to only final_test_fail from ml_stack_labels.,generate.py:416: int(measured[di].sum()),measured = sampling & ~dropout | di = eligible[k*h[l]:(k+1)*h[l]],illustrative_simulation_assumption
stack_training,sampled_core_tsv_void_mean_pct,float64,percent 0..100,one stack modeling row,Mean of observed constituent TSV void measurements only; null when none were observed.,features before final test; target after,allowed_primary_task_predictor,True,1214,No constituent die with successfully observed detailed metrology.,One-to-one join of ml_stack_features to only final_test_fail from ml_stack_labels.,generate.py:416: float(void[di][measured[di]].mean()) if measured[di].any() else np.nan,"measured = sampling & ~dropout | di = eligible[k*h[l]:(k+1)*h[l]] | void = np.minimum(15, np.exp(-1.2+0.45*fill+0.28*die_stress+rng.normal(0,0.35,n_d)))",illustrative_simulation_assumption
stack_training,sampled_core_cd_mean_nm,float64,nm,one stack modeling row,Mean of observed constituent critical dimensions only; null when none were observed.,features before final test; target after,allowed_primary_task_predictor,True,1214,No constituent die with successfully observed detailed metrology.,One-to-one join of ml_stack_features to only final_test_fail from ml_stack_labels.,generate.py:416: float(cd[di][measured[di]].mean()) if measured[di].any() else np.nan,"measured = sampling & ~dropout | di = eligible[k*h[l]:(k+1)*h[l]] | cd = 24+0.35*lith+0.25*die_stress+rng.normal(0,0.18,n_d)",illustrative_simulation_assumption
stack_training,base_leakage_current_ua,float64,uA,one stack modeling row,Base-die incoming leakage measurement.,features before final test; target after,allowed_primary_task_predictor,False,0,No missing values in this generated cohort.,One-to-one join of ml_stack_features to only final_test_fail from ml_stack_labels.,generate.py:416: base_leak[b] | generate.py:267: base_leak[j],"base_leak = np.exp(np.log(1.2)+rbase.normal(0,0.2,nb)+0.1*lot_effect[l]) | b = available_bases[k]",illustrative_simulation_assumption
stack_training,base_die_thickness_um,float64,um,one stack modeling row,"Base-die silicon thickness, separate from core DRAM thickness.",features before final test; target after,allowed_primary_task_predictor,False,0,No missing values in this generated cohort.,One-to-one join of ml_stack_features to only final_test_fail from ml_stack_labels.,generate.py:416: bthick[b] | generate.py:267: bthick[j],"bthick = c['base_die_thickness_um']+rbase.normal(0,0.35,nb) | b = available_bases[k]",illustrative_simulation_assumption
stack_training,final_test_fail,int64,0/1,one stack modeling row,Primary target: 1 minus final_test_pass. One means final acceptance rejection.,features before final test; target after,outcome_label,False,0,No missing values in this generated cohort.,One-to-one join of ml_stack_features to only final_test_fail from ml_stack_labels.,generate.py:426: int(failed),failed = bool(mode_list),illustrative_simulation_assumption
simulation_truth_stack,stack_id,str,category/text,one stack simulator state,Fictional stack identifier for traceability or configuration.,never an operational predictor,latent_audit_only,False,0,No missing values in this generated cohort.,"Hidden common causes, failure probabilities and Bernoulli fault realizations. Use only as audit data or explicitly selected research targets.",generate.py:442: assigned_stack | generate.py:364: sid | generate.py:307: sid | generate.py:379: sid | generate.py:397: sid | generate.py:405: sid | generate.py:426: sid | generate.py:302: sid,"assigned_stack = np.full(n_d,'',dtype=object) | sid = f'S{next_stack:06}'",illustrative_simulation_assumption
simulation_truth_stack,latent_inherited_cell_faults,int64,count,one stack simulator state,Count of hidden core cell faults plus hidden base-die fault assigned to the stack.,never an operational predictor,latent_audit_only,False,0,No missing values in this generated cohort.,"Hidden common causes, failure probabilities and Bernoulli fault realizations. Use only as audit data or explicitly selected research targets.",generate.py:405: inherited_cell,inherited_cell = int(cell_bad[di].sum())+int(base_bad[b]),illustrative_simulation_assumption
simulation_truth_stack,latent_inherited_tsv_faults,int64,count,one stack simulator state,Count of hidden TSV open and short faults assigned to the stack.,never an operational predictor,latent_audit_only,False,0,No missing values in this generated cohort.,"Hidden common causes, failure probabilities and Bernoulli fault realizations. Use only as audit data or explicitly selected research targets.",generate.py:405: inherited_tsv,inherited_tsv = int(tsv_bad[di].sum()+tsvshort[di].sum()),illustrative_simulation_assumption
simulation_truth_stack,latent_assembly_state,float64,latent unitless state,one stack simulator state,"Unobserved line offset, service age, excursion and lot effect during assembly.",never an operational predictor,latent_audit_only,False,0,No missing values in this generated cohort.,"Hidden common causes, failure probabilities and Bernoulli fault realizations. Use only as audit data or explicitly selected research targets.",generate.py:405: ast,ast = assembly_offset[bank]+0.45*age/199+1.4*excursion+0.2*lot_effect[l],illustrative_simulation_assumption
simulation_truth_stack,p_dram_electrical,float64,probability/fraction 0..1,one stack simulator state,Unobserved conditional probability of dram electrical; sigmoid equation in generator.,never an operational predictor,latent_audit_only,False,0,No missing values in this generated cohort.,"Hidden common causes, failure probabilities and Bernoulli fault realizations. Use only as audit data or explicitly selected research targets.",generate.py:331: sigmoid(-5.4+3.0*inherited_cell+0.3*die_stress[di].mean()+shift),"shift = c['fault_logit_shift'] | inherited_cell = int(cell_bad[di].sum())+int(base_bad[b]) | die_stress = 0.7*lot_effect[dl]+wafer_effect[dw]+0.45*radius**2+local+rng.normal(0,0.3,n_d) | di = eligible[k*h[l]:(k+1)*h[l]]",illustrative_simulation_assumption
simulation_truth_stack,p_tsv_open_short,float64,probability/fraction 0..1,one stack simulator state,Unobserved conditional probability of tsv open short; sigmoid equation in generator.,never an operational predictor,latent_audit_only,False,0,No missing values in this generated cohort.,"Hidden common causes, failure probabilities and Bernoulli fault realizations. Use only as audit data or explicitly selected research targets.",generate.py:331: sigmoid(-5.7+3.5*inherited_tsv+0.4*void[di].max()+shift),"shift = c['fault_logit_shift'] | inherited_tsv = int(tsv_bad[di].sum()+tsvshort[di].sum()) | void = np.minimum(15, np.exp(-1.2+0.45*fill+0.28*die_stress+rng.normal(0,0.35,n_d))) | di = eligible[k*h[l]:(k+1)*h[l]]",illustrative_simulation_assumption
simulation_truth_stack,p_microbump_open_bridge,float64,probability/fraction 0..1,one stack simulator state,Unobserved conditional probability of microbump open bridge; sigmoid equation in generator.,never an operational predictor,latent_audit_only,False,0,No missing values in this generated cohort.,"Hidden common causes, failure probabilities and Bernoulli fault realizations. Use only as audit data or explicitly selected research targets.",generate.py:331: sigmoid(-5.3+1.1*(maxoffset-0.5)+0.4*ast+0.07*abs(peak-245)+0.025*abs(tal-55)+shift),"shift = c['fault_logit_shift'] | ast = assembly_offset[bank]+0.45*age/199+1.4*excursion+0.2*lot_effect[l] | tal = 55+3*ast+rng.normal(0,3) | peak = 245+2.0*ast+rng.normal(0,1.8) | maxoffset = radial_offset.max()",illustrative_simulation_assumption
simulation_truth_stack,p_die_crack,float64,probability/fraction 0..1,one stack simulator state,Unobserved conditional probability of die crack; sigmoid equation in generator.,never an operational predictor,latent_audit_only,False,0,No missing values in this generated cohort.,"Hidden common causes, failure probabilities and Bernoulli fault realizations. Use only as audit data or explicitly selected research targets.","generate.py:331: sigmoid(-6.6+0.75*(warpage[di].max()-1)+0.2*abs(ast)+0.2*(hh==12)+0.6*max(force.max()-1.2,0)+shift)","shift = c['fault_logit_shift'] | hh = int(h[l]) | ast = assembly_offset[bank]+0.45*age/199+1.4*excursion+0.2*lot_effect[l] | force = positive(1.2+0.06*ast+rng.normal(0,0.05,hh),0.4) | warpage = positive(0.5+0.3*ttv+0.3*abs(thinning)+0.22*(hl[dw]==12)+0.22*local+rng.normal(0,0.18,n_d),0.05) | di = eligible[k*h[l]:(k+1)*h[l]]",illustrative_simulation_assumption
simulation_truth_stack,p_warpage,float64,probability/fraction 0..1,one stack simulator state,Unobserved conditional probability of warpage; sigmoid equation in generator.,never an operational predictor,latent_audit_only,False,0,No missing values in this generated cohort.,"Hidden common causes, failure probabilities and Bernoulli fault realizations. Use only as audit data or explicitly selected research targets.",generate.py:331: sigmoid(-5.1+0.32*(pwarp-11)+shift),"shift = c['fault_logit_shift'] | pwarp = positive(8+2*warpage[di].mean()+0.9*cumshift+1.2*(hh==12)+1.6*ast                 +0.6*emc_effect[l//4]+0.6*abs(mold_pressure-7)+0.25*(curetemp-175)+rng.normal(0,1.3))",illustrative_simulation_assumption
simulation_truth_stack,p_underfill_void,float64,probability/fraction 0..1,one stack simulator state,Unobserved conditional probability of underfill void; sigmoid equation in generator.,never an operational predictor,latent_audit_only,False,0,No missing values in this generated cohort.,"Hidden common causes, failure probabilities and Bernoulli fault realizations. Use only as audit data or explicitly selected research targets.",generate.py:331: sigmoid(-5.1+1.6*vfrac+0.25*(hh==12)+shift),"shift = c['fault_logit_shift'] | vfrac = np.exp(-1.7+0.18*(viscosity-8)+0.25*(vacuum-2.5)+0.22*ast                 +0.08*(14-gaps.mean())+0.1*max(7-mold_pressure,0)+rng.normal(0,0.4)) | hh = int(h[l])",illustrative_simulation_assumption
simulation_truth_stack,p_delamination,float64,probability/fraction 0..1,one stack simulator state,Unobserved conditional probability of delamination; sigmoid equation in generator.,never an operational predictor,latent_audit_only,False,0,No missing values in this generated cohort.,"Hidden common causes, failure probabilities and Bernoulli fault realizations. Use only as audit data or explicitly selected research targets.",generate.py:331: sigmoid(-5.7+2.0*delam+0.15*ast+shift),"shift = c['fault_logit_shift'] | ast = assembly_offset[bank]+0.45*age/199+1.4*excursion+0.2*lot_effect[l] | delam = min(30,np.exp(-2.9+0.15*(pwarp-10)+0.6*vfrac+0.25*cure_deficit+rng.normal(0,0.5)))",illustrative_simulation_assumption
simulation_truth_stack,fault_dram_electrical,int64,0/1,one stack simulator state,Bernoulli realized failure of dram electrical; audit/target only.,never an operational predictor,latent_audit_only,False,0,No missing values in this generated cohort.,"Hidden common causes, failure probabilities and Bernoulli fault realizations. Use only as audit data or explicitly selected research targets.",modes[m] = int(rng.random() < probs[m]); probability expression follows | generate.py:331: sigmoid(-5.4+3.0*inherited_cell+0.3*die_stress[di].mean()+shift),"shift = c['fault_logit_shift'] | inherited_cell = int(cell_bad[di].sum())+int(base_bad[b]) | die_stress = 0.7*lot_effect[dl]+wafer_effect[dw]+0.45*radius**2+local+rng.normal(0,0.3,n_d) | di = eligible[k*h[l]:(k+1)*h[l]]",illustrative_simulation_assumption
simulation_truth_stack,fault_tsv_open_short,int64,0/1,one stack simulator state,Bernoulli realized failure of tsv open short; audit/target only.,never an operational predictor,latent_audit_only,False,0,No missing values in this generated cohort.,"Hidden common causes, failure probabilities and Bernoulli fault realizations. Use only as audit data or explicitly selected research targets.",modes[m] = int(rng.random() < probs[m]); probability expression follows | generate.py:331: sigmoid(-5.7+3.5*inherited_tsv+0.4*void[di].max()+shift),"shift = c['fault_logit_shift'] | inherited_tsv = int(tsv_bad[di].sum()+tsvshort[di].sum()) | void = np.minimum(15, np.exp(-1.2+0.45*fill+0.28*die_stress+rng.normal(0,0.35,n_d))) | di = eligible[k*h[l]:(k+1)*h[l]]",illustrative_simulation_assumption
simulation_truth_stack,fault_microbump_open_bridge,int64,0/1,one stack simulator state,Bernoulli realized failure of microbump open bridge; audit/target only.,never an operational predictor,latent_audit_only,False,0,No missing values in this generated cohort.,"Hidden common causes, failure probabilities and Bernoulli fault realizations. Use only as audit data or explicitly selected research targets.",modes[m] = int(rng.random() < probs[m]); probability expression follows | generate.py:331: sigmoid(-5.3+1.1*(maxoffset-0.5)+0.4*ast+0.07*abs(peak-245)+0.025*abs(tal-55)+shift),"shift = c['fault_logit_shift'] | ast = assembly_offset[bank]+0.45*age/199+1.4*excursion+0.2*lot_effect[l] | tal = 55+3*ast+rng.normal(0,3) | peak = 245+2.0*ast+rng.normal(0,1.8) | maxoffset = radial_offset.max()",illustrative_simulation_assumption
simulation_truth_stack,fault_die_crack,int64,0/1,one stack simulator state,Bernoulli realized failure of die crack; audit/target only.,never an operational predictor,latent_audit_only,False,0,No missing values in this generated cohort.,"Hidden common causes, failure probabilities and Bernoulli fault realizations. Use only as audit data or explicitly selected research targets.","modes[m] = int(rng.random() < probs[m]); probability expression follows | generate.py:331: sigmoid(-6.6+0.75*(warpage[di].max()-1)+0.2*abs(ast)+0.2*(hh==12)+0.6*max(force.max()-1.2,0)+shift)","shift = c['fault_logit_shift'] | hh = int(h[l]) | ast = assembly_offset[bank]+0.45*age/199+1.4*excursion+0.2*lot_effect[l] | force = positive(1.2+0.06*ast+rng.normal(0,0.05,hh),0.4) | warpage = positive(0.5+0.3*ttv+0.3*abs(thinning)+0.22*(hl[dw]==12)+0.22*local+rng.normal(0,0.18,n_d),0.05) | di = eligible[k*h[l]:(k+1)*h[l]]",illustrative_simulation_assumption
simulation_truth_stack,fault_warpage,int64,0/1,one stack simulator state,Bernoulli realized failure of warpage; audit/target only.,never an operational predictor,latent_audit_only,False,0,No missing values in this generated cohort.,"Hidden common causes, failure probabilities and Bernoulli fault realizations. Use only as audit data or explicitly selected research targets.",modes[m] = int(rng.random() < probs[m]); probability expression follows | generate.py:331: sigmoid(-5.1+0.32*(pwarp-11)+shift),"shift = c['fault_logit_shift'] | pwarp = positive(8+2*warpage[di].mean()+0.9*cumshift+1.2*(hh==12)+1.6*ast                 +0.6*emc_effect[l//4]+0.6*abs(mold_pressure-7)+0.25*(curetemp-175)+rng.normal(0,1.3))",illustrative_simulation_assumption
simulation_truth_stack,fault_underfill_void,int64,0/1,one stack simulator state,Bernoulli realized failure of underfill void; audit/target only.,never an operational predictor,latent_audit_only,False,0,No missing values in this generated cohort.,"Hidden common causes, failure probabilities and Bernoulli fault realizations. Use only as audit data or explicitly selected research targets.",modes[m] = int(rng.random() < probs[m]); probability expression follows | generate.py:331: sigmoid(-5.1+1.6*vfrac+0.25*(hh==12)+shift),"shift = c['fault_logit_shift'] | vfrac = np.exp(-1.7+0.18*(viscosity-8)+0.25*(vacuum-2.5)+0.22*ast                 +0.08*(14-gaps.mean())+0.1*max(7-mold_pressure,0)+rng.normal(0,0.4)) | hh = int(h[l])",illustrative_simulation_assumption
simulation_truth_stack,fault_delamination,int64,0/1,one stack simulator state,Bernoulli realized failure of delamination; audit/target only.,never an operational predictor,latent_audit_only,False,0,No missing values in this generated cohort.,"Hidden common causes, failure probabilities and Bernoulli fault realizations. Use only as audit data or explicitly selected research targets.",modes[m] = int(rng.random() < probs[m]); probability expression follows | generate.py:331: sigmoid(-5.7+2.0*delam+0.15*ast+shift),"shift = c['fault_logit_shift'] | ast = assembly_offset[bank]+0.45*age/199+1.4*excursion+0.2*lot_effect[l] | delam = min(30,np.exp(-2.9+0.15*(pwarp-10)+0.6*vfrac+0.25*cure_deficit+rng.normal(0,0.5)))",illustrative_simulation_assumption
simulation_truth_stack,p_reliability_failure,float64,probability/fraction 0..1,one stack simulator state,"Unobservable stress-screen failure probability, also generated for untested stacks.",never an operational predictor,latent_audit_only,False,0,No missing values in this generated cohort.,"Hidden common causes, failure probabilities and Bernoulli fault realizations. Use only as audit data or explicitly selected research targets.",generate.py:405: rp,rp = float(sigmoid(-5.1+0.3*(pwarp-11)+1.8*vfrac+0.4*thermal_r+0.2*inherited_cell)),illustrative_simulation_assumption
die_disposition,die_id,str,category/text,one sampled core die,Fictional die identifier for traceability or configuration.,after screening and stack allocation,identifier_or_metadata,False,0,No missing values in this generated cohort.,Deterministic reconciliation of eligibility and physical die consumption.,generate.py:195: die_ids | generate.py:232: die_ids | generate.py:442: die_ids | generate.py:444: die_ids | generate.py:307: None | generate.py:302: die_ids[d],die_ids = np.array([f'D{i+1:07}' for i in range(n_d)]),illustrative_simulation_assumption
die_disposition,stack_id,str,category/text,one sampled core die,Fictional stack identifier for traceability or configuration.,after screening and stack allocation,identifier_or_metadata,True,11352,No assigned stack for rejected or eligible-unassigned dies.,Deterministic reconciliation of eligibility and physical die consumption.,generate.py:442: assigned_stack | generate.py:364: sid | generate.py:307: sid | generate.py:379: sid | generate.py:397: sid | generate.py:405: sid | generate.py:426: sid | generate.py:302: sid,"assigned_stack = np.full(n_d,'',dtype=object) | sid = f'S{next_stack:06}'",illustrative_simulation_assumption
die_disposition,disposition,str,category/text,one sampled core die,"screen_rejected, assembled or eligible_unassigned for a sampled core die.",after screening and stack allocation,post_selection_outcome_metadata,False,0,No missing values in this generated cohort.,Deterministic reconciliation of eligibility and physical die consumption.,"generate.py:442: np.where(~kgd,'screen_rejected',np.where(assigned_stack!='','assembled','eligible_unassigned'))","kgd = probe_pass & tsv_pass & (cracks==0)&(missing_bumps==0)&(bridged_bumps==0) | assigned_stack = np.full(n_d,'',dtype=object)",illustrative_simulation_assumption
simulation_truth_die,die_id,str,category/text,one sampled core die simulator state,Fictional die identifier for traceability or configuration.,never an operational predictor,latent_audit_only,False,0,No missing values in this generated cohort.,Unobserved physical state and selected pre-observation measurements retained for auditing only.,generate.py:195: die_ids | generate.py:232: die_ids | generate.py:442: die_ids | generate.py:444: die_ids | generate.py:307: None | generate.py:302: die_ids[d],die_ids = np.array([f'D{i+1:07}' for i in range(n_d)]),illustrative_simulation_assumption
simulation_truth_die,latent_die_stress,float64,latent unitless state,one sampled core die simulator state,"Shared lot/wafer, radial, local-cluster and per-die unobserved process state.",never an operational predictor,latent_audit_only,False,0,No missing values in this generated cohort.,Unobserved physical state and selected pre-observation measurements retained for auditing only.,generate.py:444: die_stress,"die_stress = 0.7*lot_effect[dl]+wafer_effect[dw]+0.45*radius**2+local+rng.normal(0,0.3,n_d)",illustrative_simulation_assumption
simulation_truth_die,latent_cell_fault,int64,0/1,one sampled core die simulator state,Unobserved incoming die cell-fault state before screening.,never an operational predictor,latent_audit_only,False,0,No missing values in this generated cohort.,Unobserved physical state and selected pre-observation measurements retained for auditing only.,generate.py:444: cell_bad,"cell_bad = rng.binomial(1,cell_p)",illustrative_simulation_assumption
simulation_truth_die,latent_tsv_open_fault,int64,0/1,one sampled core die simulator state,Unobserved incoming TSV-open state before screening.,never an operational predictor,latent_audit_only,False,0,No missing values in this generated cohort.,Unobserved physical state and selected pre-observation measurements retained for auditing only.,generate.py:444: tsv_bad,"tsv_bad = rng.binomial(1,sigmoid(-5.4+0.6*fill+0.5*die_stress+0.6*void))",illustrative_simulation_assumption
simulation_truth_die,latent_tsv_short_fault,int64,0/1,one sampled core die simulator state,Unobserved incoming TSV-short state before screening.,never an operational predictor,latent_audit_only,False,0,No missing values in this generated cohort.,Unobserved physical state and selected pre-observation measurements retained for auditing only.,generate.py:444: tsvshort,"tsvshort = rng.binomial(1,sigmoid(-6.5+0.7*tv+0.5*die_stress))",illustrative_simulation_assumption
simulation_truth_die,latent_local_cluster,float64,latent unitless state,one sampled core die simulator state,Unobserved localized wafer-cluster amplitude at the die location.,never an operational predictor,latent_audit_only,False,0,No missing values in this generated cohort.,Unobserved physical state and selected pre-observation measurements retained for auditing only.,generate.py:444: local,local = cluster*cluster_on[dw]*1.2,illustrative_simulation_assumption
simulation_truth_die,actual_tsv_copper_void_pct,float64,percent 0..100,one sampled core die simulator state,Unobserved pre-sampling value: Mean per-via copper-fill void-volume percentage surrogate; not percent faulty TSVs.,never an operational predictor,latent_audit_only,False,0,No missing values in this generated cohort.,Unobserved physical state and selected pre-observation measurements retained for auditing only.,generate.py:444: void,"void = np.minimum(15, np.exp(-1.2+0.45*fill+0.28*die_stress+rng.normal(0,0.35,n_d)))",illustrative_simulation_assumption
simulation_truth_die,actual_tsv_diameter_um,float64,um,one sampled core die simulator state,Unobserved pre-sampling value: Sampled mean TSV opening diameter.,never an operational predictor,latent_audit_only,False,0,No missing values in this generated cohort.,Unobserved physical state and selected pre-observation measurements retained for auditing only.,generate.py:444: diameter,"diameter = positive(c['tsv_diameter_um']+0.06*tv+0.04*radius+rng.normal(0,0.06,n_d),2)",illustrative_simulation_assumption
simulation_truth_die,actual_tsv_etched_depth_um,float64,um,one sampled core die simulator state,Unobserved pre-sampling value: Blind-via etched depth before wafer thinning.,never an operational predictor,latent_audit_only,False,0,No missing values in this generated cohort.,Unobserved physical state and selected pre-observation measurements retained for auditing only.,generate.py:444: blind_depth,"blind_depth = c['tsv_blind_depth_um']+0.5*tv+rng.normal(0,0.45,n_d)",illustrative_simulation_assumption
simulation_truth_die,actual_critical_dimension_nm,float64,nm,one sampled core die simulator state,"Unobserved pre-sampling value: Sampled critical feature-width proxy, not a disclosed node geometry.",never an operational predictor,latent_audit_only,False,0,No missing values in this generated cohort.,Unobserved physical state and selected pre-observation measurements retained for auditing only.,generate.py:444: cd,"cd = 24+0.35*lith+0.25*die_stress+rng.normal(0,0.18,n_d)",illustrative_simulation_assumption
simulation_truth_die,actual_film_thickness_nm,float64,nm,one sampled core die simulator state,Unobserved pre-sampling value: Sampled deposited film thickness at the modeled deposition module.,never an operational predictor,latent_audit_only,False,0,No missing values in this generated cohort.,Unobserved physical state and selected pre-observation measurements retained for auditing only.,generate.py:444: film,"film = 40+0.7*dep+0.5*radius**2+rng.normal(0,0.4,n_d)",illustrative_simulation_assumption
sensor_trace,run_id,str,category/text,one timestamp/sensor/run sample,Fictional run identifier for traceability or configuration.,at timestamp_utc,identifier_or_metadata,False,0,No missing values in this generated cohort.,"AR(1) temperature segment with phi from config, recentered and rescaled to stored run mean/sample SD; uniform elapsed times.",generate.py:122: f'R{si*n_w+j+1:07}' | generate.py:464: row.run_id,n_w = nl*nw,illustrative_simulation_assumption
sensor_trace,wafer_id,str,category/text,one timestamp/sensor/run sample,Fictional wafer identifier for traceability or configuration.,at timestamp_utc,identifier_or_metadata,False,0,No missing values in this generated cohort.,"AR(1) temperature segment with phi from config, recentered and rescaled to stored run mean/sample SD; uniform elapsed times.",generate.py:72: wafer_ids | generate.py:195: wafer_ids[dw] | generate.py:122: wafer_ids[j] | generate.py:464: row.wafer_id,"wafer_ids = np.array([f'W{i+1:06}' for i in wi]) | dw = np.repeat(wi,nd)",illustrative_simulation_assumption
sensor_trace,process_step,str,category/text,one timestamp/sensor/run sample,One of ten selected process modules; not the complete upstream DRAM route.,at timestamp_utc,observation_or_process_context,False,0,No missing values in this generated cohort.,"AR(1) temperature segment with phi from config, recentered and rescaled to stored run mean/sample SD; uniform elapsed times.",generate.py:122: stage | generate.py:141: stage | generate.py:464: row.process_step,"stage = 'none' if not failed else ('multiple' if len(mode_list)>1 else {                 'dram_electrical':'dram_or_base','tsv_open_short':'tsv_or_interconnect',                 'microbump_open_bridge':'reflow','die_crack':'handling',                 'warpage':'assembly','underfill_void':'molding','delamination':'molding'}[mode_list[0]])",illustrative_simulation_assumption
sensor_trace,sample_index,int64,count/index,one timestamp/sensor/run sample,Zero-based sample position within a run.,at timestamp_utc,observation_or_process_context,False,0,No missing values in this generated cohort.,"AR(1) temperature segment with phi from config, recentered and rescaled to stored run mean/sample SD; uniform elapsed times.",generate.py:464: j,,illustrative_simulation_assumption
sensor_trace,elapsed_sec,float64,s,one timestamp/sensor/run sample,Elapsed time from the sampled process-segment start.,at timestamp_utc,observation_or_process_context,False,0,No missing values in this generated cohort.,"AR(1) temperature segment with phi from config, recentered and rescaled to stored run mean/sample SD; uniform elapsed times.",generate.py:464: elapsed[j],"elapsed = np.linspace(0,row.duration_sec,ns)",illustrative_simulation_assumption
sensor_trace,timestamp_utc,str,UTC ISO-8601,one timestamp/sensor/run sample,"Timestamp, in a wholly simulated chronology.",at timestamp_utc,identifier_or_metadata,False,0,No missing values in this generated cohort.,"AR(1) temperature segment with phi from config, recentered and rescaled to stored run mean/sample SD; uniform elapsed times.",generate.py:464: (pd.Timestamp(row.start_time_utc)+pd.Timedelta(seconds=elapsed[j])).strftime('%Y-%m-%dT%H:%M:%S.%fZ'),"elapsed = np.linspace(0,row.duration_sec,ns)",illustrative_simulation_assumption
sensor_trace,sensor_name,str,category/text,one timestamp/sensor/run sample,temperature_c; this release includes temperature traces only.,at timestamp_utc,observation_or_process_context,False,0,No missing values in this generated cohort.,"AR(1) temperature segment with phi from config, recentered and rescaled to stored run mean/sample SD; uniform elapsed times.",generate.py:464: 'temperature_c',,illustrative_simulation_assumption
sensor_trace,setpoint_value,int64,degC (sensor_name=temperature_c),one timestamp/sensor/run sample,Stage recipe temperature setpoint for the sampled trace.,at timestamp_utc,observation_or_process_context,False,0,No missing values in this generated cohort.,"AR(1) temperature segment with phi from config, recentered and rescaled to stored run mean/sample SD; uniform elapsed times.",generate.py:464: setpoint,,illustrative_simulation_assumption
sensor_trace,measured_value,float64,degC (sensor_name=temperature_c),one timestamp/sensor/run sample,Trace sensor value; unit field is degC.,at timestamp_utc,observation_or_process_context,False,0,No missing values in this generated cohort.,"AR(1) temperature segment with phi from config, recentered and rescaled to stored run mean/sample SD; uniform elapsed times.",generate.py:464: values[j],values = row.temperature_c+row.temperature_std_c*z,illustrative_simulation_assumption
sensor_trace,unit,str,category/text,one timestamp/sensor/run sample,Physical unit for the sensor value.,at timestamp_utc,observation_or_process_context,False,0,No missing values in this generated cohort.,"AR(1) temperature segment with phi from config, recentered and rescaled to stored run mean/sample SD; uniform elapsed times.",generate.py:45: 'D' | generate.py:70: 'm' | generate.py:44: 'h' | generate.py:116: 'h' | generate.py:118: 's' | generate.py:464: 'degC',,illustrative_simulation_assumption
